[2025-12-07T21:26:57.319Z] LOG ROTATED: Previous 5252 lines moved to gads_history.log
[2025-12-07T21:27:57.261Z] Loading commissions from: /home/hub/public_html/fins/scripts/fidelo/data/cmsns-2025.json
[2025-12-07T21:27:57.261Z] Partner commissions loaded: {
  "10": 0,
  "11": 0,
  "12": 0,
  "01": 4124.2,
  "02": 8355,
  "03": 4660.8,
  "04": 3667.5,
  "05": 0,
  "06": 6982.5,
  "07": 4189.21,
  "08": 1275.76,
  "09": 855
}
[2025-12-07T21:27:57.263Z] Partner commissions loaded
[2025-12-07T21:27:57.263Z] Attempting to connect to MySQL...
[2025-12-07T21:27:57.266Z] MySQL connected successfully
[2025-12-07T21:27:57.266Z] Using date field in proper date format
[2025-12-07T21:27:57.269Z] Latest data through: Thu Dec 04 2025 00:00:00 GMT+0000 (Greenwich Mean Time), YTD through month 12
[2025-12-07T21:27:57.329Z] Revenue query returned 47 rows
[2025-12-07T21:27:57.337Z] Refunds query returned 6 rows
[2025-12-07T21:27:57.343Z] Escrow incoming returned 14 rows
[2025-12-07T21:27:57.347Z] Escrow refunds returned 8 rows
[2025-12-07T21:27:57.348Z] Refunds by month: [
  "2025-2: B2C = €-250.00",
  "2025-4: B2C = €-1585.11",
  "2025-8: B2C = €-250.00",
  "2025-9: B2B = €-3680.00",
  "2025-9: B2C = €-4260.00",
  "2025-10: B2C = €-5510.00"
]
[2025-12-07T21:28:57.260Z] Loading commissions from: /home/hub/public_html/fins/scripts/fidelo/data/cmsns-2025.json
[2025-12-07T21:28:57.262Z] Partner commissions loaded: {
  "10": 0,
  "11": 0,
  "12": 0,
  "01": 4124.2,
  "02": 8355,
  "03": 4660.8,
  "04": 3667.5,
  "05": 0,
  "06": 6982.5,
  "07": 4189.21,
  "08": 1275.76,
  "09": 855
}
[2025-12-07T21:28:57.263Z] Partner commissions loaded
[2025-12-07T21:28:57.264Z] Attempting to connect to MySQL...
[2025-12-07T21:28:57.269Z] MySQL connected successfully
[2025-12-07T21:28:57.269Z] Using date field in proper date format
[2025-12-07T21:28:57.273Z] Latest data through: Thu Dec 04 2025 00:00:00 GMT+0000 (Greenwich Mean Time), YTD through month 12
[2025-12-07T21:28:57.315Z] Revenue query returned 47 rows
[2025-12-07T21:28:57.315Z] Refunds query returned 6 rows
[2025-12-07T21:28:57.315Z] Escrow incoming returned 14 rows
[2025-12-07T21:28:57.315Z] Escrow refunds returned 8 rows
[2025-12-07T21:28:57.315Z] Refunds by month: [
  "2025-2: B2C = €-250.00",
  "2025-4: B2C = €-1585.11",
  "2025-8: B2C = €-250.00",
  "2025-9: B2B = €-3680.00",
  "2025-9: B2C = €-4260.00",
  "2025-10: B2C = €-5510.00"
]
[2025-12-07T21:29:57.257Z] Loading commissions from: /home/hub/public_html/fins/scripts/fidelo/data/cmsns-2025.json
[2025-12-07T21:29:57.258Z] Partner commissions loaded: {
  "10": 0,
  "11": 0,
  "12": 0,
  "01": 4124.2,
  "02": 8355,
  "03": 4660.8,
  "04": 3667.5,
  "05": 0,
  "06": 6982.5,
  "07": 4189.21,
  "08": 1275.76,
  "09": 855
}
[2025-12-07T21:29:57.258Z] Partner commissions loaded
[2025-12-07T21:29:57.258Z] Attempting to connect to MySQL...
[2025-12-07T21:29:57.261Z] MySQL connected successfully
[2025-12-07T21:29:57.261Z] Using date field in proper date format
[2025-12-07T21:29:57.263Z] Latest data through: Thu Dec 04 2025 00:00:00 GMT+0000 (Greenwich Mean Time), YTD through month 12
[2025-12-07T21:29:57.291Z] Revenue query returned 47 rows
[2025-12-07T21:29:57.292Z] Refunds query returned 6 rows
[2025-12-07T21:29:57.292Z] Escrow incoming returned 14 rows
[2025-12-07T21:29:57.292Z] Escrow refunds returned 8 rows
[2025-12-07T21:29:57.293Z] Refunds by month: [
  "2025-2: B2C = €-250.00",
  "2025-4: B2C = €-1585.11",
  "2025-8: B2C = €-250.00",
  "2025-9: B2B = €-3680.00",
  "2025-9: B2C = €-4260.00",
  "2025-10: B2C = €-5510.00"
]
[2025-12-07T21:30:57.272Z] Loading commissions from: /home/hub/public_html/fins/scripts/fidelo/data/cmsns-2025.json
[2025-12-07T21:30:57.273Z] Partner commissions loaded: {
  "10": 0,
  "11": 0,
  "12": 0,
  "01": 4124.2,
  "02": 8355,
  "03": 4660.8,
  "04": 3667.5,
  "05": 0,
  "06": 6982.5,
  "07": 4189.21,
  "08": 1275.76,
  "09": 855
}
[2025-12-07T21:30:57.273Z] Partner commissions loaded
[2025-12-07T21:30:57.273Z] Attempting to connect to MySQL...
[2025-12-07T21:30:57.277Z] MySQL connected successfully
[2025-12-07T21:30:57.277Z] Using date field in proper date format
[2025-12-07T21:30:57.280Z] Latest data through: Thu Dec 04 2025 00:00:00 GMT+0000 (Greenwich Mean Time), YTD through month 12
[2025-12-07T21:30:57.307Z] Revenue query returned 47 rows
[2025-12-07T21:30:57.307Z] Refunds query returned 6 rows
[2025-12-07T21:30:57.307Z] Escrow incoming returned 14 rows
[2025-12-07T21:30:57.308Z] Escrow refunds returned 8 rows
[2025-12-07T21:30:57.308Z] Refunds by month: [
  "2025-2: B2C = €-250.00",
  "2025-4: B2C = €-1585.11",
  "2025-8: B2C = €-250.00",
  "2025-9: B2B = €-3680.00",
  "2025-9: B2C = €-4260.00",
  "2025-10: B2C = €-5510.00"
]
[2025-12-07T21:31:57.255Z] Loading commissions from: /home/hub/public_html/fins/scripts/fidelo/data/cmsns-2025.json
[2025-12-07T21:31:57.258Z] Partner commissions loaded: {
  "10": 0,
  "11": 0,
  "12": 0,
  "01": 4124.2,
  "02": 8355,
  "03": 4660.8,
  "04": 3667.5,
  "05": 0,
  "06": 6982.5,
  "07": 4189.21,
  "08": 1275.76,
  "09": 855
}
[2025-12-07T21:31:57.258Z] Partner commissions loaded
[2025-12-07T21:31:57.258Z] Attempting to connect to MySQL...
[2025-12-07T21:31:57.263Z] MySQL connected successfully
[2025-12-07T21:31:57.264Z] Using date field in proper date format
[2025-12-07T21:31:57.267Z] Latest data through: Thu Dec 04 2025 00:00:00 GMT+0000 (Greenwich Mean Time), YTD through month 12
[2025-12-07T21:31:57.301Z] Revenue query returned 47 rows
[2025-12-07T21:31:57.307Z] Refunds query returned 6 rows
[2025-12-07T21:31:57.307Z] Escrow incoming returned 14 rows
[2025-12-07T21:31:57.307Z] Escrow refunds returned 8 rows
[2025-12-07T21:31:57.308Z] Refunds by month: [
  "2025-2: B2C = €-250.00",
  "2025-4: B2C = €-1585.11",
  "2025-8: B2C = €-250.00",
  "2025-9: B2B = €-3680.00",
  "2025-9: B2C = €-4260.00",
  "2025-10: B2C = €-5510.00"
]
[2025-12-07T21:32:57.288Z] Loading commissions from: /home/hub/public_html/fins/scripts/fidelo/data/cmsns-2025.json
[2025-12-07T21:32:57.288Z] Partner commissions loaded: {
  "10": 0,
  "11": 0,
  "12": 0,
  "01": 4124.2,
  "02": 8355,
  "03": 4660.8,
  "04": 3667.5,
  "05": 0,
  "06": 6982.5,
  "07": 4189.21,
  "08": 1275.76,
  "09": 855
}
[2025-12-07T21:32:57.290Z] Partner commissions loaded
[2025-12-07T21:32:57.290Z] Attempting to connect to MySQL...
[2025-12-07T21:32:57.294Z] MySQL connected successfully
[2025-12-07T21:32:57.294Z] Using date field in proper date format
[2025-12-07T21:32:57.296Z] Latest data through: Thu Dec 04 2025 00:00:00 GMT+0000 (Greenwich Mean Time), YTD through month 12
[2025-12-07T21:32:57.329Z] Revenue query returned 47 rows
[2025-12-07T21:32:57.329Z] Refunds query returned 6 rows
[2025-12-07T21:32:57.330Z] Escrow incoming returned 14 rows
[2025-12-07T21:32:57.330Z] Escrow refunds returned 8 rows
[2025-12-07T21:32:57.331Z] Refunds by month: [
  "2025-2: B2C = €-250.00",
  "2025-4: B2C = €-1585.11",
  "2025-8: B2C = €-250.00",
  "2025-9: B2B = €-3680.00",
  "2025-9: B2C = €-4260.00",
  "2025-10: B2C = €-5510.00"
]
[2025-12-07T21:33:57.260Z] Loading commissions from: /home/hub/public_html/fins/scripts/fidelo/data/cmsns-2025.json
[2025-12-07T21:33:57.261Z] Partner commissions loaded: {
  "10": 0,
  "11": 0,
  "12": 0,
  "01": 4124.2,
  "02": 8355,
  "03": 4660.8,
  "04": 3667.5,
  "05": 0,
  "06": 6982.5,
  "07": 4189.21,
  "08": 1275.76,
  "09": 855
}
[2025-12-07T21:33:57.261Z] Partner commissions loaded
[2025-12-07T21:33:57.261Z] Attempting to connect to MySQL...
[2025-12-07T21:33:57.266Z] MySQL connected successfully
[2025-12-07T21:33:57.266Z] Using date field in proper date format
[2025-12-07T21:33:57.268Z] Latest data through: Thu Dec 04 2025 00:00:00 GMT+0000 (Greenwich Mean Time), YTD through month 12
[2025-12-07T21:33:57.307Z] Revenue query returned 47 rows
[2025-12-07T21:33:57.307Z] Refunds query returned 6 rows
[2025-12-07T21:33:57.308Z] Escrow incoming returned 14 rows
[2025-12-07T21:33:57.308Z] Escrow refunds returned 8 rows
[2025-12-07T21:33:57.308Z] Refunds by month: [
  "2025-2: B2C = €-250.00",
  "2025-4: B2C = €-1585.11",
  "2025-8: B2C = €-250.00",
  "2025-9: B2B = €-3680.00",
  "2025-9: B2C = €-4260.00",
  "2025-10: B2C = €-5510.00"
]
[2025-12-07T21:34:57.257Z] Loading commissions from: /home/hub/public_html/fins/scripts/fidelo/data/cmsns-2025.json
[2025-12-07T21:34:57.258Z] Partner commissions loaded: {
  "10": 0,
  "11": 0,
  "12": 0,
  "01": 4124.2,
  "02": 8355,
  "03": 4660.8,
  "04": 3667.5,
  "05": 0,
  "06": 6982.5,
  "07": 4189.21,
  "08": 1275.76,
  "09": 855
}
[2025-12-07T21:34:57.259Z] Partner commissions loaded
[2025-12-07T21:34:57.259Z] Attempting to connect to MySQL...
[2025-12-07T21:34:57.264Z] MySQL connected successfully
[2025-12-07T21:34:57.265Z] Using date field in proper date format
[2025-12-07T21:34:57.267Z] Latest data through: Thu Dec 04 2025 00:00:00 GMT+0000 (Greenwich Mean Time), YTD through month 12
[2025-12-07T21:34:57.296Z] Revenue query returned 47 rows
[2025-12-07T21:34:57.296Z] Refunds query returned 6 rows
[2025-12-07T21:34:57.296Z] Escrow incoming returned 14 rows
[2025-12-07T21:34:57.297Z] Escrow refunds returned 8 rows
[2025-12-07T21:34:57.297Z] Refunds by month: [
  "2025-2: B2C = €-250.00",
  "2025-4: B2C = €-1585.11",
  "2025-8: B2C = €-250.00",
  "2025-9: B2B = €-3680.00",
  "2025-9: B2C = €-4260.00",
  "2025-10: B2C = €-5510.00"
]
[2025-12-07T21:35:57.260Z] Loading commissions from: /home/hub/public_html/fins/scripts/fidelo/data/cmsns-2025.json
[2025-12-07T21:35:57.260Z] Partner commissions loaded: {
  "10": 0,
  "11": 0,
  "12": 0,
  "01": 4124.2,
  "02": 8355,
  "03": 4660.8,
  "04": 3667.5,
  "05": 0,
  "06": 6982.5,
  "07": 4189.21,
  "08": 1275.76,
  "09": 855
}
[2025-12-07T21:35:57.261Z] Partner commissions loaded
[2025-12-07T21:35:57.262Z] Attempting to connect to MySQL...
[2025-12-07T21:35:57.265Z] MySQL connected successfully
[2025-12-07T21:35:57.265Z] Using date field in proper date format
[2025-12-07T21:35:57.267Z] Latest data through: Thu Dec 04 2025 00:00:00 GMT+0000 (Greenwich Mean Time), YTD through month 12
[2025-12-07T21:35:57.308Z] Revenue query returned 47 rows
[2025-12-07T21:35:57.309Z] Refunds query returned 6 rows
[2025-12-07T21:35:57.309Z] Escrow incoming returned 14 rows
[2025-12-07T21:35:57.309Z] Escrow refunds returned 8 rows
[2025-12-07T21:35:57.309Z] Refunds by month: [
  "2025-2: B2C = €-250.00",
  "2025-4: B2C = €-1585.11",
  "2025-8: B2C = €-250.00",
  "2025-9: B2B = €-3680.00",
  "2025-9: B2C = €-4260.00",
  "2025-10: B2C = €-5510.00"
]
[2025-12-07T21:36:57.259Z] Loading commissions from: /home/hub/public_html/fins/scripts/fidelo/data/cmsns-2025.json
[2025-12-07T21:36:57.260Z] Partner commissions loaded: {
  "10": 0,
  "11": 0,
  "12": 0,
  "01": 4124.2,
  "02": 8355,
  "03": 4660.8,
  "04": 3667.5,
  "05": 0,
  "06": 6982.5,
  "07": 4189.21,
  "08": 1275.76,
  "09": 855
}
[2025-12-07T21:36:57.263Z] Partner commissions loaded
[2025-12-07T21:36:57.263Z] Attempting to connect to MySQL...
[2025-12-07T21:36:57.271Z] MySQL connected successfully
[2025-12-07T21:36:57.271Z] Using date field in proper date format
[2025-12-07T21:36:57.276Z] Latest data through: Thu Dec 04 2025 00:00:00 GMT+0000 (Greenwich Mean Time), YTD through month 12
[2025-12-07T21:36:57.310Z] Revenue query returned 47 rows
[2025-12-07T21:36:57.310Z] Refunds query returned 6 rows
[2025-12-07T21:36:57.310Z] Escrow incoming returned 14 rows
[2025-12-07T21:36:57.310Z] Escrow refunds returned 8 rows
[2025-12-07T21:36:57.310Z] Refunds by month: [
  "2025-2: B2C = €-250.00",
  "2025-4: B2C = €-1585.11",
  "2025-8: B2C = €-250.00",
  "2025-9: B2B = €-3680.00",
  "2025-9: B2C = €-4260.00",
  "2025-10: B2C = €-5510.00"
]
[2025-12-07T21:37:57.279Z] Loading commissions from: /home/hub/public_html/fins/scripts/fidelo/data/cmsns-2025.json
[2025-12-07T21:37:57.279Z] Partner commissions loaded: {
  "10": 0,
  "11": 0,
  "12": 0,
  "01": 4124.2,
  "02": 8355,
  "03": 4660.8,
  "04": 3667.5,
  "05": 0,
  "06": 6982.5,
  "07": 4189.21,
  "08": 1275.76,
  "09": 855
}
[2025-12-07T21:37:57.279Z] Partner commissions loaded
[2025-12-07T21:37:57.279Z] Attempting to connect to MySQL...
[2025-12-07T21:37:57.284Z] MySQL connected successfully
[2025-12-07T21:37:57.285Z] Using date field in proper date format
[2025-12-07T21:37:57.288Z] Latest data through: Thu Dec 04 2025 00:00:00 GMT+0000 (Greenwich Mean Time), YTD through month 12
[2025-12-07T21:37:57.336Z] Revenue query returned 47 rows
[2025-12-07T21:37:57.347Z] Refunds query returned 6 rows
[2025-12-07T21:37:57.347Z] Escrow incoming returned 14 rows
[2025-12-07T21:37:57.347Z] Escrow refunds returned 8 rows
[2025-12-07T21:37:57.348Z] Refunds by month: [
  "2025-2: B2C = €-250.00",
  "2025-4: B2C = €-1585.11",
  "2025-8: B2C = €-250.00",
  "2025-9: B2B = €-3680.00",
  "2025-9: B2C = €-4260.00",
  "2025-10: B2C = €-5510.00"
]
[2025-12-07T21:38:57.266Z] Loading commissions from: /home/hub/public_html/fins/scripts/fidelo/data/cmsns-2025.json
[2025-12-07T21:38:57.266Z] Partner commissions loaded: {
  "10": 0,
  "11": 0,
  "12": 0,
  "01": 4124.2,
  "02": 8355,
  "03": 4660.8,
  "04": 3667.5,
  "05": 0,
  "06": 6982.5,
  "07": 4189.21,
  "08": 1275.76,
  "09": 855
}
[2025-12-07T21:38:57.266Z] Partner commissions loaded
[2025-12-07T21:38:57.266Z] Attempting to connect to MySQL...
[2025-12-07T21:38:57.270Z] MySQL connected successfully
[2025-12-07T21:38:57.271Z] Using date field in proper date format
[2025-12-07T21:38:57.273Z] Latest data through: Thu Dec 04 2025 00:00:00 GMT+0000 (Greenwich Mean Time), YTD through month 12
[2025-12-07T21:38:57.304Z] Revenue query returned 47 rows
[2025-12-07T21:38:57.304Z] Refunds query returned 6 rows
[2025-12-07T21:38:57.305Z] Escrow incoming returned 14 rows
[2025-12-07T21:38:57.305Z] Escrow refunds returned 8 rows
[2025-12-07T21:38:57.305Z] Refunds by month: [
  "2025-2: B2C = €-250.00",
  "2025-4: B2C = €-1585.11",
  "2025-8: B2C = €-250.00",
  "2025-9: B2B = €-3680.00",
  "2025-9: B2C = €-4260.00",
  "2025-10: B2C = €-5510.00"
]
[2025-12-07T21:39:57.259Z] Loading commissions from: /home/hub/public_html/fins/scripts/fidelo/data/cmsns-2025.json
[2025-12-07T21:39:57.260Z] Partner commissions loaded: {
  "10": 0,
  "11": 0,
  "12": 0,
  "01": 4124.2,
  "02": 8355,
  "03": 4660.8,
  "04": 3667.5,
  "05": 0,
  "06": 6982.5,
  "07": 4189.21,
  "08": 1275.76,
  "09": 855
}
[2025-12-07T21:39:57.260Z] Partner commissions loaded
[2025-12-07T21:39:57.260Z] Attempting to connect to MySQL...
[2025-12-07T21:39:57.265Z] MySQL connected successfully
[2025-12-07T21:39:57.265Z] Using date field in proper date format
[2025-12-07T21:39:57.268Z] Latest data through: Thu Dec 04 2025 00:00:00 GMT+0000 (Greenwich Mean Time), YTD through month 12
[2025-12-07T21:39:57.305Z] Revenue query returned 47 rows
[2025-12-07T21:39:57.305Z] Refunds query returned 6 rows
[2025-12-07T21:39:57.305Z] Escrow incoming returned 14 rows
[2025-12-07T21:39:57.306Z] Escrow refunds returned 8 rows
[2025-12-07T21:39:57.306Z] Refunds by month: [
  "2025-2: B2C = €-250.00",
  "2025-4: B2C = €-1585.11",
  "2025-8: B2C = €-250.00",
  "2025-9: B2B = €-3680.00",
  "2025-9: B2C = €-4260.00",
  "2025-10: B2C = €-5510.00"
]
[2025-12-07T21:40:57.268Z] Loading commissions from: /home/hub/public_html/fins/scripts/fidelo/data/cmsns-2025.json
[2025-12-07T21:40:57.269Z] Partner commissions loaded: {
  "10": 0,
  "11": 0,
  "12": 0,
  "01": 4124.2,
  "02": 8355,
  "03": 4660.8,
  "04": 3667.5,
  "05": 0,
  "06": 6982.5,
  "07": 4189.21,
  "08": 1275.76,
  "09": 855
}
[2025-12-07T21:40:57.269Z] Partner commissions loaded
[2025-12-07T21:40:57.269Z] Attempting to connect to MySQL...
[2025-12-07T21:40:57.274Z] MySQL connected successfully
[2025-12-07T21:40:57.275Z] Using date field in proper date format
[2025-12-07T21:40:57.277Z] Latest data through: Thu Dec 04 2025 00:00:00 GMT+0000 (Greenwich Mean Time), YTD through month 12
[2025-12-07T21:40:57.316Z] Revenue query returned 47 rows
[2025-12-07T21:40:57.317Z] Refunds query returned 6 rows
[2025-12-07T21:40:57.317Z] Escrow incoming returned 14 rows
[2025-12-07T21:40:57.317Z] Escrow refunds returned 8 rows
[2025-12-07T21:40:57.318Z] Refunds by month: [
  "2025-2: B2C = €-250.00",
  "2025-4: B2C = €-1585.11",
  "2025-8: B2C = €-250.00",
  "2025-9: B2B = €-3680.00",
  "2025-9: B2C = €-4260.00",
  "2025-10: B2C = €-5510.00"
]
[2025-12-07T21:41:57.255Z] Loading commissions from: /home/hub/public_html/fins/scripts/fidelo/data/cmsns-2025.json
[2025-12-07T21:41:57.256Z] Partner commissions loaded: {
  "10": 0,
  "11": 0,
  "12": 0,
  "01": 4124.2,
  "02": 8355,
  "03": 4660.8,
  "04": 3667.5,
  "05": 0,
  "06": 6982.5,
  "07": 4189.21,
  "08": 1275.76,
  "09": 855
}
[2025-12-07T21:41:57.257Z] Partner commissions loaded
[2025-12-07T21:41:57.259Z] Attempting to connect to MySQL...
[2025-12-07T21:41:57.263Z] MySQL connected successfully
[2025-12-07T21:41:57.263Z] Using date field in proper date format
[2025-12-07T21:41:57.265Z] Latest data through: Thu Dec 04 2025 00:00:00 GMT+0000 (Greenwich Mean Time), YTD through month 12
[2025-12-07T21:41:57.320Z] Revenue query returned 47 rows
[2025-12-07T21:41:57.320Z] Refunds query returned 6 rows
[2025-12-07T21:41:57.320Z] Escrow incoming returned 14 rows
[2025-12-07T21:41:57.320Z] Escrow refunds returned 8 rows
[2025-12-07T21:41:57.320Z] Refunds by month: [
  "2025-2: B2C = €-250.00",
  "2025-4: B2C = €-1585.11",
  "2025-8: B2C = €-250.00",
  "2025-9: B2B = €-3680.00",
  "2025-9: B2C = €-4260.00",
  "2025-10: B2C = €-5510.00"
]
[2025-12-07T21:42:57.281Z] Loading commissions from: /home/hub/public_html/fins/scripts/fidelo/data/cmsns-2025.json
[2025-12-07T21:42:57.281Z] Partner commissions loaded: {
  "10": 0,
  "11": 0,
  "12": 0,
  "01": 4124.2,
  "02": 8355,
  "03": 4660.8,
  "04": 3667.5,
  "05": 0,
  "06": 6982.5,
  "07": 4189.21,
  "08": 1275.76,
  "09": 855
}
[2025-12-07T21:42:57.282Z] Partner commissions loaded
[2025-12-07T21:42:57.283Z] Attempting to connect to MySQL...
[2025-12-07T21:42:57.286Z] MySQL connected successfully
[2025-12-07T21:42:57.287Z] Using date field in proper date format
[2025-12-07T21:42:57.289Z] Latest data through: Thu Dec 04 2025 00:00:00 GMT+0000 (Greenwich Mean Time), YTD through month 12
[2025-12-07T21:42:57.314Z] Revenue query returned 47 rows
[2025-12-07T21:42:57.314Z] Refunds query returned 6 rows
[2025-12-07T21:42:57.314Z] Escrow incoming returned 14 rows
[2025-12-07T21:42:57.315Z] Escrow refunds returned 8 rows
[2025-12-07T21:42:57.315Z] Refunds by month: [
  "2025-2: B2C = €-250.00",
  "2025-4: B2C = €-1585.11",
  "2025-8: B2C = €-250.00",
  "2025-9: B2B = €-3680.00",
  "2025-9: B2C = €-4260.00",
  "2025-10: B2C = €-5510.00"
]
[2025-12-07T21:43:57.253Z] Loading commissions from: /home/hub/public_html/fins/scripts/fidelo/data/cmsns-2025.json
[2025-12-07T21:43:57.253Z] Partner commissions loaded: {
  "10": 0,
  "11": 0,
  "12": 0,
  "01": 4124.2,
  "02": 8355,
  "03": 4660.8,
  "04": 3667.5,
  "05": 0,
  "06": 6982.5,
  "07": 4189.21,
  "08": 1275.76,
  "09": 855
}
[2025-12-07T21:43:57.254Z] Partner commissions loaded
[2025-12-07T21:43:57.256Z] Attempting to connect to MySQL...
[2025-12-07T21:43:57.260Z] MySQL connected successfully
[2025-12-07T21:43:57.260Z] Using date field in proper date format
[2025-12-07T21:43:57.268Z] Latest data through: Thu Dec 04 2025 00:00:00 GMT+0000 (Greenwich Mean Time), YTD through month 12
[2025-12-07T21:43:57.320Z] Revenue query returned 47 rows
[2025-12-07T21:43:57.321Z] Refunds query returned 6 rows
[2025-12-07T21:43:57.322Z] Escrow incoming returned 14 rows
[2025-12-07T21:43:57.322Z] Escrow refunds returned 8 rows
[2025-12-07T21:43:57.322Z] Refunds by month: [
  "2025-2: B2C = €-250.00",
  "2025-4: B2C = €-1585.11",
  "2025-8: B2C = €-250.00",
  "2025-9: B2B = €-3680.00",
  "2025-9: B2C = €-4260.00",
  "2025-10: B2C = €-5510.00"
]
[2025-12-07T21:44:57.262Z] Loading commissions from: /home/hub/public_html/fins/scripts/fidelo/data/cmsns-2025.json
[2025-12-07T21:44:57.263Z] Partner commissions loaded: {
  "10": 0,
  "11": 0,
  "12": 0,
  "01": 4124.2,
  "02": 8355,
  "03": 4660.8,
  "04": 3667.5,
  "05": 0,
  "06": 6982.5,
  "07": 4189.21,
  "08": 1275.76,
  "09": 855
}
[2025-12-07T21:44:57.263Z] Partner commissions loaded
[2025-12-07T21:44:57.265Z] Attempting to connect to MySQL...
[2025-12-07T21:44:57.270Z] MySQL connected successfully
[2025-12-07T21:44:57.270Z] Using date field in proper date format
[2025-12-07T21:44:57.274Z] Latest data through: Thu Dec 04 2025 00:00:00 GMT+0000 (Greenwich Mean Time), YTD through month 12
[2025-12-07T21:44:57.329Z] Revenue query returned 47 rows
[2025-12-07T21:44:57.329Z] Refunds query returned 6 rows
[2025-12-07T21:44:57.329Z] Escrow incoming returned 14 rows
[2025-12-07T21:44:57.329Z] Escrow refunds returned 8 rows
[2025-12-07T21:44:57.329Z] Refunds by month: [
  "2025-2: B2C = €-250.00",
  "2025-4: B2C = €-1585.11",
  "2025-8: B2C = €-250.00",
  "2025-9: B2B = €-3680.00",
  "2025-9: B2C = €-4260.00",
  "2025-10: B2C = €-5510.00"
]
[2025-12-07T21:45:57.268Z] Loading commissions from: /home/hub/public_html/fins/scripts/fidelo/data/cmsns-2025.json
[2025-12-07T21:45:57.268Z] Partner commissions loaded: {
  "10": 0,
  "11": 0,
  "12": 0,
  "01": 4124.2,
  "02": 8355,
  "03": 4660.8,
  "04": 3667.5,
  "05": 0,
  "06": 6982.5,
  "07": 4189.21,
  "08": 1275.76,
  "09": 855
}
[2025-12-07T21:45:57.269Z] Partner commissions loaded
[2025-12-07T21:45:57.270Z] Attempting to connect to MySQL...
[2025-12-07T21:45:57.273Z] MySQL connected successfully
[2025-12-07T21:45:57.274Z] Using date field in proper date format
[2025-12-07T21:45:57.277Z] Latest data through: Thu Dec 04 2025 00:00:00 GMT+0000 (Greenwich Mean Time), YTD through month 12
[2025-12-07T21:45:57.319Z] Revenue query returned 47 rows
[2025-12-07T21:45:57.319Z] Refunds query returned 6 rows
[2025-12-07T21:45:57.319Z] Escrow incoming returned 14 rows
[2025-12-07T21:45:57.320Z] Escrow refunds returned 8 rows
[2025-12-07T21:45:57.320Z] Refunds by month: [
  "2025-2: B2C = €-250.00",
  "2025-4: B2C = €-1585.11",
  "2025-8: B2C = €-250.00",
  "2025-9: B2B = €-3680.00",
  "2025-9: B2C = €-4260.00",
  "2025-10: B2C = €-5510.00"
]
[2025-12-07T21:46:57.266Z] Loading commissions from: /home/hub/public_html/fins/scripts/fidelo/data/cmsns-2025.json
[2025-12-07T21:46:57.266Z] Partner commissions loaded: {
  "10": 0,
  "11": 0,
  "12": 0,
  "01": 4124.2,
  "02": 8355,
  "03": 4660.8,
  "04": 3667.5,
  "05": 0,
  "06": 6982.5,
  "07": 4189.21,
  "08": 1275.76,
  "09": 855
}
[2025-12-07T21:46:57.267Z] Partner commissions loaded
[2025-12-07T21:46:57.267Z] Attempting to connect to MySQL...
[2025-12-07T21:46:57.271Z] MySQL connected successfully
[2025-12-07T21:46:57.271Z] Using date field in proper date format
[2025-12-07T21:46:57.274Z] Latest data through: Thu Dec 04 2025 00:00:00 GMT+0000 (Greenwich Mean Time), YTD through month 12
[2025-12-07T21:46:57.302Z] Revenue query returned 47 rows
[2025-12-07T21:46:57.302Z] Refunds query returned 6 rows
[2025-12-07T21:46:57.303Z] Escrow incoming returned 14 rows
[2025-12-07T21:46:57.303Z] Escrow refunds returned 8 rows
[2025-12-07T21:46:57.303Z] Refunds by month: [
  "2025-2: B2C = €-250.00",
  "2025-4: B2C = €-1585.11",
  "2025-8: B2C = €-250.00",
  "2025-9: B2B = €-3680.00",
  "2025-9: B2C = €-4260.00",
  "2025-10: B2C = €-5510.00"
]
[2025-12-07T21:47:57.263Z] Loading commissions from: /home/hub/public_html/fins/scripts/fidelo/data/cmsns-2025.json
[2025-12-07T21:47:57.264Z] Partner commissions loaded: {
  "10": 0,
  "11": 0,
  "12": 0,
  "01": 4124.2,
  "02": 8355,
  "03": 4660.8,
  "04": 3667.5,
  "05": 0,
  "06": 6982.5,
  "07": 4189.21,
  "08": 1275.76,
  "09": 855
}
[2025-12-07T21:47:57.264Z] Partner commissions loaded
[2025-12-07T21:47:57.265Z] Attempting to connect to MySQL...
[2025-12-07T21:47:57.270Z] MySQL connected successfully
[2025-12-07T21:47:57.270Z] Using date field in proper date format
[2025-12-07T21:47:57.273Z] Latest data through: Thu Dec 04 2025 00:00:00 GMT+0000 (Greenwich Mean Time), YTD through month 12
[2025-12-07T21:47:57.304Z] Revenue query returned 47 rows
[2025-12-07T21:47:57.304Z] Refunds query returned 6 rows
[2025-12-07T21:47:57.304Z] Escrow incoming returned 14 rows
[2025-12-07T21:47:57.304Z] Escrow refunds returned 8 rows
[2025-12-07T21:47:57.305Z] Refunds by month: [
  "2025-2: B2C = €-250.00",
  "2025-4: B2C = €-1585.11",
  "2025-8: B2C = €-250.00",
  "2025-9: B2B = €-3680.00",
  "2025-9: B2C = €-4260.00",
  "2025-10: B2C = €-5510.00"
]
[2025-12-07T21:48:57.272Z] Loading commissions from: /home/hub/public_html/fins/scripts/fidelo/data/cmsns-2025.json
[2025-12-07T21:48:57.273Z] Partner commissions loaded: {
  "10": 0,
  "11": 0,
  "12": 0,
  "01": 4124.2,
  "02": 8355,
  "03": 4660.8,
  "04": 3667.5,
  "05": 0,
  "06": 6982.5,
  "07": 4189.21,
  "08": 1275.76,
  "09": 855
}
[2025-12-07T21:48:57.273Z] Partner commissions loaded
[2025-12-07T21:48:57.274Z] Attempting to connect to MySQL...
[2025-12-07T21:48:57.278Z] MySQL connected successfully
[2025-12-07T21:48:57.278Z] Using date field in proper date format
[2025-12-07T21:48:57.280Z] Latest data through: Thu Dec 04 2025 00:00:00 GMT+0000 (Greenwich Mean Time), YTD through month 12
[2025-12-07T21:48:57.307Z] Revenue query returned 47 rows
[2025-12-07T21:48:57.307Z] Refunds query returned 6 rows
[2025-12-07T21:48:57.308Z] Escrow incoming returned 14 rows
[2025-12-07T21:48:57.308Z] Escrow refunds returned 8 rows
[2025-12-07T21:48:57.308Z] Refunds by month: [
  "2025-2: B2C = €-250.00",
  "2025-4: B2C = €-1585.11",
  "2025-8: B2C = €-250.00",
  "2025-9: B2B = €-3680.00",
  "2025-9: B2C = €-4260.00",
  "2025-10: B2C = €-5510.00"
]
[2025-12-07T21:49:57.271Z] Loading commissions from: /home/hub/public_html/fins/scripts/fidelo/data/cmsns-2025.json
[2025-12-07T21:49:57.273Z] Partner commissions loaded: {
  "10": 0,
  "11": 0,
  "12": 0,
  "01": 4124.2,
  "02": 8355,
  "03": 4660.8,
  "04": 3667.5,
  "05": 0,
  "06": 6982.5,
  "07": 4189.21,
  "08": 1275.76,
  "09": 855
}
[2025-12-07T21:49:57.273Z] Partner commissions loaded
[2025-12-07T21:49:57.273Z] Attempting to connect to MySQL...
[2025-12-07T21:49:57.276Z] MySQL connected successfully
[2025-12-07T21:49:57.276Z] Using date field in proper date format
[2025-12-07T21:49:57.278Z] Latest data through: Thu Dec 04 2025 00:00:00 GMT+0000 (Greenwich Mean Time), YTD through month 12
[2025-12-07T21:49:57.307Z] Revenue query returned 47 rows
[2025-12-07T21:49:57.307Z] Refunds query returned 6 rows
[2025-12-07T21:49:57.307Z] Escrow incoming returned 14 rows
[2025-12-07T21:49:57.307Z] Escrow refunds returned 8 rows
[2025-12-07T21:49:57.307Z] Refunds by month: [
  "2025-2: B2C = €-250.00",
  "2025-4: B2C = €-1585.11",
  "2025-8: B2C = €-250.00",
  "2025-9: B2B = €-3680.00",
  "2025-9: B2C = €-4260.00",
  "2025-10: B2C = €-5510.00"
]
[2025-12-07T21:50:57.267Z] Loading commissions from: /home/hub/public_html/fins/scripts/fidelo/data/cmsns-2025.json
[2025-12-07T21:50:57.268Z] Partner commissions loaded: {
  "10": 0,
  "11": 0,
  "12": 0,
  "01": 4124.2,
  "02": 8355,
  "03": 4660.8,
  "04": 3667.5,
  "05": 0,
  "06": 6982.5,
  "07": 4189.21,
  "08": 1275.76,
  "09": 855
}
[2025-12-07T21:50:57.268Z] Partner commissions loaded
[2025-12-07T21:50:57.268Z] Attempting to connect to MySQL...
[2025-12-07T21:50:57.276Z] MySQL connected successfully
[2025-12-07T21:50:57.276Z] Using date field in proper date format
[2025-12-07T21:50:57.279Z] Latest data through: Thu Dec 04 2025 00:00:00 GMT+0000 (Greenwich Mean Time), YTD through month 12
[2025-12-07T21:50:57.328Z] Revenue query returned 47 rows
[2025-12-07T21:50:57.328Z] Refunds query returned 6 rows
[2025-12-07T21:50:57.328Z] Escrow incoming returned 14 rows
[2025-12-07T21:50:57.328Z] Escrow refunds returned 8 rows
[2025-12-07T21:50:57.329Z] Refunds by month: [
  "2025-2: B2C = €-250.00",
  "2025-4: B2C = €-1585.11",
  "2025-8: B2C = €-250.00",
  "2025-9: B2B = €-3680.00",
  "2025-9: B2C = €-4260.00",
  "2025-10: B2C = €-5510.00"
]
[2025-12-07T21:51:57.268Z] Loading commissions from: /home/hub/public_html/fins/scripts/fidelo/data/cmsns-2025.json
[2025-12-07T21:51:57.269Z] Partner commissions loaded: {
  "10": 0,
  "11": 0,
  "12": 0,
  "01": 4124.2,
  "02": 8355,
  "03": 4660.8,
  "04": 3667.5,
  "05": 0,
  "06": 6982.5,
  "07": 4189.21,
  "08": 1275.76,
  "09": 855
}
[2025-12-07T21:51:57.269Z] Partner commissions loaded
[2025-12-07T21:51:57.271Z] Attempting to connect to MySQL...
[2025-12-07T21:51:57.276Z] MySQL connected successfully
[2025-12-07T21:51:57.276Z] Using date field in proper date format
[2025-12-07T21:51:57.280Z] Latest data through: Thu Dec 04 2025 00:00:00 GMT+0000 (Greenwich Mean Time), YTD through month 12
[2025-12-07T21:51:57.311Z] Revenue query returned 47 rows
[2025-12-07T21:51:57.311Z] Refunds query returned 6 rows
[2025-12-07T21:51:57.311Z] Escrow incoming returned 14 rows
[2025-12-07T21:51:57.311Z] Escrow refunds returned 8 rows
[2025-12-07T21:51:57.311Z] Refunds by month: [
  "2025-2: B2C = €-250.00",
  "2025-4: B2C = €-1585.11",
  "2025-8: B2C = €-250.00",
  "2025-9: B2B = €-3680.00",
  "2025-9: B2C = €-4260.00",
  "2025-10: B2C = €-5510.00"
]
[2025-12-07T21:52:57.271Z] Loading commissions from: /home/hub/public_html/fins/scripts/fidelo/data/cmsns-2025.json
[2025-12-07T21:52:57.272Z] Partner commissions loaded: {
  "10": 0,
  "11": 0,
  "12": 0,
  "01": 4124.2,
  "02": 8355,
  "03": 4660.8,
  "04": 3667.5,
  "05": 0,
  "06": 6982.5,
  "07": 4189.21,
  "08": 1275.76,
  "09": 855
}
[2025-12-07T21:52:57.272Z] Partner commissions loaded
[2025-12-07T21:52:57.272Z] Attempting to connect to MySQL...
[2025-12-07T21:52:57.276Z] MySQL connected successfully
[2025-12-07T21:52:57.276Z] Using date field in proper date format
[2025-12-07T21:52:57.279Z] Latest data through: Thu Dec 04 2025 00:00:00 GMT+0000 (Greenwich Mean Time), YTD through month 12
[2025-12-07T21:52:57.309Z] Revenue query returned 47 rows
[2025-12-07T21:52:57.309Z] Refunds query returned 6 rows
[2025-12-07T21:52:57.309Z] Escrow incoming returned 14 rows
[2025-12-07T21:52:57.310Z] Escrow refunds returned 8 rows
[2025-12-07T21:52:57.310Z] Refunds by month: [
  "2025-2: B2C = €-250.00",
  "2025-4: B2C = €-1585.11",
  "2025-8: B2C = €-250.00",
  "2025-9: B2B = €-3680.00",
  "2025-9: B2C = €-4260.00",
  "2025-10: B2C = €-5510.00"
]
[2025-12-07T21:53:57.257Z] Loading commissions from: /home/hub/public_html/fins/scripts/fidelo/data/cmsns-2025.json
[2025-12-07T21:53:57.258Z] Partner commissions loaded: {
  "10": 0,
  "11": 0,
  "12": 0,
  "01": 4124.2,
  "02": 8355,
  "03": 4660.8,
  "04": 3667.5,
  "05": 0,
  "06": 6982.5,
  "07": 4189.21,
  "08": 1275.76,
  "09": 855
}
[2025-12-07T21:53:57.258Z] Partner commissions loaded
[2025-12-07T21:53:57.258Z] Attempting to connect to MySQL...
[2025-12-07T21:53:57.262Z] MySQL connected successfully
[2025-12-07T21:53:57.262Z] Using date field in proper date format
[2025-12-07T21:53:57.265Z] Latest data through: Thu Dec 04 2025 00:00:00 GMT+0000 (Greenwich Mean Time), YTD through month 12
[2025-12-07T21:53:57.301Z] Revenue query returned 47 rows
[2025-12-07T21:53:57.301Z] Refunds query returned 6 rows
[2025-12-07T21:53:57.302Z] Escrow incoming returned 14 rows
[2025-12-07T21:53:57.302Z] Escrow refunds returned 8 rows
[2025-12-07T21:53:57.302Z] Refunds by month: [
  "2025-2: B2C = €-250.00",
  "2025-4: B2C = €-1585.11",
  "2025-8: B2C = €-250.00",
  "2025-9: B2B = €-3680.00",
  "2025-9: B2C = €-4260.00",
  "2025-10: B2C = €-5510.00"
]
[2025-12-07T21:54:57.260Z] Loading commissions from: /home/hub/public_html/fins/scripts/fidelo/data/cmsns-2025.json
[2025-12-07T21:54:57.260Z] Partner commissions loaded: {
  "10": 0,
  "11": 0,
  "12": 0,
  "01": 4124.2,
  "02": 8355,
  "03": 4660.8,
  "04": 3667.5,
  "05": 0,
  "06": 6982.5,
  "07": 4189.21,
  "08": 1275.76,
  "09": 855
}
[2025-12-07T21:54:57.261Z] Partner commissions loaded
[2025-12-07T21:54:57.261Z] Attempting to connect to MySQL...
[2025-12-07T21:54:57.264Z] MySQL connected successfully
[2025-12-07T21:54:57.264Z] Using date field in proper date format
[2025-12-07T21:54:57.267Z] Latest data through: Thu Dec 04 2025 00:00:00 GMT+0000 (Greenwich Mean Time), YTD through month 12
[2025-12-07T21:54:57.295Z] Revenue query returned 47 rows
[2025-12-07T21:54:57.296Z] Refunds query returned 6 rows
[2025-12-07T21:54:57.296Z] Escrow incoming returned 14 rows
[2025-12-07T21:54:57.296Z] Escrow refunds returned 8 rows
[2025-12-07T21:54:57.296Z] Refunds by month: [
  "2025-2: B2C = €-250.00",
  "2025-4: B2C = €-1585.11",
  "2025-8: B2C = €-250.00",
  "2025-9: B2B = €-3680.00",
  "2025-9: B2C = €-4260.00",
  "2025-10: B2C = €-5510.00"
]
[2025-12-07T21:55:57.272Z] Loading commissions from: /home/hub/public_html/fins/scripts/fidelo/data/cmsns-2025.json
[2025-12-07T21:55:57.273Z] Partner commissions loaded: {
  "10": 0,
  "11": 0,
  "12": 0,
  "01": 4124.2,
  "02": 8355,
  "03": 4660.8,
  "04": 3667.5,
  "05": 0,
  "06": 6982.5,
  "07": 4189.21,
  "08": 1275.76,
  "09": 855
}
[2025-12-07T21:55:57.273Z] Partner commissions loaded
[2025-12-07T21:55:57.273Z] Attempting to connect to MySQL...
[2025-12-07T21:55:57.277Z] MySQL connected successfully
[2025-12-07T21:55:57.277Z] Using date field in proper date format
[2025-12-07T21:55:57.280Z] Latest data through: Thu Dec 04 2025 00:00:00 GMT+0000 (Greenwich Mean Time), YTD through month 12
[2025-12-07T21:55:57.307Z] Revenue query returned 47 rows
[2025-12-07T21:55:57.308Z] Refunds query returned 6 rows
[2025-12-07T21:55:57.308Z] Escrow incoming returned 14 rows
[2025-12-07T21:55:57.308Z] Escrow refunds returned 8 rows
[2025-12-07T21:55:57.308Z] Refunds by month: [
  "2025-2: B2C = €-250.00",
  "2025-4: B2C = €-1585.11",
  "2025-8: B2C = €-250.00",
  "2025-9: B2B = €-3680.00",
  "2025-9: B2C = €-4260.00",
  "2025-10: B2C = €-5510.00"
]
[2025-12-07T21:56:57.258Z] Loading commissions from: /home/hub/public_html/fins/scripts/fidelo/data/cmsns-2025.json
[2025-12-07T21:56:57.259Z] Partner commissions loaded: {
  "10": 0,
  "11": 0,
  "12": 0,
  "01": 4124.2,
  "02": 8355,
  "03": 4660.8,
  "04": 3667.5,
  "05": 0,
  "06": 6982.5,
  "07": 4189.21,
  "08": 1275.76,
  "09": 855
}
[2025-12-07T21:56:57.259Z] Partner commissions loaded
[2025-12-07T21:56:57.260Z] Attempting to connect to MySQL...
[2025-12-07T21:56:57.265Z] MySQL connected successfully
[2025-12-07T21:56:57.265Z] Using date field in proper date format
[2025-12-07T21:56:57.269Z] Latest data through: Thu Dec 04 2025 00:00:00 GMT+0000 (Greenwich Mean Time), YTD through month 12
[2025-12-07T21:56:57.316Z] Revenue query returned 47 rows
[2025-12-07T21:56:57.316Z] Refunds query returned 6 rows
[2025-12-07T21:56:57.317Z] Escrow incoming returned 14 rows
[2025-12-07T21:56:57.317Z] Escrow refunds returned 8 rows
[2025-12-07T21:56:57.317Z] Refunds by month: [
  "2025-2: B2C = €-250.00",
  "2025-4: B2C = €-1585.11",
  "2025-8: B2C = €-250.00",
  "2025-9: B2B = €-3680.00",
  "2025-9: B2C = €-4260.00",
  "2025-10: B2C = €-5510.00"
]
[2025-12-07T21:57:57.262Z] Loading commissions from: /home/hub/public_html/fins/scripts/fidelo/data/cmsns-2025.json
[2025-12-07T21:57:57.262Z] Partner commissions loaded: {
  "10": 0,
  "11": 0,
  "12": 0,
  "01": 4124.2,
  "02": 8355,
  "03": 4660.8,
  "04": 3667.5,
  "05": 0,
  "06": 6982.5,
  "07": 4189.21,
  "08": 1275.76,
  "09": 855
}
[2025-12-07T21:57:57.263Z] Partner commissions loaded
[2025-12-07T21:57:57.264Z] Attempting to connect to MySQL...
[2025-12-07T21:57:57.269Z] MySQL connected successfully
[2025-12-07T21:57:57.270Z] Using date field in proper date format
[2025-12-07T21:57:57.272Z] Latest data through: Thu Dec 04 2025 00:00:00 GMT+0000 (Greenwich Mean Time), YTD through month 12
[2025-12-07T21:57:57.299Z] Revenue query returned 47 rows
[2025-12-07T21:57:57.299Z] Refunds query returned 6 rows
[2025-12-07T21:57:57.300Z] Escrow incoming returned 14 rows
[2025-12-07T21:57:57.300Z] Escrow refunds returned 8 rows
[2025-12-07T21:57:57.300Z] Refunds by month: [
  "2025-2: B2C = €-250.00",
  "2025-4: B2C = €-1585.11",
  "2025-8: B2C = €-250.00",
  "2025-9: B2B = €-3680.00",
  "2025-9: B2C = €-4260.00",
  "2025-10: B2C = €-5510.00"
]
[2025-12-07T21:58:57.276Z] Loading commissions from: /home/hub/public_html/fins/scripts/fidelo/data/cmsns-2025.json
[2025-12-07T21:58:57.277Z] Partner commissions loaded: {
  "10": 0,
  "11": 0,
  "12": 0,
  "01": 4124.2,
  "02": 8355,
  "03": 4660.8,
  "04": 3667.5,
  "05": 0,
  "06": 6982.5,
  "07": 4189.21,
  "08": 1275.76,
  "09": 855
}
[2025-12-07T21:58:57.277Z] Partner commissions loaded
[2025-12-07T21:58:57.278Z] Attempting to connect to MySQL...
[2025-12-07T21:58:57.282Z] MySQL connected successfully
[2025-12-07T21:58:57.283Z] Using date field in proper date format
[2025-12-07T21:58:57.285Z] Latest data through: Thu Dec 04 2025 00:00:00 GMT+0000 (Greenwich Mean Time), YTD through month 12
[2025-12-07T21:58:57.314Z] Revenue query returned 47 rows
[2025-12-07T21:58:57.314Z] Refunds query returned 6 rows
[2025-12-07T21:58:57.315Z] Escrow incoming returned 14 rows
[2025-12-07T21:58:57.315Z] Escrow refunds returned 8 rows
[2025-12-07T21:58:57.315Z] Refunds by month: [
  "2025-2: B2C = €-250.00",
  "2025-4: B2C = €-1585.11",
  "2025-8: B2C = €-250.00",
  "2025-9: B2B = €-3680.00",
  "2025-9: B2C = €-4260.00",
  "2025-10: B2C = €-5510.00"
]
[2025-12-07T21:59:57.273Z] Loading commissions from: /home/hub/public_html/fins/scripts/fidelo/data/cmsns-2025.json
[2025-12-07T21:59:57.274Z] Partner commissions loaded: {
  "10": 0,
  "11": 0,
  "12": 0,
  "01": 4124.2,
  "02": 8355,
  "03": 4660.8,
  "04": 3667.5,
  "05": 0,
  "06": 6982.5,
  "07": 4189.21,
  "08": 1275.76,
  "09": 855
}
[2025-12-07T21:59:57.274Z] Partner commissions loaded
[2025-12-07T21:59:57.274Z] Attempting to connect to MySQL...
[2025-12-07T21:59:57.280Z] MySQL connected successfully
[2025-12-07T21:59:57.280Z] Using date field in proper date format
[2025-12-07T21:59:57.284Z] Latest data through: Thu Dec 04 2025 00:00:00 GMT+0000 (Greenwich Mean Time), YTD through month 12
[2025-12-07T21:59:57.327Z] Revenue query returned 47 rows
[2025-12-07T21:59:57.327Z] Refunds query returned 6 rows
[2025-12-07T21:59:57.327Z] Escrow incoming returned 14 rows
[2025-12-07T21:59:57.327Z] Escrow refunds returned 8 rows
[2025-12-07T21:59:57.327Z] Refunds by month: [
  "2025-2: B2C = €-250.00",
  "2025-4: B2C = €-1585.11",
  "2025-8: B2C = €-250.00",
  "2025-9: B2B = €-3680.00",
  "2025-9: B2C = €-4260.00",
  "2025-10: B2C = €-5510.00"
]
[2025-12-07T22:00:57.261Z] Loading commissions from: /home/hub/public_html/fins/scripts/fidelo/data/cmsns-2025.json
[2025-12-07T22:00:57.262Z] Partner commissions loaded: {
  "10": 0,
  "11": 0,
  "12": 0,
  "01": 4124.2,
  "02": 8355,
  "03": 4660.8,
  "04": 3667.5,
  "05": 0,
  "06": 6982.5,
  "07": 4189.21,
  "08": 1275.76,
  "09": 855
}
[2025-12-07T22:00:57.262Z] Partner commissions loaded
[2025-12-07T22:00:57.263Z] Attempting to connect to MySQL...
[2025-12-07T22:00:57.269Z] MySQL connected successfully
[2025-12-07T22:00:57.269Z] Using date field in proper date format
[2025-12-07T22:00:57.273Z] Latest data through: Thu Dec 04 2025 00:00:00 GMT+0000 (Greenwich Mean Time), YTD through month 12
[2025-12-07T22:00:57.303Z] Revenue query returned 47 rows
[2025-12-07T22:00:57.304Z] Refunds query returned 6 rows
[2025-12-07T22:00:57.304Z] Escrow incoming returned 14 rows
[2025-12-07T22:00:57.304Z] Escrow refunds returned 8 rows
[2025-12-07T22:00:57.304Z] Refunds by month: [
  "2025-2: B2C = €-250.00",
  "2025-4: B2C = €-1585.11",
  "2025-8: B2C = €-250.00",
  "2025-9: B2B = €-3680.00",
  "2025-9: B2C = €-4260.00",
  "2025-10: B2C = €-5510.00"
]
[2025-12-07T22:01:57.270Z] Loading commissions from: /home/hub/public_html/fins/scripts/fidelo/data/cmsns-2025.json
[2025-12-07T22:01:57.271Z] Partner commissions loaded: {
  "10": 0,
  "11": 0,
  "12": 0,
  "01": 4124.2,
  "02": 8355,
  "03": 4660.8,
  "04": 3667.5,
  "05": 0,
  "06": 6982.5,
  "07": 4189.21,
  "08": 1275.76,
  "09": 855
}
[2025-12-07T22:01:57.271Z] Partner commissions loaded
[2025-12-07T22:01:57.272Z] Attempting to connect to MySQL...
[2025-12-07T22:01:57.275Z] MySQL connected successfully
[2025-12-07T22:01:57.275Z] Using date field in proper date format
[2025-12-07T22:01:57.277Z] Latest data through: Thu Dec 04 2025 00:00:00 GMT+0000 (Greenwich Mean Time), YTD through month 12
[2025-12-07T22:01:57.305Z] Revenue query returned 47 rows
[2025-12-07T22:01:57.306Z] Refunds query returned 6 rows
[2025-12-07T22:01:57.306Z] Escrow incoming returned 14 rows
[2025-12-07T22:01:57.306Z] Escrow refunds returned 8 rows
[2025-12-07T22:01:57.306Z] Refunds by month: [
  "2025-2: B2C = €-250.00",
  "2025-4: B2C = €-1585.11",
  "2025-8: B2C = €-250.00",
  "2025-9: B2B = €-3680.00",
  "2025-9: B2C = €-4260.00",
  "2025-10: B2C = €-5510.00"
]
[2025-12-07T22:02:57.277Z] Loading commissions from: /home/hub/public_html/fins/scripts/fidelo/data/cmsns-2025.json
[2025-12-07T22:02:57.278Z] Partner commissions loaded: {
  "10": 0,
  "11": 0,
  "12": 0,
  "01": 4124.2,
  "02": 8355,
  "03": 4660.8,
  "04": 3667.5,
  "05": 0,
  "06": 6982.5,
  "07": 4189.21,
  "08": 1275.76,
  "09": 855
}
[2025-12-07T22:02:57.278Z] Partner commissions loaded
[2025-12-07T22:02:57.279Z] Attempting to connect to MySQL...
[2025-12-07T22:02:57.283Z] MySQL connected successfully
[2025-12-07T22:02:57.283Z] Using date field in proper date format
[2025-12-07T22:02:57.286Z] Latest data through: Thu Dec 04 2025 00:00:00 GMT+0000 (Greenwich Mean Time), YTD through month 12
[2025-12-07T22:02:57.312Z] Revenue query returned 47 rows
[2025-12-07T22:02:57.313Z] Refunds query returned 6 rows
[2025-12-07T22:02:57.313Z] Escrow incoming returned 14 rows
[2025-12-07T22:02:57.313Z] Escrow refunds returned 8 rows
[2025-12-07T22:02:57.314Z] Refunds by month: [
  "2025-2: B2C = €-250.00",
  "2025-4: B2C = €-1585.11",
  "2025-8: B2C = €-250.00",
  "2025-9: B2B = €-3680.00",
  "2025-9: B2C = €-4260.00",
  "2025-10: B2C = €-5510.00"
]
[2025-12-07T22:03:57.290Z] Loading commissions from: /home/hub/public_html/fins/scripts/fidelo/data/cmsns-2025.json
[2025-12-07T22:03:57.291Z] Partner commissions loaded: {
  "10": 0,
  "11": 0,
  "12": 0,
  "01": 4124.2,
  "02": 8355,
  "03": 4660.8,
  "04": 3667.5,
  "05": 0,
  "06": 6982.5,
  "07": 4189.21,
  "08": 1275.76,
  "09": 855
}
[2025-12-07T22:03:57.291Z] Partner commissions loaded
[2025-12-07T22:03:57.291Z] Attempting to connect to MySQL...
[2025-12-07T22:03:57.296Z] MySQL connected successfully
[2025-12-07T22:03:57.296Z] Using date field in proper date format
[2025-12-07T22:03:57.299Z] Latest data through: Thu Dec 04 2025 00:00:00 GMT+0000 (Greenwich Mean Time), YTD through month 12
[2025-12-07T22:03:57.351Z] Revenue query returned 47 rows
[2025-12-07T22:03:57.352Z] Refunds query returned 6 rows
[2025-12-07T22:03:57.352Z] Escrow incoming returned 14 rows
[2025-12-07T22:03:57.352Z] Escrow refunds returned 8 rows
[2025-12-07T22:03:57.352Z] Refunds by month: [
  "2025-2: B2C = €-250.00",
  "2025-4: B2C = €-1585.11",
  "2025-8: B2C = €-250.00",
  "2025-9: B2B = €-3680.00",
  "2025-9: B2C = €-4260.00",
  "2025-10: B2C = €-5510.00"
]
[2025-12-07T22:04:57.278Z] Loading commissions from: /home/hub/public_html/fins/scripts/fidelo/data/cmsns-2025.json
[2025-12-07T22:04:57.278Z] Partner commissions loaded: {
  "10": 0,
  "11": 0,
  "12": 0,
  "01": 4124.2,
  "02": 8355,
  "03": 4660.8,
  "04": 3667.5,
  "05": 0,
  "06": 6982.5,
  "07": 4189.21,
  "08": 1275.76,
  "09": 855
}
[2025-12-07T22:04:57.278Z] Partner commissions loaded
[2025-12-07T22:04:57.278Z] Attempting to connect to MySQL...
[2025-12-07T22:04:57.284Z] MySQL connected successfully
[2025-12-07T22:04:57.284Z] Using date field in proper date format
[2025-12-07T22:04:57.288Z] Latest data through: Thu Dec 04 2025 00:00:00 GMT+0000 (Greenwich Mean Time), YTD through month 12
[2025-12-07T22:04:57.316Z] Revenue query returned 47 rows
[2025-12-07T22:04:57.318Z] Refunds query returned 6 rows
[2025-12-07T22:04:57.318Z] Escrow incoming returned 14 rows
[2025-12-07T22:04:57.318Z] Escrow refunds returned 8 rows
[2025-12-07T22:04:57.318Z] Refunds by month: [
  "2025-2: B2C = €-250.00",
  "2025-4: B2C = €-1585.11",
  "2025-8: B2C = €-250.00",
  "2025-9: B2B = €-3680.00",
  "2025-9: B2C = €-4260.00",
  "2025-10: B2C = €-5510.00"
]
[2025-12-07T22:05:57.284Z] Loading commissions from: /home/hub/public_html/fins/scripts/fidelo/data/cmsns-2025.json
[2025-12-07T22:05:57.284Z] Partner commissions loaded: {
  "10": 0,
  "11": 0,
  "12": 0,
  "01": 4124.2,
  "02": 8355,
  "03": 4660.8,
  "04": 3667.5,
  "05": 0,
  "06": 6982.5,
  "07": 4189.21,
  "08": 1275.76,
  "09": 855
}
[2025-12-07T22:05:57.284Z] Partner commissions loaded
[2025-12-07T22:05:57.284Z] Attempting to connect to MySQL...
[2025-12-07T22:05:57.287Z] MySQL connected successfully
[2025-12-07T22:05:57.288Z] Using date field in proper date format
[2025-12-07T22:05:57.290Z] Latest data through: Thu Dec 04 2025 00:00:00 GMT+0000 (Greenwich Mean Time), YTD through month 12
[2025-12-07T22:05:57.318Z] Revenue query returned 47 rows
[2025-12-07T22:05:57.318Z] Refunds query returned 6 rows
[2025-12-07T22:05:57.318Z] Escrow incoming returned 14 rows
[2025-12-07T22:05:57.318Z] Escrow refunds returned 8 rows
[2025-12-07T22:05:57.318Z] Refunds by month: [
  "2025-2: B2C = €-250.00",
  "2025-4: B2C = €-1585.11",
  "2025-8: B2C = €-250.00",
  "2025-9: B2B = €-3680.00",
  "2025-9: B2C = €-4260.00",
  "2025-10: B2C = €-5510.00"
]
[2025-12-07T22:06:58.733Z] Logger initialized - logging to gads.log with auto-rotation at 5000 lines
[2025-12-07T22:07:02.554Z] Fins app started under Phusion Passenger
[2025-12-07T22:07:02.602Z] Loading commissions from: /home/hub/public_html/fins/scripts/fidelo/data/cmsns-2025.json
[2025-12-07T22:07:02.602Z] Partner commissions loaded: {
  "10": 0,
  "11": 0,
  "12": 0,
  "01": 4124.2,
  "02": 8355,
  "03": 4660.8,
  "04": 3667.5,
  "05": 0,
  "06": 6982.5,
  "07": 4189.21,
  "08": 1275.76,
  "09": 855
}
[2025-12-07T22:07:02.610Z] Partner commissions loaded
[2025-12-07T22:07:02.611Z] Attempting to connect to MySQL...
[2025-12-07T22:07:02.674Z] MySQL connected successfully
[2025-12-07T22:07:02.675Z] Using date field in proper date format
[2025-12-07T22:07:02.693Z] Latest data through: Thu Dec 04 2025 00:00:00 GMT+0000 (Greenwich Mean Time), YTD through month 12
[2025-12-07T22:07:02.752Z] Revenue query returned 47 rows
[2025-12-07T22:07:02.753Z] Refunds query returned 6 rows
[2025-12-07T22:07:02.754Z] Escrow incoming returned 14 rows
[2025-12-07T22:07:02.754Z] Escrow refunds returned 8 rows
[2025-12-07T22:07:02.755Z] Refunds by month: [
  "2025-2: B2C = €-250.00",
  "2025-4: B2C = €-1585.11",
  "2025-8: B2C = €-250.00",
  "2025-9: B2B = €-3680.00",
  "2025-9: B2C = €-4260.00",
  "2025-10: B2C = €-5510.00"
]
[2025-12-07T22:07:57.225Z] Loading commissions from: /home/hub/public_html/fins/scripts/fidelo/data/cmsns-2025.json
[2025-12-07T22:07:57.226Z] Partner commissions loaded: {
  "10": 0,
  "11": 0,
  "12": 0,
  "01": 4124.2,
  "02": 8355,
  "03": 4660.8,
  "04": 3667.5,
  "05": 0,
  "06": 6982.5,
  "07": 4189.21,
  "08": 1275.76,
  "09": 855
}
[2025-12-07T22:07:57.226Z] Partner commissions loaded
[2025-12-07T22:07:57.226Z] Attempting to connect to MySQL...
[2025-12-07T22:07:57.233Z] MySQL connected successfully
[2025-12-07T22:07:57.233Z] Using date field in proper date format
[2025-12-07T22:07:57.237Z] Latest data through: Thu Dec 04 2025 00:00:00 GMT+0000 (Greenwich Mean Time), YTD through month 12
[2025-12-07T22:07:57.273Z] Revenue query returned 47 rows
[2025-12-07T22:07:57.274Z] Refunds query returned 6 rows
[2025-12-07T22:07:57.274Z] Escrow incoming returned 14 rows
[2025-12-07T22:07:57.274Z] Escrow refunds returned 8 rows
[2025-12-07T22:07:57.275Z] Refunds by month: [
  "2025-2: B2C = €-250.00",
  "2025-4: B2C = €-1585.11",
  "2025-8: B2C = €-250.00",
  "2025-9: B2B = €-3680.00",
  "2025-9: B2C = €-4260.00",
  "2025-10: B2C = €-5510.00"
]
[2025-12-07T22:08:57.231Z] Loading commissions from: /home/hub/public_html/fins/scripts/fidelo/data/cmsns-2025.json
[2025-12-07T22:08:57.231Z] Partner commissions loaded: {
  "10": 0,
  "11": 0,
  "12": 0,
  "01": 4124.2,
  "02": 8355,
  "03": 4660.8,
  "04": 3667.5,
  "05": 0,
  "06": 6982.5,
  "07": 4189.21,
  "08": 1275.76,
  "09": 855
}
[2025-12-07T22:08:57.232Z] Partner commissions loaded
[2025-12-07T22:08:57.234Z] Attempting to connect to MySQL...
[2025-12-07T22:08:57.239Z] MySQL connected successfully
[2025-12-07T22:08:57.240Z] Using date field in proper date format
[2025-12-07T22:08:57.242Z] Latest data through: Thu Dec 04 2025 00:00:00 GMT+0000 (Greenwich Mean Time), YTD through month 12
[2025-12-07T22:08:57.277Z] Revenue query returned 47 rows
[2025-12-07T22:08:57.278Z] Refunds query returned 6 rows
[2025-12-07T22:08:57.279Z] Escrow incoming returned 14 rows
[2025-12-07T22:08:57.279Z] Escrow refunds returned 8 rows
[2025-12-07T22:08:57.280Z] Refunds by month: [
  "2025-2: B2C = €-250.00",
  "2025-4: B2C = €-1585.11",
  "2025-8: B2C = €-250.00",
  "2025-9: B2B = €-3680.00",
  "2025-9: B2C = €-4260.00",
  "2025-10: B2C = €-5510.00"
]
[2025-12-07T22:09:57.239Z] Loading commissions from: /home/hub/public_html/fins/scripts/fidelo/data/cmsns-2025.json
[2025-12-07T22:09:57.239Z] Partner commissions loaded: {
  "10": 0,
  "11": 0,
  "12": 0,
  "01": 4124.2,
  "02": 8355,
  "03": 4660.8,
  "04": 3667.5,
  "05": 0,
  "06": 6982.5,
  "07": 4189.21,
  "08": 1275.76,
  "09": 855
}
[2025-12-07T22:09:57.240Z] Partner commissions loaded
[2025-12-07T22:09:57.242Z] Attempting to connect to MySQL...
[2025-12-07T22:09:57.245Z] MySQL connected successfully
[2025-12-07T22:09:57.245Z] Using date field in proper date format
[2025-12-07T22:09:57.248Z] Latest data through: Thu Dec 04 2025 00:00:00 GMT+0000 (Greenwich Mean Time), YTD through month 12
[2025-12-07T22:09:57.283Z] Revenue query returned 47 rows
[2025-12-07T22:09:57.283Z] Refunds query returned 6 rows
[2025-12-07T22:09:57.284Z] Escrow incoming returned 14 rows
[2025-12-07T22:09:57.284Z] Escrow refunds returned 8 rows
[2025-12-07T22:09:57.284Z] Refunds by month: [
  "2025-2: B2C = €-250.00",
  "2025-4: B2C = €-1585.11",
  "2025-8: B2C = €-250.00",
  "2025-9: B2B = €-3680.00",
  "2025-9: B2C = €-4260.00",
  "2025-10: B2C = €-5510.00"
]
[2025-12-07T22:10:57.221Z] Loading commissions from: /home/hub/public_html/fins/scripts/fidelo/data/cmsns-2025.json
[2025-12-07T22:10:57.222Z] Partner commissions loaded: {
  "10": 0,
  "11": 0,
  "12": 0,
  "01": 4124.2,
  "02": 8355,
  "03": 4660.8,
  "04": 3667.5,
  "05": 0,
  "06": 6982.5,
  "07": 4189.21,
  "08": 1275.76,
  "09": 855
}
[2025-12-07T22:10:57.224Z] Partner commissions loaded
[2025-12-07T22:10:57.225Z] Attempting to connect to MySQL...
[2025-12-07T22:10:57.229Z] MySQL connected successfully
[2025-12-07T22:10:57.230Z] Using date field in proper date format
[2025-12-07T22:10:57.232Z] Latest data through: Thu Dec 04 2025 00:00:00 GMT+0000 (Greenwich Mean Time), YTD through month 12
[2025-12-07T22:10:57.263Z] Revenue query returned 47 rows
[2025-12-07T22:10:57.263Z] Refunds query returned 6 rows
[2025-12-07T22:10:57.263Z] Escrow incoming returned 14 rows
[2025-12-07T22:10:57.263Z] Escrow refunds returned 8 rows
[2025-12-07T22:10:57.263Z] Refunds by month: [
  "2025-2: B2C = €-250.00",
  "2025-4: B2C = €-1585.11",
  "2025-8: B2C = €-250.00",
  "2025-9: B2B = €-3680.00",
  "2025-9: B2C = €-4260.00",
  "2025-10: B2C = €-5510.00"
]
[2025-12-07T22:11:57.228Z] Loading commissions from: /home/hub/public_html/fins/scripts/fidelo/data/cmsns-2025.json
[2025-12-07T22:11:57.229Z] Partner commissions loaded: {
  "10": 0,
  "11": 0,
  "12": 0,
  "01": 4124.2,
  "02": 8355,
  "03": 4660.8,
  "04": 3667.5,
  "05": 0,
  "06": 6982.5,
  "07": 4189.21,
  "08": 1275.76,
  "09": 855
}
[2025-12-07T22:11:57.229Z] Partner commissions loaded
[2025-12-07T22:11:57.229Z] Attempting to connect to MySQL...
[2025-12-07T22:11:57.234Z] MySQL connected successfully
[2025-12-07T22:11:57.234Z] Using date field in proper date format
[2025-12-07T22:11:57.236Z] Latest data through: Thu Dec 04 2025 00:00:00 GMT+0000 (Greenwich Mean Time), YTD through month 12
[2025-12-07T22:11:57.265Z] Revenue query returned 47 rows
[2025-12-07T22:11:57.266Z] Refunds query returned 6 rows
[2025-12-07T22:11:57.266Z] Escrow incoming returned 14 rows
[2025-12-07T22:11:57.267Z] Escrow refunds returned 8 rows
[2025-12-07T22:11:57.267Z] Refunds by month: [
  "2025-2: B2C = €-250.00",
  "2025-4: B2C = €-1585.11",
  "2025-8: B2C = €-250.00",
  "2025-9: B2B = €-3680.00",
  "2025-9: B2C = €-4260.00",
  "2025-10: B2C = €-5510.00"
]
[2025-12-07T22:12:57.229Z] Loading commissions from: /home/hub/public_html/fins/scripts/fidelo/data/cmsns-2025.json
[2025-12-07T22:12:57.230Z] Partner commissions loaded: {
  "10": 0,
  "11": 0,
  "12": 0,
  "01": 4124.2,
  "02": 8355,
  "03": 4660.8,
  "04": 3667.5,
  "05": 0,
  "06": 6982.5,
  "07": 4189.21,
  "08": 1275.76,
  "09": 855
}
[2025-12-07T22:12:57.230Z] Partner commissions loaded
[2025-12-07T22:12:57.230Z] Attempting to connect to MySQL...
[2025-12-07T22:12:57.234Z] MySQL connected successfully
[2025-12-07T22:12:57.234Z] Using date field in proper date format
[2025-12-07T22:12:57.237Z] Latest data through: Thu Dec 04 2025 00:00:00 GMT+0000 (Greenwich Mean Time), YTD through month 12
[2025-12-07T22:12:57.280Z] Revenue query returned 47 rows
[2025-12-07T22:12:57.280Z] Refunds query returned 6 rows
[2025-12-07T22:12:57.280Z] Escrow incoming returned 14 rows
[2025-12-07T22:12:57.280Z] Escrow refunds returned 8 rows
[2025-12-07T22:12:57.281Z] Refunds by month: [
  "2025-2: B2C = €-250.00",
  "2025-4: B2C = €-1585.11",
  "2025-8: B2C = €-250.00",
  "2025-9: B2B = €-3680.00",
  "2025-9: B2C = €-4260.00",
  "2025-10: B2C = €-5510.00"
]
[2025-12-07T22:13:57.230Z] Loading commissions from: /home/hub/public_html/fins/scripts/fidelo/data/cmsns-2025.json
[2025-12-07T22:13:57.231Z] Partner commissions loaded: {
  "10": 0,
  "11": 0,
  "12": 0,
  "01": 4124.2,
  "02": 8355,
  "03": 4660.8,
  "04": 3667.5,
  "05": 0,
  "06": 6982.5,
  "07": 4189.21,
  "08": 1275.76,
  "09": 855
}
[2025-12-07T22:13:57.231Z] Partner commissions loaded
[2025-12-07T22:13:57.231Z] Attempting to connect to MySQL...
[2025-12-07T22:13:57.234Z] MySQL connected successfully
[2025-12-07T22:13:57.235Z] Using date field in proper date format
[2025-12-07T22:13:57.237Z] Latest data through: Thu Dec 04 2025 00:00:00 GMT+0000 (Greenwich Mean Time), YTD through month 12
[2025-12-07T22:13:57.266Z] Revenue query returned 47 rows
[2025-12-07T22:13:57.266Z] Refunds query returned 6 rows
[2025-12-07T22:13:57.266Z] Escrow incoming returned 14 rows
[2025-12-07T22:13:57.267Z] Escrow refunds returned 8 rows
[2025-12-07T22:13:57.267Z] Refunds by month: [
  "2025-2: B2C = €-250.00",
  "2025-4: B2C = €-1585.11",
  "2025-8: B2C = €-250.00",
  "2025-9: B2B = €-3680.00",
  "2025-9: B2C = €-4260.00",
  "2025-10: B2C = €-5510.00"
]
[2025-12-07T22:15:00.224Z] Logger initialized - logging to gads.log with auto-rotation at 5000 lines
[2025-12-07T22:15:12.819Z] Fins app started under Phusion Passenger
[2025-12-07T22:15:12.913Z] Loading commissions from: /home/hub/public_html/fins/scripts/fidelo/data/cmsns-2025.json
[2025-12-07T22:15:12.920Z] Partner commissions loaded: {
  "10": 0,
  "11": 0,
  "12": 0,
  "01": 4124.2,
  "02": 8355,
  "03": 4660.8,
  "04": 3667.5,
  "05": 0,
  "06": 6982.5,
  "07": 4189.21,
  "08": 1275.76,
  "09": 855
}
[2025-12-07T22:15:12.928Z] Partner commissions loaded
[2025-12-07T22:15:12.929Z] Attempting to connect to MySQL...
[2025-12-07T22:15:13.053Z] MySQL connected successfully
[2025-12-07T22:15:13.054Z] Using date field in proper date format
[2025-12-07T22:15:13.077Z] Latest data through: Thu Dec 04 2025 00:00:00 GMT+0000 (Greenwich Mean Time), YTD through month 12
[2025-12-07T22:15:13.169Z] Revenue query returned 47 rows
[2025-12-07T22:15:13.170Z] Refunds query returned 6 rows
[2025-12-07T22:15:13.170Z] Escrow incoming returned 14 rows
[2025-12-07T22:15:13.174Z] Escrow refunds returned 8 rows
[2025-12-07T22:15:13.174Z] Refunds by month: [
  "2025-2: B2C = €-250.00",
  "2025-4: B2C = €-1585.11",
  "2025-8: B2C = €-250.00",
  "2025-9: B2B = €-3680.00",
  "2025-9: B2C = €-4260.00",
  "2025-10: B2C = €-5510.00"
]
[2025-12-07T22:15:57.278Z] Loading commissions from: /home/hub/public_html/fins/scripts/fidelo/data/cmsns-2025.json
[2025-12-07T22:15:57.278Z] Partner commissions loaded: {
  "10": 0,
  "11": 0,
  "12": 0,
  "01": 4124.2,
  "02": 8355,
  "03": 4660.8,
  "04": 3667.5,
  "05": 0,
  "06": 6982.5,
  "07": 4189.21,
  "08": 1275.76,
  "09": 855
}
[2025-12-07T22:15:57.279Z] Partner commissions loaded
[2025-12-07T22:15:57.279Z] Attempting to connect to MySQL...
[2025-12-07T22:15:57.283Z] MySQL connected successfully
[2025-12-07T22:15:57.283Z] Using date field in proper date format
[2025-12-07T22:15:57.287Z] Latest data through: Thu Dec 04 2025 00:00:00 GMT+0000 (Greenwich Mean Time), YTD through month 12
[2025-12-07T22:15:57.322Z] Revenue query returned 47 rows
[2025-12-07T22:15:57.322Z] Refunds query returned 6 rows
[2025-12-07T22:15:57.322Z] Escrow incoming returned 14 rows
[2025-12-07T22:15:57.323Z] Escrow refunds returned 8 rows
[2025-12-07T22:15:57.323Z] Refunds by month: [
  "2025-2: B2C = €-250.00",
  "2025-4: B2C = €-1585.11",
  "2025-8: B2C = €-250.00",
  "2025-9: B2B = €-3680.00",
  "2025-9: B2C = €-4260.00",
  "2025-10: B2C = €-5510.00"
]
[2025-12-07T22:16:57.282Z] Loading commissions from: /home/hub/public_html/fins/scripts/fidelo/data/cmsns-2025.json
[2025-12-07T22:16:57.289Z] Partner commissions loaded: {
  "10": 0,
  "11": 0,
  "12": 0,
  "01": 4124.2,
  "02": 8355,
  "03": 4660.8,
  "04": 3667.5,
  "05": 0,
  "06": 6982.5,
  "07": 4189.21,
  "08": 1275.76,
  "09": 855
}
[2025-12-07T22:16:57.301Z] Partner commissions loaded
[2025-12-07T22:16:57.301Z] Attempting to connect to MySQL...
[2025-12-07T22:16:57.310Z] MySQL connected successfully
[2025-12-07T22:16:57.311Z] Using date field in proper date format
[2025-12-07T22:16:57.315Z] Latest data through: Thu Dec 04 2025 00:00:00 GMT+0000 (Greenwich Mean Time), YTD through month 12
[2025-12-07T22:16:57.351Z] Revenue query returned 47 rows
[2025-12-07T22:16:57.352Z] Refunds query returned 6 rows
[2025-12-07T22:16:57.352Z] Escrow incoming returned 14 rows
[2025-12-07T22:16:57.352Z] Escrow refunds returned 8 rows
[2025-12-07T22:16:57.352Z] Refunds by month: [
  "2025-2: B2C = €-250.00",
  "2025-4: B2C = €-1585.11",
  "2025-8: B2C = €-250.00",
  "2025-9: B2B = €-3680.00",
  "2025-9: B2C = €-4260.00",
  "2025-10: B2C = €-5510.00"
]
[2025-12-07T22:17:57.291Z] Loading commissions from: /home/hub/public_html/fins/scripts/fidelo/data/cmsns-2025.json
[2025-12-07T22:17:57.292Z] Partner commissions loaded: {
  "10": 0,
  "11": 0,
  "12": 0,
  "01": 4124.2,
  "02": 8355,
  "03": 4660.8,
  "04": 3667.5,
  "05": 0,
  "06": 6982.5,
  "07": 4189.21,
  "08": 1275.76,
  "09": 855
}
[2025-12-07T22:17:57.293Z] Partner commissions loaded
[2025-12-07T22:17:57.294Z] Attempting to connect to MySQL...
[2025-12-07T22:17:57.301Z] MySQL connected successfully
[2025-12-07T22:17:57.302Z] Using date field in proper date format
[2025-12-07T22:17:57.306Z] Latest data through: Thu Dec 04 2025 00:00:00 GMT+0000 (Greenwich Mean Time), YTD through month 12
[2025-12-07T22:17:57.355Z] Revenue query returned 47 rows
[2025-12-07T22:17:57.355Z] Refunds query returned 6 rows
[2025-12-07T22:17:57.355Z] Escrow incoming returned 14 rows
[2025-12-07T22:17:57.355Z] Escrow refunds returned 8 rows
[2025-12-07T22:17:57.355Z] Refunds by month: [
  "2025-2: B2C = €-250.00",
  "2025-4: B2C = €-1585.11",
  "2025-8: B2C = €-250.00",
  "2025-9: B2B = €-3680.00",
  "2025-9: B2C = €-4260.00",
  "2025-10: B2C = €-5510.00"
]
[2025-12-07T22:18:57.276Z] Loading commissions from: /home/hub/public_html/fins/scripts/fidelo/data/cmsns-2025.json
[2025-12-07T22:18:57.277Z] Partner commissions loaded: {
  "10": 0,
  "11": 0,
  "12": 0,
  "01": 4124.2,
  "02": 8355,
  "03": 4660.8,
  "04": 3667.5,
  "05": 0,
  "06": 6982.5,
  "07": 4189.21,
  "08": 1275.76,
  "09": 855
}
[2025-12-07T22:18:57.277Z] Partner commissions loaded
[2025-12-07T22:18:57.277Z] Attempting to connect to MySQL...
[2025-12-07T22:18:57.284Z] MySQL connected successfully
[2025-12-07T22:18:57.284Z] Using date field in proper date format
[2025-12-07T22:18:57.286Z] Latest data through: Thu Dec 04 2025 00:00:00 GMT+0000 (Greenwich Mean Time), YTD through month 12
[2025-12-07T22:18:57.321Z] Revenue query returned 47 rows
[2025-12-07T22:18:57.321Z] Refunds query returned 6 rows
[2025-12-07T22:18:57.321Z] Escrow incoming returned 14 rows
[2025-12-07T22:18:57.322Z] Escrow refunds returned 8 rows
[2025-12-07T22:18:57.322Z] Refunds by month: [
  "2025-2: B2C = €-250.00",
  "2025-4: B2C = €-1585.11",
  "2025-8: B2C = €-250.00",
  "2025-9: B2B = €-3680.00",
  "2025-9: B2C = €-4260.00",
  "2025-10: B2C = €-5510.00"
]
[2025-12-07T22:19:57.291Z] Loading commissions from: /home/hub/public_html/fins/scripts/fidelo/data/cmsns-2025.json
[2025-12-07T22:19:57.291Z] Partner commissions loaded: {
  "10": 0,
  "11": 0,
  "12": 0,
  "01": 4124.2,
  "02": 8355,
  "03": 4660.8,
  "04": 3667.5,
  "05": 0,
  "06": 6982.5,
  "07": 4189.21,
  "08": 1275.76,
  "09": 855
}
[2025-12-07T22:19:57.292Z] Partner commissions loaded
[2025-12-07T22:19:57.292Z] Attempting to connect to MySQL...
[2025-12-07T22:19:57.301Z] MySQL connected successfully
[2025-12-07T22:19:57.301Z] Using date field in proper date format
[2025-12-07T22:19:57.305Z] Latest data through: Thu Dec 04 2025 00:00:00 GMT+0000 (Greenwich Mean Time), YTD through month 12
[2025-12-07T22:19:57.344Z] Revenue query returned 47 rows
[2025-12-07T22:19:57.345Z] Refunds query returned 6 rows
[2025-12-07T22:19:57.345Z] Escrow incoming returned 14 rows
[2025-12-07T22:19:57.345Z] Escrow refunds returned 8 rows
[2025-12-07T22:19:57.345Z] Refunds by month: [
  "2025-2: B2C = €-250.00",
  "2025-4: B2C = €-1585.11",
  "2025-8: B2C = €-250.00",
  "2025-9: B2B = €-3680.00",
  "2025-9: B2C = €-4260.00",
  "2025-10: B2C = €-5510.00"
]
[2025-12-07T22:20:57.269Z] Loading commissions from: /home/hub/public_html/fins/scripts/fidelo/data/cmsns-2025.json
[2025-12-07T22:20:57.270Z] Partner commissions loaded: {
  "10": 0,
  "11": 0,
  "12": 0,
  "01": 4124.2,
  "02": 8355,
  "03": 4660.8,
  "04": 3667.5,
  "05": 0,
  "06": 6982.5,
  "07": 4189.21,
  "08": 1275.76,
  "09": 855
}
[2025-12-07T22:20:57.270Z] Partner commissions loaded
[2025-12-07T22:20:57.271Z] Attempting to connect to MySQL...
[2025-12-07T22:20:57.276Z] MySQL connected successfully
[2025-12-07T22:20:57.276Z] Using date field in proper date format
[2025-12-07T22:20:57.279Z] Latest data through: Thu Dec 04 2025 00:00:00 GMT+0000 (Greenwich Mean Time), YTD through month 12
[2025-12-07T22:20:57.309Z] Revenue query returned 47 rows
[2025-12-07T22:20:57.309Z] Refunds query returned 6 rows
[2025-12-07T22:20:57.309Z] Escrow incoming returned 14 rows
[2025-12-07T22:20:57.309Z] Escrow refunds returned 8 rows
[2025-12-07T22:20:57.309Z] Refunds by month: [
  "2025-2: B2C = €-250.00",
  "2025-4: B2C = €-1585.11",
  "2025-8: B2C = €-250.00",
  "2025-9: B2B = €-3680.00",
  "2025-9: B2C = €-4260.00",
  "2025-10: B2C = €-5510.00"
]
[2025-12-07T22:21:57.275Z] Loading commissions from: /home/hub/public_html/fins/scripts/fidelo/data/cmsns-2025.json
[2025-12-07T22:21:57.275Z] Partner commissions loaded: {
  "10": 0,
  "11": 0,
  "12": 0,
  "01": 4124.2,
  "02": 8355,
  "03": 4660.8,
  "04": 3667.5,
  "05": 0,
  "06": 6982.5,
  "07": 4189.21,
  "08": 1275.76,
  "09": 855
}
[2025-12-07T22:21:57.276Z] Partner commissions loaded
[2025-12-07T22:21:57.276Z] Attempting to connect to MySQL...
[2025-12-07T22:21:57.279Z] MySQL connected successfully
[2025-12-07T22:21:57.279Z] Using date field in proper date format
[2025-12-07T22:21:57.282Z] Latest data through: Thu Dec 04 2025 00:00:00 GMT+0000 (Greenwich Mean Time), YTD through month 12
[2025-12-07T22:21:57.309Z] Revenue query returned 47 rows
[2025-12-07T22:21:57.310Z] Refunds query returned 6 rows
[2025-12-07T22:21:57.310Z] Escrow incoming returned 14 rows
[2025-12-07T22:21:57.310Z] Escrow refunds returned 8 rows
[2025-12-07T22:21:57.310Z] Refunds by month: [
  "2025-2: B2C = €-250.00",
  "2025-4: B2C = €-1585.11",
  "2025-8: B2C = €-250.00",
  "2025-9: B2B = €-3680.00",
  "2025-9: B2C = €-4260.00",
  "2025-10: B2C = €-5510.00"
]
[2025-12-07T22:22:57.281Z] Loading commissions from: /home/hub/public_html/fins/scripts/fidelo/data/cmsns-2025.json
[2025-12-07T22:22:57.281Z] Partner commissions loaded: {
  "10": 0,
  "11": 0,
  "12": 0,
  "01": 4124.2,
  "02": 8355,
  "03": 4660.8,
  "04": 3667.5,
  "05": 0,
  "06": 6982.5,
  "07": 4189.21,
  "08": 1275.76,
  "09": 855
}
[2025-12-07T22:22:57.282Z] Partner commissions loaded
[2025-12-07T22:22:57.282Z] Attempting to connect to MySQL...
[2025-12-07T22:22:57.289Z] MySQL connected successfully
[2025-12-07T22:22:57.289Z] Using date field in proper date format
[2025-12-07T22:22:57.293Z] Latest data through: Thu Dec 04 2025 00:00:00 GMT+0000 (Greenwich Mean Time), YTD through month 12
[2025-12-07T22:22:57.333Z] Revenue query returned 47 rows
[2025-12-07T22:22:57.333Z] Refunds query returned 6 rows
[2025-12-07T22:22:57.334Z] Escrow incoming returned 14 rows
[2025-12-07T22:22:57.334Z] Escrow refunds returned 8 rows
[2025-12-07T22:22:57.334Z] Refunds by month: [
  "2025-2: B2C = €-250.00",
  "2025-4: B2C = €-1585.11",
  "2025-8: B2C = €-250.00",
  "2025-9: B2B = €-3680.00",
  "2025-9: B2C = €-4260.00",
  "2025-10: B2C = €-5510.00"
]
[2025-12-07T22:23:57.269Z] Loading commissions from: /home/hub/public_html/fins/scripts/fidelo/data/cmsns-2025.json
[2025-12-07T22:23:57.269Z] Partner commissions loaded: {
  "10": 0,
  "11": 0,
  "12": 0,
  "01": 4124.2,
  "02": 8355,
  "03": 4660.8,
  "04": 3667.5,
  "05": 0,
  "06": 6982.5,
  "07": 4189.21,
  "08": 1275.76,
  "09": 855
}
[2025-12-07T22:23:57.269Z] Partner commissions loaded
[2025-12-07T22:23:57.270Z] Attempting to connect to MySQL...
[2025-12-07T22:23:57.277Z] MySQL connected successfully
[2025-12-07T22:23:57.277Z] Using date field in proper date format
[2025-12-07T22:23:57.281Z] Latest data through: Thu Dec 04 2025 00:00:00 GMT+0000 (Greenwich Mean Time), YTD through month 12
[2025-12-07T22:23:57.312Z] Revenue query returned 47 rows
[2025-12-07T22:23:57.313Z] Refunds query returned 6 rows
[2025-12-07T22:23:57.313Z] Escrow incoming returned 14 rows
[2025-12-07T22:23:57.315Z] Escrow refunds returned 8 rows
[2025-12-07T22:23:57.315Z] Refunds by month: [
  "2025-2: B2C = €-250.00",
  "2025-4: B2C = €-1585.11",
  "2025-8: B2C = €-250.00",
  "2025-9: B2B = €-3680.00",
  "2025-9: B2C = €-4260.00",
  "2025-10: B2C = €-5510.00"
]
[2025-12-07T22:24:57.273Z] Loading commissions from: /home/hub/public_html/fins/scripts/fidelo/data/cmsns-2025.json
[2025-12-07T22:24:57.274Z] Partner commissions loaded: {
  "10": 0,
  "11": 0,
  "12": 0,
  "01": 4124.2,
  "02": 8355,
  "03": 4660.8,
  "04": 3667.5,
  "05": 0,
  "06": 6982.5,
  "07": 4189.21,
  "08": 1275.76,
  "09": 855
}
[2025-12-07T22:24:57.275Z] Partner commissions loaded
[2025-12-07T22:24:57.275Z] Attempting to connect to MySQL...
[2025-12-07T22:24:57.278Z] MySQL connected successfully
[2025-12-07T22:24:57.278Z] Using date field in proper date format
[2025-12-07T22:24:57.281Z] Latest data through: Thu Dec 04 2025 00:00:00 GMT+0000 (Greenwich Mean Time), YTD through month 12
[2025-12-07T22:24:57.311Z] Revenue query returned 47 rows
[2025-12-07T22:24:57.311Z] Refunds query returned 6 rows
[2025-12-07T22:24:57.312Z] Escrow incoming returned 14 rows
[2025-12-07T22:24:57.312Z] Escrow refunds returned 8 rows
[2025-12-07T22:24:57.312Z] Refunds by month: [
  "2025-2: B2C = €-250.00",
  "2025-4: B2C = €-1585.11",
  "2025-8: B2C = €-250.00",
  "2025-9: B2B = €-3680.00",
  "2025-9: B2C = €-4260.00",
  "2025-10: B2C = €-5510.00"
]
[2025-12-07T22:25:57.269Z] Loading commissions from: /home/hub/public_html/fins/scripts/fidelo/data/cmsns-2025.json
[2025-12-07T22:25:57.270Z] Partner commissions loaded: {
  "10": 0,
  "11": 0,
  "12": 0,
  "01": 4124.2,
  "02": 8355,
  "03": 4660.8,
  "04": 3667.5,
  "05": 0,
  "06": 6982.5,
  "07": 4189.21,
  "08": 1275.76,
  "09": 855
}
[2025-12-07T22:25:57.270Z] Partner commissions loaded
[2025-12-07T22:25:57.270Z] Attempting to connect to MySQL...
[2025-12-07T22:25:57.276Z] MySQL connected successfully
[2025-12-07T22:25:57.276Z] Using date field in proper date format
[2025-12-07T22:25:57.279Z] Latest data through: Thu Dec 04 2025 00:00:00 GMT+0000 (Greenwich Mean Time), YTD through month 12
[2025-12-07T22:25:57.313Z] Revenue query returned 47 rows
[2025-12-07T22:25:57.314Z] Refunds query returned 6 rows
[2025-12-07T22:25:57.314Z] Escrow incoming returned 14 rows
[2025-12-07T22:25:57.314Z] Escrow refunds returned 8 rows
[2025-12-07T22:25:57.314Z] Refunds by month: [
  "2025-2: B2C = €-250.00",
  "2025-4: B2C = €-1585.11",
  "2025-8: B2C = €-250.00",
  "2025-9: B2B = €-3680.00",
  "2025-9: B2C = €-4260.00",
  "2025-10: B2C = €-5510.00"
]
[2025-12-07T22:26:57.276Z] Loading commissions from: /home/hub/public_html/fins/scripts/fidelo/data/cmsns-2025.json
[2025-12-07T22:26:57.277Z] Partner commissions loaded: {
  "10": 0,
  "11": 0,
  "12": 0,
  "01": 4124.2,
  "02": 8355,
  "03": 4660.8,
  "04": 3667.5,
  "05": 0,
  "06": 6982.5,
  "07": 4189.21,
  "08": 1275.76,
  "09": 855
}
[2025-12-07T22:26:57.277Z] Partner commissions loaded
[2025-12-07T22:26:57.277Z] Attempting to connect to MySQL...
[2025-12-07T22:26:57.281Z] MySQL connected successfully
[2025-12-07T22:26:57.282Z] Using date field in proper date format
[2025-12-07T22:26:57.287Z] Latest data through: Thu Dec 04 2025 00:00:00 GMT+0000 (Greenwich Mean Time), YTD through month 12
[2025-12-07T22:26:57.328Z] Revenue query returned 47 rows
[2025-12-07T22:26:57.329Z] Refunds query returned 6 rows
[2025-12-07T22:26:57.329Z] Escrow incoming returned 14 rows
[2025-12-07T22:26:57.329Z] Escrow refunds returned 8 rows
[2025-12-07T22:26:57.329Z] Refunds by month: [
  "2025-2: B2C = €-250.00",
  "2025-4: B2C = €-1585.11",
  "2025-8: B2C = €-250.00",
  "2025-9: B2B = €-3680.00",
  "2025-9: B2C = €-4260.00",
  "2025-10: B2C = €-5510.00"
]
[2025-12-07T22:27:57.278Z] Loading commissions from: /home/hub/public_html/fins/scripts/fidelo/data/cmsns-2025.json
[2025-12-07T22:27:57.278Z] Partner commissions loaded: {
  "10": 0,
  "11": 0,
  "12": 0,
  "01": 4124.2,
  "02": 8355,
  "03": 4660.8,
  "04": 3667.5,
  "05": 0,
  "06": 6982.5,
  "07": 4189.21,
  "08": 1275.76,
  "09": 855
}
[2025-12-07T22:27:57.278Z] Partner commissions loaded
[2025-12-07T22:27:57.278Z] Attempting to connect to MySQL...
[2025-12-07T22:27:57.282Z] MySQL connected successfully
[2025-12-07T22:27:57.282Z] Using date field in proper date format
[2025-12-07T22:27:57.286Z] Latest data through: Thu Dec 04 2025 00:00:00 GMT+0000 (Greenwich Mean Time), YTD through month 12
[2025-12-07T22:27:57.330Z] Revenue query returned 47 rows
[2025-12-07T22:27:57.330Z] Refunds query returned 6 rows
[2025-12-07T22:27:57.330Z] Escrow incoming returned 14 rows
[2025-12-07T22:27:57.331Z] Escrow refunds returned 8 rows
[2025-12-07T22:27:57.331Z] Refunds by month: [
  "2025-2: B2C = €-250.00",
  "2025-4: B2C = €-1585.11",
  "2025-8: B2C = €-250.00",
  "2025-9: B2B = €-3680.00",
  "2025-9: B2C = €-4260.00",
  "2025-10: B2C = €-5510.00"
]
[2025-12-07T22:28:57.287Z] Loading commissions from: /home/hub/public_html/fins/scripts/fidelo/data/cmsns-2025.json
[2025-12-07T22:28:57.287Z] Partner commissions loaded: {
  "10": 0,
  "11": 0,
  "12": 0,
  "01": 4124.2,
  "02": 8355,
  "03": 4660.8,
  "04": 3667.5,
  "05": 0,
  "06": 6982.5,
  "07": 4189.21,
  "08": 1275.76,
  "09": 855
}
[2025-12-07T22:28:57.288Z] Partner commissions loaded
[2025-12-07T22:28:57.288Z] Attempting to connect to MySQL...
[2025-12-07T22:28:57.295Z] MySQL connected successfully
[2025-12-07T22:28:57.295Z] Using date field in proper date format
[2025-12-07T22:28:57.299Z] Latest data through: Thu Dec 04 2025 00:00:00 GMT+0000 (Greenwich Mean Time), YTD through month 12
[2025-12-07T22:28:57.377Z] Revenue query returned 47 rows
[2025-12-07T22:28:57.377Z] Refunds query returned 6 rows
[2025-12-07T22:28:57.377Z] Escrow incoming returned 14 rows
[2025-12-07T22:28:57.377Z] Escrow refunds returned 8 rows
[2025-12-07T22:28:57.378Z] Refunds by month: [
  "2025-2: B2C = €-250.00",
  "2025-4: B2C = €-1585.11",
  "2025-8: B2C = €-250.00",
  "2025-9: B2B = €-3680.00",
  "2025-9: B2C = €-4260.00",
  "2025-10: B2C = €-5510.00"
]
[2025-12-07T22:29:57.280Z] Loading commissions from: /home/hub/public_html/fins/scripts/fidelo/data/cmsns-2025.json
[2025-12-07T22:29:57.280Z] Partner commissions loaded: {
  "10": 0,
  "11": 0,
  "12": 0,
  "01": 4124.2,
  "02": 8355,
  "03": 4660.8,
  "04": 3667.5,
  "05": 0,
  "06": 6982.5,
  "07": 4189.21,
  "08": 1275.76,
  "09": 855
}
[2025-12-07T22:29:57.281Z] Partner commissions loaded
[2025-12-07T22:29:57.281Z] Attempting to connect to MySQL...
[2025-12-07T22:29:57.285Z] MySQL connected successfully
[2025-12-07T22:29:57.286Z] Using date field in proper date format
[2025-12-07T22:29:57.288Z] Latest data through: Thu Dec 04 2025 00:00:00 GMT+0000 (Greenwich Mean Time), YTD through month 12
[2025-12-07T22:29:57.325Z] Revenue query returned 47 rows
[2025-12-07T22:29:57.326Z] Refunds query returned 6 rows
[2025-12-07T22:29:57.326Z] Escrow incoming returned 14 rows
[2025-12-07T22:29:57.326Z] Escrow refunds returned 8 rows
[2025-12-07T22:29:57.326Z] Refunds by month: [
  "2025-2: B2C = €-250.00",
  "2025-4: B2C = €-1585.11",
  "2025-8: B2C = €-250.00",
  "2025-9: B2B = €-3680.00",
  "2025-9: B2C = €-4260.00",
  "2025-10: B2C = €-5510.00"
]
[2025-12-07T22:30:57.274Z] Loading commissions from: /home/hub/public_html/fins/scripts/fidelo/data/cmsns-2025.json
[2025-12-07T22:30:57.275Z] Partner commissions loaded: {
  "10": 0,
  "11": 0,
  "12": 0,
  "01": 4124.2,
  "02": 8355,
  "03": 4660.8,
  "04": 3667.5,
  "05": 0,
  "06": 6982.5,
  "07": 4189.21,
  "08": 1275.76,
  "09": 855
}
[2025-12-07T22:30:57.277Z] Partner commissions loaded
[2025-12-07T22:30:57.277Z] Attempting to connect to MySQL...
[2025-12-07T22:30:57.282Z] MySQL connected successfully
[2025-12-07T22:30:57.282Z] Using date field in proper date format
[2025-12-07T22:30:57.284Z] Latest data through: Thu Dec 04 2025 00:00:00 GMT+0000 (Greenwich Mean Time), YTD through month 12
[2025-12-07T22:30:57.313Z] Revenue query returned 47 rows
[2025-12-07T22:30:57.313Z] Refunds query returned 6 rows
[2025-12-07T22:30:57.314Z] Escrow incoming returned 14 rows
[2025-12-07T22:30:57.314Z] Escrow refunds returned 8 rows
[2025-12-07T22:30:57.314Z] Refunds by month: [
  "2025-2: B2C = €-250.00",
  "2025-4: B2C = €-1585.11",
  "2025-8: B2C = €-250.00",
  "2025-9: B2B = €-3680.00",
  "2025-9: B2C = €-4260.00",
  "2025-10: B2C = €-5510.00"
]
[2025-12-07T22:31:57.286Z] Loading commissions from: /home/hub/public_html/fins/scripts/fidelo/data/cmsns-2025.json
[2025-12-07T22:31:57.287Z] Partner commissions loaded: {
  "10": 0,
  "11": 0,
  "12": 0,
  "01": 4124.2,
  "02": 8355,
  "03": 4660.8,
  "04": 3667.5,
  "05": 0,
  "06": 6982.5,
  "07": 4189.21,
  "08": 1275.76,
  "09": 855
}
[2025-12-07T22:31:57.287Z] Partner commissions loaded
[2025-12-07T22:31:57.289Z] Attempting to connect to MySQL...
[2025-12-07T22:31:57.292Z] MySQL connected successfully
[2025-12-07T22:31:57.293Z] Using date field in proper date format
[2025-12-07T22:31:57.296Z] Latest data through: Thu Dec 04 2025 00:00:00 GMT+0000 (Greenwich Mean Time), YTD through month 12
[2025-12-07T22:31:57.325Z] Revenue query returned 47 rows
[2025-12-07T22:31:57.325Z] Refunds query returned 6 rows
[2025-12-07T22:31:57.326Z] Escrow incoming returned 14 rows
[2025-12-07T22:31:57.326Z] Escrow refunds returned 8 rows
[2025-12-07T22:31:57.326Z] Refunds by month: [
  "2025-2: B2C = €-250.00",
  "2025-4: B2C = €-1585.11",
  "2025-8: B2C = €-250.00",
  "2025-9: B2B = €-3680.00",
  "2025-9: B2C = €-4260.00",
  "2025-10: B2C = €-5510.00"
]
[2025-12-07T22:32:57.292Z] Loading commissions from: /home/hub/public_html/fins/scripts/fidelo/data/cmsns-2025.json
[2025-12-07T22:32:57.292Z] Partner commissions loaded: {
  "10": 0,
  "11": 0,
  "12": 0,
  "01": 4124.2,
  "02": 8355,
  "03": 4660.8,
  "04": 3667.5,
  "05": 0,
  "06": 6982.5,
  "07": 4189.21,
  "08": 1275.76,
  "09": 855
}
[2025-12-07T22:32:57.293Z] Partner commissions loaded
[2025-12-07T22:32:57.294Z] Attempting to connect to MySQL...
[2025-12-07T22:32:57.299Z] MySQL connected successfully
[2025-12-07T22:32:57.300Z] Using date field in proper date format
[2025-12-07T22:32:57.305Z] Latest data through: Thu Dec 04 2025 00:00:00 GMT+0000 (Greenwich Mean Time), YTD through month 12
[2025-12-07T22:32:57.352Z] Revenue query returned 47 rows
[2025-12-07T22:32:57.353Z] Refunds query returned 6 rows
[2025-12-07T22:32:57.353Z] Escrow incoming returned 14 rows
[2025-12-07T22:32:57.353Z] Escrow refunds returned 8 rows
[2025-12-07T22:32:57.353Z] Refunds by month: [
  "2025-2: B2C = €-250.00",
  "2025-4: B2C = €-1585.11",
  "2025-8: B2C = €-250.00",
  "2025-9: B2B = €-3680.00",
  "2025-9: B2C = €-4260.00",
  "2025-10: B2C = €-5510.00"
]
[2025-12-07T22:33:57.273Z] Loading commissions from: /home/hub/public_html/fins/scripts/fidelo/data/cmsns-2025.json
[2025-12-07T22:33:57.274Z] Partner commissions loaded: {
  "10": 0,
  "11": 0,
  "12": 0,
  "01": 4124.2,
  "02": 8355,
  "03": 4660.8,
  "04": 3667.5,
  "05": 0,
  "06": 6982.5,
  "07": 4189.21,
  "08": 1275.76,
  "09": 855
}
[2025-12-07T22:33:57.274Z] Partner commissions loaded
[2025-12-07T22:33:57.274Z] Attempting to connect to MySQL...
[2025-12-07T22:33:57.279Z] MySQL connected successfully
[2025-12-07T22:33:57.279Z] Using date field in proper date format
[2025-12-07T22:33:57.282Z] Latest data through: Thu Dec 04 2025 00:00:00 GMT+0000 (Greenwich Mean Time), YTD through month 12
[2025-12-07T22:33:57.312Z] Revenue query returned 47 rows
[2025-12-07T22:33:57.313Z] Refunds query returned 6 rows
[2025-12-07T22:33:57.314Z] Escrow incoming returned 14 rows
[2025-12-07T22:33:57.314Z] Escrow refunds returned 8 rows
[2025-12-07T22:33:57.315Z] Refunds by month: [
  "2025-2: B2C = €-250.00",
  "2025-4: B2C = €-1585.11",
  "2025-8: B2C = €-250.00",
  "2025-9: B2B = €-3680.00",
  "2025-9: B2C = €-4260.00",
  "2025-10: B2C = €-5510.00"
]
[2025-12-07T22:34:57.276Z] Loading commissions from: /home/hub/public_html/fins/scripts/fidelo/data/cmsns-2025.json
[2025-12-07T22:34:57.277Z] Partner commissions loaded: {
  "10": 0,
  "11": 0,
  "12": 0,
  "01": 4124.2,
  "02": 8355,
  "03": 4660.8,
  "04": 3667.5,
  "05": 0,
  "06": 6982.5,
  "07": 4189.21,
  "08": 1275.76,
  "09": 855
}
[2025-12-07T22:34:57.277Z] Partner commissions loaded
[2025-12-07T22:34:57.277Z] Attempting to connect to MySQL...
[2025-12-07T22:34:57.281Z] MySQL connected successfully
[2025-12-07T22:34:57.282Z] Using date field in proper date format
[2025-12-07T22:34:57.284Z] Latest data through: Thu Dec 04 2025 00:00:00 GMT+0000 (Greenwich Mean Time), YTD through month 12
[2025-12-07T22:34:57.320Z] Revenue query returned 47 rows
[2025-12-07T22:34:57.320Z] Refunds query returned 6 rows
[2025-12-07T22:34:57.321Z] Escrow incoming returned 14 rows
[2025-12-07T22:34:57.321Z] Escrow refunds returned 8 rows
[2025-12-07T22:34:57.321Z] Refunds by month: [
  "2025-2: B2C = €-250.00",
  "2025-4: B2C = €-1585.11",
  "2025-8: B2C = €-250.00",
  "2025-9: B2B = €-3680.00",
  "2025-9: B2C = €-4260.00",
  "2025-10: B2C = €-5510.00"
]
[2025-12-07T22:35:57.295Z] Loading commissions from: /home/hub/public_html/fins/scripts/fidelo/data/cmsns-2025.json
[2025-12-07T22:35:57.295Z] Partner commissions loaded: {
  "10": 0,
  "11": 0,
  "12": 0,
  "01": 4124.2,
  "02": 8355,
  "03": 4660.8,
  "04": 3667.5,
  "05": 0,
  "06": 6982.5,
  "07": 4189.21,
  "08": 1275.76,
  "09": 855
}
[2025-12-07T22:35:57.295Z] Partner commissions loaded
[2025-12-07T22:35:57.295Z] Attempting to connect to MySQL...
[2025-12-07T22:35:57.299Z] MySQL connected successfully
[2025-12-07T22:35:57.300Z] Using date field in proper date format
[2025-12-07T22:35:57.302Z] Latest data through: Thu Dec 04 2025 00:00:00 GMT+0000 (Greenwich Mean Time), YTD through month 12
[2025-12-07T22:35:57.331Z] Revenue query returned 47 rows
[2025-12-07T22:35:57.331Z] Refunds query returned 6 rows
[2025-12-07T22:35:57.331Z] Escrow incoming returned 14 rows
[2025-12-07T22:35:57.331Z] Escrow refunds returned 8 rows
[2025-12-07T22:35:57.332Z] Refunds by month: [
  "2025-2: B2C = €-250.00",
  "2025-4: B2C = €-1585.11",
  "2025-8: B2C = €-250.00",
  "2025-9: B2B = €-3680.00",
  "2025-9: B2C = €-4260.00",
  "2025-10: B2C = €-5510.00"
]
[2025-12-07T22:36:57.293Z] Loading commissions from: /home/hub/public_html/fins/scripts/fidelo/data/cmsns-2025.json
[2025-12-07T22:36:57.293Z] Partner commissions loaded: {
  "10": 0,
  "11": 0,
  "12": 0,
  "01": 4124.2,
  "02": 8355,
  "03": 4660.8,
  "04": 3667.5,
  "05": 0,
  "06": 6982.5,
  "07": 4189.21,
  "08": 1275.76,
  "09": 855
}
[2025-12-07T22:36:57.294Z] Partner commissions loaded
[2025-12-07T22:36:57.294Z] Attempting to connect to MySQL...
[2025-12-07T22:36:57.298Z] MySQL connected successfully
[2025-12-07T22:36:57.298Z] Using date field in proper date format
[2025-12-07T22:36:57.300Z] Latest data through: Thu Dec 04 2025 00:00:00 GMT+0000 (Greenwich Mean Time), YTD through month 12
[2025-12-07T22:36:57.335Z] Revenue query returned 47 rows
[2025-12-07T22:36:57.335Z] Refunds query returned 6 rows
[2025-12-07T22:36:57.336Z] Escrow incoming returned 14 rows
[2025-12-07T22:36:57.336Z] Escrow refunds returned 8 rows
[2025-12-07T22:36:57.336Z] Refunds by month: [
  "2025-2: B2C = €-250.00",
  "2025-4: B2C = €-1585.11",
  "2025-8: B2C = €-250.00",
  "2025-9: B2B = €-3680.00",
  "2025-9: B2C = €-4260.00",
  "2025-10: B2C = €-5510.00"
]
[2025-12-07T22:37:57.289Z] Loading commissions from: /home/hub/public_html/fins/scripts/fidelo/data/cmsns-2025.json
[2025-12-07T22:37:57.290Z] Partner commissions loaded: {
  "10": 0,
  "11": 0,
  "12": 0,
  "01": 4124.2,
  "02": 8355,
  "03": 4660.8,
  "04": 3667.5,
  "05": 0,
  "06": 6982.5,
  "07": 4189.21,
  "08": 1275.76,
  "09": 855
}
[2025-12-07T22:37:57.290Z] Partner commissions loaded
[2025-12-07T22:37:57.290Z] Attempting to connect to MySQL...
[2025-12-07T22:37:57.293Z] MySQL connected successfully
[2025-12-07T22:37:57.294Z] Using date field in proper date format
[2025-12-07T22:37:57.298Z] Latest data through: Thu Dec 04 2025 00:00:00 GMT+0000 (Greenwich Mean Time), YTD through month 12
[2025-12-07T22:37:57.328Z] Revenue query returned 47 rows
[2025-12-07T22:37:57.328Z] Refunds query returned 6 rows
[2025-12-07T22:37:57.328Z] Escrow incoming returned 14 rows
[2025-12-07T22:37:57.328Z] Escrow refunds returned 8 rows
[2025-12-07T22:37:57.328Z] Refunds by month: [
  "2025-2: B2C = €-250.00",
  "2025-4: B2C = €-1585.11",
  "2025-8: B2C = €-250.00",
  "2025-9: B2B = €-3680.00",
  "2025-9: B2C = €-4260.00",
  "2025-10: B2C = €-5510.00"
]
[2025-12-07T22:38:57.286Z] Loading commissions from: /home/hub/public_html/fins/scripts/fidelo/data/cmsns-2025.json
[2025-12-07T22:38:57.286Z] Partner commissions loaded: {
  "10": 0,
  "11": 0,
  "12": 0,
  "01": 4124.2,
  "02": 8355,
  "03": 4660.8,
  "04": 3667.5,
  "05": 0,
  "06": 6982.5,
  "07": 4189.21,
  "08": 1275.76,
  "09": 855
}
[2025-12-07T22:38:57.287Z] Partner commissions loaded
[2025-12-07T22:38:57.288Z] Attempting to connect to MySQL...
[2025-12-07T22:38:57.291Z] MySQL connected successfully
[2025-12-07T22:38:57.291Z] Using date field in proper date format
[2025-12-07T22:38:57.293Z] Latest data through: Thu Dec 04 2025 00:00:00 GMT+0000 (Greenwich Mean Time), YTD through month 12
[2025-12-07T22:38:57.320Z] Revenue query returned 47 rows
[2025-12-07T22:38:57.320Z] Refunds query returned 6 rows
[2025-12-07T22:38:57.320Z] Escrow incoming returned 14 rows
[2025-12-07T22:38:57.320Z] Escrow refunds returned 8 rows
[2025-12-07T22:38:57.321Z] Refunds by month: [
  "2025-2: B2C = €-250.00",
  "2025-4: B2C = €-1585.11",
  "2025-8: B2C = €-250.00",
  "2025-9: B2B = €-3680.00",
  "2025-9: B2C = €-4260.00",
  "2025-10: B2C = €-5510.00"
]
[2025-12-07T22:39:57.324Z] Loading commissions from: /home/hub/public_html/fins/scripts/fidelo/data/cmsns-2025.json
[2025-12-07T22:39:57.324Z] Partner commissions loaded: {
  "10": 0,
  "11": 0,
  "12": 0,
  "01": 4124.2,
  "02": 8355,
  "03": 4660.8,
  "04": 3667.5,
  "05": 0,
  "06": 6982.5,
  "07": 4189.21,
  "08": 1275.76,
  "09": 855
}
[2025-12-07T22:39:57.326Z] Partner commissions loaded
[2025-12-07T22:39:57.326Z] Attempting to connect to MySQL...
[2025-12-07T22:39:57.330Z] MySQL connected successfully
[2025-12-07T22:39:57.330Z] Using date field in proper date format
[2025-12-07T22:39:57.332Z] Latest data through: Thu Dec 04 2025 00:00:00 GMT+0000 (Greenwich Mean Time), YTD through month 12
[2025-12-07T22:39:57.358Z] Revenue query returned 47 rows
[2025-12-07T22:39:57.358Z] Refunds query returned 6 rows
[2025-12-07T22:39:57.358Z] Escrow incoming returned 14 rows
[2025-12-07T22:39:57.358Z] Escrow refunds returned 8 rows
[2025-12-07T22:39:57.358Z] Refunds by month: [
  "2025-2: B2C = €-250.00",
  "2025-4: B2C = €-1585.11",
  "2025-8: B2C = €-250.00",
  "2025-9: B2B = €-3680.00",
  "2025-9: B2C = €-4260.00",
  "2025-10: B2C = €-5510.00"
]
[2025-12-07T22:40:57.281Z] Loading commissions from: /home/hub/public_html/fins/scripts/fidelo/data/cmsns-2025.json
[2025-12-07T22:40:57.282Z] Partner commissions loaded: {
  "10": 0,
  "11": 0,
  "12": 0,
  "01": 4124.2,
  "02": 8355,
  "03": 4660.8,
  "04": 3667.5,
  "05": 0,
  "06": 6982.5,
  "07": 4189.21,
  "08": 1275.76,
  "09": 855
}
[2025-12-07T22:40:57.282Z] Partner commissions loaded
[2025-12-07T22:40:57.282Z] Attempting to connect to MySQL...
[2025-12-07T22:40:57.288Z] MySQL connected successfully
[2025-12-07T22:40:57.289Z] Using date field in proper date format
[2025-12-07T22:40:57.293Z] Latest data through: Thu Dec 04 2025 00:00:00 GMT+0000 (Greenwich Mean Time), YTD through month 12
[2025-12-07T22:40:57.333Z] Revenue query returned 47 rows
[2025-12-07T22:40:57.333Z] Refunds query returned 6 rows
[2025-12-07T22:40:57.334Z] Escrow incoming returned 14 rows
[2025-12-07T22:40:57.334Z] Escrow refunds returned 8 rows
[2025-12-07T22:40:57.335Z] Refunds by month: [
  "2025-2: B2C = €-250.00",
  "2025-4: B2C = €-1585.11",
  "2025-8: B2C = €-250.00",
  "2025-9: B2B = €-3680.00",
  "2025-9: B2C = €-4260.00",
  "2025-10: B2C = €-5510.00"
]
[2025-12-07T22:41:57.273Z] Loading commissions from: /home/hub/public_html/fins/scripts/fidelo/data/cmsns-2025.json
[2025-12-07T22:41:57.274Z] Partner commissions loaded: {
  "10": 0,
  "11": 0,
  "12": 0,
  "01": 4124.2,
  "02": 8355,
  "03": 4660.8,
  "04": 3667.5,
  "05": 0,
  "06": 6982.5,
  "07": 4189.21,
  "08": 1275.76,
  "09": 855
}
[2025-12-07T22:41:57.274Z] Partner commissions loaded
[2025-12-07T22:41:57.274Z] Attempting to connect to MySQL...
[2025-12-07T22:41:57.276Z] MySQL connected successfully
[2025-12-07T22:41:57.277Z] Using date field in proper date format
[2025-12-07T22:41:57.279Z] Latest data through: Thu Dec 04 2025 00:00:00 GMT+0000 (Greenwich Mean Time), YTD through month 12
[2025-12-07T22:41:57.307Z] Revenue query returned 47 rows
[2025-12-07T22:41:57.307Z] Refunds query returned 6 rows
[2025-12-07T22:41:57.307Z] Escrow incoming returned 14 rows
[2025-12-07T22:41:57.307Z] Escrow refunds returned 8 rows
[2025-12-07T22:41:57.308Z] Refunds by month: [
  "2025-2: B2C = €-250.00",
  "2025-4: B2C = €-1585.11",
  "2025-8: B2C = €-250.00",
  "2025-9: B2B = €-3680.00",
  "2025-9: B2C = €-4260.00",
  "2025-10: B2C = €-5510.00"
]
[2025-12-07T22:42:57.284Z] Loading commissions from: /home/hub/public_html/fins/scripts/fidelo/data/cmsns-2025.json
[2025-12-07T22:42:57.284Z] Partner commissions loaded: {
  "10": 0,
  "11": 0,
  "12": 0,
  "01": 4124.2,
  "02": 8355,
  "03": 4660.8,
  "04": 3667.5,
  "05": 0,
  "06": 6982.5,
  "07": 4189.21,
  "08": 1275.76,
  "09": 855
}
[2025-12-07T22:42:57.284Z] Partner commissions loaded
[2025-12-07T22:42:57.284Z] Attempting to connect to MySQL...
[2025-12-07T22:42:57.287Z] MySQL connected successfully
[2025-12-07T22:42:57.287Z] Using date field in proper date format
[2025-12-07T22:42:57.289Z] Latest data through: Thu Dec 04 2025 00:00:00 GMT+0000 (Greenwich Mean Time), YTD through month 12
[2025-12-07T22:42:57.316Z] Revenue query returned 47 rows
[2025-12-07T22:42:57.317Z] Refunds query returned 6 rows
[2025-12-07T22:42:57.317Z] Escrow incoming returned 14 rows
[2025-12-07T22:42:57.317Z] Escrow refunds returned 8 rows
[2025-12-07T22:42:57.317Z] Refunds by month: [
  "2025-2: B2C = €-250.00",
  "2025-4: B2C = €-1585.11",
  "2025-8: B2C = €-250.00",
  "2025-9: B2B = €-3680.00",
  "2025-9: B2C = €-4260.00",
  "2025-10: B2C = €-5510.00"
]
[2025-12-07T22:43:57.282Z] Loading commissions from: /home/hub/public_html/fins/scripts/fidelo/data/cmsns-2025.json
[2025-12-07T22:43:57.282Z] Partner commissions loaded: {
  "10": 0,
  "11": 0,
  "12": 0,
  "01": 4124.2,
  "02": 8355,
  "03": 4660.8,
  "04": 3667.5,
  "05": 0,
  "06": 6982.5,
  "07": 4189.21,
  "08": 1275.76,
  "09": 855
}
[2025-12-07T22:43:57.283Z] Partner commissions loaded
[2025-12-07T22:43:57.283Z] Attempting to connect to MySQL...
[2025-12-07T22:43:57.294Z] MySQL connected successfully
[2025-12-07T22:43:57.295Z] Using date field in proper date format
[2025-12-07T22:43:57.299Z] Latest data through: Thu Dec 04 2025 00:00:00 GMT+0000 (Greenwich Mean Time), YTD through month 12
[2025-12-07T22:43:57.353Z] Revenue query returned 47 rows
[2025-12-07T22:43:57.353Z] Refunds query returned 6 rows
[2025-12-07T22:43:57.354Z] Escrow incoming returned 14 rows
[2025-12-07T22:43:57.354Z] Escrow refunds returned 8 rows
[2025-12-07T22:43:57.354Z] Refunds by month: [
  "2025-2: B2C = €-250.00",
  "2025-4: B2C = €-1585.11",
  "2025-8: B2C = €-250.00",
  "2025-9: B2B = €-3680.00",
  "2025-9: B2C = €-4260.00",
  "2025-10: B2C = €-5510.00"
]
[2025-12-07T22:44:57.278Z] Loading commissions from: /home/hub/public_html/fins/scripts/fidelo/data/cmsns-2025.json
[2025-12-07T22:44:57.278Z] Partner commissions loaded: {
  "10": 0,
  "11": 0,
  "12": 0,
  "01": 4124.2,
  "02": 8355,
  "03": 4660.8,
  "04": 3667.5,
  "05": 0,
  "06": 6982.5,
  "07": 4189.21,
  "08": 1275.76,
  "09": 855
}
[2025-12-07T22:44:57.278Z] Partner commissions loaded
[2025-12-07T22:44:57.279Z] Attempting to connect to MySQL...
[2025-12-07T22:44:57.283Z] MySQL connected successfully
[2025-12-07T22:44:57.283Z] Using date field in proper date format
[2025-12-07T22:44:57.286Z] Latest data through: Thu Dec 04 2025 00:00:00 GMT+0000 (Greenwich Mean Time), YTD through month 12
[2025-12-07T22:44:57.317Z] Revenue query returned 47 rows
[2025-12-07T22:44:57.317Z] Refunds query returned 6 rows
[2025-12-07T22:44:57.317Z] Escrow incoming returned 14 rows
[2025-12-07T22:44:57.317Z] Escrow refunds returned 8 rows
[2025-12-07T22:44:57.318Z] Refunds by month: [
  "2025-2: B2C = €-250.00",
  "2025-4: B2C = €-1585.11",
  "2025-8: B2C = €-250.00",
  "2025-9: B2B = €-3680.00",
  "2025-9: B2C = €-4260.00",
  "2025-10: B2C = €-5510.00"
]
[2025-12-07T22:45:57.288Z] Loading commissions from: /home/hub/public_html/fins/scripts/fidelo/data/cmsns-2025.json
[2025-12-07T22:45:57.289Z] Partner commissions loaded: {
  "10": 0,
  "11": 0,
  "12": 0,
  "01": 4124.2,
  "02": 8355,
  "03": 4660.8,
  "04": 3667.5,
  "05": 0,
  "06": 6982.5,
  "07": 4189.21,
  "08": 1275.76,
  "09": 855
}
[2025-12-07T22:45:57.289Z] Partner commissions loaded
[2025-12-07T22:45:57.289Z] Attempting to connect to MySQL...
[2025-12-07T22:45:57.293Z] MySQL connected successfully
[2025-12-07T22:45:57.294Z] Using date field in proper date format
[2025-12-07T22:45:57.296Z] Latest data through: Thu Dec 04 2025 00:00:00 GMT+0000 (Greenwich Mean Time), YTD through month 12
[2025-12-07T22:45:57.322Z] Revenue query returned 47 rows
[2025-12-07T22:45:57.322Z] Refunds query returned 6 rows
[2025-12-07T22:45:57.323Z] Escrow incoming returned 14 rows
[2025-12-07T22:45:57.323Z] Escrow refunds returned 8 rows
[2025-12-07T22:45:57.323Z] Refunds by month: [
  "2025-2: B2C = €-250.00",
  "2025-4: B2C = €-1585.11",
  "2025-8: B2C = €-250.00",
  "2025-9: B2B = €-3680.00",
  "2025-9: B2C = €-4260.00",
  "2025-10: B2C = €-5510.00"
]
[2025-12-07T22:46:57.278Z] Loading commissions from: /home/hub/public_html/fins/scripts/fidelo/data/cmsns-2025.json
[2025-12-07T22:46:57.279Z] Partner commissions loaded: {
  "10": 0,
  "11": 0,
  "12": 0,
  "01": 4124.2,
  "02": 8355,
  "03": 4660.8,
  "04": 3667.5,
  "05": 0,
  "06": 6982.5,
  "07": 4189.21,
  "08": 1275.76,
  "09": 855
}
[2025-12-07T22:46:57.279Z] Partner commissions loaded
[2025-12-07T22:46:57.279Z] Attempting to connect to MySQL...
[2025-12-07T22:46:57.283Z] MySQL connected successfully
[2025-12-07T22:46:57.284Z] Using date field in proper date format
[2025-12-07T22:46:57.287Z] Latest data through: Thu Dec 04 2025 00:00:00 GMT+0000 (Greenwich Mean Time), YTD through month 12
[2025-12-07T22:46:57.328Z] Revenue query returned 47 rows
[2025-12-07T22:46:57.328Z] Refunds query returned 6 rows
[2025-12-07T22:46:57.328Z] Escrow incoming returned 14 rows
[2025-12-07T22:46:57.329Z] Escrow refunds returned 8 rows
[2025-12-07T22:46:57.329Z] Refunds by month: [
  "2025-2: B2C = €-250.00",
  "2025-4: B2C = €-1585.11",
  "2025-8: B2C = €-250.00",
  "2025-9: B2B = €-3680.00",
  "2025-9: B2C = €-4260.00",
  "2025-10: B2C = €-5510.00"
]
[2025-12-07T22:47:57.278Z] Loading commissions from: /home/hub/public_html/fins/scripts/fidelo/data/cmsns-2025.json
[2025-12-07T22:47:57.279Z] Partner commissions loaded: {
  "10": 0,
  "11": 0,
  "12": 0,
  "01": 4124.2,
  "02": 8355,
  "03": 4660.8,
  "04": 3667.5,
  "05": 0,
  "06": 6982.5,
  "07": 4189.21,
  "08": 1275.76,
  "09": 855
}
[2025-12-07T22:47:57.279Z] Partner commissions loaded
[2025-12-07T22:47:57.279Z] Attempting to connect to MySQL...
[2025-12-07T22:47:57.285Z] MySQL connected successfully
[2025-12-07T22:47:57.285Z] Using date field in proper date format
[2025-12-07T22:47:57.289Z] Latest data through: Thu Dec 04 2025 00:00:00 GMT+0000 (Greenwich Mean Time), YTD through month 12
[2025-12-07T22:47:57.316Z] Revenue query returned 47 rows
[2025-12-07T22:47:57.316Z] Refunds query returned 6 rows
[2025-12-07T22:47:57.316Z] Escrow incoming returned 14 rows
[2025-12-07T22:47:57.317Z] Escrow refunds returned 8 rows
[2025-12-07T22:47:57.317Z] Refunds by month: [
  "2025-2: B2C = €-250.00",
  "2025-4: B2C = €-1585.11",
  "2025-8: B2C = €-250.00",
  "2025-9: B2B = €-3680.00",
  "2025-9: B2C = €-4260.00",
  "2025-10: B2C = €-5510.00"
]
[2025-12-07T22:48:57.289Z] Loading commissions from: /home/hub/public_html/fins/scripts/fidelo/data/cmsns-2025.json
[2025-12-07T22:48:57.289Z] Partner commissions loaded: {
  "10": 0,
  "11": 0,
  "12": 0,
  "01": 4124.2,
  "02": 8355,
  "03": 4660.8,
  "04": 3667.5,
  "05": 0,
  "06": 6982.5,
  "07": 4189.21,
  "08": 1275.76,
  "09": 855
}
[2025-12-07T22:48:57.290Z] Partner commissions loaded
[2025-12-07T22:48:57.290Z] Attempting to connect to MySQL...
[2025-12-07T22:48:57.296Z] MySQL connected successfully
[2025-12-07T22:48:57.296Z] Using date field in proper date format
[2025-12-07T22:48:57.300Z] Latest data through: Thu Dec 04 2025 00:00:00 GMT+0000 (Greenwich Mean Time), YTD through month 12
[2025-12-07T22:48:57.365Z] Revenue query returned 47 rows
[2025-12-07T22:48:57.365Z] Refunds query returned 6 rows
[2025-12-07T22:48:57.365Z] Escrow incoming returned 14 rows
[2025-12-07T22:48:57.366Z] Escrow refunds returned 8 rows
[2025-12-07T22:48:57.366Z] Refunds by month: [
  "2025-2: B2C = €-250.00",
  "2025-4: B2C = €-1585.11",
  "2025-8: B2C = €-250.00",
  "2025-9: B2B = €-3680.00",
  "2025-9: B2C = €-4260.00",
  "2025-10: B2C = €-5510.00"
]
[2025-12-07T22:49:57.289Z] Loading commissions from: /home/hub/public_html/fins/scripts/fidelo/data/cmsns-2025.json
[2025-12-07T22:49:57.290Z] Partner commissions loaded: {
  "10": 0,
  "11": 0,
  "12": 0,
  "01": 4124.2,
  "02": 8355,
  "03": 4660.8,
  "04": 3667.5,
  "05": 0,
  "06": 6982.5,
  "07": 4189.21,
  "08": 1275.76,
  "09": 855
}
[2025-12-07T22:49:57.290Z] Partner commissions loaded
[2025-12-07T22:49:57.290Z] Attempting to connect to MySQL...
[2025-12-07T22:49:57.296Z] MySQL connected successfully
[2025-12-07T22:49:57.297Z] Using date field in proper date format
[2025-12-07T22:49:57.301Z] Latest data through: Thu Dec 04 2025 00:00:00 GMT+0000 (Greenwich Mean Time), YTD through month 12
[2025-12-07T22:49:57.342Z] Revenue query returned 47 rows
[2025-12-07T22:49:57.343Z] Refunds query returned 6 rows
[2025-12-07T22:49:57.343Z] Escrow incoming returned 14 rows
[2025-12-07T22:49:57.344Z] Escrow refunds returned 8 rows
[2025-12-07T22:49:57.344Z] Refunds by month: [
  "2025-2: B2C = €-250.00",
  "2025-4: B2C = €-1585.11",
  "2025-8: B2C = €-250.00",
  "2025-9: B2B = €-3680.00",
  "2025-9: B2C = €-4260.00",
  "2025-10: B2C = €-5510.00"
]
[2025-12-07T22:50:57.291Z] Loading commissions from: /home/hub/public_html/fins/scripts/fidelo/data/cmsns-2025.json
[2025-12-07T22:50:57.291Z] Partner commissions loaded: {
  "10": 0,
  "11": 0,
  "12": 0,
  "01": 4124.2,
  "02": 8355,
  "03": 4660.8,
  "04": 3667.5,
  "05": 0,
  "06": 6982.5,
  "07": 4189.21,
  "08": 1275.76,
  "09": 855
}
[2025-12-07T22:50:57.292Z] Partner commissions loaded
[2025-12-07T22:50:57.292Z] Attempting to connect to MySQL...
[2025-12-07T22:50:57.294Z] MySQL connected successfully
[2025-12-07T22:50:57.294Z] Using date field in proper date format
[2025-12-07T22:50:57.297Z] Latest data through: Thu Dec 04 2025 00:00:00 GMT+0000 (Greenwich Mean Time), YTD through month 12
[2025-12-07T22:50:57.325Z] Revenue query returned 47 rows
[2025-12-07T22:50:57.325Z] Refunds query returned 6 rows
[2025-12-07T22:50:57.325Z] Escrow incoming returned 14 rows
[2025-12-07T22:50:57.325Z] Escrow refunds returned 8 rows
[2025-12-07T22:50:57.325Z] Refunds by month: [
  "2025-2: B2C = €-250.00",
  "2025-4: B2C = €-1585.11",
  "2025-8: B2C = €-250.00",
  "2025-9: B2B = €-3680.00",
  "2025-9: B2C = €-4260.00",
  "2025-10: B2C = €-5510.00"
]
[2025-12-07T22:51:57.288Z] Loading commissions from: /home/hub/public_html/fins/scripts/fidelo/data/cmsns-2025.json
[2025-12-07T22:51:57.289Z] Partner commissions loaded: {
  "10": 0,
  "11": 0,
  "12": 0,
  "01": 4124.2,
  "02": 8355,
  "03": 4660.8,
  "04": 3667.5,
  "05": 0,
  "06": 6982.5,
  "07": 4189.21,
  "08": 1275.76,
  "09": 855
}
[2025-12-07T22:51:57.289Z] Partner commissions loaded
[2025-12-07T22:51:57.289Z] Attempting to connect to MySQL...
[2025-12-07T22:51:57.297Z] MySQL connected successfully
[2025-12-07T22:51:57.298Z] Using date field in proper date format
[2025-12-07T22:51:57.301Z] Latest data through: Thu Dec 04 2025 00:00:00 GMT+0000 (Greenwich Mean Time), YTD through month 12
[2025-12-07T22:51:57.331Z] Revenue query returned 47 rows
[2025-12-07T22:51:57.331Z] Refunds query returned 6 rows
[2025-12-07T22:51:57.331Z] Escrow incoming returned 14 rows
[2025-12-07T22:51:57.331Z] Escrow refunds returned 8 rows
[2025-12-07T22:51:57.331Z] Refunds by month: [
  "2025-2: B2C = €-250.00",
  "2025-4: B2C = €-1585.11",
  "2025-8: B2C = €-250.00",
  "2025-9: B2B = €-3680.00",
  "2025-9: B2C = €-4260.00",
  "2025-10: B2C = €-5510.00"
]
[2025-12-07T22:52:57.285Z] Loading commissions from: /home/hub/public_html/fins/scripts/fidelo/data/cmsns-2025.json
[2025-12-07T22:52:57.297Z] Partner commissions loaded: {
  "10": 0,
  "11": 0,
  "12": 0,
  "01": 4124.2,
  "02": 8355,
  "03": 4660.8,
  "04": 3667.5,
  "05": 0,
  "06": 6982.5,
  "07": 4189.21,
  "08": 1275.76,
  "09": 855
}
[2025-12-07T22:52:57.299Z] Partner commissions loaded
[2025-12-07T22:52:57.300Z] Attempting to connect to MySQL...
[2025-12-07T22:52:57.304Z] MySQL connected successfully
[2025-12-07T22:52:57.305Z] Using date field in proper date format
[2025-12-07T22:52:57.308Z] Latest data through: Thu Dec 04 2025 00:00:00 GMT+0000 (Greenwich Mean Time), YTD through month 12
[2025-12-07T22:52:57.337Z] Revenue query returned 47 rows
[2025-12-07T22:52:57.337Z] Refunds query returned 6 rows
[2025-12-07T22:52:57.337Z] Escrow incoming returned 14 rows
[2025-12-07T22:52:57.338Z] Escrow refunds returned 8 rows
[2025-12-07T22:52:57.338Z] Refunds by month: [
  "2025-2: B2C = €-250.00",
  "2025-4: B2C = €-1585.11",
  "2025-8: B2C = €-250.00",
  "2025-9: B2B = €-3680.00",
  "2025-9: B2C = €-4260.00",
  "2025-10: B2C = €-5510.00"
]
[2025-12-07T22:53:57.292Z] Loading commissions from: /home/hub/public_html/fins/scripts/fidelo/data/cmsns-2025.json
[2025-12-07T22:53:57.293Z] Partner commissions loaded: {
  "10": 0,
  "11": 0,
  "12": 0,
  "01": 4124.2,
  "02": 8355,
  "03": 4660.8,
  "04": 3667.5,
  "05": 0,
  "06": 6982.5,
  "07": 4189.21,
  "08": 1275.76,
  "09": 855
}
[2025-12-07T22:53:57.293Z] Partner commissions loaded
[2025-12-07T22:53:57.294Z] Attempting to connect to MySQL...
[2025-12-07T22:53:57.297Z] MySQL connected successfully
[2025-12-07T22:53:57.297Z] Using date field in proper date format
[2025-12-07T22:53:57.300Z] Latest data through: Thu Dec 04 2025 00:00:00 GMT+0000 (Greenwich Mean Time), YTD through month 12
[2025-12-07T22:53:57.326Z] Revenue query returned 47 rows
[2025-12-07T22:53:57.326Z] Refunds query returned 6 rows
[2025-12-07T22:53:57.326Z] Escrow incoming returned 14 rows
[2025-12-07T22:53:57.326Z] Escrow refunds returned 8 rows
[2025-12-07T22:53:57.326Z] Refunds by month: [
  "2025-2: B2C = €-250.00",
  "2025-4: B2C = €-1585.11",
  "2025-8: B2C = €-250.00",
  "2025-9: B2B = €-3680.00",
  "2025-9: B2C = €-4260.00",
  "2025-10: B2C = €-5510.00"
]
[2025-12-07T22:54:57.289Z] Loading commissions from: /home/hub/public_html/fins/scripts/fidelo/data/cmsns-2025.json
[2025-12-07T22:54:57.289Z] Partner commissions loaded: {
  "10": 0,
  "11": 0,
  "12": 0,
  "01": 4124.2,
  "02": 8355,
  "03": 4660.8,
  "04": 3667.5,
  "05": 0,
  "06": 6982.5,
  "07": 4189.21,
  "08": 1275.76,
  "09": 855
}
[2025-12-07T22:54:57.289Z] Partner commissions loaded
[2025-12-07T22:54:57.289Z] Attempting to connect to MySQL...
[2025-12-07T22:54:57.294Z] MySQL connected successfully
[2025-12-07T22:54:57.295Z] Using date field in proper date format
[2025-12-07T22:54:57.297Z] Latest data through: Thu Dec 04 2025 00:00:00 GMT+0000 (Greenwich Mean Time), YTD through month 12
[2025-12-07T22:54:57.324Z] Revenue query returned 47 rows
[2025-12-07T22:54:57.324Z] Refunds query returned 6 rows
[2025-12-07T22:54:57.324Z] Escrow incoming returned 14 rows
[2025-12-07T22:54:57.324Z] Escrow refunds returned 8 rows
[2025-12-07T22:54:57.324Z] Refunds by month: [
  "2025-2: B2C = €-250.00",
  "2025-4: B2C = €-1585.11",
  "2025-8: B2C = €-250.00",
  "2025-9: B2B = €-3680.00",
  "2025-9: B2C = €-4260.00",
  "2025-10: B2C = €-5510.00"
]
[2025-12-07T22:55:57.274Z] Loading commissions from: /home/hub/public_html/fins/scripts/fidelo/data/cmsns-2025.json
[2025-12-07T22:55:57.275Z] Partner commissions loaded: {
  "10": 0,
  "11": 0,
  "12": 0,
  "01": 4124.2,
  "02": 8355,
  "03": 4660.8,
  "04": 3667.5,
  "05": 0,
  "06": 6982.5,
  "07": 4189.21,
  "08": 1275.76,
  "09": 855
}
[2025-12-07T22:55:57.275Z] Partner commissions loaded
[2025-12-07T22:55:57.276Z] Attempting to connect to MySQL...
[2025-12-07T22:55:57.280Z] MySQL connected successfully
[2025-12-07T22:55:57.281Z] Using date field in proper date format
[2025-12-07T22:55:57.283Z] Latest data through: Thu Dec 04 2025 00:00:00 GMT+0000 (Greenwich Mean Time), YTD through month 12
[2025-12-07T22:55:57.311Z] Revenue query returned 47 rows
[2025-12-07T22:55:57.311Z] Refunds query returned 6 rows
[2025-12-07T22:55:57.311Z] Escrow incoming returned 14 rows
[2025-12-07T22:55:57.311Z] Escrow refunds returned 8 rows
[2025-12-07T22:55:57.311Z] Refunds by month: [
  "2025-2: B2C = €-250.00",
  "2025-4: B2C = €-1585.11",
  "2025-8: B2C = €-250.00",
  "2025-9: B2B = €-3680.00",
  "2025-9: B2C = €-4260.00",
  "2025-10: B2C = €-5510.00"
]
[2025-12-07T22:56:57.278Z] Loading commissions from: /home/hub/public_html/fins/scripts/fidelo/data/cmsns-2025.json
[2025-12-07T22:56:57.279Z] Partner commissions loaded: {
  "10": 0,
  "11": 0,
  "12": 0,
  "01": 4124.2,
  "02": 8355,
  "03": 4660.8,
  "04": 3667.5,
  "05": 0,
  "06": 6982.5,
  "07": 4189.21,
  "08": 1275.76,
  "09": 855
}
[2025-12-07T22:56:57.279Z] Partner commissions loaded
[2025-12-07T22:56:57.279Z] Attempting to connect to MySQL...
[2025-12-07T22:56:57.283Z] MySQL connected successfully
[2025-12-07T22:56:57.283Z] Using date field in proper date format
[2025-12-07T22:56:57.286Z] Latest data through: Thu Dec 04 2025 00:00:00 GMT+0000 (Greenwich Mean Time), YTD through month 12
[2025-12-07T22:56:57.318Z] Revenue query returned 47 rows
[2025-12-07T22:56:57.318Z] Refunds query returned 6 rows
[2025-12-07T22:56:57.319Z] Escrow incoming returned 14 rows
[2025-12-07T22:56:57.319Z] Escrow refunds returned 8 rows
[2025-12-07T22:56:57.319Z] Refunds by month: [
  "2025-2: B2C = €-250.00",
  "2025-4: B2C = €-1585.11",
  "2025-8: B2C = €-250.00",
  "2025-9: B2B = €-3680.00",
  "2025-9: B2C = €-4260.00",
  "2025-10: B2C = €-5510.00"
]
[2025-12-07T22:57:57.283Z] Loading commissions from: /home/hub/public_html/fins/scripts/fidelo/data/cmsns-2025.json
[2025-12-07T22:57:57.283Z] Partner commissions loaded: {
  "10": 0,
  "11": 0,
  "12": 0,
  "01": 4124.2,
  "02": 8355,
  "03": 4660.8,
  "04": 3667.5,
  "05": 0,
  "06": 6982.5,
  "07": 4189.21,
  "08": 1275.76,
  "09": 855
}
[2025-12-07T22:57:57.284Z] Partner commissions loaded
[2025-12-07T22:57:57.284Z] Attempting to connect to MySQL...
[2025-12-07T22:57:57.288Z] MySQL connected successfully
[2025-12-07T22:57:57.289Z] Using date field in proper date format
[2025-12-07T22:57:57.291Z] Latest data through: Thu Dec 04 2025 00:00:00 GMT+0000 (Greenwich Mean Time), YTD through month 12
[2025-12-07T22:57:57.318Z] Revenue query returned 47 rows
[2025-12-07T22:57:57.319Z] Refunds query returned 6 rows
[2025-12-07T22:57:57.319Z] Escrow incoming returned 14 rows
[2025-12-07T22:57:57.320Z] Escrow refunds returned 8 rows
[2025-12-07T22:57:57.320Z] Refunds by month: [
  "2025-2: B2C = €-250.00",
  "2025-4: B2C = €-1585.11",
  "2025-8: B2C = €-250.00",
  "2025-9: B2B = €-3680.00",
  "2025-9: B2C = €-4260.00",
  "2025-10: B2C = €-5510.00"
]
[2025-12-07T22:58:57.278Z] Loading commissions from: /home/hub/public_html/fins/scripts/fidelo/data/cmsns-2025.json
[2025-12-07T22:58:57.279Z] Partner commissions loaded: {
  "10": 0,
  "11": 0,
  "12": 0,
  "01": 4124.2,
  "02": 8355,
  "03": 4660.8,
  "04": 3667.5,
  "05": 0,
  "06": 6982.5,
  "07": 4189.21,
  "08": 1275.76,
  "09": 855
}
[2025-12-07T22:58:57.279Z] Partner commissions loaded
[2025-12-07T22:58:57.279Z] Attempting to connect to MySQL...
[2025-12-07T22:58:57.282Z] MySQL connected successfully
[2025-12-07T22:58:57.283Z] Using date field in proper date format
[2025-12-07T22:58:57.285Z] Latest data through: Thu Dec 04 2025 00:00:00 GMT+0000 (Greenwich Mean Time), YTD through month 12
[2025-12-07T22:58:57.314Z] Revenue query returned 47 rows
[2025-12-07T22:58:57.314Z] Refunds query returned 6 rows
[2025-12-07T22:58:57.314Z] Escrow incoming returned 14 rows
[2025-12-07T22:58:57.314Z] Escrow refunds returned 8 rows
[2025-12-07T22:58:57.315Z] Refunds by month: [
  "2025-2: B2C = €-250.00",
  "2025-4: B2C = €-1585.11",
  "2025-8: B2C = €-250.00",
  "2025-9: B2B = €-3680.00",
  "2025-9: B2C = €-4260.00",
  "2025-10: B2C = €-5510.00"
]
[2025-12-07T22:59:57.279Z] Loading commissions from: /home/hub/public_html/fins/scripts/fidelo/data/cmsns-2025.json
[2025-12-07T22:59:57.279Z] Partner commissions loaded: {
  "10": 0,
  "11": 0,
  "12": 0,
  "01": 4124.2,
  "02": 8355,
  "03": 4660.8,
  "04": 3667.5,
  "05": 0,
  "06": 6982.5,
  "07": 4189.21,
  "08": 1275.76,
  "09": 855
}
[2025-12-07T22:59:57.280Z] Partner commissions loaded
[2025-12-07T22:59:57.280Z] Attempting to connect to MySQL...
[2025-12-07T22:59:57.287Z] MySQL connected successfully
[2025-12-07T22:59:57.287Z] Using date field in proper date format
[2025-12-07T22:59:57.290Z] Latest data through: Thu Dec 04 2025 00:00:00 GMT+0000 (Greenwich Mean Time), YTD through month 12
[2025-12-07T22:59:57.318Z] Revenue query returned 47 rows
[2025-12-07T22:59:57.318Z] Refunds query returned 6 rows
[2025-12-07T22:59:57.318Z] Escrow incoming returned 14 rows
[2025-12-07T22:59:57.318Z] Escrow refunds returned 8 rows
[2025-12-07T22:59:57.319Z] Refunds by month: [
  "2025-2: B2C = €-250.00",
  "2025-4: B2C = €-1585.11",
  "2025-8: B2C = €-250.00",
  "2025-9: B2B = €-3680.00",
  "2025-9: B2C = €-4260.00",
  "2025-10: B2C = €-5510.00"
]
[2025-12-07T23:00:57.279Z] Loading commissions from: /home/hub/public_html/fins/scripts/fidelo/data/cmsns-2025.json
[2025-12-07T23:00:57.280Z] Partner commissions loaded: {
  "10": 0,
  "11": 0,
  "12": 0,
  "01": 4124.2,
  "02": 8355,
  "03": 4660.8,
  "04": 3667.5,
  "05": 0,
  "06": 6982.5,
  "07": 4189.21,
  "08": 1275.76,
  "09": 855
}
[2025-12-07T23:00:57.280Z] Partner commissions loaded
[2025-12-07T23:00:57.281Z] Attempting to connect to MySQL...
[2025-12-07T23:00:57.285Z] MySQL connected successfully
[2025-12-07T23:00:57.285Z] Using date field in proper date format
[2025-12-07T23:00:57.288Z] Latest data through: Thu Dec 04 2025 00:00:00 GMT+0000 (Greenwich Mean Time), YTD through month 12
[2025-12-07T23:00:57.344Z] Revenue query returned 47 rows
[2025-12-07T23:00:57.344Z] Refunds query returned 6 rows
[2025-12-07T23:00:57.344Z] Escrow incoming returned 14 rows
[2025-12-07T23:00:57.345Z] Escrow refunds returned 8 rows
[2025-12-07T23:00:57.345Z] Refunds by month: [
  "2025-2: B2C = €-250.00",
  "2025-4: B2C = €-1585.11",
  "2025-8: B2C = €-250.00",
  "2025-9: B2B = €-3680.00",
  "2025-9: B2C = €-4260.00",
  "2025-10: B2C = €-5510.00"
]
[2025-12-07T23:01:57.291Z] Loading commissions from: /home/hub/public_html/fins/scripts/fidelo/data/cmsns-2025.json
[2025-12-07T23:01:57.291Z] Partner commissions loaded: {
  "10": 0,
  "11": 0,
  "12": 0,
  "01": 4124.2,
  "02": 8355,
  "03": 4660.8,
  "04": 3667.5,
  "05": 0,
  "06": 6982.5,
  "07": 4189.21,
  "08": 1275.76,
  "09": 855
}
[2025-12-07T23:01:57.291Z] Partner commissions loaded
[2025-12-07T23:01:57.291Z] Attempting to connect to MySQL...
[2025-12-07T23:01:57.295Z] MySQL connected successfully
[2025-12-07T23:01:57.295Z] Using date field in proper date format
[2025-12-07T23:01:57.297Z] Latest data through: Thu Dec 04 2025 00:00:00 GMT+0000 (Greenwich Mean Time), YTD through month 12
[2025-12-07T23:01:57.327Z] Revenue query returned 47 rows
[2025-12-07T23:01:57.327Z] Refunds query returned 6 rows
[2025-12-07T23:01:57.328Z] Escrow incoming returned 14 rows
[2025-12-07T23:01:57.328Z] Escrow refunds returned 8 rows
[2025-12-07T23:01:57.328Z] Refunds by month: [
  "2025-2: B2C = €-250.00",
  "2025-4: B2C = €-1585.11",
  "2025-8: B2C = €-250.00",
  "2025-9: B2B = €-3680.00",
  "2025-9: B2C = €-4260.00",
  "2025-10: B2C = €-5510.00"
]
[2025-12-07T23:02:58.303Z] Loading commissions from: /home/hub/public_html/fins/scripts/fidelo/data/cmsns-2025.json
[2025-12-07T23:02:58.303Z] Partner commissions loaded: {
  "10": 0,
  "11": 0,
  "12": 0,
  "01": 4124.2,
  "02": 8355,
  "03": 4660.8,
  "04": 3667.5,
  "05": 0,
  "06": 6982.5,
  "07": 4189.21,
  "08": 1275.76,
  "09": 855
}
[2025-12-07T23:02:58.305Z] Partner commissions loaded
[2025-12-07T23:02:58.305Z] Attempting to connect to MySQL...
[2025-12-07T23:02:58.309Z] MySQL connected successfully
[2025-12-07T23:02:58.309Z] Using date field in proper date format
[2025-12-07T23:02:58.312Z] Latest data through: Thu Dec 04 2025 00:00:00 GMT+0000 (Greenwich Mean Time), YTD through month 12
[2025-12-07T23:02:58.344Z] Revenue query returned 47 rows
[2025-12-07T23:02:58.344Z] Refunds query returned 6 rows
[2025-12-07T23:02:58.344Z] Escrow incoming returned 14 rows
[2025-12-07T23:02:58.344Z] Escrow refunds returned 8 rows
[2025-12-07T23:02:58.344Z] Refunds by month: [
  "2025-2: B2C = €-250.00",
  "2025-4: B2C = €-1585.11",
  "2025-8: B2C = €-250.00",
  "2025-9: B2B = €-3680.00",
  "2025-9: B2C = €-4260.00",
  "2025-10: B2C = €-5510.00"
]
[2025-12-07T23:03:57.281Z] Loading commissions from: /home/hub/public_html/fins/scripts/fidelo/data/cmsns-2025.json
[2025-12-07T23:03:57.281Z] Partner commissions loaded: {
  "10": 0,
  "11": 0,
  "12": 0,
  "01": 4124.2,
  "02": 8355,
  "03": 4660.8,
  "04": 3667.5,
  "05": 0,
  "06": 6982.5,
  "07": 4189.21,
  "08": 1275.76,
  "09": 855
}
[2025-12-07T23:03:57.281Z] Partner commissions loaded
[2025-12-07T23:03:57.283Z] Attempting to connect to MySQL...
[2025-12-07T23:03:57.290Z] MySQL connected successfully
[2025-12-07T23:03:57.290Z] Using date field in proper date format
[2025-12-07T23:03:57.293Z] Latest data through: Thu Dec 04 2025 00:00:00 GMT+0000 (Greenwich Mean Time), YTD through month 12
[2025-12-07T23:03:57.331Z] Revenue query returned 47 rows
[2025-12-07T23:03:57.331Z] Refunds query returned 6 rows
[2025-12-07T23:03:57.331Z] Escrow incoming returned 14 rows
[2025-12-07T23:03:57.332Z] Escrow refunds returned 8 rows
[2025-12-07T23:03:57.332Z] Refunds by month: [
  "2025-2: B2C = €-250.00",
  "2025-4: B2C = €-1585.11",
  "2025-8: B2C = €-250.00",
  "2025-9: B2B = €-3680.00",
  "2025-9: B2C = €-4260.00",
  "2025-10: B2C = €-5510.00"
]
[2025-12-07T23:04:57.275Z] Loading commissions from: /home/hub/public_html/fins/scripts/fidelo/data/cmsns-2025.json
[2025-12-07T23:04:57.276Z] Partner commissions loaded: {
  "10": 0,
  "11": 0,
  "12": 0,
  "01": 4124.2,
  "02": 8355,
  "03": 4660.8,
  "04": 3667.5,
  "05": 0,
  "06": 6982.5,
  "07": 4189.21,
  "08": 1275.76,
  "09": 855
}
[2025-12-07T23:04:57.276Z] Partner commissions loaded
[2025-12-07T23:04:57.277Z] Attempting to connect to MySQL...
[2025-12-07T23:04:57.281Z] MySQL connected successfully
[2025-12-07T23:04:57.281Z] Using date field in proper date format
[2025-12-07T23:04:57.283Z] Latest data through: Thu Dec 04 2025 00:00:00 GMT+0000 (Greenwich Mean Time), YTD through month 12
[2025-12-07T23:04:57.319Z] Revenue query returned 47 rows
[2025-12-07T23:04:57.319Z] Refunds query returned 6 rows
[2025-12-07T23:04:57.319Z] Escrow incoming returned 14 rows
[2025-12-07T23:04:57.319Z] Escrow refunds returned 8 rows
[2025-12-07T23:04:57.319Z] Refunds by month: [
  "2025-2: B2C = €-250.00",
  "2025-4: B2C = €-1585.11",
  "2025-8: B2C = €-250.00",
  "2025-9: B2B = €-3680.00",
  "2025-9: B2C = €-4260.00",
  "2025-10: B2C = €-5510.00"
]
[2025-12-07T23:05:57.289Z] Loading commissions from: /home/hub/public_html/fins/scripts/fidelo/data/cmsns-2025.json
[2025-12-07T23:05:57.289Z] Partner commissions loaded: {
  "10": 0,
  "11": 0,
  "12": 0,
  "01": 4124.2,
  "02": 8355,
  "03": 4660.8,
  "04": 3667.5,
  "05": 0,
  "06": 6982.5,
  "07": 4189.21,
  "08": 1275.76,
  "09": 855
}
[2025-12-07T23:05:57.289Z] Partner commissions loaded
[2025-12-07T23:05:57.289Z] Attempting to connect to MySQL...
[2025-12-07T23:05:57.292Z] MySQL connected successfully
[2025-12-07T23:05:57.292Z] Using date field in proper date format
[2025-12-07T23:05:57.295Z] Latest data through: Thu Dec 04 2025 00:00:00 GMT+0000 (Greenwich Mean Time), YTD through month 12
[2025-12-07T23:05:57.321Z] Revenue query returned 47 rows
[2025-12-07T23:05:57.321Z] Refunds query returned 6 rows
[2025-12-07T23:05:57.321Z] Escrow incoming returned 14 rows
[2025-12-07T23:05:57.322Z] Escrow refunds returned 8 rows
[2025-12-07T23:05:57.322Z] Refunds by month: [
  "2025-2: B2C = €-250.00",
  "2025-4: B2C = €-1585.11",
  "2025-8: B2C = €-250.00",
  "2025-9: B2B = €-3680.00",
  "2025-9: B2C = €-4260.00",
  "2025-10: B2C = €-5510.00"
]
[2025-12-07T23:06:57.293Z] Loading commissions from: /home/hub/public_html/fins/scripts/fidelo/data/cmsns-2025.json
[2025-12-07T23:06:57.293Z] Partner commissions loaded: {
  "10": 0,
  "11": 0,
  "12": 0,
  "01": 4124.2,
  "02": 8355,
  "03": 4660.8,
  "04": 3667.5,
  "05": 0,
  "06": 6982.5,
  "07": 4189.21,
  "08": 1275.76,
  "09": 855
}
[2025-12-07T23:06:57.293Z] Partner commissions loaded
[2025-12-07T23:06:57.293Z] Attempting to connect to MySQL...
[2025-12-07T23:06:57.297Z] MySQL connected successfully
[2025-12-07T23:06:57.298Z] Using date field in proper date format
[2025-12-07T23:06:57.300Z] Latest data through: Thu Dec 04 2025 00:00:00 GMT+0000 (Greenwich Mean Time), YTD through month 12
[2025-12-07T23:06:57.332Z] Revenue query returned 47 rows
[2025-12-07T23:06:57.332Z] Refunds query returned 6 rows
[2025-12-07T23:06:57.332Z] Escrow incoming returned 14 rows
[2025-12-07T23:06:57.332Z] Escrow refunds returned 8 rows
[2025-12-07T23:06:57.332Z] Refunds by month: [
  "2025-2: B2C = €-250.00",
  "2025-4: B2C = €-1585.11",
  "2025-8: B2C = €-250.00",
  "2025-9: B2B = €-3680.00",
  "2025-9: B2C = €-4260.00",
  "2025-10: B2C = €-5510.00"
]
[2025-12-07T23:07:57.302Z] Loading commissions from: /home/hub/public_html/fins/scripts/fidelo/data/cmsns-2025.json
[2025-12-07T23:07:57.302Z] Partner commissions loaded: {
  "10": 0,
  "11": 0,
  "12": 0,
  "01": 4124.2,
  "02": 8355,
  "03": 4660.8,
  "04": 3667.5,
  "05": 0,
  "06": 6982.5,
  "07": 4189.21,
  "08": 1275.76,
  "09": 855
}
[2025-12-07T23:07:57.303Z] Partner commissions loaded
[2025-12-07T23:07:57.304Z] Attempting to connect to MySQL...
[2025-12-07T23:07:57.309Z] MySQL connected successfully
[2025-12-07T23:07:57.309Z] Using date field in proper date format
[2025-12-07T23:07:57.314Z] Latest data through: Thu Dec 04 2025 00:00:00 GMT+0000 (Greenwich Mean Time), YTD through month 12
[2025-12-07T23:07:57.372Z] Revenue query returned 47 rows
[2025-12-07T23:07:57.373Z] Refunds query returned 6 rows
[2025-12-07T23:07:57.373Z] Escrow incoming returned 14 rows
[2025-12-07T23:07:57.373Z] Escrow refunds returned 8 rows
[2025-12-07T23:07:57.373Z] Refunds by month: [
  "2025-2: B2C = €-250.00",
  "2025-4: B2C = €-1585.11",
  "2025-8: B2C = €-250.00",
  "2025-9: B2B = €-3680.00",
  "2025-9: B2C = €-4260.00",
  "2025-10: B2C = €-5510.00"
]
[2025-12-07T23:08:57.301Z] Loading commissions from: /home/hub/public_html/fins/scripts/fidelo/data/cmsns-2025.json
[2025-12-07T23:08:57.301Z] Partner commissions loaded: {
  "10": 0,
  "11": 0,
  "12": 0,
  "01": 4124.2,
  "02": 8355,
  "03": 4660.8,
  "04": 3667.5,
  "05": 0,
  "06": 6982.5,
  "07": 4189.21,
  "08": 1275.76,
  "09": 855
}
[2025-12-07T23:08:57.301Z] Partner commissions loaded
[2025-12-07T23:08:57.301Z] Attempting to connect to MySQL...
[2025-12-07T23:08:57.305Z] MySQL connected successfully
[2025-12-07T23:08:57.306Z] Using date field in proper date format
[2025-12-07T23:08:57.309Z] Latest data through: Thu Dec 04 2025 00:00:00 GMT+0000 (Greenwich Mean Time), YTD through month 12
[2025-12-07T23:08:57.365Z] Revenue query returned 47 rows
[2025-12-07T23:08:57.366Z] Refunds query returned 6 rows
[2025-12-07T23:08:57.366Z] Escrow incoming returned 14 rows
[2025-12-07T23:08:57.366Z] Escrow refunds returned 8 rows
[2025-12-07T23:08:57.366Z] Refunds by month: [
  "2025-2: B2C = €-250.00",
  "2025-4: B2C = €-1585.11",
  "2025-8: B2C = €-250.00",
  "2025-9: B2B = €-3680.00",
  "2025-9: B2C = €-4260.00",
  "2025-10: B2C = €-5510.00"
]
[2025-12-07T23:09:57.292Z] Loading commissions from: /home/hub/public_html/fins/scripts/fidelo/data/cmsns-2025.json
[2025-12-07T23:09:57.293Z] Partner commissions loaded: {
  "10": 0,
  "11": 0,
  "12": 0,
  "01": 4124.2,
  "02": 8355,
  "03": 4660.8,
  "04": 3667.5,
  "05": 0,
  "06": 6982.5,
  "07": 4189.21,
  "08": 1275.76,
  "09": 855
}
[2025-12-07T23:09:57.293Z] Partner commissions loaded
[2025-12-07T23:09:57.293Z] Attempting to connect to MySQL...
[2025-12-07T23:09:57.298Z] MySQL connected successfully
[2025-12-07T23:09:57.298Z] Using date field in proper date format
[2025-12-07T23:09:57.300Z] Latest data through: Thu Dec 04 2025 00:00:00 GMT+0000 (Greenwich Mean Time), YTD through month 12
[2025-12-07T23:09:57.338Z] Revenue query returned 47 rows
[2025-12-07T23:09:57.338Z] Refunds query returned 6 rows
[2025-12-07T23:09:57.339Z] Escrow incoming returned 14 rows
[2025-12-07T23:09:57.339Z] Escrow refunds returned 8 rows
[2025-12-07T23:09:57.339Z] Refunds by month: [
  "2025-2: B2C = €-250.00",
  "2025-4: B2C = €-1585.11",
  "2025-8: B2C = €-250.00",
  "2025-9: B2B = €-3680.00",
  "2025-9: B2C = €-4260.00",
  "2025-10: B2C = €-5510.00"
]
[2025-12-07T23:10:57.274Z] Loading commissions from: /home/hub/public_html/fins/scripts/fidelo/data/cmsns-2025.json
[2025-12-07T23:10:57.274Z] Partner commissions loaded: {
  "10": 0,
  "11": 0,
  "12": 0,
  "01": 4124.2,
  "02": 8355,
  "03": 4660.8,
  "04": 3667.5,
  "05": 0,
  "06": 6982.5,
  "07": 4189.21,
  "08": 1275.76,
  "09": 855
}
[2025-12-07T23:10:57.275Z] Partner commissions loaded
[2025-12-07T23:10:57.275Z] Attempting to connect to MySQL...
[2025-12-07T23:10:57.282Z] MySQL connected successfully
[2025-12-07T23:10:57.283Z] Using date field in proper date format
[2025-12-07T23:10:57.287Z] Latest data through: Thu Dec 04 2025 00:00:00 GMT+0000 (Greenwich Mean Time), YTD through month 12
[2025-12-07T23:10:57.320Z] Revenue query returned 47 rows
[2025-12-07T23:10:57.320Z] Refunds query returned 6 rows
[2025-12-07T23:10:57.321Z] Escrow incoming returned 14 rows
[2025-12-07T23:10:57.321Z] Escrow refunds returned 8 rows
[2025-12-07T23:10:57.323Z] Refunds by month: [
  "2025-2: B2C = €-250.00",
  "2025-4: B2C = €-1585.11",
  "2025-8: B2C = €-250.00",
  "2025-9: B2B = €-3680.00",
  "2025-9: B2C = €-4260.00",
  "2025-10: B2C = €-5510.00"
]
[2025-12-07T23:11:57.297Z] Loading commissions from: /home/hub/public_html/fins/scripts/fidelo/data/cmsns-2025.json
[2025-12-07T23:11:57.298Z] Partner commissions loaded: {
  "10": 0,
  "11": 0,
  "12": 0,
  "01": 4124.2,
  "02": 8355,
  "03": 4660.8,
  "04": 3667.5,
  "05": 0,
  "06": 6982.5,
  "07": 4189.21,
  "08": 1275.76,
  "09": 855
}
[2025-12-07T23:11:57.298Z] Partner commissions loaded
[2025-12-07T23:11:57.298Z] Attempting to connect to MySQL...
[2025-12-07T23:11:57.305Z] MySQL connected successfully
[2025-12-07T23:11:57.305Z] Using date field in proper date format
[2025-12-07T23:11:57.307Z] Latest data through: Thu Dec 04 2025 00:00:00 GMT+0000 (Greenwich Mean Time), YTD through month 12
[2025-12-07T23:11:57.334Z] Revenue query returned 47 rows
[2025-12-07T23:11:57.335Z] Refunds query returned 6 rows
[2025-12-07T23:11:57.335Z] Escrow incoming returned 14 rows
[2025-12-07T23:11:57.335Z] Escrow refunds returned 8 rows
[2025-12-07T23:11:57.335Z] Refunds by month: [
  "2025-2: B2C = €-250.00",
  "2025-4: B2C = €-1585.11",
  "2025-8: B2C = €-250.00",
  "2025-9: B2B = €-3680.00",
  "2025-9: B2C = €-4260.00",
  "2025-10: B2C = €-5510.00"
]
[2025-12-07T23:12:57.300Z] Loading commissions from: /home/hub/public_html/fins/scripts/fidelo/data/cmsns-2025.json
[2025-12-07T23:12:57.301Z] Partner commissions loaded: {
  "10": 0,
  "11": 0,
  "12": 0,
  "01": 4124.2,
  "02": 8355,
  "03": 4660.8,
  "04": 3667.5,
  "05": 0,
  "06": 6982.5,
  "07": 4189.21,
  "08": 1275.76,
  "09": 855
}
[2025-12-07T23:12:57.301Z] Partner commissions loaded
[2025-12-07T23:12:57.301Z] Attempting to connect to MySQL...
[2025-12-07T23:12:57.305Z] MySQL connected successfully
[2025-12-07T23:12:57.305Z] Using date field in proper date format
[2025-12-07T23:12:57.308Z] Latest data through: Thu Dec 04 2025 00:00:00 GMT+0000 (Greenwich Mean Time), YTD through month 12
[2025-12-07T23:12:57.336Z] Revenue query returned 47 rows
[2025-12-07T23:12:57.338Z] Refunds query returned 6 rows
[2025-12-07T23:12:57.338Z] Escrow incoming returned 14 rows
[2025-12-07T23:12:57.339Z] Escrow refunds returned 8 rows
[2025-12-07T23:12:57.339Z] Refunds by month: [
  "2025-2: B2C = €-250.00",
  "2025-4: B2C = €-1585.11",
  "2025-8: B2C = €-250.00",
  "2025-9: B2B = €-3680.00",
  "2025-9: B2C = €-4260.00",
  "2025-10: B2C = €-5510.00"
]
[2025-12-07T23:13:58.294Z] Loading commissions from: /home/hub/public_html/fins/scripts/fidelo/data/cmsns-2025.json
[2025-12-07T23:13:58.294Z] Partner commissions loaded: {
  "10": 0,
  "11": 0,
  "12": 0,
  "01": 4124.2,
  "02": 8355,
  "03": 4660.8,
  "04": 3667.5,
  "05": 0,
  "06": 6982.5,
  "07": 4189.21,
  "08": 1275.76,
  "09": 855
}
[2025-12-07T23:13:58.294Z] Partner commissions loaded
[2025-12-07T23:13:58.294Z] Attempting to connect to MySQL...
[2025-12-07T23:13:58.309Z] MySQL connected successfully
[2025-12-07T23:13:58.309Z] Using date field in proper date format
[2025-12-07T23:13:58.313Z] Latest data through: Thu Dec 04 2025 00:00:00 GMT+0000 (Greenwich Mean Time), YTD through month 12
[2025-12-07T23:13:58.354Z] Revenue query returned 47 rows
[2025-12-07T23:13:58.355Z] Refunds query returned 6 rows
[2025-12-07T23:13:58.355Z] Escrow incoming returned 14 rows
[2025-12-07T23:13:58.355Z] Escrow refunds returned 8 rows
[2025-12-07T23:13:58.355Z] Refunds by month: [
  "2025-2: B2C = €-250.00",
  "2025-4: B2C = €-1585.11",
  "2025-8: B2C = €-250.00",
  "2025-9: B2B = €-3680.00",
  "2025-9: B2C = €-4260.00",
  "2025-10: B2C = €-5510.00"
]
[2025-12-07T23:14:57.293Z] Loading commissions from: /home/hub/public_html/fins/scripts/fidelo/data/cmsns-2025.json
[2025-12-07T23:14:57.294Z] Partner commissions loaded: {
  "10": 0,
  "11": 0,
  "12": 0,
  "01": 4124.2,
  "02": 8355,
  "03": 4660.8,
  "04": 3667.5,
  "05": 0,
  "06": 6982.5,
  "07": 4189.21,
  "08": 1275.76,
  "09": 855
}
[2025-12-07T23:14:57.294Z] Partner commissions loaded
[2025-12-07T23:14:57.296Z] Attempting to connect to MySQL...
[2025-12-07T23:14:57.300Z] MySQL connected successfully
[2025-12-07T23:14:57.300Z] Using date field in proper date format
[2025-12-07T23:14:57.303Z] Latest data through: Thu Dec 04 2025 00:00:00 GMT+0000 (Greenwich Mean Time), YTD through month 12
[2025-12-07T23:14:57.331Z] Revenue query returned 47 rows
[2025-12-07T23:14:57.331Z] Refunds query returned 6 rows
[2025-12-07T23:14:57.332Z] Escrow incoming returned 14 rows
[2025-12-07T23:14:57.332Z] Escrow refunds returned 8 rows
[2025-12-07T23:14:57.332Z] Refunds by month: [
  "2025-2: B2C = €-250.00",
  "2025-4: B2C = €-1585.11",
  "2025-8: B2C = €-250.00",
  "2025-9: B2B = €-3680.00",
  "2025-9: B2C = €-4260.00",
  "2025-10: B2C = €-5510.00"
]
[2025-12-07T23:15:57.299Z] Loading commissions from: /home/hub/public_html/fins/scripts/fidelo/data/cmsns-2025.json
[2025-12-07T23:15:57.299Z] Partner commissions loaded: {
  "10": 0,
  "11": 0,
  "12": 0,
  "01": 4124.2,
  "02": 8355,
  "03": 4660.8,
  "04": 3667.5,
  "05": 0,
  "06": 6982.5,
  "07": 4189.21,
  "08": 1275.76,
  "09": 855
}
[2025-12-07T23:15:57.300Z] Partner commissions loaded
[2025-12-07T23:15:57.300Z] Attempting to connect to MySQL...
[2025-12-07T23:15:57.303Z] MySQL connected successfully
[2025-12-07T23:15:57.303Z] Using date field in proper date format
[2025-12-07T23:15:57.305Z] Latest data through: Thu Dec 04 2025 00:00:00 GMT+0000 (Greenwich Mean Time), YTD through month 12
[2025-12-07T23:15:57.335Z] Revenue query returned 47 rows
[2025-12-07T23:15:57.335Z] Refunds query returned 6 rows
[2025-12-07T23:15:57.335Z] Escrow incoming returned 14 rows
[2025-12-07T23:15:57.336Z] Escrow refunds returned 8 rows
[2025-12-07T23:15:57.336Z] Refunds by month: [
  "2025-2: B2C = €-250.00",
  "2025-4: B2C = €-1585.11",
  "2025-8: B2C = €-250.00",
  "2025-9: B2B = €-3680.00",
  "2025-9: B2C = €-4260.00",
  "2025-10: B2C = €-5510.00"
]
[2025-12-07T23:16:57.306Z] Loading commissions from: /home/hub/public_html/fins/scripts/fidelo/data/cmsns-2025.json
[2025-12-07T23:16:57.307Z] Partner commissions loaded: {
  "10": 0,
  "11": 0,
  "12": 0,
  "01": 4124.2,
  "02": 8355,
  "03": 4660.8,
  "04": 3667.5,
  "05": 0,
  "06": 6982.5,
  "07": 4189.21,
  "08": 1275.76,
  "09": 855
}
[2025-12-07T23:16:57.307Z] Partner commissions loaded
[2025-12-07T23:16:57.309Z] Attempting to connect to MySQL...
[2025-12-07T23:16:57.314Z] MySQL connected successfully
[2025-12-07T23:16:57.315Z] Using date field in proper date format
[2025-12-07T23:16:57.317Z] Latest data through: Thu Dec 04 2025 00:00:00 GMT+0000 (Greenwich Mean Time), YTD through month 12
[2025-12-07T23:16:57.348Z] Revenue query returned 47 rows
[2025-12-07T23:16:57.348Z] Refunds query returned 6 rows
[2025-12-07T23:16:57.349Z] Escrow incoming returned 14 rows
[2025-12-07T23:16:57.349Z] Escrow refunds returned 8 rows
[2025-12-07T23:16:57.349Z] Refunds by month: [
  "2025-2: B2C = €-250.00",
  "2025-4: B2C = €-1585.11",
  "2025-8: B2C = €-250.00",
  "2025-9: B2B = €-3680.00",
  "2025-9: B2C = €-4260.00",
  "2025-10: B2C = €-5510.00"
]
[2025-12-07T23:17:57.325Z] Loading commissions from: /home/hub/public_html/fins/scripts/fidelo/data/cmsns-2025.json
[2025-12-07T23:17:57.325Z] Partner commissions loaded: {
  "10": 0,
  "11": 0,
  "12": 0,
  "01": 4124.2,
  "02": 8355,
  "03": 4660.8,
  "04": 3667.5,
  "05": 0,
  "06": 6982.5,
  "07": 4189.21,
  "08": 1275.76,
  "09": 855
}
[2025-12-07T23:17:57.326Z] Partner commissions loaded
[2025-12-07T23:17:57.327Z] Attempting to connect to MySQL...
[2025-12-07T23:17:57.331Z] MySQL connected successfully
[2025-12-07T23:17:57.332Z] Using date field in proper date format
[2025-12-07T23:17:57.335Z] Latest data through: Thu Dec 04 2025 00:00:00 GMT+0000 (Greenwich Mean Time), YTD through month 12
[2025-12-07T23:17:57.363Z] Revenue query returned 47 rows
[2025-12-07T23:17:57.363Z] Refunds query returned 6 rows
[2025-12-07T23:17:57.363Z] Escrow incoming returned 14 rows
[2025-12-07T23:17:57.363Z] Escrow refunds returned 8 rows
[2025-12-07T23:17:57.363Z] Refunds by month: [
  "2025-2: B2C = €-250.00",
  "2025-4: B2C = €-1585.11",
  "2025-8: B2C = €-250.00",
  "2025-9: B2B = €-3680.00",
  "2025-9: B2C = €-4260.00",
  "2025-10: B2C = €-5510.00"
]
[2025-12-07T23:18:57.284Z] Loading commissions from: /home/hub/public_html/fins/scripts/fidelo/data/cmsns-2025.json
[2025-12-07T23:18:57.285Z] Partner commissions loaded: {
  "10": 0,
  "11": 0,
  "12": 0,
  "01": 4124.2,
  "02": 8355,
  "03": 4660.8,
  "04": 3667.5,
  "05": 0,
  "06": 6982.5,
  "07": 4189.21,
  "08": 1275.76,
  "09": 855
}
[2025-12-07T23:18:57.285Z] Partner commissions loaded
[2025-12-07T23:18:57.285Z] Attempting to connect to MySQL...
[2025-12-07T23:18:57.288Z] MySQL connected successfully
[2025-12-07T23:18:57.288Z] Using date field in proper date format
[2025-12-07T23:18:57.291Z] Latest data through: Thu Dec 04 2025 00:00:00 GMT+0000 (Greenwich Mean Time), YTD through month 12
[2025-12-07T23:18:57.318Z] Revenue query returned 47 rows
[2025-12-07T23:18:57.318Z] Refunds query returned 6 rows
[2025-12-07T23:18:57.318Z] Escrow incoming returned 14 rows
[2025-12-07T23:18:57.318Z] Escrow refunds returned 8 rows
[2025-12-07T23:18:57.318Z] Refunds by month: [
  "2025-2: B2C = €-250.00",
  "2025-4: B2C = €-1585.11",
  "2025-8: B2C = €-250.00",
  "2025-9: B2B = €-3680.00",
  "2025-9: B2C = €-4260.00",
  "2025-10: B2C = €-5510.00"
]
[2025-12-07T23:19:57.290Z] Loading commissions from: /home/hub/public_html/fins/scripts/fidelo/data/cmsns-2025.json
[2025-12-07T23:19:57.291Z] Partner commissions loaded: {
  "10": 0,
  "11": 0,
  "12": 0,
  "01": 4124.2,
  "02": 8355,
  "03": 4660.8,
  "04": 3667.5,
  "05": 0,
  "06": 6982.5,
  "07": 4189.21,
  "08": 1275.76,
  "09": 855
}
[2025-12-07T23:19:57.291Z] Partner commissions loaded
[2025-12-07T23:19:57.293Z] Attempting to connect to MySQL...
[2025-12-07T23:19:57.297Z] MySQL connected successfully
[2025-12-07T23:19:57.297Z] Using date field in proper date format
[2025-12-07T23:19:57.300Z] Latest data through: Thu Dec 04 2025 00:00:00 GMT+0000 (Greenwich Mean Time), YTD through month 12
[2025-12-07T23:19:57.331Z] Revenue query returned 47 rows
[2025-12-07T23:19:57.331Z] Refunds query returned 6 rows
[2025-12-07T23:19:57.331Z] Escrow incoming returned 14 rows
[2025-12-07T23:19:57.331Z] Escrow refunds returned 8 rows
[2025-12-07T23:19:57.332Z] Refunds by month: [
  "2025-2: B2C = €-250.00",
  "2025-4: B2C = €-1585.11",
  "2025-8: B2C = €-250.00",
  "2025-9: B2B = €-3680.00",
  "2025-9: B2C = €-4260.00",
  "2025-10: B2C = €-5510.00"
]
[2025-12-07T23:20:57.279Z] Loading commissions from: /home/hub/public_html/fins/scripts/fidelo/data/cmsns-2025.json
[2025-12-07T23:20:57.279Z] Partner commissions loaded: {
  "10": 0,
  "11": 0,
  "12": 0,
  "01": 4124.2,
  "02": 8355,
  "03": 4660.8,
  "04": 3667.5,
  "05": 0,
  "06": 6982.5,
  "07": 4189.21,
  "08": 1275.76,
  "09": 855
}
[2025-12-07T23:20:57.279Z] Partner commissions loaded
[2025-12-07T23:20:57.279Z] Attempting to connect to MySQL...
[2025-12-07T23:20:57.283Z] MySQL connected successfully
[2025-12-07T23:20:57.283Z] Using date field in proper date format
[2025-12-07T23:20:57.285Z] Latest data through: Thu Dec 04 2025 00:00:00 GMT+0000 (Greenwich Mean Time), YTD through month 12
[2025-12-07T23:20:57.312Z] Revenue query returned 47 rows
[2025-12-07T23:20:57.312Z] Refunds query returned 6 rows
[2025-12-07T23:20:57.313Z] Escrow incoming returned 14 rows
[2025-12-07T23:20:57.313Z] Escrow refunds returned 8 rows
[2025-12-07T23:20:57.313Z] Refunds by month: [
  "2025-2: B2C = €-250.00",
  "2025-4: B2C = €-1585.11",
  "2025-8: B2C = €-250.00",
  "2025-9: B2B = €-3680.00",
  "2025-9: B2C = €-4260.00",
  "2025-10: B2C = €-5510.00"
]
[2025-12-07T23:21:57.289Z] Loading commissions from: /home/hub/public_html/fins/scripts/fidelo/data/cmsns-2025.json
[2025-12-07T23:21:57.290Z] Partner commissions loaded: {
  "10": 0,
  "11": 0,
  "12": 0,
  "01": 4124.2,
  "02": 8355,
  "03": 4660.8,
  "04": 3667.5,
  "05": 0,
  "06": 6982.5,
  "07": 4189.21,
  "08": 1275.76,
  "09": 855
}
[2025-12-07T23:21:57.293Z] Partner commissions loaded
[2025-12-07T23:21:57.293Z] Attempting to connect to MySQL...
[2025-12-07T23:21:57.300Z] MySQL connected successfully
[2025-12-07T23:21:57.301Z] Using date field in proper date format
[2025-12-07T23:21:57.303Z] Latest data through: Thu Dec 04 2025 00:00:00 GMT+0000 (Greenwich Mean Time), YTD through month 12
[2025-12-07T23:21:57.330Z] Revenue query returned 47 rows
[2025-12-07T23:21:57.330Z] Refunds query returned 6 rows
[2025-12-07T23:21:57.330Z] Escrow incoming returned 14 rows
[2025-12-07T23:21:57.330Z] Escrow refunds returned 8 rows
[2025-12-07T23:21:57.331Z] Refunds by month: [
  "2025-2: B2C = €-250.00",
  "2025-4: B2C = €-1585.11",
  "2025-8: B2C = €-250.00",
  "2025-9: B2B = €-3680.00",
  "2025-9: B2C = €-4260.00",
  "2025-10: B2C = €-5510.00"
]
[2025-12-07T23:22:57.303Z] Loading commissions from: /home/hub/public_html/fins/scripts/fidelo/data/cmsns-2025.json
[2025-12-07T23:22:57.303Z] Partner commissions loaded: {
  "10": 0,
  "11": 0,
  "12": 0,
  "01": 4124.2,
  "02": 8355,
  "03": 4660.8,
  "04": 3667.5,
  "05": 0,
  "06": 6982.5,
  "07": 4189.21,
  "08": 1275.76,
  "09": 855
}
[2025-12-07T23:22:57.303Z] Partner commissions loaded
[2025-12-07T23:22:57.304Z] Attempting to connect to MySQL...
[2025-12-07T23:22:57.309Z] MySQL connected successfully
[2025-12-07T23:22:57.309Z] Using date field in proper date format
[2025-12-07T23:22:57.313Z] Latest data through: Thu Dec 04 2025 00:00:00 GMT+0000 (Greenwich Mean Time), YTD through month 12
[2025-12-07T23:22:57.349Z] Revenue query returned 47 rows
[2025-12-07T23:22:57.349Z] Refunds query returned 6 rows
[2025-12-07T23:22:57.350Z] Escrow incoming returned 14 rows
[2025-12-07T23:22:57.350Z] Escrow refunds returned 8 rows
[2025-12-07T23:22:57.350Z] Refunds by month: [
  "2025-2: B2C = €-250.00",
  "2025-4: B2C = €-1585.11",
  "2025-8: B2C = €-250.00",
  "2025-9: B2B = €-3680.00",
  "2025-9: B2C = €-4260.00",
  "2025-10: B2C = €-5510.00"
]
[2025-12-07T23:23:57.282Z] Loading commissions from: /home/hub/public_html/fins/scripts/fidelo/data/cmsns-2025.json
[2025-12-07T23:23:57.283Z] Partner commissions loaded: {
  "10": 0,
  "11": 0,
  "12": 0,
  "01": 4124.2,
  "02": 8355,
  "03": 4660.8,
  "04": 3667.5,
  "05": 0,
  "06": 6982.5,
  "07": 4189.21,
  "08": 1275.76,
  "09": 855
}
[2025-12-07T23:23:57.283Z] Partner commissions loaded
[2025-12-07T23:23:57.287Z] Attempting to connect to MySQL...
[2025-12-07T23:23:57.293Z] MySQL connected successfully
[2025-12-07T23:23:57.294Z] Using date field in proper date format
[2025-12-07T23:23:57.296Z] Latest data through: Thu Dec 04 2025 00:00:00 GMT+0000 (Greenwich Mean Time), YTD through month 12
[2025-12-07T23:23:57.332Z] Revenue query returned 47 rows
[2025-12-07T23:23:57.333Z] Refunds query returned 6 rows
[2025-12-07T23:23:57.333Z] Escrow incoming returned 14 rows
[2025-12-07T23:23:57.333Z] Escrow refunds returned 8 rows
[2025-12-07T23:23:57.333Z] Refunds by month: [
  "2025-2: B2C = €-250.00",
  "2025-4: B2C = €-1585.11",
  "2025-8: B2C = €-250.00",
  "2025-9: B2B = €-3680.00",
  "2025-9: B2C = €-4260.00",
  "2025-10: B2C = €-5510.00"
]
[2025-12-07T23:24:57.294Z] Loading commissions from: /home/hub/public_html/fins/scripts/fidelo/data/cmsns-2025.json
[2025-12-07T23:24:57.295Z] Partner commissions loaded: {
  "10": 0,
  "11": 0,
  "12": 0,
  "01": 4124.2,
  "02": 8355,
  "03": 4660.8,
  "04": 3667.5,
  "05": 0,
  "06": 6982.5,
  "07": 4189.21,
  "08": 1275.76,
  "09": 855
}
[2025-12-07T23:24:57.295Z] Partner commissions loaded
[2025-12-07T23:24:57.297Z] Attempting to connect to MySQL...
[2025-12-07T23:24:57.300Z] MySQL connected successfully
[2025-12-07T23:24:57.301Z] Using date field in proper date format
[2025-12-07T23:24:57.305Z] Latest data through: Thu Dec 04 2025 00:00:00 GMT+0000 (Greenwich Mean Time), YTD through month 12
[2025-12-07T23:24:57.353Z] Revenue query returned 47 rows
[2025-12-07T23:24:57.353Z] Refunds query returned 6 rows
[2025-12-07T23:24:57.353Z] Escrow incoming returned 14 rows
[2025-12-07T23:24:57.353Z] Escrow refunds returned 8 rows
[2025-12-07T23:24:57.354Z] Refunds by month: [
  "2025-2: B2C = €-250.00",
  "2025-4: B2C = €-1585.11",
  "2025-8: B2C = €-250.00",
  "2025-9: B2B = €-3680.00",
  "2025-9: B2C = €-4260.00",
  "2025-10: B2C = €-5510.00"
]
[2025-12-07T23:25:57.287Z] Loading commissions from: /home/hub/public_html/fins/scripts/fidelo/data/cmsns-2025.json
[2025-12-07T23:25:57.288Z] Partner commissions loaded: {
  "10": 0,
  "11": 0,
  "12": 0,
  "01": 4124.2,
  "02": 8355,
  "03": 4660.8,
  "04": 3667.5,
  "05": 0,
  "06": 6982.5,
  "07": 4189.21,
  "08": 1275.76,
  "09": 855
}
[2025-12-07T23:25:57.288Z] Partner commissions loaded
[2025-12-07T23:25:57.288Z] Attempting to connect to MySQL...
[2025-12-07T23:25:57.294Z] MySQL connected successfully
[2025-12-07T23:25:57.294Z] Using date field in proper date format
[2025-12-07T23:25:57.297Z] Latest data through: Thu Dec 04 2025 00:00:00 GMT+0000 (Greenwich Mean Time), YTD through month 12
[2025-12-07T23:25:57.328Z] Revenue query returned 47 rows
[2025-12-07T23:25:57.328Z] Refunds query returned 6 rows
[2025-12-07T23:25:57.328Z] Escrow incoming returned 14 rows
[2025-12-07T23:25:57.329Z] Escrow refunds returned 8 rows
[2025-12-07T23:25:57.329Z] Refunds by month: [
  "2025-2: B2C = €-250.00",
  "2025-4: B2C = €-1585.11",
  "2025-8: B2C = €-250.00",
  "2025-9: B2B = €-3680.00",
  "2025-9: B2C = €-4260.00",
  "2025-10: B2C = €-5510.00"
]
[2025-12-07T23:26:57.290Z] Loading commissions from: /home/hub/public_html/fins/scripts/fidelo/data/cmsns-2025.json
[2025-12-07T23:26:57.291Z] Partner commissions loaded: {
  "10": 0,
  "11": 0,
  "12": 0,
  "01": 4124.2,
  "02": 8355,
  "03": 4660.8,
  "04": 3667.5,
  "05": 0,
  "06": 6982.5,
  "07": 4189.21,
  "08": 1275.76,
  "09": 855
}
[2025-12-07T23:26:57.291Z] Partner commissions loaded
[2025-12-07T23:26:57.291Z] Attempting to connect to MySQL...
[2025-12-07T23:26:57.295Z] MySQL connected successfully
[2025-12-07T23:26:57.295Z] Using date field in proper date format
[2025-12-07T23:26:57.298Z] Latest data through: Thu Dec 04 2025 00:00:00 GMT+0000 (Greenwich Mean Time), YTD through month 12
[2025-12-07T23:26:57.325Z] Revenue query returned 47 rows
[2025-12-07T23:26:57.325Z] Refunds query returned 6 rows
[2025-12-07T23:26:57.326Z] Escrow incoming returned 14 rows
[2025-12-07T23:26:57.326Z] Escrow refunds returned 8 rows
[2025-12-07T23:26:57.326Z] Refunds by month: [
  "2025-2: B2C = €-250.00",
  "2025-4: B2C = €-1585.11",
  "2025-8: B2C = €-250.00",
  "2025-9: B2B = €-3680.00",
  "2025-9: B2C = €-4260.00",
  "2025-10: B2C = €-5510.00"
]
[2025-12-07T23:27:58.295Z] Loading commissions from: /home/hub/public_html/fins/scripts/fidelo/data/cmsns-2025.json
[2025-12-07T23:27:58.296Z] Partner commissions loaded: {
  "10": 0,
  "11": 0,
  "12": 0,
  "01": 4124.2,
  "02": 8355,
  "03": 4660.8,
  "04": 3667.5,
  "05": 0,
  "06": 6982.5,
  "07": 4189.21,
  "08": 1275.76,
  "09": 855
}
[2025-12-07T23:27:58.296Z] Partner commissions loaded
[2025-12-07T23:27:58.296Z] Attempting to connect to MySQL...
[2025-12-07T23:27:58.299Z] MySQL connected successfully
[2025-12-07T23:27:58.299Z] Using date field in proper date format
[2025-12-07T23:27:58.302Z] Latest data through: Thu Dec 04 2025 00:00:00 GMT+0000 (Greenwich Mean Time), YTD through month 12
[2025-12-07T23:27:58.340Z] Revenue query returned 47 rows
[2025-12-07T23:27:58.340Z] Refunds query returned 6 rows
[2025-12-07T23:27:58.340Z] Escrow incoming returned 14 rows
[2025-12-07T23:27:58.341Z] Escrow refunds returned 8 rows
[2025-12-07T23:27:58.341Z] Refunds by month: [
  "2025-2: B2C = €-250.00",
  "2025-4: B2C = €-1585.11",
  "2025-8: B2C = €-250.00",
  "2025-9: B2B = €-3680.00",
  "2025-9: B2C = €-4260.00",
  "2025-10: B2C = €-5510.00"
]
[2025-12-07T23:28:57.294Z] Loading commissions from: /home/hub/public_html/fins/scripts/fidelo/data/cmsns-2025.json
[2025-12-07T23:28:57.294Z] Partner commissions loaded: {
  "10": 0,
  "11": 0,
  "12": 0,
  "01": 4124.2,
  "02": 8355,
  "03": 4660.8,
  "04": 3667.5,
  "05": 0,
  "06": 6982.5,
  "07": 4189.21,
  "08": 1275.76,
  "09": 855
}
[2025-12-07T23:28:57.295Z] Partner commissions loaded
[2025-12-07T23:28:57.295Z] Attempting to connect to MySQL...
[2025-12-07T23:28:57.300Z] MySQL connected successfully
[2025-12-07T23:28:57.301Z] Using date field in proper date format
[2025-12-07T23:28:57.303Z] Latest data through: Thu Dec 04 2025 00:00:00 GMT+0000 (Greenwich Mean Time), YTD through month 12
[2025-12-07T23:28:57.332Z] Revenue query returned 47 rows
[2025-12-07T23:28:57.332Z] Refunds query returned 6 rows
[2025-12-07T23:28:57.332Z] Escrow incoming returned 14 rows
[2025-12-07T23:28:57.333Z] Escrow refunds returned 8 rows
[2025-12-07T23:28:57.333Z] Refunds by month: [
  "2025-2: B2C = €-250.00",
  "2025-4: B2C = €-1585.11",
  "2025-8: B2C = €-250.00",
  "2025-9: B2B = €-3680.00",
  "2025-9: B2C = €-4260.00",
  "2025-10: B2C = €-5510.00"
]
[2025-12-08T12:27:28.107Z] Logger initialized - logging to gads.log with auto-rotation at 5000 lines
[2025-12-08T12:27:31.051Z] Fins app started under Phusion Passenger
[2025-12-08T12:27:31.092Z] Loading commissions from: /home/hub/public_html/fins/scripts/fidelo/data/cmsns-2025.json
[2025-12-08T12:27:31.094Z] Partner commissions loaded: {
  "10": 0,
  "11": 0,
  "12": 0,
  "01": 4124.2,
  "02": 8355,
  "03": 4660.8,
  "04": 3667.5,
  "05": 0,
  "06": 6982.5,
  "07": 4189.21,
  "08": 1275.76,
  "09": 855
}
[2025-12-08T12:27:31.099Z] Partner commissions loaded
[2025-12-08T12:27:31.099Z] Attempting to connect to MySQL...
[2025-12-08T12:27:31.141Z] MySQL connected successfully
[2025-12-08T12:27:31.141Z] Using date field in proper date format
[2025-12-08T12:27:31.154Z] Latest data through: Thu Dec 04 2025 00:00:00 GMT+0000 (Greenwich Mean Time), YTD through month 12
[2025-12-08T12:27:31.203Z] Revenue query returned 47 rows
[2025-12-08T12:27:31.204Z] Refunds query returned 6 rows
[2025-12-08T12:27:31.204Z] Escrow incoming returned 14 rows
[2025-12-08T12:27:31.204Z] Escrow refunds returned 8 rows
[2025-12-08T12:27:31.204Z] Refunds by month: [
  "2025-2: B2C = €-250.00",
  "2025-4: B2C = €-1585.11",
  "2025-8: B2C = €-250.00",
  "2025-9: B2B = €-3680.00",
  "2025-9: B2C = €-4260.00",
  "2025-10: B2C = €-5510.00"
]
[2025-12-08T12:28:26.849Z] Loading commissions from: /home/hub/public_html/fins/scripts/fidelo/data/cmsns-2025.json
[2025-12-08T12:28:26.849Z] Partner commissions loaded: {
  "10": 0,
  "11": 0,
  "12": 0,
  "01": 4124.2,
  "02": 8355,
  "03": 4660.8,
  "04": 3667.5,
  "05": 0,
  "06": 6982.5,
  "07": 4189.21,
  "08": 1275.76,
  "09": 855
}
[2025-12-08T12:28:26.850Z] Partner commissions loaded
[2025-12-08T12:28:26.850Z] Attempting to connect to MySQL...
[2025-12-08T12:28:26.856Z] MySQL connected successfully
[2025-12-08T12:28:26.856Z] Using date field in proper date format
[2025-12-08T12:28:26.861Z] Latest data through: Thu Dec 04 2025 00:00:00 GMT+0000 (Greenwich Mean Time), YTD through month 12
[2025-12-08T12:28:26.896Z] Revenue query returned 47 rows
[2025-12-08T12:28:26.896Z] Refunds query returned 6 rows
[2025-12-08T12:28:26.896Z] Escrow incoming returned 14 rows
[2025-12-08T12:28:26.897Z] Escrow refunds returned 8 rows
[2025-12-08T12:28:26.897Z] Refunds by month: [
  "2025-2: B2C = €-250.00",
  "2025-4: B2C = €-1585.11",
  "2025-8: B2C = €-250.00",
  "2025-9: B2B = €-3680.00",
  "2025-9: B2C = €-4260.00",
  "2025-10: B2C = €-5510.00"
]
[2025-12-08T12:29:27.263Z] Loading commissions from: /home/hub/public_html/fins/scripts/fidelo/data/cmsns-2025.json
[2025-12-08T12:29:27.264Z] Partner commissions loaded: {
  "10": 0,
  "11": 0,
  "12": 0,
  "01": 4124.2,
  "02": 8355,
  "03": 4660.8,
  "04": 3667.5,
  "05": 0,
  "06": 6982.5,
  "07": 4189.21,
  "08": 1275.76,
  "09": 855
}
[2025-12-08T12:29:27.265Z] Partner commissions loaded
[2025-12-08T12:29:27.267Z] Attempting to connect to MySQL...
[2025-12-08T12:29:27.272Z] MySQL connected successfully
[2025-12-08T12:29:27.273Z] Using date field in proper date format
[2025-12-08T12:29:27.277Z] Latest data through: Thu Dec 04 2025 00:00:00 GMT+0000 (Greenwich Mean Time), YTD through month 12
[2025-12-08T12:29:27.317Z] Revenue query returned 47 rows
[2025-12-08T12:29:27.318Z] Refunds query returned 6 rows
[2025-12-08T12:29:27.318Z] Escrow incoming returned 14 rows
[2025-12-08T12:29:27.318Z] Escrow refunds returned 8 rows
[2025-12-08T12:29:27.319Z] Refunds by month: [
  "2025-2: B2C = €-250.00",
  "2025-4: B2C = €-1585.11",
  "2025-8: B2C = €-250.00",
  "2025-9: B2B = €-3680.00",
  "2025-9: B2C = €-4260.00",
  "2025-10: B2C = €-5510.00"
]
[2025-12-08T12:30:27.260Z] Loading commissions from: /home/hub/public_html/fins/scripts/fidelo/data/cmsns-2025.json
[2025-12-08T12:30:27.260Z] Partner commissions loaded: {
  "10": 0,
  "11": 0,
  "12": 0,
  "01": 4124.2,
  "02": 8355,
  "03": 4660.8,
  "04": 3667.5,
  "05": 0,
  "06": 6982.5,
  "07": 4189.21,
  "08": 1275.76,
  "09": 855
}
[2025-12-08T12:30:27.261Z] Partner commissions loaded
[2025-12-08T12:30:27.261Z] Attempting to connect to MySQL...
[2025-12-08T12:30:27.269Z] MySQL connected successfully
[2025-12-08T12:30:27.269Z] Using date field in proper date format
[2025-12-08T12:30:27.278Z] Latest data through: Thu Dec 04 2025 00:00:00 GMT+0000 (Greenwich Mean Time), YTD through month 12
[2025-12-08T12:30:27.329Z] Revenue query returned 47 rows
[2025-12-08T12:30:27.329Z] Refunds query returned 6 rows
[2025-12-08T12:30:27.330Z] Escrow incoming returned 14 rows
[2025-12-08T12:30:27.331Z] Escrow refunds returned 8 rows
[2025-12-08T12:30:27.331Z] Refunds by month: [
  "2025-2: B2C = €-250.00",
  "2025-4: B2C = €-1585.11",
  "2025-8: B2C = €-250.00",
  "2025-9: B2B = €-3680.00",
  "2025-9: B2C = €-4260.00",
  "2025-10: B2C = €-5510.00"
]
[2025-12-08T12:31:27.274Z] Loading commissions from: /home/hub/public_html/fins/scripts/fidelo/data/cmsns-2025.json
[2025-12-08T12:31:27.275Z] Partner commissions loaded: {
  "10": 0,
  "11": 0,
  "12": 0,
  "01": 4124.2,
  "02": 8355,
  "03": 4660.8,
  "04": 3667.5,
  "05": 0,
  "06": 6982.5,
  "07": 4189.21,
  "08": 1275.76,
  "09": 855
}
[2025-12-08T12:31:27.275Z] Partner commissions loaded
[2025-12-08T12:31:27.277Z] Attempting to connect to MySQL...
[2025-12-08T12:31:27.299Z] MySQL connected successfully
[2025-12-08T12:31:27.299Z] Using date field in proper date format
[2025-12-08T12:31:27.303Z] Latest data through: Thu Dec 04 2025 00:00:00 GMT+0000 (Greenwich Mean Time), YTD through month 12
[2025-12-08T12:31:27.374Z] Revenue query returned 47 rows
[2025-12-08T12:31:27.374Z] Refunds query returned 6 rows
[2025-12-08T12:31:27.375Z] Escrow incoming returned 14 rows
[2025-12-08T12:31:27.375Z] Escrow refunds returned 8 rows
[2025-12-08T12:31:27.376Z] Refunds by month: [
  "2025-2: B2C = €-250.00",
  "2025-4: B2C = €-1585.11",
  "2025-8: B2C = €-250.00",
  "2025-9: B2B = €-3680.00",
  "2025-9: B2C = €-4260.00",
  "2025-10: B2C = €-5510.00"
]
[2025-12-08T12:32:27.257Z] Loading commissions from: /home/hub/public_html/fins/scripts/fidelo/data/cmsns-2025.json
[2025-12-08T12:32:27.258Z] Partner commissions loaded: {
  "10": 0,
  "11": 0,
  "12": 0,
  "01": 4124.2,
  "02": 8355,
  "03": 4660.8,
  "04": 3667.5,
  "05": 0,
  "06": 6982.5,
  "07": 4189.21,
  "08": 1275.76,
  "09": 855
}
[2025-12-08T12:32:27.258Z] Partner commissions loaded
[2025-12-08T12:32:27.259Z] Attempting to connect to MySQL...
[2025-12-08T12:32:27.264Z] MySQL connected successfully
[2025-12-08T12:32:27.265Z] Using date field in proper date format
[2025-12-08T12:32:27.267Z] Latest data through: Thu Dec 04 2025 00:00:00 GMT+0000 (Greenwich Mean Time), YTD through month 12
[2025-12-08T12:32:27.294Z] Revenue query returned 47 rows
[2025-12-08T12:32:27.294Z] Refunds query returned 6 rows
[2025-12-08T12:32:27.294Z] Escrow incoming returned 14 rows
[2025-12-08T12:32:27.295Z] Escrow refunds returned 8 rows
[2025-12-08T12:32:27.295Z] Refunds by month: [
  "2025-2: B2C = €-250.00",
  "2025-4: B2C = €-1585.11",
  "2025-8: B2C = €-250.00",
  "2025-9: B2B = €-3680.00",
  "2025-9: B2C = €-4260.00",
  "2025-10: B2C = €-5510.00"
]
[2025-12-08T12:33:27.254Z] Loading commissions from: /home/hub/public_html/fins/scripts/fidelo/data/cmsns-2025.json
[2025-12-08T12:33:27.255Z] Partner commissions loaded: {
  "10": 0,
  "11": 0,
  "12": 0,
  "01": 4124.2,
  "02": 8355,
  "03": 4660.8,
  "04": 3667.5,
  "05": 0,
  "06": 6982.5,
  "07": 4189.21,
  "08": 1275.76,
  "09": 855
}
[2025-12-08T12:33:27.255Z] Partner commissions loaded
[2025-12-08T12:33:27.256Z] Attempting to connect to MySQL...
[2025-12-08T12:33:27.262Z] MySQL connected successfully
[2025-12-08T12:33:27.262Z] Using date field in proper date format
[2025-12-08T12:33:27.265Z] Latest data through: Thu Dec 04 2025 00:00:00 GMT+0000 (Greenwich Mean Time), YTD through month 12
[2025-12-08T12:33:27.306Z] Revenue query returned 47 rows
[2025-12-08T12:33:27.306Z] Refunds query returned 6 rows
[2025-12-08T12:33:27.307Z] Escrow incoming returned 14 rows
[2025-12-08T12:33:27.307Z] Escrow refunds returned 8 rows
[2025-12-08T12:33:27.307Z] Refunds by month: [
  "2025-2: B2C = €-250.00",
  "2025-4: B2C = €-1585.11",
  "2025-8: B2C = €-250.00",
  "2025-9: B2B = €-3680.00",
  "2025-9: B2C = €-4260.00",
  "2025-10: B2C = €-5510.00"
]
[2025-12-08T12:34:27.260Z] Loading commissions from: /home/hub/public_html/fins/scripts/fidelo/data/cmsns-2025.json
[2025-12-08T12:34:27.261Z] Partner commissions loaded: {
  "10": 0,
  "11": 0,
  "12": 0,
  "01": 4124.2,
  "02": 8355,
  "03": 4660.8,
  "04": 3667.5,
  "05": 0,
  "06": 6982.5,
  "07": 4189.21,
  "08": 1275.76,
  "09": 855
}
[2025-12-08T12:34:27.261Z] Partner commissions loaded
[2025-12-08T12:34:27.261Z] Attempting to connect to MySQL...
[2025-12-08T12:34:27.266Z] MySQL connected successfully
[2025-12-08T12:34:27.266Z] Using date field in proper date format
[2025-12-08T12:34:27.268Z] Latest data through: Thu Dec 04 2025 00:00:00 GMT+0000 (Greenwich Mean Time), YTD through month 12
[2025-12-08T12:34:27.305Z] Revenue query returned 47 rows
[2025-12-08T12:34:27.306Z] Refunds query returned 6 rows
[2025-12-08T12:34:27.306Z] Escrow incoming returned 14 rows
[2025-12-08T12:34:27.306Z] Escrow refunds returned 8 rows
[2025-12-08T12:34:27.306Z] Refunds by month: [
  "2025-2: B2C = €-250.00",
  "2025-4: B2C = €-1585.11",
  "2025-8: B2C = €-250.00",
  "2025-9: B2B = €-3680.00",
  "2025-9: B2C = €-4260.00",
  "2025-10: B2C = €-5510.00"
]
[2025-12-08T12:35:28.276Z] Loading commissions from: /home/hub/public_html/fins/scripts/fidelo/data/cmsns-2025.json
[2025-12-08T12:35:28.276Z] Partner commissions loaded: {
  "10": 0,
  "11": 0,
  "12": 0,
  "01": 4124.2,
  "02": 8355,
  "03": 4660.8,
  "04": 3667.5,
  "05": 0,
  "06": 6982.5,
  "07": 4189.21,
  "08": 1275.76,
  "09": 855
}
[2025-12-08T12:35:28.277Z] Partner commissions loaded
[2025-12-08T12:35:28.277Z] Attempting to connect to MySQL...
[2025-12-08T12:35:28.283Z] MySQL connected successfully
[2025-12-08T12:35:28.283Z] Using date field in proper date format
[2025-12-08T12:35:28.288Z] Latest data through: Thu Dec 04 2025 00:00:00 GMT+0000 (Greenwich Mean Time), YTD through month 12
[2025-12-08T12:35:28.337Z] Revenue query returned 47 rows
[2025-12-08T12:35:28.337Z] Refunds query returned 6 rows
[2025-12-08T12:35:28.337Z] Escrow incoming returned 14 rows
[2025-12-08T12:35:28.337Z] Escrow refunds returned 8 rows
[2025-12-08T12:35:28.337Z] Refunds by month: [
  "2025-2: B2C = €-250.00",
  "2025-4: B2C = €-1585.11",
  "2025-8: B2C = €-250.00",
  "2025-9: B2B = €-3680.00",
  "2025-9: B2C = €-4260.00",
  "2025-10: B2C = €-5510.00"
]
[2025-12-08T12:36:29.279Z] Loading commissions from: /home/hub/public_html/fins/scripts/fidelo/data/cmsns-2025.json
[2025-12-08T12:36:29.280Z] Partner commissions loaded: {
  "10": 0,
  "11": 0,
  "12": 0,
  "01": 4124.2,
  "02": 8355,
  "03": 4660.8,
  "04": 3667.5,
  "05": 0,
  "06": 6982.5,
  "07": 4189.21,
  "08": 1275.76,
  "09": 855
}
[2025-12-08T12:36:29.280Z] Partner commissions loaded
[2025-12-08T12:36:29.281Z] Attempting to connect to MySQL...
[2025-12-08T12:36:29.286Z] MySQL connected successfully
[2025-12-08T12:36:29.286Z] Using date field in proper date format
[2025-12-08T12:36:29.289Z] Latest data through: Thu Dec 04 2025 00:00:00 GMT+0000 (Greenwich Mean Time), YTD through month 12
[2025-12-08T12:36:29.323Z] Revenue query returned 47 rows
[2025-12-08T12:36:29.323Z] Refunds query returned 6 rows
[2025-12-08T12:36:29.323Z] Escrow incoming returned 14 rows
[2025-12-08T12:36:29.323Z] Escrow refunds returned 8 rows
[2025-12-08T12:36:29.323Z] Refunds by month: [
  "2025-2: B2C = €-250.00",
  "2025-4: B2C = €-1585.11",
  "2025-8: B2C = €-250.00",
  "2025-9: B2B = €-3680.00",
  "2025-9: B2C = €-4260.00",
  "2025-10: B2C = €-5510.00"
]
[2025-12-08T12:37:30.268Z] Loading commissions from: /home/hub/public_html/fins/scripts/fidelo/data/cmsns-2025.json
[2025-12-08T12:37:30.268Z] Partner commissions loaded: {
  "10": 0,
  "11": 0,
  "12": 0,
  "01": 4124.2,
  "02": 8355,
  "03": 4660.8,
  "04": 3667.5,
  "05": 0,
  "06": 6982.5,
  "07": 4189.21,
  "08": 1275.76,
  "09": 855
}
[2025-12-08T12:37:30.273Z] Partner commissions loaded
[2025-12-08T12:37:30.274Z] Attempting to connect to MySQL...
[2025-12-08T12:37:30.278Z] MySQL connected successfully
[2025-12-08T12:37:30.278Z] Using date field in proper date format
[2025-12-08T12:37:30.280Z] Latest data through: Thu Dec 04 2025 00:00:00 GMT+0000 (Greenwich Mean Time), YTD through month 12
[2025-12-08T12:37:30.310Z] Revenue query returned 47 rows
[2025-12-08T12:37:30.311Z] Refunds query returned 6 rows
[2025-12-08T12:37:30.311Z] Escrow incoming returned 14 rows
[2025-12-08T12:37:30.311Z] Escrow refunds returned 8 rows
[2025-12-08T12:37:30.311Z] Refunds by month: [
  "2025-2: B2C = €-250.00",
  "2025-4: B2C = €-1585.11",
  "2025-8: B2C = €-250.00",
  "2025-9: B2B = €-3680.00",
  "2025-9: B2C = €-4260.00",
  "2025-10: B2C = €-5510.00"
]
[2025-12-08T12:38:31.254Z] Loading commissions from: /home/hub/public_html/fins/scripts/fidelo/data/cmsns-2025.json
[2025-12-08T12:38:31.255Z] Partner commissions loaded: {
  "10": 0,
  "11": 0,
  "12": 0,
  "01": 4124.2,
  "02": 8355,
  "03": 4660.8,
  "04": 3667.5,
  "05": 0,
  "06": 6982.5,
  "07": 4189.21,
  "08": 1275.76,
  "09": 855
}
[2025-12-08T12:38:31.255Z] Partner commissions loaded
[2025-12-08T12:38:31.256Z] Attempting to connect to MySQL...
[2025-12-08T12:38:31.262Z] MySQL connected successfully
[2025-12-08T12:38:31.262Z] Using date field in proper date format
[2025-12-08T12:38:31.267Z] Latest data through: Thu Dec 04 2025 00:00:00 GMT+0000 (Greenwich Mean Time), YTD through month 12
[2025-12-08T12:38:31.305Z] Revenue query returned 47 rows
[2025-12-08T12:38:31.306Z] Refunds query returned 6 rows
[2025-12-08T12:38:31.307Z] Escrow incoming returned 14 rows
[2025-12-08T12:38:31.307Z] Escrow refunds returned 8 rows
[2025-12-08T12:38:31.307Z] Refunds by month: [
  "2025-2: B2C = €-250.00",
  "2025-4: B2C = €-1585.11",
  "2025-8: B2C = €-250.00",
  "2025-9: B2B = €-3680.00",
  "2025-9: B2C = €-4260.00",
  "2025-10: B2C = €-5510.00"
]
[2025-12-08T12:39:32.261Z] Loading commissions from: /home/hub/public_html/fins/scripts/fidelo/data/cmsns-2025.json
[2025-12-08T12:39:32.261Z] Partner commissions loaded: {
  "10": 0,
  "11": 0,
  "12": 0,
  "01": 4124.2,
  "02": 8355,
  "03": 4660.8,
  "04": 3667.5,
  "05": 0,
  "06": 6982.5,
  "07": 4189.21,
  "08": 1275.76,
  "09": 855
}
[2025-12-08T12:39:32.262Z] Partner commissions loaded
[2025-12-08T12:39:32.262Z] Attempting to connect to MySQL...
[2025-12-08T12:39:32.267Z] MySQL connected successfully
[2025-12-08T12:39:32.267Z] Using date field in proper date format
[2025-12-08T12:39:32.270Z] Latest data through: Thu Dec 04 2025 00:00:00 GMT+0000 (Greenwich Mean Time), YTD through month 12
[2025-12-08T12:39:32.301Z] Revenue query returned 47 rows
[2025-12-08T12:39:32.301Z] Refunds query returned 6 rows
[2025-12-08T12:39:32.303Z] Escrow incoming returned 14 rows
[2025-12-08T12:39:32.303Z] Escrow refunds returned 8 rows
[2025-12-08T12:39:32.303Z] Refunds by month: [
  "2025-2: B2C = €-250.00",
  "2025-4: B2C = €-1585.11",
  "2025-8: B2C = €-250.00",
  "2025-9: B2B = €-3680.00",
  "2025-9: B2C = €-4260.00",
  "2025-10: B2C = €-5510.00"
]
[2025-12-08T12:40:33.260Z] Loading commissions from: /home/hub/public_html/fins/scripts/fidelo/data/cmsns-2025.json
[2025-12-08T12:40:33.261Z] Partner commissions loaded: {
  "10": 0,
  "11": 0,
  "12": 0,
  "01": 4124.2,
  "02": 8355,
  "03": 4660.8,
  "04": 3667.5,
  "05": 0,
  "06": 6982.5,
  "07": 4189.21,
  "08": 1275.76,
  "09": 855
}
[2025-12-08T12:40:33.261Z] Partner commissions loaded
[2025-12-08T12:40:33.261Z] Attempting to connect to MySQL...
[2025-12-08T12:40:33.264Z] MySQL connected successfully
[2025-12-08T12:40:33.265Z] Using date field in proper date format
[2025-12-08T12:40:33.268Z] Latest data through: Thu Dec 04 2025 00:00:00 GMT+0000 (Greenwich Mean Time), YTD through month 12
[2025-12-08T12:40:33.298Z] Revenue query returned 47 rows
[2025-12-08T12:40:33.305Z] Refunds query returned 6 rows
[2025-12-08T12:40:33.306Z] Escrow incoming returned 14 rows
[2025-12-08T12:40:33.307Z] Escrow refunds returned 8 rows
[2025-12-08T12:40:33.307Z] Refunds by month: [
  "2025-2: B2C = €-250.00",
  "2025-4: B2C = €-1585.11",
  "2025-8: B2C = €-250.00",
  "2025-9: B2B = €-3680.00",
  "2025-9: B2C = €-4260.00",
  "2025-10: B2C = €-5510.00"
]
[2025-12-08T12:41:34.284Z] Loading commissions from: /home/hub/public_html/fins/scripts/fidelo/data/cmsns-2025.json
[2025-12-08T12:41:34.284Z] Partner commissions loaded: {
  "10": 0,
  "11": 0,
  "12": 0,
  "01": 4124.2,
  "02": 8355,
  "03": 4660.8,
  "04": 3667.5,
  "05": 0,
  "06": 6982.5,
  "07": 4189.21,
  "08": 1275.76,
  "09": 855
}
[2025-12-08T12:41:34.285Z] Partner commissions loaded
[2025-12-08T12:41:34.285Z] Attempting to connect to MySQL...
[2025-12-08T12:41:34.290Z] MySQL connected successfully
[2025-12-08T12:41:34.290Z] Using date field in proper date format
[2025-12-08T12:41:34.292Z] Latest data through: Thu Dec 04 2025 00:00:00 GMT+0000 (Greenwich Mean Time), YTD through month 12
[2025-12-08T12:41:34.331Z] Revenue query returned 47 rows
[2025-12-08T12:41:34.331Z] Refunds query returned 6 rows
[2025-12-08T12:41:34.331Z] Escrow incoming returned 14 rows
[2025-12-08T12:41:34.331Z] Escrow refunds returned 8 rows
[2025-12-08T12:41:34.332Z] Refunds by month: [
  "2025-2: B2C = €-250.00",
  "2025-4: B2C = €-1585.11",
  "2025-8: B2C = €-250.00",
  "2025-9: B2B = €-3680.00",
  "2025-9: B2C = €-4260.00",
  "2025-10: B2C = €-5510.00"
]
[2025-12-08T12:42:35.261Z] Loading commissions from: /home/hub/public_html/fins/scripts/fidelo/data/cmsns-2025.json
[2025-12-08T12:42:35.261Z] Partner commissions loaded: {
  "10": 0,
  "11": 0,
  "12": 0,
  "01": 4124.2,
  "02": 8355,
  "03": 4660.8,
  "04": 3667.5,
  "05": 0,
  "06": 6982.5,
  "07": 4189.21,
  "08": 1275.76,
  "09": 855
}
[2025-12-08T12:42:35.262Z] Partner commissions loaded
[2025-12-08T12:42:35.262Z] Attempting to connect to MySQL...
[2025-12-08T12:42:35.265Z] MySQL connected successfully
[2025-12-08T12:42:35.265Z] Using date field in proper date format
[2025-12-08T12:42:35.267Z] Latest data through: Thu Dec 04 2025 00:00:00 GMT+0000 (Greenwich Mean Time), YTD through month 12
[2025-12-08T12:42:35.296Z] Revenue query returned 47 rows
[2025-12-08T12:42:35.296Z] Refunds query returned 6 rows
[2025-12-08T12:42:35.297Z] Escrow incoming returned 14 rows
[2025-12-08T12:42:35.297Z] Escrow refunds returned 8 rows
[2025-12-08T12:42:35.297Z] Refunds by month: [
  "2025-2: B2C = €-250.00",
  "2025-4: B2C = €-1585.11",
  "2025-8: B2C = €-250.00",
  "2025-9: B2B = €-3680.00",
  "2025-9: B2C = €-4260.00",
  "2025-10: B2C = €-5510.00"
]
[2025-12-08T12:43:36.253Z] Loading commissions from: /home/hub/public_html/fins/scripts/fidelo/data/cmsns-2025.json
[2025-12-08T12:43:36.254Z] Partner commissions loaded: {
  "10": 0,
  "11": 0,
  "12": 0,
  "01": 4124.2,
  "02": 8355,
  "03": 4660.8,
  "04": 3667.5,
  "05": 0,
  "06": 6982.5,
  "07": 4189.21,
  "08": 1275.76,
  "09": 855
}
[2025-12-08T12:43:36.255Z] Partner commissions loaded
[2025-12-08T12:43:36.260Z] Attempting to connect to MySQL...
[2025-12-08T12:43:36.264Z] MySQL connected successfully
[2025-12-08T12:43:36.265Z] Using date field in proper date format
[2025-12-08T12:43:36.269Z] Latest data through: Thu Dec 04 2025 00:00:00 GMT+0000 (Greenwich Mean Time), YTD through month 12
[2025-12-08T12:43:36.308Z] Revenue query returned 47 rows
[2025-12-08T12:43:36.308Z] Refunds query returned 6 rows
[2025-12-08T12:43:36.308Z] Escrow incoming returned 14 rows
[2025-12-08T12:43:36.308Z] Escrow refunds returned 8 rows
[2025-12-08T12:43:36.309Z] Refunds by month: [
  "2025-2: B2C = €-250.00",
  "2025-4: B2C = €-1585.11",
  "2025-8: B2C = €-250.00",
  "2025-9: B2B = €-3680.00",
  "2025-9: B2C = €-4260.00",
  "2025-10: B2C = €-5510.00"
]
[2025-12-08T12:44:37.275Z] Loading commissions from: /home/hub/public_html/fins/scripts/fidelo/data/cmsns-2025.json
[2025-12-08T12:44:37.276Z] Partner commissions loaded: {
  "10": 0,
  "11": 0,
  "12": 0,
  "01": 4124.2,
  "02": 8355,
  "03": 4660.8,
  "04": 3667.5,
  "05": 0,
  "06": 6982.5,
  "07": 4189.21,
  "08": 1275.76,
  "09": 855
}
[2025-12-08T12:44:37.276Z] Partner commissions loaded
[2025-12-08T12:44:37.276Z] Attempting to connect to MySQL...
[2025-12-08T12:44:37.280Z] MySQL connected successfully
[2025-12-08T12:44:37.283Z] Using date field in proper date format
[2025-12-08T12:44:37.288Z] Latest data through: Thu Dec 04 2025 00:00:00 GMT+0000 (Greenwich Mean Time), YTD through month 12
[2025-12-08T12:44:37.323Z] Revenue query returned 47 rows
[2025-12-08T12:44:37.324Z] Refunds query returned 6 rows
[2025-12-08T12:44:37.324Z] Escrow incoming returned 14 rows
[2025-12-08T12:44:37.324Z] Escrow refunds returned 8 rows
[2025-12-08T12:44:37.324Z] Refunds by month: [
  "2025-2: B2C = €-250.00",
  "2025-4: B2C = €-1585.11",
  "2025-8: B2C = €-250.00",
  "2025-9: B2B = €-3680.00",
  "2025-9: B2C = €-4260.00",
  "2025-10: B2C = €-5510.00"
]
[2025-12-08T12:45:38.260Z] Loading commissions from: /home/hub/public_html/fins/scripts/fidelo/data/cmsns-2025.json
[2025-12-08T12:45:38.260Z] Partner commissions loaded: {
  "10": 0,
  "11": 0,
  "12": 0,
  "01": 4124.2,
  "02": 8355,
  "03": 4660.8,
  "04": 3667.5,
  "05": 0,
  "06": 6982.5,
  "07": 4189.21,
  "08": 1275.76,
  "09": 855
}
[2025-12-08T12:45:38.261Z] Partner commissions loaded
[2025-12-08T12:45:38.261Z] Attempting to connect to MySQL...
[2025-12-08T12:45:38.268Z] MySQL connected successfully
[2025-12-08T12:45:38.269Z] Using date field in proper date format
[2025-12-08T12:45:38.272Z] Latest data through: Thu Dec 04 2025 00:00:00 GMT+0000 (Greenwich Mean Time), YTD through month 12
[2025-12-08T12:45:38.303Z] Revenue query returned 47 rows
[2025-12-08T12:45:38.303Z] Refunds query returned 6 rows
[2025-12-08T12:45:38.303Z] Escrow incoming returned 14 rows
[2025-12-08T12:45:38.303Z] Escrow refunds returned 8 rows
[2025-12-08T12:45:38.304Z] Refunds by month: [
  "2025-2: B2C = €-250.00",
  "2025-4: B2C = €-1585.11",
  "2025-8: B2C = €-250.00",
  "2025-9: B2B = €-3680.00",
  "2025-9: B2C = €-4260.00",
  "2025-10: B2C = €-5510.00"
]
[2025-12-08T12:46:39.263Z] Loading commissions from: /home/hub/public_html/fins/scripts/fidelo/data/cmsns-2025.json
[2025-12-08T12:46:39.264Z] Partner commissions loaded: {
  "10": 0,
  "11": 0,
  "12": 0,
  "01": 4124.2,
  "02": 8355,
  "03": 4660.8,
  "04": 3667.5,
  "05": 0,
  "06": 6982.5,
  "07": 4189.21,
  "08": 1275.76,
  "09": 855
}
[2025-12-08T12:46:39.266Z] Partner commissions loaded
[2025-12-08T12:46:39.266Z] Attempting to connect to MySQL...
[2025-12-08T12:46:39.270Z] MySQL connected successfully
[2025-12-08T12:46:39.270Z] Using date field in proper date format
[2025-12-08T12:46:39.273Z] Latest data through: Thu Dec 04 2025 00:00:00 GMT+0000 (Greenwich Mean Time), YTD through month 12
[2025-12-08T12:46:39.302Z] Revenue query returned 47 rows
[2025-12-08T12:46:39.303Z] Refunds query returned 6 rows
[2025-12-08T12:46:39.303Z] Escrow incoming returned 14 rows
[2025-12-08T12:46:39.303Z] Escrow refunds returned 8 rows
[2025-12-08T12:46:39.303Z] Refunds by month: [
  "2025-2: B2C = €-250.00",
  "2025-4: B2C = €-1585.11",
  "2025-8: B2C = €-250.00",
  "2025-9: B2B = €-3680.00",
  "2025-9: B2C = €-4260.00",
  "2025-10: B2C = €-5510.00"
]
[2025-12-08T12:47:40.256Z] Loading commissions from: /home/hub/public_html/fins/scripts/fidelo/data/cmsns-2025.json
[2025-12-08T12:47:40.257Z] Partner commissions loaded: {
  "10": 0,
  "11": 0,
  "12": 0,
  "01": 4124.2,
  "02": 8355,
  "03": 4660.8,
  "04": 3667.5,
  "05": 0,
  "06": 6982.5,
  "07": 4189.21,
  "08": 1275.76,
  "09": 855
}
[2025-12-08T12:47:40.257Z] Partner commissions loaded
[2025-12-08T12:47:40.259Z] Attempting to connect to MySQL...
[2025-12-08T12:47:40.265Z] MySQL connected successfully
[2025-12-08T12:47:40.269Z] Using date field in proper date format
[2025-12-08T12:47:40.273Z] Latest data through: Thu Dec 04 2025 00:00:00 GMT+0000 (Greenwich Mean Time), YTD through month 12
[2025-12-08T12:47:40.300Z] Revenue query returned 47 rows
[2025-12-08T12:47:40.300Z] Refunds query returned 6 rows
[2025-12-08T12:47:40.301Z] Escrow incoming returned 14 rows
[2025-12-08T12:47:40.301Z] Escrow refunds returned 8 rows
[2025-12-08T12:47:40.301Z] Refunds by month: [
  "2025-2: B2C = €-250.00",
  "2025-4: B2C = €-1585.11",
  "2025-8: B2C = €-250.00",
  "2025-9: B2B = €-3680.00",
  "2025-9: B2C = €-4260.00",
  "2025-10: B2C = €-5510.00"
]
[2025-12-08T12:48:40.247Z] Loading commissions from: /home/hub/public_html/fins/scripts/fidelo/data/cmsns-2025.json
[2025-12-08T12:48:40.248Z] Partner commissions loaded: {
  "10": 0,
  "11": 0,
  "12": 0,
  "01": 4124.2,
  "02": 8355,
  "03": 4660.8,
  "04": 3667.5,
  "05": 0,
  "06": 6982.5,
  "07": 4189.21,
  "08": 1275.76,
  "09": 855
}
[2025-12-08T12:48:40.248Z] Partner commissions loaded
[2025-12-08T12:48:40.250Z] Attempting to connect to MySQL...
[2025-12-08T12:48:40.255Z] MySQL connected successfully
[2025-12-08T12:48:40.255Z] Using date field in proper date format
[2025-12-08T12:48:40.258Z] Latest data through: Thu Dec 04 2025 00:00:00 GMT+0000 (Greenwich Mean Time), YTD through month 12
[2025-12-08T12:48:40.287Z] Revenue query returned 47 rows
[2025-12-08T12:48:40.288Z] Refunds query returned 6 rows
[2025-12-08T12:48:40.288Z] Escrow incoming returned 14 rows
[2025-12-08T12:48:40.288Z] Escrow refunds returned 8 rows
[2025-12-08T12:48:40.289Z] Refunds by month: [
  "2025-2: B2C = €-250.00",
  "2025-4: B2C = €-1585.11",
  "2025-8: B2C = €-250.00",
  "2025-9: B2B = €-3680.00",
  "2025-9: B2C = €-4260.00",
  "2025-10: B2C = €-5510.00"
]
[2025-12-08T12:49:40.248Z] Loading commissions from: /home/hub/public_html/fins/scripts/fidelo/data/cmsns-2025.json
[2025-12-08T12:49:40.248Z] Partner commissions loaded: {
  "10": 0,
  "11": 0,
  "12": 0,
  "01": 4124.2,
  "02": 8355,
  "03": 4660.8,
  "04": 3667.5,
  "05": 0,
  "06": 6982.5,
  "07": 4189.21,
  "08": 1275.76,
  "09": 855
}
[2025-12-08T12:49:40.249Z] Partner commissions loaded
[2025-12-08T12:49:40.249Z] Attempting to connect to MySQL...
[2025-12-08T12:49:40.254Z] MySQL connected successfully
[2025-12-08T12:49:40.255Z] Using date field in proper date format
[2025-12-08T12:49:40.257Z] Latest data through: Thu Dec 04 2025 00:00:00 GMT+0000 (Greenwich Mean Time), YTD through month 12
[2025-12-08T12:49:40.287Z] Revenue query returned 47 rows
[2025-12-08T12:49:40.287Z] Refunds query returned 6 rows
[2025-12-08T12:49:40.287Z] Escrow incoming returned 14 rows
[2025-12-08T12:49:40.287Z] Escrow refunds returned 8 rows
[2025-12-08T12:49:40.287Z] Refunds by month: [
  "2025-2: B2C = €-250.00",
  "2025-4: B2C = €-1585.11",
  "2025-8: B2C = €-250.00",
  "2025-9: B2B = €-3680.00",
  "2025-9: B2C = €-4260.00",
  "2025-10: B2C = €-5510.00"
]
[2025-12-08T12:50:40.247Z] Loading commissions from: /home/hub/public_html/fins/scripts/fidelo/data/cmsns-2025.json
[2025-12-08T12:50:40.248Z] Partner commissions loaded: {
  "10": 0,
  "11": 0,
  "12": 0,
  "01": 4124.2,
  "02": 8355,
  "03": 4660.8,
  "04": 3667.5,
  "05": 0,
  "06": 6982.5,
  "07": 4189.21,
  "08": 1275.76,
  "09": 855
}
[2025-12-08T12:50:40.248Z] Partner commissions loaded
[2025-12-08T12:50:40.248Z] Attempting to connect to MySQL...
[2025-12-08T12:50:40.254Z] MySQL connected successfully
[2025-12-08T12:50:40.254Z] Using date field in proper date format
[2025-12-08T12:50:40.257Z] Latest data through: Thu Dec 04 2025 00:00:00 GMT+0000 (Greenwich Mean Time), YTD through month 12
[2025-12-08T12:50:40.285Z] Revenue query returned 47 rows
[2025-12-08T12:50:40.286Z] Refunds query returned 6 rows
[2025-12-08T12:50:40.286Z] Escrow incoming returned 14 rows
[2025-12-08T12:50:40.287Z] Escrow refunds returned 8 rows
[2025-12-08T12:50:40.293Z] Refunds by month: [
  "2025-2: B2C = €-250.00",
  "2025-4: B2C = €-1585.11",
  "2025-8: B2C = €-250.00",
  "2025-9: B2B = €-3680.00",
  "2025-9: B2C = €-4260.00",
  "2025-10: B2C = €-5510.00"
]
[2025-12-08T12:51:40.244Z] Loading commissions from: /home/hub/public_html/fins/scripts/fidelo/data/cmsns-2025.json
[2025-12-08T12:51:40.245Z] Partner commissions loaded: {
  "10": 0,
  "11": 0,
  "12": 0,
  "01": 4124.2,
  "02": 8355,
  "03": 4660.8,
  "04": 3667.5,
  "05": 0,
  "06": 6982.5,
  "07": 4189.21,
  "08": 1275.76,
  "09": 855
}
[2025-12-08T12:51:40.246Z] Partner commissions loaded
[2025-12-08T12:51:40.246Z] Attempting to connect to MySQL...
[2025-12-08T12:51:40.249Z] MySQL connected successfully
[2025-12-08T12:51:40.249Z] Using date field in proper date format
[2025-12-08T12:51:40.253Z] Latest data through: Thu Dec 04 2025 00:00:00 GMT+0000 (Greenwich Mean Time), YTD through month 12
[2025-12-08T12:51:40.281Z] Revenue query returned 47 rows
[2025-12-08T12:51:40.281Z] Refunds query returned 6 rows
[2025-12-08T12:51:40.281Z] Escrow incoming returned 14 rows
[2025-12-08T12:51:40.281Z] Escrow refunds returned 8 rows
[2025-12-08T12:51:40.281Z] Refunds by month: [
  "2025-2: B2C = €-250.00",
  "2025-4: B2C = €-1585.11",
  "2025-8: B2C = €-250.00",
  "2025-9: B2B = €-3680.00",
  "2025-9: B2C = €-4260.00",
  "2025-10: B2C = €-5510.00"
]
[2025-12-08T12:52:40.243Z] Loading commissions from: /home/hub/public_html/fins/scripts/fidelo/data/cmsns-2025.json
[2025-12-08T12:52:40.243Z] Partner commissions loaded: {
  "10": 0,
  "11": 0,
  "12": 0,
  "01": 4124.2,
  "02": 8355,
  "03": 4660.8,
  "04": 3667.5,
  "05": 0,
  "06": 6982.5,
  "07": 4189.21,
  "08": 1275.76,
  "09": 855
}
[2025-12-08T12:52:40.244Z] Partner commissions loaded
[2025-12-08T12:52:40.244Z] Attempting to connect to MySQL...
[2025-12-08T12:52:40.248Z] MySQL connected successfully
[2025-12-08T12:52:40.248Z] Using date field in proper date format
[2025-12-08T12:52:40.251Z] Latest data through: Thu Dec 04 2025 00:00:00 GMT+0000 (Greenwich Mean Time), YTD through month 12
[2025-12-08T12:52:40.282Z] Revenue query returned 47 rows
[2025-12-08T12:52:40.283Z] Refunds query returned 6 rows
[2025-12-08T12:52:40.283Z] Escrow incoming returned 14 rows
[2025-12-08T12:52:40.283Z] Escrow refunds returned 8 rows
[2025-12-08T12:52:40.283Z] Refunds by month: [
  "2025-2: B2C = €-250.00",
  "2025-4: B2C = €-1585.11",
  "2025-8: B2C = €-250.00",
  "2025-9: B2B = €-3680.00",
  "2025-9: B2C = €-4260.00",
  "2025-10: B2C = €-5510.00"
]
[2025-12-08T12:53:40.242Z] Loading commissions from: /home/hub/public_html/fins/scripts/fidelo/data/cmsns-2025.json
[2025-12-08T12:53:40.242Z] Partner commissions loaded: {
  "10": 0,
  "11": 0,
  "12": 0,
  "01": 4124.2,
  "02": 8355,
  "03": 4660.8,
  "04": 3667.5,
  "05": 0,
  "06": 6982.5,
  "07": 4189.21,
  "08": 1275.76,
  "09": 855
}
[2025-12-08T12:53:40.242Z] Partner commissions loaded
[2025-12-08T12:53:40.242Z] Attempting to connect to MySQL...
[2025-12-08T12:53:40.247Z] MySQL connected successfully
[2025-12-08T12:53:40.248Z] Using date field in proper date format
[2025-12-08T12:53:40.250Z] Latest data through: Thu Dec 04 2025 00:00:00 GMT+0000 (Greenwich Mean Time), YTD through month 12
[2025-12-08T12:53:40.288Z] Revenue query returned 47 rows
[2025-12-08T12:53:40.289Z] Refunds query returned 6 rows
[2025-12-08T12:53:40.289Z] Escrow incoming returned 14 rows
[2025-12-08T12:53:40.289Z] Escrow refunds returned 8 rows
[2025-12-08T12:53:40.290Z] Refunds by month: [
  "2025-2: B2C = €-250.00",
  "2025-4: B2C = €-1585.11",
  "2025-8: B2C = €-250.00",
  "2025-9: B2B = €-3680.00",
  "2025-9: B2C = €-4260.00",
  "2025-10: B2C = €-5510.00"
]
[2025-12-08T12:54:40.244Z] Loading commissions from: /home/hub/public_html/fins/scripts/fidelo/data/cmsns-2025.json
[2025-12-08T12:54:40.245Z] Partner commissions loaded: {
  "10": 0,
  "11": 0,
  "12": 0,
  "01": 4124.2,
  "02": 8355,
  "03": 4660.8,
  "04": 3667.5,
  "05": 0,
  "06": 6982.5,
  "07": 4189.21,
  "08": 1275.76,
  "09": 855
}
[2025-12-08T12:54:40.245Z] Partner commissions loaded
[2025-12-08T12:54:40.245Z] Attempting to connect to MySQL...
[2025-12-08T12:54:40.250Z] MySQL connected successfully
[2025-12-08T12:54:40.250Z] Using date field in proper date format
[2025-12-08T12:54:40.252Z] Latest data through: Thu Dec 04 2025 00:00:00 GMT+0000 (Greenwich Mean Time), YTD through month 12
[2025-12-08T12:54:40.280Z] Revenue query returned 47 rows
[2025-12-08T12:54:40.281Z] Refunds query returned 6 rows
[2025-12-08T12:54:40.281Z] Escrow incoming returned 14 rows
[2025-12-08T12:54:40.281Z] Escrow refunds returned 8 rows
[2025-12-08T12:54:40.281Z] Refunds by month: [
  "2025-2: B2C = €-250.00",
  "2025-4: B2C = €-1585.11",
  "2025-8: B2C = €-250.00",
  "2025-9: B2B = €-3680.00",
  "2025-9: B2C = €-4260.00",
  "2025-10: B2C = €-5510.00"
]
[2025-12-08T12:55:40.247Z] Loading commissions from: /home/hub/public_html/fins/scripts/fidelo/data/cmsns-2025.json
[2025-12-08T12:55:40.247Z] Partner commissions loaded: {
  "10": 0,
  "11": 0,
  "12": 0,
  "01": 4124.2,
  "02": 8355,
  "03": 4660.8,
  "04": 3667.5,
  "05": 0,
  "06": 6982.5,
  "07": 4189.21,
  "08": 1275.76,
  "09": 855
}
[2025-12-08T12:55:40.250Z] Partner commissions loaded
[2025-12-08T12:55:40.251Z] Attempting to connect to MySQL...
[2025-12-08T12:55:40.254Z] MySQL connected successfully
[2025-12-08T12:55:40.254Z] Using date field in proper date format
[2025-12-08T12:55:40.258Z] Latest data through: Thu Dec 04 2025 00:00:00 GMT+0000 (Greenwich Mean Time), YTD through month 12
[2025-12-08T12:55:40.306Z] Revenue query returned 47 rows
[2025-12-08T12:55:40.307Z] Refunds query returned 6 rows
[2025-12-08T12:55:40.307Z] Escrow incoming returned 14 rows
[2025-12-08T12:55:40.308Z] Escrow refunds returned 8 rows
[2025-12-08T12:55:40.308Z] Refunds by month: [
  "2025-2: B2C = €-250.00",
  "2025-4: B2C = €-1585.11",
  "2025-8: B2C = €-250.00",
  "2025-9: B2B = €-3680.00",
  "2025-9: B2C = €-4260.00",
  "2025-10: B2C = €-5510.00"
]
[2025-12-08T12:56:40.258Z] Loading commissions from: /home/hub/public_html/fins/scripts/fidelo/data/cmsns-2025.json
[2025-12-08T12:56:40.258Z] Partner commissions loaded: {
  "10": 0,
  "11": 0,
  "12": 0,
  "01": 4124.2,
  "02": 8355,
  "03": 4660.8,
  "04": 3667.5,
  "05": 0,
  "06": 6982.5,
  "07": 4189.21,
  "08": 1275.76,
  "09": 855
}
[2025-12-08T12:56:40.259Z] Partner commissions loaded
[2025-12-08T12:56:40.259Z] Attempting to connect to MySQL...
[2025-12-08T12:56:40.266Z] MySQL connected successfully
[2025-12-08T12:56:40.267Z] Using date field in proper date format
[2025-12-08T12:56:40.270Z] Latest data through: Thu Dec 04 2025 00:00:00 GMT+0000 (Greenwich Mean Time), YTD through month 12
[2025-12-08T12:56:40.303Z] Revenue query returned 47 rows
[2025-12-08T12:56:40.303Z] Refunds query returned 6 rows
[2025-12-08T12:56:40.303Z] Escrow incoming returned 14 rows
[2025-12-08T12:56:40.303Z] Escrow refunds returned 8 rows
[2025-12-08T12:56:40.304Z] Refunds by month: [
  "2025-2: B2C = €-250.00",
  "2025-4: B2C = €-1585.11",
  "2025-8: B2C = €-250.00",
  "2025-9: B2B = €-3680.00",
  "2025-9: B2C = €-4260.00",
  "2025-10: B2C = €-5510.00"
]
[2025-12-08T12:57:40.248Z] Loading commissions from: /home/hub/public_html/fins/scripts/fidelo/data/cmsns-2025.json
[2025-12-08T12:57:40.248Z] Partner commissions loaded: {
  "10": 0,
  "11": 0,
  "12": 0,
  "01": 4124.2,
  "02": 8355,
  "03": 4660.8,
  "04": 3667.5,
  "05": 0,
  "06": 6982.5,
  "07": 4189.21,
  "08": 1275.76,
  "09": 855
}
[2025-12-08T12:57:40.249Z] Partner commissions loaded
[2025-12-08T12:57:40.249Z] Attempting to connect to MySQL...
[2025-12-08T12:57:40.252Z] MySQL connected successfully
[2025-12-08T12:57:40.252Z] Using date field in proper date format
[2025-12-08T12:57:40.256Z] Latest data through: Thu Dec 04 2025 00:00:00 GMT+0000 (Greenwich Mean Time), YTD through month 12
[2025-12-08T12:57:40.284Z] Revenue query returned 47 rows
[2025-12-08T12:57:40.284Z] Refunds query returned 6 rows
[2025-12-08T12:57:40.284Z] Escrow incoming returned 14 rows
[2025-12-08T12:57:40.284Z] Escrow refunds returned 8 rows
[2025-12-08T12:57:40.284Z] Refunds by month: [
  "2025-2: B2C = €-250.00",
  "2025-4: B2C = €-1585.11",
  "2025-8: B2C = €-250.00",
  "2025-9: B2B = €-3680.00",
  "2025-9: B2C = €-4260.00",
  "2025-10: B2C = €-5510.00"
]
[2025-12-08T12:58:40.247Z] Loading commissions from: /home/hub/public_html/fins/scripts/fidelo/data/cmsns-2025.json
[2025-12-08T12:58:40.247Z] Partner commissions loaded: {
  "10": 0,
  "11": 0,
  "12": 0,
  "01": 4124.2,
  "02": 8355,
  "03": 4660.8,
  "04": 3667.5,
  "05": 0,
  "06": 6982.5,
  "07": 4189.21,
  "08": 1275.76,
  "09": 855
}
[2025-12-08T12:58:40.247Z] Partner commissions loaded
[2025-12-08T12:58:40.247Z] Attempting to connect to MySQL...
[2025-12-08T12:58:40.251Z] MySQL connected successfully
[2025-12-08T12:58:40.251Z] Using date field in proper date format
[2025-12-08T12:58:40.254Z] Latest data through: Thu Dec 04 2025 00:00:00 GMT+0000 (Greenwich Mean Time), YTD through month 12
[2025-12-08T12:58:40.284Z] Revenue query returned 47 rows
[2025-12-08T12:58:40.284Z] Refunds query returned 6 rows
[2025-12-08T12:58:40.285Z] Escrow incoming returned 14 rows
[2025-12-08T12:58:40.285Z] Escrow refunds returned 8 rows
[2025-12-08T12:58:40.285Z] Refunds by month: [
  "2025-2: B2C = €-250.00",
  "2025-4: B2C = €-1585.11",
  "2025-8: B2C = €-250.00",
  "2025-9: B2B = €-3680.00",
  "2025-9: B2C = €-4260.00",
  "2025-10: B2C = €-5510.00"
]
[2025-12-08T12:59:40.254Z] Loading commissions from: /home/hub/public_html/fins/scripts/fidelo/data/cmsns-2025.json
[2025-12-08T12:59:40.255Z] Partner commissions loaded: {
  "10": 0,
  "11": 0,
  "12": 0,
  "01": 4124.2,
  "02": 8355,
  "03": 4660.8,
  "04": 3667.5,
  "05": 0,
  "06": 6982.5,
  "07": 4189.21,
  "08": 1275.76,
  "09": 855
}
[2025-12-08T12:59:40.255Z] Partner commissions loaded
[2025-12-08T12:59:40.255Z] Attempting to connect to MySQL...
[2025-12-08T12:59:40.259Z] MySQL connected successfully
[2025-12-08T12:59:40.259Z] Using date field in proper date format
[2025-12-08T12:59:40.263Z] Latest data through: Thu Dec 04 2025 00:00:00 GMT+0000 (Greenwich Mean Time), YTD through month 12
[2025-12-08T12:59:40.290Z] Revenue query returned 47 rows
[2025-12-08T12:59:40.291Z] Refunds query returned 6 rows
[2025-12-08T12:59:40.291Z] Escrow incoming returned 14 rows
[2025-12-08T12:59:40.292Z] Escrow refunds returned 8 rows
[2025-12-08T12:59:40.292Z] Refunds by month: [
  "2025-2: B2C = €-250.00",
  "2025-4: B2C = €-1585.11",
  "2025-8: B2C = €-250.00",
  "2025-9: B2B = €-3680.00",
  "2025-9: B2C = €-4260.00",
  "2025-10: B2C = €-5510.00"
]
[2025-12-08T13:00:40.253Z] Loading commissions from: /home/hub/public_html/fins/scripts/fidelo/data/cmsns-2025.json
[2025-12-08T13:00:40.253Z] Partner commissions loaded: {
  "10": 0,
  "11": 0,
  "12": 0,
  "01": 4124.2,
  "02": 8355,
  "03": 4660.8,
  "04": 3667.5,
  "05": 0,
  "06": 6982.5,
  "07": 4189.21,
  "08": 1275.76,
  "09": 855
}
[2025-12-08T13:00:40.254Z] Partner commissions loaded
[2025-12-08T13:00:40.255Z] Attempting to connect to MySQL...
[2025-12-08T13:00:40.259Z] MySQL connected successfully
[2025-12-08T13:00:40.259Z] Using date field in proper date format
[2025-12-08T13:00:40.262Z] Latest data through: Thu Dec 04 2025 00:00:00 GMT+0000 (Greenwich Mean Time), YTD through month 12
[2025-12-08T13:00:40.288Z] Revenue query returned 47 rows
[2025-12-08T13:00:40.289Z] Refunds query returned 6 rows
[2025-12-08T13:00:40.289Z] Escrow incoming returned 14 rows
[2025-12-08T13:00:40.289Z] Escrow refunds returned 8 rows
[2025-12-08T13:00:40.290Z] Refunds by month: [
  "2025-2: B2C = €-250.00",
  "2025-4: B2C = €-1585.11",
  "2025-8: B2C = €-250.00",
  "2025-9: B2B = €-3680.00",
  "2025-9: B2C = €-4260.00",
  "2025-10: B2C = €-5510.00"
]
[2025-12-08T13:01:40.243Z] Loading commissions from: /home/hub/public_html/fins/scripts/fidelo/data/cmsns-2025.json
[2025-12-08T13:01:40.243Z] Partner commissions loaded: {
  "10": 0,
  "11": 0,
  "12": 0,
  "01": 4124.2,
  "02": 8355,
  "03": 4660.8,
  "04": 3667.5,
  "05": 0,
  "06": 6982.5,
  "07": 4189.21,
  "08": 1275.76,
  "09": 855
}
[2025-12-08T13:01:40.244Z] Partner commissions loaded
[2025-12-08T13:01:40.244Z] Attempting to connect to MySQL...
[2025-12-08T13:01:40.249Z] MySQL connected successfully
[2025-12-08T13:01:40.249Z] Using date field in proper date format
[2025-12-08T13:01:40.251Z] Latest data through: Thu Dec 04 2025 00:00:00 GMT+0000 (Greenwich Mean Time), YTD through month 12
[2025-12-08T13:01:40.296Z] Revenue query returned 47 rows
[2025-12-08T13:01:40.296Z] Refunds query returned 6 rows
[2025-12-08T13:01:40.296Z] Escrow incoming returned 14 rows
[2025-12-08T13:01:40.297Z] Escrow refunds returned 8 rows
[2025-12-08T13:01:40.297Z] Refunds by month: [
  "2025-2: B2C = €-250.00",
  "2025-4: B2C = €-1585.11",
  "2025-8: B2C = €-250.00",
  "2025-9: B2B = €-3680.00",
  "2025-9: B2C = €-4260.00",
  "2025-10: B2C = €-5510.00"
]
[2025-12-08T13:02:40.250Z] Loading commissions from: /home/hub/public_html/fins/scripts/fidelo/data/cmsns-2025.json
[2025-12-08T13:02:40.250Z] Partner commissions loaded: {
  "10": 0,
  "11": 0,
  "12": 0,
  "01": 4124.2,
  "02": 8355,
  "03": 4660.8,
  "04": 3667.5,
  "05": 0,
  "06": 6982.5,
  "07": 4189.21,
  "08": 1275.76,
  "09": 855
}
[2025-12-08T13:02:40.251Z] Partner commissions loaded
[2025-12-08T13:02:40.251Z] Attempting to connect to MySQL...
[2025-12-08T13:02:40.258Z] MySQL connected successfully
[2025-12-08T13:02:40.258Z] Using date field in proper date format
[2025-12-08T13:02:40.262Z] Latest data through: Thu Dec 04 2025 00:00:00 GMT+0000 (Greenwich Mean Time), YTD through month 12
[2025-12-08T13:02:40.306Z] Revenue query returned 47 rows
[2025-12-08T13:02:40.306Z] Refunds query returned 6 rows
[2025-12-08T13:02:40.306Z] Escrow incoming returned 14 rows
[2025-12-08T13:02:40.306Z] Escrow refunds returned 8 rows
[2025-12-08T13:02:40.306Z] Refunds by month: [
  "2025-2: B2C = €-250.00",
  "2025-4: B2C = €-1585.11",
  "2025-8: B2C = €-250.00",
  "2025-9: B2B = €-3680.00",
  "2025-9: B2C = €-4260.00",
  "2025-10: B2C = €-5510.00"
]
[2025-12-08T13:03:40.236Z] Loading commissions from: /home/hub/public_html/fins/scripts/fidelo/data/cmsns-2025.json
[2025-12-08T13:03:40.236Z] Partner commissions loaded: {
  "10": 0,
  "11": 0,
  "12": 0,
  "01": 4124.2,
  "02": 8355,
  "03": 4660.8,
  "04": 3667.5,
  "05": 0,
  "06": 6982.5,
  "07": 4189.21,
  "08": 1275.76,
  "09": 855
}
[2025-12-08T13:03:40.237Z] Partner commissions loaded
[2025-12-08T13:03:40.238Z] Attempting to connect to MySQL...
[2025-12-08T13:03:40.242Z] MySQL connected successfully
[2025-12-08T13:03:40.243Z] Using date field in proper date format
[2025-12-08T13:03:40.248Z] Latest data through: Thu Dec 04 2025 00:00:00 GMT+0000 (Greenwich Mean Time), YTD through month 12
[2025-12-08T13:03:40.276Z] Revenue query returned 47 rows
[2025-12-08T13:03:40.276Z] Refunds query returned 6 rows
[2025-12-08T13:03:40.276Z] Escrow incoming returned 14 rows
[2025-12-08T13:03:40.276Z] Escrow refunds returned 8 rows
[2025-12-08T13:03:40.277Z] Refunds by month: [
  "2025-2: B2C = €-250.00",
  "2025-4: B2C = €-1585.11",
  "2025-8: B2C = €-250.00",
  "2025-9: B2B = €-3680.00",
  "2025-9: B2C = €-4260.00",
  "2025-10: B2C = €-5510.00"
]
[2025-12-08T13:04:40.245Z] Loading commissions from: /home/hub/public_html/fins/scripts/fidelo/data/cmsns-2025.json
[2025-12-08T13:04:40.246Z] Partner commissions loaded: {
  "10": 0,
  "11": 0,
  "12": 0,
  "01": 4124.2,
  "02": 8355,
  "03": 4660.8,
  "04": 3667.5,
  "05": 0,
  "06": 6982.5,
  "07": 4189.21,
  "08": 1275.76,
  "09": 855
}
[2025-12-08T13:04:40.247Z] Partner commissions loaded
[2025-12-08T13:04:40.249Z] Attempting to connect to MySQL...
[2025-12-08T13:04:40.252Z] MySQL connected successfully
[2025-12-08T13:04:40.253Z] Using date field in proper date format
[2025-12-08T13:04:40.257Z] Latest data through: Thu Dec 04 2025 00:00:00 GMT+0000 (Greenwich Mean Time), YTD through month 12
[2025-12-08T13:04:40.306Z] Revenue query returned 47 rows
[2025-12-08T13:04:40.308Z] Refunds query returned 6 rows
[2025-12-08T13:04:40.309Z] Escrow incoming returned 14 rows
[2025-12-08T13:04:40.310Z] Escrow refunds returned 8 rows
[2025-12-08T13:04:40.310Z] Refunds by month: [
  "2025-2: B2C = €-250.00",
  "2025-4: B2C = €-1585.11",
  "2025-8: B2C = €-250.00",
  "2025-9: B2B = €-3680.00",
  "2025-9: B2C = €-4260.00",
  "2025-10: B2C = €-5510.00"
]
[2025-12-08T13:05:40.240Z] Loading commissions from: /home/hub/public_html/fins/scripts/fidelo/data/cmsns-2025.json
[2025-12-08T13:05:40.241Z] Partner commissions loaded: {
  "10": 0,
  "11": 0,
  "12": 0,
  "01": 4124.2,
  "02": 8355,
  "03": 4660.8,
  "04": 3667.5,
  "05": 0,
  "06": 6982.5,
  "07": 4189.21,
  "08": 1275.76,
  "09": 855
}
[2025-12-08T13:05:40.241Z] Partner commissions loaded
[2025-12-08T13:05:40.243Z] Attempting to connect to MySQL...
[2025-12-08T13:05:40.247Z] MySQL connected successfully
[2025-12-08T13:05:40.248Z] Using date field in proper date format
[2025-12-08T13:05:40.251Z] Latest data through: Thu Dec 04 2025 00:00:00 GMT+0000 (Greenwich Mean Time), YTD through month 12
[2025-12-08T13:05:40.290Z] Revenue query returned 47 rows
[2025-12-08T13:05:40.290Z] Refunds query returned 6 rows
[2025-12-08T13:05:40.292Z] Escrow incoming returned 14 rows
[2025-12-08T13:05:40.293Z] Escrow refunds returned 8 rows
[2025-12-08T13:05:40.293Z] Refunds by month: [
  "2025-2: B2C = €-250.00",
  "2025-4: B2C = €-1585.11",
  "2025-8: B2C = €-250.00",
  "2025-9: B2B = €-3680.00",
  "2025-9: B2C = €-4260.00",
  "2025-10: B2C = €-5510.00"
]
[2025-12-08T13:06:40.245Z] Loading commissions from: /home/hub/public_html/fins/scripts/fidelo/data/cmsns-2025.json
[2025-12-08T13:06:40.245Z] Partner commissions loaded: {
  "10": 0,
  "11": 0,
  "12": 0,
  "01": 4124.2,
  "02": 8355,
  "03": 4660.8,
  "04": 3667.5,
  "05": 0,
  "06": 6982.5,
  "07": 4189.21,
  "08": 1275.76,
  "09": 855
}
[2025-12-08T13:06:40.246Z] Partner commissions loaded
[2025-12-08T13:06:40.246Z] Attempting to connect to MySQL...
[2025-12-08T13:06:40.250Z] MySQL connected successfully
[2025-12-08T13:06:40.250Z] Using date field in proper date format
[2025-12-08T13:06:40.252Z] Latest data through: Thu Dec 04 2025 00:00:00 GMT+0000 (Greenwich Mean Time), YTD through month 12
[2025-12-08T13:06:40.288Z] Revenue query returned 47 rows
[2025-12-08T13:06:40.288Z] Refunds query returned 6 rows
[2025-12-08T13:06:40.289Z] Escrow incoming returned 14 rows
[2025-12-08T13:06:40.289Z] Escrow refunds returned 8 rows
[2025-12-08T13:06:40.290Z] Refunds by month: [
  "2025-2: B2C = €-250.00",
  "2025-4: B2C = €-1585.11",
  "2025-8: B2C = €-250.00",
  "2025-9: B2B = €-3680.00",
  "2025-9: B2C = €-4260.00",
  "2025-10: B2C = €-5510.00"
]
[2025-12-08T13:07:40.252Z] Loading commissions from: /home/hub/public_html/fins/scripts/fidelo/data/cmsns-2025.json
[2025-12-08T13:07:40.252Z] Partner commissions loaded: {
  "10": 0,
  "11": 0,
  "12": 0,
  "01": 4124.2,
  "02": 8355,
  "03": 4660.8,
  "04": 3667.5,
  "05": 0,
  "06": 6982.5,
  "07": 4189.21,
  "08": 1275.76,
  "09": 855
}
[2025-12-08T13:07:40.253Z] Partner commissions loaded
[2025-12-08T13:07:40.253Z] Attempting to connect to MySQL...
[2025-12-08T13:07:40.255Z] MySQL connected successfully
[2025-12-08T13:07:40.256Z] Using date field in proper date format
[2025-12-08T13:07:40.258Z] Latest data through: Thu Dec 04 2025 00:00:00 GMT+0000 (Greenwich Mean Time), YTD through month 12
[2025-12-08T13:07:40.285Z] Revenue query returned 47 rows
[2025-12-08T13:07:40.285Z] Refunds query returned 6 rows
[2025-12-08T13:07:40.285Z] Escrow incoming returned 14 rows
[2025-12-08T13:07:40.286Z] Escrow refunds returned 8 rows
[2025-12-08T13:07:40.286Z] Refunds by month: [
  "2025-2: B2C = €-250.00",
  "2025-4: B2C = €-1585.11",
  "2025-8: B2C = €-250.00",
  "2025-9: B2B = €-3680.00",
  "2025-9: B2C = €-4260.00",
  "2025-10: B2C = €-5510.00"
]
[2025-12-08T13:08:40.234Z] Loading commissions from: /home/hub/public_html/fins/scripts/fidelo/data/cmsns-2025.json
[2025-12-08T13:08:40.235Z] Partner commissions loaded: {
  "10": 0,
  "11": 0,
  "12": 0,
  "01": 4124.2,
  "02": 8355,
  "03": 4660.8,
  "04": 3667.5,
  "05": 0,
  "06": 6982.5,
  "07": 4189.21,
  "08": 1275.76,
  "09": 855
}
[2025-12-08T13:08:40.235Z] Partner commissions loaded
[2025-12-08T13:08:40.237Z] Attempting to connect to MySQL...
[2025-12-08T13:08:40.241Z] MySQL connected successfully
[2025-12-08T13:08:40.242Z] Using date field in proper date format
[2025-12-08T13:08:40.244Z] Latest data through: Thu Dec 04 2025 00:00:00 GMT+0000 (Greenwich Mean Time), YTD through month 12
[2025-12-08T13:08:40.273Z] Revenue query returned 47 rows
[2025-12-08T13:08:40.273Z] Refunds query returned 6 rows
[2025-12-08T13:08:40.273Z] Escrow incoming returned 14 rows
[2025-12-08T13:08:40.273Z] Escrow refunds returned 8 rows
[2025-12-08T13:08:40.273Z] Refunds by month: [
  "2025-2: B2C = €-250.00",
  "2025-4: B2C = €-1585.11",
  "2025-8: B2C = €-250.00",
  "2025-9: B2B = €-3680.00",
  "2025-9: B2C = €-4260.00",
  "2025-10: B2C = €-5510.00"
]
[2025-12-08T13:09:40.252Z] Loading commissions from: /home/hub/public_html/fins/scripts/fidelo/data/cmsns-2025.json
[2025-12-08T13:09:40.252Z] Partner commissions loaded: {
  "10": 0,
  "11": 0,
  "12": 0,
  "01": 4124.2,
  "02": 8355,
  "03": 4660.8,
  "04": 3667.5,
  "05": 0,
  "06": 6982.5,
  "07": 4189.21,
  "08": 1275.76,
  "09": 855
}
[2025-12-08T13:09:40.252Z] Partner commissions loaded
[2025-12-08T13:09:40.254Z] Attempting to connect to MySQL...
[2025-12-08T13:09:40.258Z] MySQL connected successfully
[2025-12-08T13:09:40.258Z] Using date field in proper date format
[2025-12-08T13:09:40.261Z] Latest data through: Thu Dec 04 2025 00:00:00 GMT+0000 (Greenwich Mean Time), YTD through month 12
[2025-12-08T13:09:40.288Z] Revenue query returned 47 rows
[2025-12-08T13:09:40.288Z] Refunds query returned 6 rows
[2025-12-08T13:09:40.289Z] Escrow incoming returned 14 rows
[2025-12-08T13:09:40.289Z] Escrow refunds returned 8 rows
[2025-12-08T13:09:40.289Z] Refunds by month: [
  "2025-2: B2C = €-250.00",
  "2025-4: B2C = €-1585.11",
  "2025-8: B2C = €-250.00",
  "2025-9: B2B = €-3680.00",
  "2025-9: B2C = €-4260.00",
  "2025-10: B2C = €-5510.00"
]
[2025-12-08T13:10:40.236Z] Loading commissions from: /home/hub/public_html/fins/scripts/fidelo/data/cmsns-2025.json
[2025-12-08T13:10:40.237Z] Partner commissions loaded: {
  "10": 0,
  "11": 0,
  "12": 0,
  "01": 4124.2,
  "02": 8355,
  "03": 4660.8,
  "04": 3667.5,
  "05": 0,
  "06": 6982.5,
  "07": 4189.21,
  "08": 1275.76,
  "09": 855
}
[2025-12-08T13:10:40.238Z] Partner commissions loaded
[2025-12-08T13:10:40.239Z] Attempting to connect to MySQL...
[2025-12-08T13:10:40.242Z] MySQL connected successfully
[2025-12-08T13:10:40.243Z] Using date field in proper date format
[2025-12-08T13:10:40.249Z] Latest data through: Thu Dec 04 2025 00:00:00 GMT+0000 (Greenwich Mean Time), YTD through month 12
[2025-12-08T13:10:40.292Z] Revenue query returned 47 rows
[2025-12-08T13:10:40.293Z] Refunds query returned 6 rows
[2025-12-08T13:10:40.293Z] Escrow incoming returned 14 rows
[2025-12-08T13:10:40.293Z] Escrow refunds returned 8 rows
[2025-12-08T13:10:40.294Z] Refunds by month: [
  "2025-2: B2C = €-250.00",
  "2025-4: B2C = €-1585.11",
  "2025-8: B2C = €-250.00",
  "2025-9: B2B = €-3680.00",
  "2025-9: B2C = €-4260.00",
  "2025-10: B2C = €-5510.00"
]
[2025-12-08T13:11:40.239Z] Loading commissions from: /home/hub/public_html/fins/scripts/fidelo/data/cmsns-2025.json
[2025-12-08T13:11:40.239Z] Partner commissions loaded: {
  "10": 0,
  "11": 0,
  "12": 0,
  "01": 4124.2,
  "02": 8355,
  "03": 4660.8,
  "04": 3667.5,
  "05": 0,
  "06": 6982.5,
  "07": 4189.21,
  "08": 1275.76,
  "09": 855
}
[2025-12-08T13:11:40.240Z] Partner commissions loaded
[2025-12-08T13:11:40.242Z] Attempting to connect to MySQL...
[2025-12-08T13:11:40.259Z] MySQL connected successfully
[2025-12-08T13:11:40.259Z] Using date field in proper date format
[2025-12-08T13:11:40.264Z] Latest data through: Thu Dec 04 2025 00:00:00 GMT+0000 (Greenwich Mean Time), YTD through month 12
[2025-12-08T13:11:40.331Z] Revenue query returned 47 rows
[2025-12-08T13:11:40.331Z] Refunds query returned 6 rows
[2025-12-08T13:11:40.331Z] Escrow incoming returned 14 rows
[2025-12-08T13:11:40.331Z] Escrow refunds returned 8 rows
[2025-12-08T13:11:40.332Z] Refunds by month: [
  "2025-2: B2C = €-250.00",
  "2025-4: B2C = €-1585.11",
  "2025-8: B2C = €-250.00",
  "2025-9: B2B = €-3680.00",
  "2025-9: B2C = €-4260.00",
  "2025-10: B2C = €-5510.00"
]
[2025-12-08T13:12:40.239Z] Loading commissions from: /home/hub/public_html/fins/scripts/fidelo/data/cmsns-2025.json
[2025-12-08T13:12:40.240Z] Partner commissions loaded: {
  "10": 0,
  "11": 0,
  "12": 0,
  "01": 4124.2,
  "02": 8355,
  "03": 4660.8,
  "04": 3667.5,
  "05": 0,
  "06": 6982.5,
  "07": 4189.21,
  "08": 1275.76,
  "09": 855
}
[2025-12-08T13:12:40.240Z] Partner commissions loaded
[2025-12-08T13:12:40.240Z] Attempting to connect to MySQL...
[2025-12-08T13:12:40.243Z] MySQL connected successfully
