Software / Hosting Transactions,,,,,,,,,
ULearn Limited,,,,,,,,,
For the period 1 January 2017 to 31 December 2024,,,,,,,,,
,,,,,,,,,
Date,Source,Description,Reference,Currency,Debit (Source),Credit (Source),Debit (EUR),Credit (EUR),Running Balance (EUR)
,,,,,,,,,
Software / Hosting,,,,,,,,,
02 Jan 2017,Payable Invoice,THE BING SOFTWARE - BING Software,2306,EUR,246.34,0.00,246.34,0.00,246.34
04 Jan 2017,Spend Money,SOFTWARE - Misc Software / Hosting,POS CHG USD        7,EUR,0.13,0.00,0.13,0.00,246.47
04 Jan 2017,Spend Money,ToutApp - Tout App Email Software,,EUR,28.63,0.00,28.63,0.00,275.10
04 Jan 2017,Spend Money,CARD - Github,,EUR,6.68,0.00,6.68,0.00,281.78
04 Jan 2017,Spend Money,SOFTWARE - Misc Software / Hosting,POS CHG USD       30,EUR,0.57,0.00,0.57,0.00,282.35
10 Jan 2017,Spend Money,SOFTWARE - Misc Software / Hosting,POS CHG USD        5,EUR,0.10,0.00,0.10,0.00,282.45
10 Jan 2017,Spend Money,Google - Android App ,P0801GB  7.99@.853632,EUR,9.36,0.00,9.36,0.00,291.81
10 Jan 2017,Spend Money,Occulus - app purchase - VR trainer,,EUR,4.75,0.00,4.75,0.00,296.56
11 Jan 2017,Payable Invoice,Blacknight - Linux Min Hosting,0962349,EUR,61.44,0.00,61.44,0.00,358.00
11 Jan 2017,Payable Invoice,MAILCHIMP - Jan Chimp,MC05457217,EUR,110.10,0.00,110.10,0.00,468.10
12 Jan 2017,Spend Money,Google - Google Android App School Phone,POS10JAN GOOGLE *Stra,EUR,7.99,0.00,7.99,0.00,476.09
13 Jan 2017,Spend Money,SOFTWARE - Misc Software / Hosting,POS CHG USD        9,EUR,0.19,0.00,0.19,0.00,476.28
13 Jan 2017,Spend Money,"GoDaddy.com, LLC - Domain purchase",,EUR,9.56,0.00,9.56,0.00,485.84
16 Jan 2017,Payable Invoice,Google - Google Suite,4572-9481-6302,EUR,54.12,0.00,54.12,0.00,539.96
17 Jan 2017,Spend Money,Google - Android App ,P1301GB  7.99@.869423,EUR,9.19,0.00,9.19,0.00,549.15
17 Jan 2017,Payable Invoice,Xero Subscription - Xero Jan Payment,IN-584290,EUR,28.15,0.00,28.15,0.00,577.30
19 Jan 2017,Spend Money,SOFTWARE - Software / Hosting,,EUR,33.20,0.00,33.20,0.00,610.50
20 Jan 2017,Spend Money,HighRise - Zopim Chat module,P1801US 49.00@1.06244,EUR,46.12,0.00,46.12,0.00,656.62
24 Jan 2017,Spend Money,SOFTWARE - Software / Hosting,POS22JAN ADOBE  CREAT,EUR,30.74,0.00,30.74,0.00,687.36
24 Jan 2017,Spend Money,Buffer - Syndication App,P2201US 10.00@1.06269,EUR,9.41,0.00,9.41,0.00,696.77
24 Jan 2017,Spend Money,Zopim - Zopim Chat module,P2001US 14.00@1.06221,EUR,13.18,0.00,13.18,0.00,709.95
30 Jan 2017,Spend Money,SOFTWARE - Misc Software / Hosting,POS CHG USD       30,EUR,0.56,0.00,0.56,0.00,710.51
31 Jan 2017,Spend Money,SOFTWARE - Misc Software / Hosting,POS CHG USD       20,EUR,0.38,0.00,0.38,0.00,710.89
31 Jan 2017,Spend Money,SOFTWARE - Misc Software / Hosting,POS CHG USD        2,EUR,0.05,0.00,0.05,0.00,710.94
31 Jan 2017,Spend Money,zapier - Zapier Web Zaps,P2801US 20.00@1.06553,EUR,18.77,0.00,18.77,0.00,729.71
31 Jan 2017,Spend Money,SOFTWARE - Software,P2701US  2.45@1.06521,EUR,2.30,0.00,2.30,0.00,732.01
31 Jan 2017,Spend Money,Blacknight - DSE Domain Transfer,,EUR,12.28,0.00,12.28,0.00,744.29
01 Feb 2017,Payable Invoice,THE BING SOFTWARE - The BING,2354,EUR,246.33,0.00,246.33,0.00,990.62
01 Feb 2017,Spend Money,SOFTWARE - Misc Software / Hosting,POS CHG USD       30,EUR,0.57,0.00,0.57,0.00,991.19
01 Feb 2017,Spend Money,Blacknight - hosting etc,,EUR,55.34,0.00,55.34,0.00,"1,046.53"
02 Feb 2017,Payable Invoice,Github - GitHub Repo,R8A6C2TQ,EUR,6.51,0.00,6.51,0.00,"1,053.04"
03 Feb 2017,Spend Money,Google - Google Apps Bus,POS01FEB GOOGLE *SVCS,EUR,57.28,0.00,57.28,0.00,"1,110.32"
06 Feb 2017,Spend Money,Github - Misc Software / Hosting,POS CHG USD        7,EUR,0.13,0.00,0.13,0.00,"1,110.45"
08 Feb 2017,Spend Money,SOFTWARE - Misc Software / Hosting,POS CHG USD        5,EUR,0.09,0.00,0.09,0.00,"1,110.54"
08 Feb 2017,Spend Money,Occulus - app purchase - VR trainer,,EUR,4.67,0.00,4.67,0.00,"1,115.21"
10 Feb 2017,Spend Money,Google - app,,EUR,9.39,0.00,9.39,0.00,"1,124.60"
11 Feb 2017,Payable Invoice,MAILCHIMP - maillchimp,mc-jan,EUR,99.99,0.00,99.99,0.00,"1,224.59"
21 Feb 2017,Spend Money,Blacknight - Hosting,,EUR,42.98,0.00,42.98,0.00,"1,267.57"
21 Feb 2017,Spend Money,SOFTWARE - Misc Software / Hosting,POS CHG USD       49,EUR,0.92,0.00,0.92,0.00,"1,268.49"
21 Feb 2017,Spend Money,CARD - HighRise - CRM,,EUR,46.21,0.00,46.21,0.00,"1,314.70"
23 Feb 2017,Spend Money,SOFTWARE - Misc Software / Hosting,POS CHG USD       14,EUR,0.27,0.00,0.27,0.00,"1,314.97"
23 Feb 2017,Spend Money,Buffer - Software,dollars amount,EUR,9.53,0.00,9.53,0.00,"1,324.50"
23 Feb 2017,Spend Money,CARD - Zopim,,EUR,13.30,0.00,13.30,0.00,"1,337.80"
24 Feb 2017,Spend Money,SOFTWARE - Software / Hosting,POS22FEB ADOBE  CREAT,EUR,30.74,0.00,30.74,0.00,"1,368.54"
24 Feb 2017,Spend Money,SOFTWARE - Misc Software / Hosting,POS CHG USD       10,EUR,0.19,0.00,0.19,0.00,"1,368.73"
26 Feb 2017,Payable Invoice,A2 Hosting - Hosting,1005749,EUR,306.59,0.00,306.59,0.00,"1,675.32"
28 Feb 2017,Spend Money,SOFTWARE - Misc Software / Hosting,POS CHG USD       30,EUR,0.57,0.00,0.57,0.00,"1,675.89"
28 Feb 2017,Payable Invoice,Google - G Suite Basic,851309745600472-45,EUR,59.04,0.00,59.04,0.00,"1,734.93"
28 Feb 2017,Spend Money,CARD - Xero Subscription,,EUR,28.42,0.00,28.42,0.00,"1,763.35"
01 Mar 2017,Spend Money,Google,,EUR,1.99,0.00,1.99,0.00,"1,765.34"
02 Mar 2017,Spend Money,SOFTWARE - Misc Software / Hosting,POS CHG USD       30,EUR,0.57,0.00,0.57,0.00,"1,765.91"
02 Mar 2017,Spend Money,CARD - ToutApp - email sales,,EUR,28.38,0.00,28.38,0.00,"1,794.29"
03 Mar 2017,Spend Money,Google - Google Apps Bus,POS01MAR GOOGLE *SVCS,EUR,59.04,0.00,59.04,0.00,"1,853.33"
06 Mar 2017,Spend Money,Occulus - VR Trainer,,EUR,1.99,0.00,1.99,0.00,"1,855.32"
06 Mar 2017,Spend Money,CARD - Github - Git Repo,,EUR,6.67,0.00,6.67,0.00,"1,861.99"
06 Mar 2017,Spend Money,SOFTWARE - Misc Software / Hosting,POS CHG USD        7,EUR,0.13,0.00,0.13,0.00,"1,862.12"
08 Mar 2017,Spend Money,SOFTWARE - Misc Software / Hosting,POS CHG USD        5,EUR,0.09,0.00,0.09,0.00,"1,862.21"
08 Mar 2017,Spend Money,CARD - Github - Git Repo Hosting,,EUR,4.73,0.00,4.73,0.00,"1,866.94"
10 Mar 2017,Expense Claim,Neil Mc Mahon - Invoices from Cazoomi SyncApps were being paid by Neil accidentally - 37 total (filed in info@ulearn...com).  Total = €592 ,,EUR,592.00,0.00,592.00,0.00,"2,458.94"
10 Mar 2017,Payable Invoice,THE BING SOFTWARE - Bing March,2406,EUR,246.33,0.00,246.33,0.00,"2,705.27"
14 Mar 2017,Spend Money,MAILCHIMP - MailChimp Email Marketing,POS11MAR MAILCHIMP,EUR,105.12,0.00,105.12,0.00,"2,810.39"
16 Mar 2017,Spend Money,SOFTWARE - Misc Software / Hosting,POS CHG USD      324,EUR,6.13,0.00,6.13,0.00,"2,816.52"
21 Mar 2017,Spend Money,CARD - HighRise - CRM,,EUR,45.68,0.00,45.68,0.00,"2,862.20"
21 Mar 2017,Spend Money,SOFTWARE - Misc Software / Hosting,POS CHG USD       49,EUR,0.91,0.00,0.91,0.00,"2,863.11"
23 Mar 2017,Spend Money,SOFTWARE - Misc Software / Hosting,POS CHG USD       14,EUR,0.26,0.00,0.26,0.00,"2,863.37"
23 Mar 2017,Spend Money,CARD - Zopim - website chat module,,EUR,13.06,0.00,13.06,0.00,"2,876.43"
24 Mar 2017,Spend Money,SOFTWARE - Software / Hosting,POS22MAR ADOBE  CREAT,EUR,30.74,0.00,30.74,0.00,"2,907.17"
24 Mar 2017,Payable Invoice,Blacknight - Linux Minimus Subscription,1000239,EUR,12.18,0.00,12.18,0.00,"2,919.35"
27 Mar 2017,Spend Money,Buffer - Buffer,P2203US 10.00@1.07642,EUR,9.29,0.00,9.29,0.00,"2,928.64"
27 Mar 2017,Spend Money,SOFTWARE - Misc Software / Hosting,POS CHG USD       10,EUR,0.19,0.00,0.19,0.00,"2,928.83"
28 Mar 2017,Spend Money,SOFTWARE - Misc Software / Hosting,POS CHG USD       30,EUR,0.56,0.00,0.56,0.00,"2,929.39"
28 Mar 2017,Spend Money,CARD - Xero Subscription - ToutApp Email Software,P2703US 30.00@1.07604,EUR,27.88,0.00,27.88,0.00,"2,957.27"
01 Apr 2017,Payable Invoice,Host.ie - Renew eidschool.ie,7029,EUR,36.89,0.00,36.89,0.00,"2,994.16"
03 Apr 2017,Spend Money,Google - Google Apps GSuite,,EUR,19.99,0.00,19.99,0.00,"3,014.15"
03 Apr 2017,Payable Invoice,THE BING SOFTWARE - BING Software,2471,EUR,246.33,0.00,246.33,0.00,"3,260.48"
04 Apr 2017,Spend Money,SOFTWARE - Misc Software / Hosting,POS CHG USD        7,EUR,0.13,0.00,0.13,0.00,"3,260.61"
04 Apr 2017,Spend Money,SOFTWARE - Misc Software / Hosting,POS CHG USD      199,EUR,3.75,0.00,3.75,0.00,"3,264.36"
04 Apr 2017,Spend Money,SOFTWARE - Misc Software / Hosting,POS CHG USD       30,EUR,0.56,0.00,0.56,0.00,"3,264.92"
04 Apr 2017,Spend Money,GitHub - Github Repos,P0204US  7.00@1.06544,EUR,6.57,0.00,6.57,0.00,"3,271.49"
04 Apr 2017,Spend Money,CARD - Xero Subscription - accounting software sub,,EUR,28.12,0.00,28.12,0.00,"3,299.61"
04 Apr 2017,Spend Money,"Sucuri, - Firewall & Website Protection Sub",,EUR,187.43,0.00,187.43,0.00,"3,487.04"
05 Apr 2017,Payable Invoice,FR KELLY - Domain Name Renewal,11050EU00,EUR,187.58,0.00,187.58,0.00,"3,674.62"
10 Apr 2017,Spend Money,SOFTWARE - Misc Software / Hosting,POS CHG USD       19,EUR,0.38,0.00,0.38,0.00,"3,675.00"
10 Apr 2017,Spend Money,Cazoomi Sync Apps - Sync Apps Recurring Subscription,P0604US 19.98@1.06276,EUR,18.80,0.00,18.80,0.00,"3,693.80"
13 Apr 2017,Spend Money,MAILCHIMP - MailChimp Email Marketing,POS11APR MAILCHIMP,EUR,109.91,0.00,109.91,0.00,"3,803.71"
13 Apr 2017,Spend Money,SOFTWARE - Misc Software / Hosting,POS CHG USD        1,EUR,0.02,0.00,0.02,0.00,"3,803.73"
13 Apr 2017,Spend Money,MAILCHIMP - MailChimp Email Marketing,POS11APR MAILCHIMP,EUR,8.60,0.00,8.60,0.00,"3,812.33"
18 Apr 2017,Spend Money,SOFTWARE - Misc Software / Hosting,POS CHG USD     1875,EUR,11.43,0.00,11.43,0.00,"3,823.76"
19 Apr 2017,Spend Money,SOFTWARE - Software / Hosting,POS15APR LETSHOST.IE,EUR,35.66,0.00,35.66,0.00,"3,859.42"
20 Apr 2017,Spend Money,HighRise - HighRise CRM Software,P1804US 49.00@1.06359,EUR,46.07,0.00,46.07,0.00,"3,905.49"
20 Apr 2017,Spend Money,SOFTWARE - Misc Software / Hosting,POS CHG USD       49,EUR,0.92,0.00,0.92,0.00,"3,906.41"
25 Apr 2017,Spend Money,SOFTWARE - Misc Software / Hosting,POS CHG USD       10,EUR,0.19,0.00,0.19,0.00,"3,906.60"
25 Apr 2017,Spend Money,SOFTWARE - Software / Hosting,POS22APR ADOBE  CREAT,EUR,30.74,0.00,30.74,0.00,"3,937.34"
25 Apr 2017,Spend Money,SOFTWARE - Misc Software / Hosting,POS CHG USD       14,EUR,0.26,0.00,0.26,0.00,"3,937.60"
25 Apr 2017,Spend Money,Buffer - Buffer,P2204US 10.00@1.06837,EUR,9.36,0.00,9.36,0.00,"3,946.96"
25 Apr 2017,Spend Money,Zopim - Zopim Chat Module,P2004US 14.00@1.06788,EUR,13.11,0.00,13.11,0.00,"3,960.07"
28 Apr 2017,Spend Money,SOFTWARE - Misc Software / Hosting,POS CHG USD       30,EUR,0.55,0.00,0.55,0.00,"3,960.62"
28 Apr 2017,Spend Money,CARD - Xero Subscription - ToutApp Email Software,P2704US 30.00@1.08577,EUR,27.63,0.00,27.63,0.00,"3,988.25"
03 May 2017,Spend Money,ToutApp - ToutApp Email Software,P3004US 30.00@1.08577,EUR,27.63,0.00,27.63,0.00,"4,015.88"
03 May 2017,Spend Money,MAILCHIMP - MailChimp Email Marketing,POS28APR MAILCHIMP,EUR,93.09,0.00,93.09,0.00,"4,108.97"
03 May 2017,Spend Money,SOFTWARE - Misc Software / Hosting,POS CHG USD       30,EUR,0.55,0.00,0.55,0.00,"4,109.52"
03 May 2017,Spend Money,"GoDaddy.com, LLC - Hosting Domains",,EUR,9.35,0.00,9.35,0.00,"4,118.87"
04 May 2017,Spend Money,SOFTWARE - Misc Software / Hosting,POS CHG USD        7,EUR,0.13,0.00,0.13,0.00,"4,119.00"
04 May 2017,Spend Money,CARD - Github - Github Repos,P0205US  7.00@1.08864,EUR,6.43,0.00,6.43,0.00,"4,125.43"
04 May 2017,Spend Money,Google - Google Apps Bus,POS02MAY GOOGLE *SVCS,EUR,82.82,0.00,82.82,0.00,"4,208.25"
04 May 2017,Spend Money,TubePress - youtube syndication software,POS02MAY PAYPAL *TUBE,EUR,37.94,0.00,37.94,0.00,"4,246.19"
05 May 2017,Spend Money,MAILCHIMP - MailChimp Email Marketing,POS03MAY MAILCHIMP,EUR,55.67,0.00,55.67,0.00,"4,301.86"
09 May 2017,Spend Money,SOFTWARE - Misc Software / Hosting,POS CHG USD       19,EUR,0.37,0.00,0.37,0.00,"4,302.23"
09 May 2017,Spend Money,"GoDaddy.com, LLC",,EUR,12.03,0.00,12.03,0.00,"4,314.26"
09 May 2017,Spend Money,"GoDaddy.com, LLC",,EUR,6.14,0.00,6.14,0.00,"4,320.40"
09 May 2017,Spend Money,"GoDaddy.com, LLC",,EUR,74.95,0.00,74.95,0.00,"4,395.35"
09 May 2017,Spend Money,Receipt Bank - Automates Receipts to Bills (Xero),POS05MAY RECEIPT BANK,EUR,12.99,0.00,12.99,0.00,"4,408.34"
09 May 2017,Spend Money,Cazoomi Sync Apps - Sync Apps Recurring Subscription,P0605US 19.98@1.09479,EUR,18.25,0.00,18.25,0.00,"4,426.59"
10 May 2017,Spend Money,"GoDaddy.com, LLC",,EUR,76.26,0.00,76.26,0.00,"4,502.85"
15 May 2017,Spend Money,SOFTWARE - Misc Software / Hosting,POS CHG USD      197,EUR,3.64,0.00,3.64,0.00,"4,506.49"
16 May 2017,Spend Money,SOFTWARE - Misc Software / Hosting,POS CHG USD      480,EUR,8.84,0.00,8.84,0.00,"4,515.33"
16 May 2017,Spend Money,SOFTWARE - Misc Software / Hosting,POS CHG GBP        7,EUR,0.19,0.00,0.19,0.00,"4,515.52"
18 May 2017,Spend Money,Spotify - Spotify,POS15MAY PAYPAL *SPOT,EUR,9.99,0.00,9.99,0.00,"4,525.51"
19 May 2017,Spend Money,Blacknight - Blacknight,POS17MAY BLACKNIGHT I,EUR,6.09,0.00,6.09,0.00,"4,531.60"
22 May 2017,Spend Money,SOFTWARE - Misc Software / Hosting,POS CHG USD       49,EUR,0.89,0.00,0.89,0.00,"4,532.49"
22 May 2017,Spend Money,SOFTWARE - Misc Software / Hosting (+FX),,EUR,0.10,0.00,0.10,0.00,"4,532.59"
22 May 2017,Spend Money,HighRise - HighRise CRM Software,P1805US 49.00@1.10734,EUR,44.25,0.00,44.25,0.00,"4,576.84"
22 May 2017,Spend Money,GoDaddy - hosting,POS18MAY PAYPAL *GODA,EUR,9.99,0.00,9.99,0.00,"4,586.83"
23 May 2017,Spend Money,SOFTWARE - Misc Software / Hosting,POS CHG USD       14,EUR,0.25,0.00,0.25,0.00,"4,587.08"
23 May 2017,Spend Money,Zopim - Zopim Chat Module,P2005US 14.00@1.10935,EUR,12.62,0.00,12.62,0.00,"4,599.70"
24 May 2017,Spend Money,SOFTWARE - Misc Software / Hosting,POS CHG USD       10,EUR,0.18,0.00,0.18,0.00,"4,599.88"
24 May 2017,Spend Money,SOFTWARE - Software / Hosting,POS22MAY ADOBE  CREAT,EUR,30.74,0.00,30.74,0.00,"4,630.62"
24 May 2017,Spend Money,Buffer - Buffer,P2205US 10.00@1.11607,EUR,8.96,0.00,8.96,0.00,"4,639.58"
30 May 2017,Spend Money,SOFTWARE - Misc Software / Hosting,POS CHG USD       30,EUR,0.54,0.00,0.54,0.00,"4,640.12"
30 May 2017,Spend Money,SOFTWARE - Misc Software / Hosting,POS CHG USD      397,EUR,7.12,0.00,7.12,0.00,"4,647.24"
30 May 2017,Spend Money,GoDaddy - hosting,POS28MAY PAYPAL *GODA,EUR,9.11,0.00,9.11,0.00,"4,656.35"
30 May 2017,Spend Money,CARD - Xero Subscription - ToutApp Email Software,P2705US 30.00@1.11607,EUR,26.88,0.00,26.88,0.00,"4,683.23"
01 Jun 2017,Spend Money,ToutApp - ToutApp Email Software,P3005US 30.00@1.11111,EUR,27.00,0.00,27.00,0.00,"4,710.23"
01 Jun 2017,Spend Money,SOFTWARE - Misc Software / Hosting,POS CHG USD       30,EUR,0.54,0.00,0.54,0.00,"4,710.77"
02 Jun 2017,Spend Money,SOFTWARE - Misc Software / Hosting,POS CHG USD       30,EUR,0.54,0.00,0.54,0.00,"4,711.31"
02 Jun 2017,Spend Money,ToutApp - ToutApp Email Software,P3105US 30.00@1.11648,EUR,26.87,0.00,26.87,0.00,"4,738.18"
06 Jun 2017,Payable Invoice,THE BING SOFTWARE - Bing Software,2585,EUR,299.88,0.00,299.88,0.00,"5,038.06"
06 Jun 2017,Spend Money,Google - Google Apps Bus,POS01JUN GOOGLE *SVCS,EUR,88.56,0.00,88.56,0.00,"5,126.62"
06 Jun 2017,Spend Money,GoDaddy - hosting,POS01JUN PAYPAL *GODA,EUR,14.27,0.00,14.27,0.00,"5,140.89"
07 Jun 2017,Spend Money,SOFTWARE - Misc Software / Hosting,POS CHG USD        7,EUR,0.13,0.00,0.13,0.00,"5,141.02"
07 Jun 2017,Spend Money,CARD - Github - Github Repos,P0206US  7.00@1.12000,EUR,6.25,0.00,6.25,0.00,"5,147.27"
07 Jun 2017,Spend Money,MAILCHIMP - MailChimp Email Marketing,POS02JUN MAILCHIMP,EUR,90.17,0.00,90.17,0.00,"5,237.44"
07 Jun 2017,Spend Money,SOFTWARE - Software / Hosting Misc,,EUR,0.14,0.00,0.14,0.00,"5,237.58"
08 Jun 2017,Spend Money,SOFTWARE - Misc Software / Hosting,POS CHG USD       19,EUR,0.36,0.00,0.36,0.00,"5,237.94"
08 Jun 2017,Spend Money,Cazoomi Sync Apps - Sync Apps Recurring Subscription,P0606US 19.98@1.12373,EUR,17.78,0.00,17.78,0.00,"5,255.72"
09 Jun 2017,Spend Money,SOFTWARE - Misc Software / Hosting,POS CHG USD       54,EUR,0.98,0.00,0.98,0.00,"5,256.70"
09 Jun 2017,Spend Money,Receipt Bank - Automates Receipts to Bills (Xero),POS05JUN RECEIPT BANK,EUR,12.99,0.00,12.99,0.00,"5,269.69"
12 Jun 2017,Spend Money,LastPass - lastpass ,POS08JUN GOOGLE *Last,EUR,13.99,0.00,13.99,0.00,"5,283.68"
12 Jun 2017,Spend Money,SOFTWARE - Misc Software / Hosting,,EUR,0.18,0.00,0.18,0.00,"5,283.86"
12 Jun 2017,Payable Invoice,A2 Hosting - License Ulearn ,310534,EUR,306.14,0.00,306.14,0.00,"5,590.00"
13 Jun 2017,Spend Money,HMA - Hide My Ass Proxy ,POS10JUN PAYPAL *HMA,EUR,72.72,0.00,72.72,0.00,"5,662.72"
14 Jun 2017,Payable Invoice,THE BING SOFTWARE - Bing Software,2529,EUR,246.33,0.00,246.33,0.00,"5,909.05"
15 Jun 2017,Spend Money,SOFTWARE - Misc Software / Hosting,POS CHG USD      342,EUR,6.12,0.00,6.12,0.00,"5,915.17"
21 Jun 2017,Spend Money,GoDaddy - Domain renewals,,EUR,62.47,0.00,62.47,0.00,"5,977.64"
23 Jun 2017,Spend Money,Blacknight,,EUR,6.09,0.00,6.09,0.00,"5,983.73"
26 Jun 2017,Spend Money,SOFTWARE - Software / Hosting,POS22JUN ADOBE  CREAT,EUR,30.74,0.00,30.74,0.00,"6,014.47"
26 Jun 2017,Spend Money,Zopim - Zopim Chat Module,P2106US 14.00@1.11376,EUR,12.57,0.00,12.57,0.00,"6,027.04"
26 Jun 2017,Spend Money,SOFTWARE - Misc Software / Hosting,POS CHG USD       14,EUR,0.25,0.00,0.25,0.00,"6,027.29"
28 Jun 2017,Spend Money,SOFTWARE - Misc Software / Hosting,POS CHG USD       10,EUR,0.18,0.00,0.18,0.00,"6,027.47"
28 Jun 2017,Spend Money,Buffer - Buffer,P2606US 10.00@1.11731,EUR,8.95,0.00,8.95,0.00,"6,036.42"
29 Jun 2017,Spend Money,SOFTWARE - Misc Software / Hosting,POS CHG USD       49,EUR,0.88,0.00,0.88,0.00,"6,037.30"
29 Jun 2017,Spend Money,HighRise - HighRise CRM Software,P2706US 49.00@1.11770,EUR,43.84,0.00,43.84,0.00,"6,081.14"
29 Jun 2017,Spend Money,GoDaddy - Hosting,POS27JUN PAYPAL *GODA,EUR,27.04,0.00,27.04,0.00,"6,108.18"
30 Jun 2017,Spend Money,SOFTWARE - Misc Software / Hosting,POS CHG USD       30,EUR,0.53,0.00,0.53,0.00,"6,108.71"
30 Jun 2017,Spend Money,ULearn-Student - Hosting,POS28JUN PAYPAL *GODA,EUR,8.94,0.00,8.94,0.00,"6,117.65"
30 Jun 2017,Spend Money,CARD - Xero Subscription - ToutApp Email Software,P2906US 30.00@1.12909,EUR,26.57,0.00,26.57,0.00,"6,144.22"
04 Jul 2017,Spend Money,CARD - ToutApp - ToutApp Email Software,P3006US 30.00@1.13895,EUR,26.34,0.00,26.34,0.00,"6,170.56"
04 Jul 2017,Spend Money,CARD - Google - Google Apps Bus,POS01JUL GOOGLE *SVCS,EUR,88.56,0.00,88.56,0.00,"6,259.12"
04 Jul 2017,Spend Money,GoDaddy - Hosting,POS01JUL PAYPAL *GODA,EUR,33.44,0.00,33.44,0.00,"6,292.56"
04 Jul 2017,Payable Invoice,"THE BING SOFTWARE - Thebing Plus - School - Gold Package 76,67 € 207,00 €
# Core module
# Class scheduling
# Accommodation matching
# Online registration form
# Insurance
# Pay your providers and contracts
# Extensive CRM
# Attendance and Transcripts
# Mobile Student App
# Extended accounting
# Quotation module
# Report generator
# Complaints
# Support
# Hosting
# Period: 01.06.2017 until 30.06.2017",2647,EUR,246.33,0.00,246.33,0.00,"6,538.89"
04 Jul 2017,Spend Money,SOFTWARE - Misc Software / Hosting,POS CHG USD       30,EUR,0.53,0.00,0.53,0.00,"6,539.42"
05 Jul 2017,Spend Money,CARD - Github - Github Repos,P0307US  7.00@1.13452,EUR,6.17,0.00,6.17,0.00,"6,545.59"
05 Jul 2017,Spend Money,SOFTWARE - Misc Software / Hosting,POS CHG USD        7,EUR,0.12,0.00,0.12,0.00,"6,545.71"
06 Jul 2017,Spend Money,DD - MAILCHIMP - 7500 credits ,MC06039713,EUR,133.66,0.00,133.66,0.00,"6,679.37"
10 Jul 2017,Spend Money,CARD - Cazoomi - Sync Apps Recurring Subscription,P0607US 19.98@1.13265,EUR,17.64,0.00,17.64,0.00,"6,697.01"
10 Jul 2017,Spend Money,SOFTWARE - Misc Software / Hosting,POS CHG USD       19,EUR,0.35,0.00,0.35,0.00,"6,697.36"
11 Jul 2017,Payable Invoice,"CK SOLUTIONS - 89074 : Neil Mc Mahon:Wifi Ulearn: : ulearnschool.com Neil Mc
Mahon:Wifi Ulearn:
Configuring new AP wifi - 11 Harcourt Street
Changing network connection - 13 Harcourt Street
Unifi AP Long Range
Netgear GS108 8 port switch
Power plus to bill cabling separate",5347,EUR,738.00,0.00,738.00,0.00,"7,435.36"
13 Jul 2017,Spend Money,GoDaddy - Hosting ,,EUR,49.19,0.00,49.19,0.00,"7,484.55"
13 Jul 2017,Spend Money,GoDaddy - Hosting ,,EUR,33.91,0.00,33.91,0.00,"7,518.46"
13 Jul 2017,Spend Money,CARD - Upwork - Software,137304324,EUR,69.87,0.00,69.87,0.00,"7,588.33"
13 Jul 2017,Spend Money,SOFTWARE - Cloud Software misc,,EUR,22.95,0.00,22.95,0.00,"7,611.28"
14 Jul 2017,Spend Money,GoDaddy - Hosting,,EUR,39.68,0.00,39.68,0.00,"7,650.96"
18 Jul 2017,Spend Money,GoDaddy - Ulearn,,EUR,68.13,0.00,68.13,0.00,"7,719.09"
18 Jul 2017,Spend Money,SOFTWARE - Hosting ,,EUR,254.86,0.00,254.86,0.00,"7,973.95"
19 Jul 2017,Spend Money,Blacknight,,EUR,6.09,0.00,6.09,0.00,"7,980.04"
24 Jul 2017,Spend Money,SOFTWARE - Misc Software / Hosting,,EUR,0.18,0.00,0.18,0.00,"7,980.22"
25 Jul 2017,Spend Money,SOFTWARE - Software / Hosting,POS22JUL ADOBE  CREAT,EUR,30.74,0.00,30.74,0.00,"8,010.96"
25 Jul 2017,Spend Money,SOFTWARE - Misc Software / Hosting,POS CHG USD       10,EUR,0.17,0.00,0.17,0.00,"8,011.13"
25 Jul 2017,Spend Money,SOFTWARE - Misc Software / Hosting,POS CHG USD       12,EUR,0.22,0.00,0.22,0.00,"8,011.35"
25 Jul 2017,Spend Money,SOFTWARE - Misc Software / Hosting,POS CHG USD       14,EUR,0.24,0.00,0.24,0.00,"8,011.59"
25 Jul 2017,Spend Money,Zopim - Zopim Chat Module,P2007US 14.00@1.16182,EUR,12.05,0.00,12.05,0.00,"8,023.64"
25 Jul 2017,Spend Money,Buffer - Buffer,P2207US 10.00@1.16144,EUR,8.61,0.00,8.61,0.00,"8,032.25"
26 Jul 2017,Spend Money,CARD - Xero Subscription - ToutApp Email Software,P2507US 30.00@1.16234,EUR,25.81,0.00,25.81,0.00,"8,058.06"
26 Jul 2017,Spend Money,SOFTWARE - Misc Software / Hosting,POS CHG USD       30,EUR,0.52,0.00,0.52,0.00,"8,058.58"
31 Jul 2017,Spend Money,HighRise - HighRise CRM Software,P2707US 49.00@1.16500,EUR,42.06,0.00,42.06,0.00,"8,100.64"
31 Jul 2017,Spend Money,SOFTWARE - Misc Software / Hosting,POS CHG USD       49,EUR,0.84,0.00,0.84,0.00,"8,101.48"
31 Jul 2017,Spend Money,SOFTWARE - Misc Software / Hosting,,EUR,0.18,0.00,0.18,0.00,"8,101.66"
01 Aug 2017,Spend Money,SOFTWARE - Misc Software / Hosting,POS CHG USD       30,EUR,0.51,0.00,0.51,0.00,"8,102.17"
01 Aug 2017,Spend Money,ToutApp - ToutApp Email Software,P3007US 30.00@1.16686,EUR,25.71,0.00,25.71,0.00,"8,127.88"
01 Aug 2017,Payable Invoice,"THE BING SOFTWARE - 3,00 Users Thebing Plus - School - Gold Package 76,67 € 207,00 €
# Core module
# Class scheduling
# Accommodation matching
# Online registration form
# Insurance
# Pay your providers and contracts
# Extensive CRM
# Attendance and Transcripts
# Mobile Student App
# Extended accounting
# Quotation module
# Report generator
# Complaints
# Support
# Hosting
# Period: 01.07.2017 until 31.07.2017
11,00 hours Individual report 90,00 € 360,00 €
# A new report was implemented based on customer request
(Student weeks
 and revenues based on payments)
# Service time: July 2017
",2707,EUR,674.73,0.00,674.73,0.00,"8,802.61"
01 Aug 2017,Spend Money,GoDaddy - Ulearn ,,EUR,8.70,0.00,8.70,0.00,"8,811.31"
03 Aug 2017,Spend Money,MAILCHIMP - MailChimp Email Marketing,POS01AUG MAILCHIMP,EUR,129.25,0.00,129.25,0.00,"8,940.56"
04 Aug 2017,Spend Money,Google - Google Apps Bus,POS02AUG GOOGLE *SVCS,EUR,88.56,0.00,88.56,0.00,"9,029.12"
08 Aug 2017,Spend Money,CARD - Github - Github Repos,P0308US  7.00@1.18243,EUR,5.92,0.00,5.92,0.00,"9,035.04"
08 Aug 2017,Spend Money,SOFTWARE - Misc Software / Hosting,POS CHG USD        7,EUR,0.12,0.00,0.12,0.00,"9,035.16"
09 Aug 2017,Spend Money,SOFTWARE - Misc Software / Hosting,POS CHG USD       19,EUR,0.34,0.00,0.34,0.00,"9,035.50"
09 Aug 2017,Spend Money,CARD - Cazoomi - Sync Apps Recurring Subscription,P0608US 19.98@1.17253,EUR,17.04,0.00,17.04,0.00,"9,052.54"
10 Aug 2017,Spend Money,SOFTWARE - Misc Software / Hosting,,EUR,0.18,0.00,0.18,0.00,"9,052.72"
15 Aug 2017,Spend Money,"GoDaddy.com, LLC - Hosting ",,EUR,5.38,0.00,5.38,0.00,"9,058.10"
15 Aug 2017,Spend Money,"GoDaddy.com, LLC - Hosting ",,EUR,65.40,0.00,65.40,0.00,"9,123.50"
16 Aug 2017,Spend Money,"GoDaddy.com, LLC - Hosting ",,EUR,16.37,0.00,16.37,0.00,"9,139.87"
18 Aug 2017,Spend Money,Micron Europe Ltd - Upgrade for a Dell Inspiron 3252 System 8GB,604694239,EUR,75.24,0.00,75.24,0.00,"9,215.11"
21 Aug 2017,Spend Money,Blacknight - Ulearn-hosting,,EUR,6.09,0.00,6.09,0.00,"9,221.20"
22 Aug 2017,Spend Money,SOFTWARE - Misc Software / Hosting,POS CHG USD       14,EUR,0.24,0.00,0.24,0.00,"9,221.44"
22 Aug 2017,Spend Money,Zopim - Zopim Chat Module,P2008US 14.00@1.17056,EUR,11.96,0.00,11.96,0.00,"9,233.40"
24 Aug 2017,Spend Money,SOFTWARE - Misc Software / Hosting,POS CHG USD       10,EUR,0.17,0.00,0.17,0.00,"9,233.57"
24 Aug 2017,Spend Money,SOFTWARE - Misc Software / Hosting,POS CHG USD       30,EUR,0.51,0.00,0.51,0.00,"9,234.08"
24 Aug 2017,Spend Money,SOFTWARE - Software / Hosting,POS22AUG ADOBE  CREAT,EUR,30.74,0.00,30.74,0.00,"9,264.82"
24 Aug 2017,Spend Money,Buffer - Buffer,P2208US 10.00@1.17508,EUR,8.51,0.00,8.51,0.00,"9,273.33"
24 Aug 2017,Spend Money,CARD - Xero Subscription - Xero subscription Aug 2017,P2308US 30.00@1.17462,EUR,25.54,0.00,25.54,0.00,"9,298.87"
29 Aug 2017,Spend Money,SOFTWARE - Misc Software / Hosting,POS CHG USD       49,EUR,0.83,0.00,0.83,0.00,"9,299.70"
29 Aug 2017,Spend Money,SOFTWARE - Misc Software / Hosting,,EUR,0.17,0.00,0.17,0.00,"9,299.87"
29 Aug 2017,Spend Money,CARD - HighRise - HighRise CRM Software,P2708US 49.00@1.17731,EUR,41.62,0.00,41.62,0.00,"9,341.49"
30 Aug 2017,Spend Money,"GoDaddy.com, LLC - Hosting ",,EUR,8.53,0.00,8.53,0.00,"9,350.02"
01 Sept 2017,Spend Money,SOFTWARE - Misc Software / Hosting,POS CHG USD       30,EUR,0.51,0.00,0.51,0.00,"9,350.53"
01 Sept 2017,Spend Money,ToutApp - ToutApp Email Software,P3008US 30.00@1.18811,EUR,25.25,0.00,25.25,0.00,"9,375.78"
04 Sept 2017,Spend Money,CARD - Facebook - Ulearn ,,EUR,8.23,0.00,8.23,0.00,"9,384.01"
04 Sept 2017,Spend Money,"PAYPAL *GOOGLEADDON - Email Address Extractor (Users: Single User, Support: Email)  ",,EUR,25.24,0.00,25.24,0.00,"9,409.25"
04 Sept 2017,Payable Invoice,THE BING SOFTWARE - Ulearn - Gold Package,2769,EUR,249.33,0.00,249.33,0.00,"9,658.58"
05 Sept 2017,Spend Money,Google - Google Apps Bus,POS01SEP GOOGLE *SVCS,EUR,88.56,0.00,88.56,0.00,"9,747.14"
05 Sept 2017,Spend Money,"GoDaddy.com, LLC - Hosting ",,EUR,13.92,0.00,13.92,0.00,"9,761.06"
05 Sept 2017,Spend Money,CARD - Github - Github Repos,P0309US  7.00@1.18443,EUR,5.91,0.00,5.91,0.00,"9,766.97"
05 Sept 2017,Spend Money,SOFTWARE - Misc Software / Hosting,POS CHG USD        7,EUR,0.12,0.00,0.12,0.00,"9,767.09"
08 Sept 2017,Spend Money,SOFTWARE - Misc Software / Hosting,POS CHG USD       19,EUR,0.34,0.00,0.34,0.00,"9,767.43"
08 Sept 2017,Spend Money,CARD - Cazoomi - Sync Apps Recurring Subscription,P0609US 19.98@1.18999,EUR,16.79,0.00,16.79,0.00,"9,784.22"
12 Sept 2017,Payable Invoice,"THE BING SOFTWARE - Order Ref: OR-03A7D9. Job Ref: PP-02D72C Pick and Pack Job. Created on 26-06-17. Created by Ciaran McMahon. Order contains 1 parcels.
A full breakdown of this order is available online. £25.00
",2777,EUR,282.63,0.00,282.63,0.00,"10,066.85"
12 Sept 2017,Spend Money,SOFTWARE - Misc Software / Hosting,,EUR,0.18,0.00,0.18,0.00,"10,067.03"
15 Sept 2017,Spend Money,SOFTWARE - Misc Software / Hosting,POS CHG USD      367,EUR,6.19,0.00,6.19,0.00,"10,073.22"
19 Sept 2017,Spend Money,SOFTWARE - Misc Software / Hosting,,EUR,0.17,0.00,0.17,0.00,"10,073.39"
19 Sept 2017,Spend Money,Blacknight - Ulearn-hosting,,EUR,6.09,0.00,6.09,0.00,"10,079.48"
22 Sept 2017,Spend Money,SOFTWARE - Misc Software / Hosting,POS CHG USD       30,EUR,0.51,0.00,0.51,0.00,"10,079.99"
22 Sept 2017,Spend Money,Ticketsolve - Ulearn software ,,EUR,160.00,0.00,160.00,0.00,"10,239.99"
22 Sept 2017,Spend Money,CARD - Xero Subscription - ToutApp Email Software,P2109US 30.00@1.18623,EUR,25.29,0.00,25.29,0.00,"10,265.28"
25 Sept 2017,Spend Money,Zopim - Zopim Chat Module,P2009US 14.00@1.18644,EUR,11.80,0.00,11.80,0.00,"10,277.08"
25 Sept 2017,Spend Money,SOFTWARE - Misc Software / Hosting,POS CHG USD       14,EUR,0.24,0.00,0.24,0.00,"10,277.32"
26 Sept 2017,Spend Money,SOFTWARE - Software / Hosting,POS22SEP ADOBE  CREAT,EUR,30.74,0.00,30.74,0.00,"10,308.06"
26 Sept 2017,Spend Money,Buffer - Buffer,P2209US 10.00@1.19331,EUR,8.38,0.00,8.38,0.00,"10,316.44"
26 Sept 2017,Spend Money,SOFTWARE - Misc Software / Hosting,POS CHG USD       10,EUR,0.17,0.00,0.17,0.00,"10,316.61"
27 Sept 2017,Spend Money,Blacknight - Ulearn - hosting,,EUR,30.74,0.00,30.74,0.00,"10,347.35"
29 Sept 2017,Spend Money,SOFTWARE - Misc Software / Hosting,POS CHG USD       49,EUR,0.84,0.00,0.84,0.00,"10,348.19"
29 Sept 2017,Spend Money,SOFTWARE - Misc Software / Hosting,,EUR,0.18,0.00,0.18,0.00,"10,348.37"
29 Sept 2017,Spend Money,CARD - HighRise - HighRise CRM Software,P2709US 49.00@1.17168,EUR,41.82,0.00,41.82,0.00,"10,390.19"
02 Oct 2017,Spend Money,"GoDaddy.com, LLC - Ulearn-hosting",,EUR,8.66,0.00,8.66,0.00,"10,398.85"
02 Oct 2017,Payable Invoice,"THE BING SOFTWARE - Thebing Plus - School - Gold Package 76,67 € 10,00 % 207,00 €
# Core module
# Class scheduling
# Accommodation matching
# Online registration form
# Insurance
# Pay your providers and contracts
# Extensive CRM
# Attendance and Transcripts
# Mobile Student App
# Extended accounting
# Quotation module
# Report generator
# Complaints
# Support
# Hosting
# Period: 01.09.2017 until 30.09.2017",2834,EUR,243.33,0.00,243.33,0.00,"10,642.18"
03 Oct 2017,Spend Money,SOFTWARE - Misc Software / Hosting,POS CHG USD       30,EUR,0.51,0.00,0.51,0.00,"10,642.69"
03 Oct 2017,Spend Money,CARD - Facebook - Ulearn,,EUR,491.83,0.00,491.83,0.00,"11,134.52"
03 Oct 2017,Spend Money,ToutApp - ToutApp Email Software,P3009US 30.00@1.17739,EUR,25.48,0.00,25.48,0.00,"11,160.00"
04 Oct 2017,Spend Money,Google - Google Apps Bus,POS02OCT GOOGLE *SVCS,EUR,88.56,0.00,88.56,0.00,"11,248.56"
05 Oct 2017,Spend Money,SOFTWARE - Misc Software / Hosting,POS CHG USD        7,EUR,0.12,0.00,0.12,0.00,"11,248.68"
05 Oct 2017,Spend Money,CARD - Github - Github Repos,P0310US  7.00@1.16861,EUR,5.99,0.00,5.99,0.00,"11,254.67"
10 Oct 2017,Spend Money,SOFTWARE - Misc Software / Hosting,,EUR,0.18,0.00,0.18,0.00,"11,254.85"
10 Oct 2017,Spend Money,CARD - Cazoomi - Sync Apps Recurring Subscription,P0610US 19.98@1.16705,EUR,17.12,0.00,17.12,0.00,"11,271.97"
10 Oct 2017,Spend Money,SOFTWARE - Misc Software / Hosting,POS CHG USD       19,EUR,0.34,0.00,0.34,0.00,"11,272.31"
16 Oct 2017,Spend Money,"GoDaddy.com, LLC - Ulearn - Hosting ",POS12OCT PAYPAL *GODA,EUR,21.07,0.00,21.07,0.00,"11,293.38"
17 Oct 2017,Spend Money,"GoDaddy.com, LLC - Ulearn",,EUR,39.93,0.00,39.93,0.00,"11,333.31"
17 Oct 2017,Spend Money,IT Subscriptions - IT Subscription,,EUR,59.40,0.00,59.40,0.00,"11,392.71"
17 Oct 2017,Spend Money,IT Subscriptions - IT Subscription,,EUR,87.68,0.00,87.68,0.00,"11,480.39"
17 Oct 2017,Spend Money,IT Subscriptions - IT Subscription,,EUR,88.10,0.00,88.10,0.00,"11,568.49"
19 Oct 2017,Payable Invoice,"CARD - Xero Subscription - ULearn. Monthly Subscription, Standard Price Plan, 17 Sep 2017 to 16 Oct 2017",IN-779081,EUR,25.58,0.00,25.58,0.00,"11,594.07"
20 Oct 2017,Spend Money,SOFTWARE - Misc Software / Hosting,POS CHG USD       30,EUR,0.51,0.00,0.51,0.00,"11,594.58"
24 Oct 2017,Spend Money,SOFTWARE - Misc Software / Hosting,POS CHG USD       10,EUR,0.17,0.00,0.17,0.00,"11,594.75"
24 Oct 2017,Spend Money,SOFTWARE - Misc Software / Hosting,POS CHG USD       14,EUR,0.24,0.00,0.24,0.00,"11,594.99"
24 Oct 2017,Spend Money,Buffer - Buffer,P2210US 10.00@1.17647,EUR,8.50,0.00,8.50,0.00,"11,603.49"
24 Oct 2017,Spend Money,SOFTWARE - Misc Software / Hosting (+FX),,EUR,0.01,0.00,0.01,0.00,"11,603.50"
24 Oct 2017,Spend Money,Zopim - Zopim Chat Module,P2010US 14.00@1.17647,EUR,11.90,0.00,11.90,0.00,"11,615.40"
24 Oct 2017,Spend Money,IT Subscriptions - IT Subscription,,EUR,0.49,0.00,0.49,0.00,"11,615.89"
25 Oct 2017,Spend Money,SOFTWARE - Software / Hosting,POS23OCT ADOBE  CREAT,EUR,30.74,0.00,30.74,0.00,"11,646.63"
26 Oct 2017,Spend Money,SOFTWARE - Misc Software / Hosting,,EUR,0.18,0.00,0.18,0.00,"11,646.81"
01 Nov 2017,Spend Money,SOFTWARE - Misc Software / Hosting,POS CHG USD       30,EUR,0.52,0.00,0.52,0.00,"11,647.33"
01 Nov 2017,Spend Money,SOFTWARE - Misc Software / Hosting,,EUR,0.18,0.00,0.18,0.00,"11,647.51"
01 Nov 2017,Spend Money,"GoDaddy.com, LLC - Ulearn ",OS28OCT PAYPAL *GODA,EUR,8.79,0.00,8.79,0.00,"11,656.30"
01 Nov 2017,Spend Money,CARD - HighRise - HighRise CRM Software,P3010US 49.00@1.15921,EUR,42.27,0.00,42.27,0.00,"11,698.57"
01 Nov 2017,Spend Money,SOFTWARE - Misc Software / Hosting,POS CHG USD       49,EUR,0.85,0.00,0.85,0.00,"11,699.42"
01 Nov 2017,Spend Money,ToutApp - ToutApp Email Software,P3010US 30.00@1.15919,EUR,25.88,0.00,25.88,0.00,"11,725.30"
02 Nov 2017,Spend Money,CARD - Facebook - Ulearn ,,EUR,362.36,0.00,362.36,0.00,"12,087.66"
02 Nov 2017,Spend Money,"GoDaddy.com, LLC - Ulearn",,EUR,19.84,0.00,19.84,0.00,"12,107.50"
06 Nov 2017,Spend Money,Google - Google Apps Bus,POS02NOV GOOGLE *SVCS,EUR,88.56,0.00,88.56,0.00,"12,196.06"
07 Nov 2017,Payable Invoice,"Fidelo Software - 3,00 Users Thebing Plus - School - Gold Package 76,67 € 10,00 % 207,00 €
# Core module
# Class scheduling
# Accommodation matching
# Online registration form
# Insurance
# Pay your providers and contracts
# Extensive CRM
# Attendance and Transcripts
# Mobile Student App
# Extended accounting
# Quotation module
# Report generator
# Complaints
# Support
# Hosting
# Period: 01.10.2017 until 31.10.2017",2899-2908,EUR,246.33,0.00,246.33,0.00,"12,442.39"
07 Nov 2017,Payable Invoice,"Fidelo Software - 0,50 one-off Thebing Student Mobile App 950,00 € 50,00 % 237,50 €
# Implementation and release of Mobile
Student App for IOS and Android
# 50% Discount
# 50% Final amount",2899-2908,EUR,282.63,0.00,282.63,0.00,"12,725.02"
07 Nov 2017,Spend Money,SOFTWARE - Misc Software / Hosting,POS CHG USD        7,EUR,0.12,0.00,0.12,0.00,"12,725.14"
07 Nov 2017,Spend Money,CARD - Github - Github Repos,P0311US  7.00@1.15894,EUR,6.04,0.00,6.04,0.00,"12,731.18"
08 Nov 2017,Spend Money,SOFTWARE - Misc Software / Hosting,POS CHG USD       19,EUR,0.35,0.00,0.35,0.00,"12,731.53"
08 Nov 2017,Spend Money,CARD - Cazoomi - Sync Apps Recurring Subscription,P0611US 19.98@1.15758,EUR,17.26,0.00,17.26,0.00,"12,748.79"
17 Nov 2017,Payable Invoice,"CARD - Xero Subscription - ULearn. Monthly Subscription, Standard Price Plan, 17 Oct 2017 to 16 Nov 2017. ",IN-807660,EUR,25.61,0.00,25.61,0.00,"12,774.40"
20 Nov 2017,Spend Money,MAILCHIMP - MailChimp Email Marketing,POS16NOV MAILCHIMP,EUR,214.29,0.00,214.29,0.00,"12,988.69"
21 Nov 2017,Spend Money,CARD - Google - Ulearn,POS18NOV GOOGLE*ADWS1,EUR,500.00,0.00,500.00,0.00,"13,488.69"
21 Nov 2017,Spend Money,CARD - Google - Ulearn ,POS17NOV PAYPAL *GOOG,EUR,2.99,0.00,2.99,0.00,"13,491.68"
21 Nov 2017,Spend Money,IT Subscriptions - IT Subscription,,EUR,83.53,0.00,83.53,0.00,"13,575.21"
23 Nov 2017,Spend Money,SOFTWARE - Misc Software / Hosting,POS CHG USD       30,EUR,0.51,0.00,0.51,0.00,"13,575.72"
24 Nov 2017,Spend Money,SOFTWARE - Software / Hosting,POS22NOV ADOBE  CREAT,EUR,30.74,0.00,30.74,0.00,"13,606.46"
24 Nov 2017,Spend Money,SOFTWARE - Misc Software / Hosting,POS CHG USD       14,EUR,0.24,0.00,0.24,0.00,"13,606.70"
24 Nov 2017,Spend Money,Zopim - Zopim Chat Module,P2111US 14.00@1.17351,EUR,11.93,0.00,11.93,0.00,"13,618.63"
28 Nov 2017,Spend Money,SOFTWARE - Misc Software / Hosting,POS CHG USD       48,EUR,0.81,0.00,0.81,0.00,"13,619.44"
28 Nov 2017,Spend Money,IT Subscriptions - IT Subscription,,EUR,40.55,0.00,40.55,0.00,"13,659.99"
29 Nov 2017,Spend Money,SOFTWARE - Misc Software / Hosting,,EUR,0.18,0.00,0.18,0.00,"13,660.17"
30 Nov 2017,Spend Money,SOFTWARE - Misc Software / Hosting,POS CHG USD       49,EUR,0.83,0.00,0.83,0.00,"13,661.00"
30 Nov 2017,Spend Money,CARD - HighRise - HighRise CRM Software,P2811US 49.00@1.18271,EUR,41.43,0.00,41.43,0.00,"13,702.43"
30 Nov 2017,Spend Money,"GoDaddy.com, LLC - Ulearn ",,EUR,8.54,0.00,8.54,0.00,"13,710.97"
04 Dec 2017,Spend Money,SOFTWARE - Misc Software / Hosting,POS CHG USD       30,EUR,0.51,0.00,0.51,0.00,"13,711.48"
04 Dec 2017,Spend Money,ToutApp - ToutApp Email Software,P3011US 30.00@1.18063,EUR,25.41,0.00,25.41,0.00,"13,736.89"
05 Dec 2017,Spend Money,CARD - Github - Github Repos,P0312US  7.00@1.18443,EUR,5.91,0.00,5.91,0.00,"13,742.80"
05 Dec 2017,Spend Money,Google - Google Apps Bus,POS02DEC GOOGLE *SVCS,EUR,88.56,0.00,88.56,0.00,"13,831.36"
05 Dec 2017,Spend Money,SOFTWARE - Misc Software / Hosting,POS CHG USD        7,EUR,0.12,0.00,0.12,0.00,"13,831.48"
05 Dec 2017,Payable Invoice,"Fidelo Software - 4,00 Users Thebing Plus - School - Gold Package 75,00 € 10,00 % 270,00 €
# Core module
# Class scheduling
# Accommodation matching
# Online registration form
# Insurance
# Pay your providers and contracts
# Extensive CRM
# Attendance and Transcripts
# Mobile Student App
# Extended accounting
# Quotation module
# Report generator
# Complaints
# Support
# Hosting
# Period: 01.11.2017 until 30.11.2017",2966,EUR,270.00,0.00,270.00,0.00,"14,101.48"
06 Dec 2017,Spend Money,CARD - Google - Ulearn ,,EUR,3.99,0.00,3.99,0.00,"14,105.47"
06 Dec 2017,Spend Money,CARD - Google - Ulearn ,POS03DEC PAYPAL *GOOG,EUR,3.99,0.00,3.99,0.00,"14,109.46"
08 Dec 2017,Spend Money,SOFTWARE - Misc Software / Hosting,POS CHG USD       19,EUR,0.34,0.00,0.34,0.00,"14,109.80"
08 Dec 2017,Spend Money,CARD - Cazoomi - Sync Apps Recurring Subscription,P0612US 19.98@1.17806,EUR,16.96,0.00,16.96,0.00,"14,126.76"
17 Dec 2017,Spend Money,"CARD - Xero Subscription - ULearn. Monthly Subscription, Standard Price Plan, 17 Nov 2017 to 16 Dec 2017. ",IN-836956,EUR,25.54,0.00,25.54,0.00,"14,152.30"
19 Dec 2017,Spend Money,SOFTWARE - Misc Software / Hosting,POS CHG USD       30,EUR,0.51,0.00,0.51,0.00,"14,152.81"
19 Dec 2017,Spend Money,"GoDaddy.com, LLC - Ulearn",,EUR,13.53,0.00,13.53,0.00,"14,166.34"
28 Dec 2017,Spend Money,SOFTWARE - Misc Software / Hosting,POS CHG USD       14,EUR,0.24,0.00,0.24,0.00,"14,166.58"
28 Dec 2017,Spend Money,Zopim - Zopim Chat Module,P2012US 14.00@1.18443,EUR,11.82,0.00,11.82,0.00,"14,178.40"
29 Dec 2017,Spend Money,SOFTWARE - Misc Software / Hosting,,EUR,0.18,0.00,0.18,0.00,"14,178.58"
29 Dec 2017,Spend Money,SOFTWARE - Software / Hosting,POS22DEC ADOBE  CREAT,EUR,30.74,0.00,30.74,0.00,"14,209.32"
29 Dec 2017,Spend Money,CARD - Google - Ulearn,,EUR,5.49,0.00,5.49,0.00,"14,214.81"
02 Jan 2018,Spend Money,SOFTWARE - Misc Software / Hosting,POS CHG USD       49,EUR,0.82,0.00,0.82,0.00,"14,215.63"
02 Jan 2018,Spend Money,"GoDaddy.com, LLC - Ulearn",,EUR,10.66,0.00,10.66,0.00,"14,226.29"
02 Jan 2018,Spend Money,CARD - HighRise - HighRise CRM Software,P2812US 49.00@1.18874,EUR,41.22,0.00,41.22,0.00,"14,267.51"
03 Jan 2018,Payable Invoice,"Fidelo Software - Thebing Plus - School - Gold Package 75,00 € 10,00 % 270,00 €
# Core module
# Class scheduling
# Accommodation matching
# Online registration form
# Insurance
# Pay your providers and contracts
# Extensive CRM
# Attendance and Transcripts
# Mobile Student App
# Extended accounting
# Quotation module
# Report generator
# Complaints
# Support
# Hosting
# Period: 01.12.2017 until 31.12.2017",3031,EUR,321.30,0.00,321.30,0.00,"14,588.81"
03 Jan 2018,Spend Money,CARD - Google - Google Apps Bus,POS01JAN GOOGLE *SVCS,EUR,88.56,0.00,88.56,0.00,"14,677.37"
03 Jan 2018,Spend Money,ToutApp - ToutApp Email Software,P3012US 30.00@1.19379,EUR,25.13,0.00,25.13,0.00,"14,702.50"
03 Jan 2018,Spend Money,SOFTWARE - Misc Software / Hosting,POS CHG USD       30,EUR,0.50,0.00,0.50,0.00,"14,703.00"
05 Jan 2018,Spend Money,CARD - Github - Github Repos,P0301US  7.00@1.20068,EUR,5.83,0.00,5.83,0.00,"14,708.83"
05 Jan 2018,Spend Money,SOFTWARE - Misc Software / Hosting,POS CHG USD        7,EUR,0.12,0.00,0.12,0.00,"14,708.95"
09 Jan 2018,Spend Money,SOFTWARE - Misc Software / Hosting,POS CHG USD       19,EUR,0.33,0.00,0.33,0.00,"14,709.28"
09 Jan 2018,Spend Money,CARD - Cazoomi - Sync Apps Recurring Subscription,P0601US 19.98@1.20216,EUR,16.62,0.00,16.62,0.00,"14,725.90"
11 Jan 2018,Spend Money,SOFTWARE - Misc Software / Hosting,POS CHG USD       49,EUR,0.84,0.00,0.84,0.00,"14,726.74"
11 Jan 2018,Spend Money,SOFTWARE - Misc Software / Hosting,POS CHG USD       49,EUR,0.84,0.00,0.84,0.00,"14,727.58"
16 Jan 2018,Spend Money,"GoDaddy.com, LLC - Ulearn",,EUR,100.60,0.00,100.60,0.00,"14,828.18"
19 Jan 2018,Spend Money,"CARD - Xero Subscription - ULearn. Monthly Subscription, Standard Price Plan, 17 Dec 2017 to 16 Jan 2018.",IN-867008,EUR,24.64,0.00,24.64,0.00,"14,852.82"
19 Jan 2018,Spend Money,"GoDaddy.com, LLC - Ulearn",,EUR,13.06,0.00,13.06,0.00,"14,865.88"
19 Jan 2018,Spend Money,SOFTWARE - Misc Software / Hosting,POS CHG USD       30,EUR,0.49,0.00,0.49,0.00,"14,866.37"
23 Jan 2018,Spend Money,CARD - Zopim - Zopim Chat Module,P2001US 14.00@1.22057,EUR,11.47,0.00,11.47,0.00,"14,877.84"
23 Jan 2018,Spend Money,SOFTWARE - Misc Software / Hosting,POS CHG USD       14,EUR,0.23,0.00,0.23,0.00,"14,878.07"
24 Jan 2018,Spend Money,SOFTWARE - Software / Hosting,POS22JAN ADOBE  CREAT,EUR,30.74,0.00,30.74,0.00,"14,908.81"
30 Jan 2018,Spend Money,SOFTWARE - Misc Software / Hosting,,EUR,0.18,0.00,0.18,0.00,"14,908.99"
30 Jan 2018,Spend Money,"GoDaddy.com, LLC - Hosting",,EUR,10.24,0.00,10.24,0.00,"14,919.23"
30 Jan 2018,Spend Money,SOFTWARE - Misc Software / Hosting,POS CHG USD       49,EUR,0.79,0.00,0.79,0.00,"14,920.02"
30 Jan 2018,Spend Money,CARD - HighRise - HighRise CRM Software,P2801US 49.00@1.23706,EUR,39.61,0.00,39.61,0.00,"14,959.63"
01 Feb 2018,Spend Money,SOFTWARE - Misc Software / Hosting,POS CHG USD       30,EUR,0.49,0.00,0.49,0.00,"14,960.12"
01 Feb 2018,Spend Money,ToutApp - ToutApp Email Software,P3001US 30.00@1.23355,EUR,24.32,0.00,24.32,0.00,"14,984.44"
05 Feb 2018,Spend Money,CARD - Google - Google Apps Bus,POS01FEB GOOGLE *SVCS,EUR,88.56,0.00,88.56,0.00,"15,073.00"
06 Feb 2018,Spend Money,SOFTWARE - Misc Software / Hosting,POS CHG USD        7,EUR,0.11,0.00,0.11,0.00,"15,073.11"
06 Feb 2018,Spend Money,"GoDaddy.com, LLC - Ulearn",,EUR,99.20,0.00,99.20,0.00,"15,172.31"
06 Feb 2018,Spend Money,CARD - Github - Github Repos,P0302US  7.00@1.24113,EUR,5.64,0.00,5.64,0.00,"15,177.95"
06 Feb 2018,Payable Invoice,"Fidelo Software - 4,00 Users Thebing Plus - School - Gold Package 75,00 € 10,00 % 270,00 €
# Core module
# Class scheduling
# Accommodation matching
# Online registration form
# Insurance
# Pay your providers and contracts
# Extensive CRM
# Attendance and Transcripts
# Mobile Student App
# Extended accounting
# Quotation module
# Report generator
# Complaints
# Support
# Hosting
# Period: 01.01.2018 until 31.01.2018
",20041220-3094,EUR,321.30,0.00,321.30,0.00,"15,499.25"
08 Feb 2018,Spend Money,SOFTWARE - Misc Software / Hosting,POS CHG USD       19,EUR,0.32,0.00,0.32,0.00,"15,499.57"
08 Feb 2018,Spend Money,CARD - Cazoomi - Sync Apps Recurring Subscription,P0602US 19.98@1.23105,EUR,16.23,0.00,16.23,0.00,"15,515.80"
20 Feb 2018,Spend Money,SOFTWARE - Misc Software / Hosting,POS CHG USD       30,EUR,0.48,0.00,0.48,0.00,"15,516.28"
20 Feb 2018,Spend Money,"CARD - Xero Subscription - ULearn. Monthly Subscription, Standard Price Plan, 17 Jan 2018 to 16 Feb 2018.",IN-897978,EUR,24.21,0.00,24.21,0.00,"15,540.49"
20 Feb 2018,Spend Money,"GoDaddy.com, LLC - Ulearn",,EUR,101.71,0.00,101.71,0.00,"15,642.20"
23 Feb 2018,Spend Money,CARD - Zopim - Zopim Chat Module,P2002US 14.00@1.22807,EUR,11.40,0.00,11.40,0.00,"15,653.60"
23 Feb 2018,Spend Money,SOFTWARE - Misc Software / Hosting,POS CHG USD       14,EUR,0.23,0.00,0.23,0.00,"15,653.83"
27 Feb 2018,Spend Money,SOFTWARE - Software / Hosting,POS23FEB ADOBE  CREAT,EUR,30.74,0.00,30.74,0.00,"15,684.57"
27 Feb 2018,Spend Money,"GoDaddy.com, LLC - Ulearn",,EUR,198.40,0.00,198.40,0.00,"15,882.97"
28 Feb 2018,Spend Money,"GoDaddy.com, LLC - Ulearn",,EUR,24.85,0.00,24.85,0.00,"15,907.82"
01 Mar 2018,Spend Money,SOFTWARE - Misc Software / Hosting,,EUR,0.18,0.00,0.18,0.00,"15,908.00"
01 Mar 2018,Spend Money,"GoDaddy.com, LLC - Ulearn",,EUR,35.95,0.00,35.95,0.00,"15,943.95"
02 Mar 2018,Spend Money,"GoDaddy.com, LLC - Ulearn",,EUR,10.42,0.00,10.42,0.00,"15,954.37"
02 Mar 2018,Spend Money,SOFTWARE - Misc Software / Hosting,POS CHG USD       30,EUR,0.49,0.00,0.49,0.00,"15,954.86"
02 Mar 2018,Spend Money,SOFTWARE - Misc Software / Hosting,POS CHG USD       49,EUR,0.80,0.00,0.80,0.00,"15,955.66"
02 Mar 2018,Spend Money,ToutApp - ToutApp Email Software,P2802US 30.00@1.21852,EUR,24.62,0.00,24.62,0.00,"15,980.28"
02 Mar 2018,Spend Money,CARD - HighRise - HighRise CRM Software,P2802US 49.00@1.21860,EUR,40.21,0.00,40.21,0.00,"16,020.49"
06 Mar 2018,Spend Money,CARD - Google - Google Apps Bus,POS02MAR GOOGLE *SVCS,EUR,88.56,0.00,88.56,0.00,"16,109.05"
06 Mar 2018,Spend Money,SOFTWARE - Misc Software / Hosting,POS CHG USD        7,EUR,0.11,0.00,0.11,0.00,"16,109.16"
06 Mar 2018,Payable Invoice,"Fidelo Software - 4,00 Users Thebing Plus - School - Gold Package 75,00 € 10,00 % 270,00 €
# Core module
# Class scheduling
# Accommodation matching
# Online registration form
# Insurance
# Pay your providers and contracts
# Extensive CRM
# Attendance and Transcripts
# Mobile Student App
# Extended accounting
# Quotation module
# Report generator
# Complaints
# Support
# Hosting
# Period: 01.02.2018 until 28.02.2018",3151,EUR,321.30,0.00,321.30,0.00,"16,430.46"
06 Mar 2018,Spend Money,CARD - Github - Github Repos,P0303US  7.00@1.22591,EUR,5.71,0.00,5.71,0.00,"16,436.17"
08 Mar 2018,Spend Money,SOFTWARE - Misc Software / Hosting,POS CHG USD       19,EUR,0.32,0.00,0.32,0.00,"16,436.49"
08 Mar 2018,Spend Money,CARD - Cazoomi - Sync Apps Recurring Subscription,P0603US 19.98@1.23257,EUR,16.21,0.00,16.21,0.00,"16,452.70"
20 Mar 2018,Spend Money,"GoDaddy.com, LLC - Ulearn",,EUR,15.62,0.00,15.62,0.00,"16,468.32"
21 Mar 2018,Spend Money,"CARD - Xero Subscription - ULearn. Monthly Subscription, Standard Price Plan, 17 Feb 2018 to 16 Mar 2018. ",IN-929981,EUR,24.47,0.00,24.47,0.00,"16,492.79"
21 Mar 2018,Spend Money,SOFTWARE - Misc Software / Hosting,POS CHG USD       30,EUR,0.49,0.00,0.49,0.00,"16,493.28"
22 Mar 2018,Spend Money,SOFTWARE - Misc Software / Hosting,POS CHG USD       14,EUR,0.23,0.00,0.23,0.00,"16,493.51"
22 Mar 2018,Spend Money,CARD - Zopim - Zopim Chat Module,P2003US 14.00@1.22377,EUR,11.44,0.00,11.44,0.00,"16,504.95"
26 Mar 2018,Spend Money,SOFTWARE - Software / Hosting,POS22MAR ADOBE  CREAT,EUR,30.74,0.00,30.74,0.00,"16,535.69"
28 Mar 2018,Spend Money,"GoDaddy.com, LLC - Ulearn",,EUR,12.29,0.00,12.29,0.00,"16,547.98"
29 Mar 2018,Spend Money,SOFTWARE - Misc Software / Hosting,,EUR,0.18,0.00,0.18,0.00,"16,548.16"
03 Apr 2018,Spend Money,SOFTWARE - Misc Software / Hosting,POS CHG USD       49,EUR,0.80,0.00,0.80,0.00,"16,548.96"
03 Apr 2018,Spend Money,CARD - HighRise - HighRise CRM Software,P2803US 49.00@1.22991,EUR,39.84,0.00,39.84,0.00,"16,588.80"
03 Apr 2018,Spend Money,"GoDaddy.com, LLC - Ulearn",,EUR,10.24,0.00,10.24,0.00,"16,599.04"
04 Apr 2018,Spend Money,CARD - Google - Google Apps Bus,POS02APR GOOGLE *SVCS,EUR,91.72,0.00,91.72,0.00,"16,690.76"
04 Apr 2018,Spend Money,CARD - Google - Ulearn,,EUR,20.06,0.00,20.06,0.00,"16,710.82"
04 Apr 2018,Spend Money,SOFTWARE - Misc Software / Hosting,POS CHG USD       30,EUR,0.49,0.00,0.49,0.00,"16,711.31"
04 Apr 2018,Payable Invoice,"Fidelo Software - 4,00 Users Thebing Plus - School - Gold Package 75,00 € 10,00 % 270,00 €
# Core module
# Class scheduling
# Accommodation matching
# Online registration form
# Insurance
# Pay your providers and contracts
# Extensive CRM
# Attendance and Transcripts
# Mobile Student App
# Extended accounting
# Quotation module
# Report generator
# Complaints
# Support
# Hosting
# Period: 01.03.2018 until 31.03.2018", 3224,EUR,321.30,0.00,321.30,0.00,"17,032.61"
04 Apr 2018,Spend Money,"GoDaddy.com, LLC - Ulearn",,EUR,69.80,0.00,69.80,0.00,"17,102.41"
04 Apr 2018,Spend Money,ToutApp - ToutApp Email Software,P3003US 30.00@1.22900,EUR,24.41,0.00,24.41,0.00,"17,126.82"
05 Apr 2018,Spend Money,CARD - Github - Github Repos,P0304US  7.00@1.22591,EUR,5.71,0.00,5.71,0.00,"17,132.53"
05 Apr 2018,Spend Money,SOFTWARE - Misc Software / Hosting,POS CHG USD        7,EUR,0.11,0.00,0.11,0.00,"17,132.64"
10 Apr 2018,Spend Money,SOFTWARE - Misc Software / Hosting,POS CHG USD       19,EUR,0.33,0.00,0.33,0.00,"17,132.97"
10 Apr 2018,Spend Money,CARD - Cazoomi - Sync Apps Recurring Subscription,P0604US 19.98@1.22127,EUR,16.36,0.00,16.36,0.00,"17,149.33"
19 Apr 2018,Spend Money,SOFTWARE - Misc Software / Hosting,POS CHG USD       30,EUR,0.49,0.00,0.49,0.00,"17,149.82"
23 Apr 2018,Spend Money,Unknown Pay Out - Ulearn,,EUR,176.50,0.00,176.50,0.00,"17,326.32"
23 Apr 2018,Spend Money,"CARD - Xero Subscription - ULearn. Monthly Subscription, Standard Price Plan, 17 Mar 2018 to 16 Apr 2018",IN-962888,EUR,24.32,0.00,24.32,0.00,"17,350.64"
24 Apr 2018,Spend Money,SOFTWARE - Misc Software / Hosting,POS CHG USD       14,EUR,0.23,0.00,0.23,0.00,"17,350.87"
24 Apr 2018,Spend Money,SOFTWARE - Software / Hosting,POS22APR ADOBE  CREAT,EUR,30.74,0.00,30.74,0.00,"17,381.61"
24 Apr 2018,Spend Money,YouTube - Ulearn ,,EUR,33.65,0.00,33.65,0.00,"17,415.26"
24 Apr 2018,Spend Money,CARD - Zopim - Zopim Chat Module,P2004US 14.00@1.22484,EUR,11.43,0.00,11.43,0.00,"17,426.69"
24 Apr 2018,Spend Money,"GoDaddy.com, LLC - Ulearn ",,EUR,19.29,0.00,19.29,0.00,"17,445.98"
27 Apr 2018,Spend Money,Unknown Pay Out - Ulearn,,EUR,202.31,0.00,202.31,0.00,"17,648.29"
27 Apr 2018,Spend Money,SOFTWARE - Misc Software / Hosting,POS CHG USD      245,EUR,4.05,0.00,4.05,0.00,"17,652.34"
01 May 2018,Spend Money,SOFTWARE - Misc Software / Hosting,,EUR,0.18,0.00,0.18,0.00,"17,652.52"
01 May 2018,Spend Money,"GoDaddy.com, LLC - Hosting Domains",,EUR,10.51,0.00,10.51,0.00,"17,663.03"
01 May 2018,Spend Money,SOFTWARE - Misc Software / Hosting,POS CHG USD       49,EUR,0.81,0.00,0.81,0.00,"17,663.84"
01 May 2018,Spend Money,CARD - HighRise - HighRise CRM Software,P2804US 49.00@1.20541,EUR,40.65,0.00,40.65,0.00,"17,704.49"
02 May 2018,Spend Money,CARD - Facebook - Hosting ,POS30APR PAYPAL *FACE,EUR,105.40,0.00,105.40,0.00,"17,809.89"
02 May 2018,Spend Money,CARD - Facebook - Hosting ,POS30APR PAYPAL *FACE,EUR,28.99,0.00,28.99,0.00,"17,838.88"
02 May 2018,Spend Money,SOFTWARE - Misc Software / Hosting,POS CHG USD       30,EUR,0.50,0.00,0.50,0.00,"17,839.38"
02 May 2018,Spend Money,ToutApp - ToutApp Email Software,P3004US 30.00@1.20627,EUR,24.87,0.00,24.87,0.00,"17,864.25"
03 May 2018,Payable Invoice,"Fidelo Software - 4,00 Users Thebing Plus - School - Gold Package 75,00 € 10,00 % 270,00 €
# Core module
# Class scheduling
# Accommodation matching
# Online registration form
# Insurance
# Pay your providers and contracts
# Extensive CRM
# Attendance and Transcripts
# Mobile Student App
# Extended accounting
# Quotation module
# Report generator
# Complaints
# Support
# Hosting
# Period: 01.04.2018 until 30.04.2018
1,00 hours Styling and setup of online form 90,00 € 0,00 % 90,00 €
# New form was setup and styled",3291,EUR,428.40,0.00,428.40,0.00,"18,292.65"
04 May 2018,Spend Money,CARD - Google - Google Apps Bus,POS02MAY GOOGLE *SVCS,EUR,93.48,0.00,93.48,0.00,"18,386.13"
08 May 2018,Spend Money,CARD - Github - Github Repos,P0305US  7.00@1.19453,EUR,5.86,0.00,5.86,0.00,"18,391.99"
08 May 2018,Spend Money,SOFTWARE - Misc Software / Hosting,POS CHG USD        7,EUR,0.12,0.00,0.12,0.00,"18,392.11"
09 May 2018,Spend Money,"GoDaddy.com, LLC - Ulearn",POS06MAY PAYPAL *GODA,EUR,6.14,0.00,6.14,0.00,"18,398.25"
09 May 2018,Spend Money,CARD - Cazoomi - Sync Apps Recurring Subscription,P0605US 19.98@1.19070,EUR,16.78,0.00,16.78,0.00,"18,415.03"
09 May 2018,Spend Money,"GoDaddy.com, LLC - Ulearn",POS05MAY PAYPAL *GODA,EUR,12.83,0.00,12.83,0.00,"18,427.86"
09 May 2018,Spend Money,"GoDaddy.com, LLC - Ulearn",POS07MAY PAYPAL *GODA,EUR,99.20,0.00,99.20,0.00,"18,527.06"
09 May 2018,Spend Money,SOFTWARE - Misc Software / Hosting,POS CHG USD       19,EUR,0.34,0.00,0.34,0.00,"18,527.40"
11 May 2018,Spend Money,"GoDaddy.com, LLC - Ulearn",POS09MAY PAYPAL *GODA,EUR,14.11,0.00,14.11,0.00,"18,541.51"
12 May 2018,Payable Invoice,Wistia Software company - Wistia Video Hosting,889715,EUR,412.79,0.00,412.79,0.00,"18,954.30"
17 May 2018,Spend Money,"CARD - Xero Subscription - ULearn. Monthly Subscription, Standard Price Plan, 17 Apr 2018 to 16 May 2018",IN-996476,EUR,25.48,0.00,25.48,0.00,"18,979.78"
21 May 2018,Spend Money,MAILCHIMP - MailChimp Email Marketing,POS17MAY MAILCHIMP,EUR,214.15,0.00,214.15,0.00,"19,193.93"
21 May 2018,Spend Money,SOFTWARE - Misc Software / Hosting,POS CHG USD       30,EUR,0.51,0.00,0.51,0.00,"19,194.44"
22 May 2018,Spend Money,"GoDaddy.com, LLC - hosting",,EUR,12.29,0.00,12.29,0.00,"19,206.73"
22 May 2018,Spend Money,"GoDaddy.com, LLC - Ulearn ",,EUR,49.11,0.00,49.11,0.00,"19,255.84"
22 May 2018,Spend Money,CARD - Zopim - Zopim Chat Module,P2005US 14.00@1.17449,EUR,11.92,0.00,11.92,0.00,"19,267.76"
22 May 2018,Spend Money,SOFTWARE - Misc Software / Hosting,POS CHG USD       14,EUR,0.24,0.00,0.24,0.00,"19,268.00"
25 May 2018,Spend Money,SOFTWARE - Software / Hosting,POS23MAY ADOBE  CREAT,EUR,30.74,0.00,30.74,0.00,"19,298.74"
29 May 2018,Spend Money,SOFTWARE - Misc Software / Hosting,,EUR,0.18,0.00,0.18,0.00,"19,298.92"
30 May 2018,Spend Money,"GoDaddy.com, LLC - hosting",,EUR,10.88,0.00,10.88,0.00,"19,309.80"
30 May 2018,Spend Money,SOFTWARE - Misc Software / Hosting,POS CHG USD       49,EUR,0.84,0.00,0.84,0.00,"19,310.64"
30 May 2018,Spend Money,CARD - HighRise - HighRise CRM Software,P2805US 49.00@1.16444,EUR,42.08,0.00,42.08,0.00,"19,352.72"
31 May 2018,Spend Money,A2 Hosting,,EUR,278.30,0.00,278.30,0.00,"19,631.02"
01 Jun 2018,Spend Money,SOFTWARE - Misc Software / Hosting,POS CHG USD       30,EUR,0.52,0.00,0.52,0.00,"19,631.54"
01 Jun 2018,Spend Money,ToutApp - ToutApp Email Software,P3005US 30.00@1.15163,EUR,26.05,0.00,26.05,0.00,"19,657.59"
05 Jun 2018,Spend Money,LETSHOST IBANIE11AIBK93131411670079 - Domain Renewal - ulearn.ie - 2 Year/s (18/06/2018 - 17/06/2020),725934,EUR,66.40,0.00,66.40,0.00,"19,723.99"
05 Jun 2018,Spend Money,LETSHOST IBANIE11AIBK93131411670079 - Domain Renewal - u-learn.ie - 1 Year/s (14/10/2017 - 13/10/2018),668075,EUR,33.20,0.00,33.20,0.00,"19,757.19"
05 Jun 2018,Spend Money,LETSHOST IBANIE11AIBK93131411670079 - Domain Renewal - lexiconlanguages.com - 1 Year/s (16/04/2015 - 15/04/2016),490121,EUR,15.98,0.00,15.98,0.00,"19,773.17"
06 Jun 2018,Payable Invoice,"Fidelo Software - 4,00 Users Thebing Plus - School - Gold Package 75,00 € 10,00 % 270,00 €
# Core module
# Class scheduling
# Accommodation matching
# Online registration form
# Insurance
# Pay your providers and contracts
# Extensive CRM
# Attendance and Transcripts
# Mobile Student App
# Extended accounting
# Quotation module
# Report generator
# Complaints
# Support
# Hosting
# Period: 01.05.2018 until 31.05.2018
",3360,EUR,321.30,0.00,321.30,0.00,"20,094.47"
06 Jun 2018,Spend Money,CARD - Google - Google Apps Bus,POS02JUN GOOGLE *SVCS,EUR,71.57,0.00,71.57,0.00,"20,166.04"
06 Jun 2018,Spend Money,CARD - Github - Github Repos,P0306US  7.00@1.16086,EUR,6.03,0.00,6.03,0.00,"20,172.07"
06 Jun 2018,Spend Money,SOFTWARE - Misc Software / Hosting,POS CHG USD        7,EUR,0.12,0.00,0.12,0.00,"20,172.19"
06 Jun 2018,Spend Money,"GoDaddy.com, LLC - hosting",,EUR,13.68,0.00,13.68,0.00,"20,185.87"
08 Jun 2018,Spend Money,CARD - Cazoomi - Sync Apps Recurring Subscription,P0606US 19.98@1.17116,EUR,17.06,0.00,17.06,0.00,"20,202.93"
08 Jun 2018,Spend Money,SOFTWARE - Misc Software / Hosting,POS CHG USD       19,EUR,0.34,0.00,0.34,0.00,"20,203.27"
11 Jun 2018,Receive Money,LETSHOST IBANIE11AIBK93131411670079 - LETSHOST gave us this money back,,EUR,0.00,15.98,0.00,15.98,"20,187.29"
11 Jun 2018,Spend Money,LETSHOST IBANIE11AIBK93131411670079 - Ulearn ,,EUR,24.59,0.00,24.59,0.00,"20,211.88"
12 Jun 2018,Spend Money,HMA - Hide My Ass Proxy ,,EUR,69.14,0.00,69.14,0.00,"20,281.02"
18 Jun 2018,Spend Money,"CARD - Xero Subscription - ULearn. Monthly Subscription, Standard Price Plan, 17 May 2018 to 16 Jun 2018",IN-1030670,EUR,25.99,0.00,25.99,0.00,"20,307.01"
19 Jun 2018,Spend Money,SOFTWARE - Misc Software / Hosting,POS CHG USD       30,EUR,0.52,0.00,0.52,0.00,"20,307.53"
21 Jun 2018,Spend Money,"GoDaddy.com, LLC - Domain renewals",,EUR,60.24,0.00,60.24,0.00,"20,367.77"
25 Jun 2018,Spend Money,CARD - Zopim - Zopim Chat Module,P2006US 14.00@1.15036,EUR,12.17,0.00,12.17,0.00,"20,379.94"
25 Jun 2018,Spend Money,SOFTWARE - Misc Software / Hosting,POS CHG USD       14,EUR,0.24,0.00,0.24,0.00,"20,380.18"
26 Jun 2018,Spend Money,SOFTWARE - Software / Hosting,POS22JUN ADOBE  CREAT,EUR,30.74,0.00,30.74,0.00,"20,410.92"
29 Jun 2018,Spend Money,SOFTWARE - Misc Software / Hosting,,EUR,0.18,0.00,0.18,0.00,"20,411.10"
02 Jul 2018,Spend Money,"GoDaddy.com, LLC - Hosting",,EUR,27.04,0.00,27.04,0.00,"20,438.14"
02 Jul 2018,Spend Money,"GoDaddy.com, LLC - Hosting",,EUR,10.95,0.00,10.95,0.00,"20,449.09"
02 Jul 2018,Spend Money,CARD - HighRise - HighRise CRM Software,P2806US 49.00@1.15266,EUR,42.51,0.00,42.51,0.00,"20,491.60"
02 Jul 2018,Spend Money,SOFTWARE - Misc Software / Hosting,POS CHG USD       49,EUR,0.85,0.00,0.85,0.00,"20,492.45"
03 Jul 2018,Spend Money,CARD - Google - Google Apps Bus,POS01JUL GOOGLE *SVCS,EUR,73.80,0.00,73.80,0.00,"20,566.25"
03 Jul 2018,Spend Money,SOFTWARE - Misc Software / Hosting,POS CHG USD       30,EUR,0.52,0.00,0.52,0.00,"20,566.77"
03 Jul 2018,Spend Money,ToutApp - ToutApp Email Software,P3006US 30.00@1.15562,EUR,25.96,0.00,25.96,0.00,"20,592.73"
03 Jul 2018,Spend Money,"GoDaddy.com, LLC - Hosting",,EUR,32.92,0.00,32.92,0.00,"20,625.65"
05 Jul 2018,Spend Money,CARD - Github - Github Repos,P0307US  7.00@1.16279,EUR,6.02,0.00,6.02,0.00,"20,631.67"
05 Jul 2018,Payable Invoice,"Fidelo Software - 4,00 users Fidelo - School - Elite Package 75,00 € 10,00 % 270,00 €
# Core module
# Class scheduling, accommodation
matching and insurances
# Online forms
# Pay your providers and contracts
# Extensive CRM
# Attendance and Transcripts
# Extended accounting and Report generator
# Quotation module and Complaint
management
# Support
# Hosting, Server administration and Backups
including SSL encryption
# Support including 2 hours complimentary
training per month and 1 day free onsite
training per year
# Period: 01.06.2018 until 30.06.2018", 3432,EUR,321.30,0.00,321.30,0.00,"20,952.97"
05 Jul 2018,Spend Money,SOFTWARE - Misc Software / Hosting,POS CHG USD        7,EUR,0.12,0.00,0.12,0.00,"20,953.09"
06 Jul 2018,Spend Money,SOFTWARE - Misc Software / Hosting,POS CHG USD      480,EUR,8.26,0.00,8.26,0.00,"20,961.35"
10 Jul 2018,Spend Money,SOFTWARE - Misc Software / Hosting,POS CHG USD       19,EUR,0.34,0.00,0.34,0.00,"20,961.69"
10 Jul 2018,Spend Money,CARD - Cazoomi - Sync Apps Recurring Subscription,P0607US 19.98@1.16773,EUR,17.11,0.00,17.11,0.00,"20,978.80"
12 Jul 2018,Spend Money,SOFTWARE - Cloud Software misc,,EUR,22.95,0.00,22.95,0.00,"21,001.75"
13 Jul 2018,Spend Money,"GoDaddy.com, LLC - Hosting ",,EUR,49.19,0.00,49.19,0.00,"21,050.94"
13 Jul 2018,Spend Money,"GoDaddy.com, LLC - Hosting ",,EUR,32.91,0.00,32.91,0.00,"21,083.85"
16 Jul 2018,Spend Money,"GoDaddy.com, LLC - Hosting",,EUR,45.83,0.00,45.83,0.00,"21,129.68"
17 Jul 2018,Spend Money,"CARD - Xero Subscription - 
ULearn. Monthly Subscription, Standard Price Plan, 17 Jun 2018 to 16 Jul 2018.",IN-1065550,EUR,25.70,0.00,25.70,0.00,"21,155.38"
17 Jul 2018,Spend Money,"CARD - Xero Subscription - ULearn. Monthly Subscription, Standard Price Plan, 17 Jun 2018 to 16 Jul 2018.",IN-1065550,EUR,0.05,0.00,0.05,0.00,"21,155.43"
18 Jul 2018,Spend Money,"GoDaddy.com, LLC - Ulearn",,EUR,68.13,0.00,68.13,0.00,"21,223.56"
19 Jul 2018,Spend Money,SOFTWARE - Misc Software / Hosting,POS CHG USD       30,EUR,0.52,0.00,0.52,0.00,"21,224.08"
24 Jul 2018,Spend Money,CARD - Zopim - Zopim Chat Module,P2007US 14.00@1.16279,EUR,12.04,0.00,12.04,0.00,"21,236.12"
24 Jul 2018,Spend Money,SOFTWARE - Software / Hosting,POS22JUL ADOBE  CREAT,EUR,30.74,0.00,30.74,0.00,"21,266.86"
24 Jul 2018,Spend Money,SOFTWARE - Misc Software / Hosting,POS CHG USD       14,EUR,0.24,0.00,0.24,0.00,"21,267.10"
27 Jul 2018,Spend Money,"GoCardless-Leeson Telecom Holdings Ltd (HostIreland) - Broadband Install - [ULearn Ded] , [89 Harcourt Street, Dublin 2, Ireland]  - WQELE",179286,EUR,608.85,0.00,608.85,0.00,"21,875.95"
30 Jul 2018,Spend Money,SOFTWARE - Misc Software / Hosting,POS CHG USD       29,EUR,0.52,0.00,0.52,0.00,"21,876.47"
31 Jul 2018,Spend Money,GoCardless-Leeson Telecom Holdings Ltd - Ulearn,,EUR,367.77,0.00,367.77,0.00,"22,244.24"
01 Aug 2018,Spend Money,ToutApp - ToutApp Email Software,P3007US 30.00@1.16459,EUR,25.76,0.00,25.76,0.00,"22,270.00"
01 Aug 2018,Spend Money,"GoDaddy.com, LLC - Ulearn ",,EUR,8.60,0.00,8.60,0.00,"22,278.60"
01 Aug 2018,Spend Money,SOFTWARE - Misc Software / Hosting,POS CHG USD       30,EUR,0.52,0.00,0.52,0.00,"22,279.12"
02 Aug 2018,Spend Money,CARD - HighRise - HighRise CRM Software,P3107US 49.00@1.16833,EUR,41.94,0.00,41.94,0.00,"22,321.06"
02 Aug 2018,Payable Invoice,"Fidelo Software - 4,00 users Fidelo - School - Premium Package 65,00 € 10,00 % 234,00 €
# Core module
# Class scheduling, accommodation
matching and insurances
# Online forms
# Pay your providers and contracts
# Extensive CRM
# Attendance and Transcripts
# Extended accounting and Report generator
# Quotation module and Complaint
management
# Support
# Hosting, Server administration and Backups
including SSL encryption
# Period: 01.07.2018 until 31.07.2018",3514,EUR,278.46,0.00,278.46,0.00,"22,599.52"
02 Aug 2018,Spend Money,SOFTWARE - Misc Software / Hosting,POS CHG USD       49,EUR,0.84,0.00,0.84,0.00,"22,600.36"
07 Aug 2018,Spend Money,CARD - Google - Ulearn ,3482901023,EUR,73.80,0.00,73.80,0.00,"22,674.16"
08 Aug 2018,Spend Money,CARD - Github - Github Repos,P0408US  7.00@1.15511,EUR,6.06,0.00,6.06,0.00,"22,680.22"
08 Aug 2018,Spend Money,SOFTWARE - Misc Software / Hosting,POS CHG USD        7,EUR,0.12,0.00,0.12,0.00,"22,680.34"
09 Aug 2018,Spend Money,CARD - Cazoomi - Sync Apps Recurring Subscription,P0708US 19.98@1.15491,EUR,17.30,0.00,17.30,0.00,"22,697.64"
09 Aug 2018,Spend Money,SOFTWARE - Misc Software / Hosting,POS CHG USD       19,EUR,0.35,0.00,0.35,0.00,"22,697.99"
13 Aug 2018,Spend Money,"GoCardless-Leeson Telecom Holdings Ltd (HostIreland) - Broadband Install - [ULearn Ded] , [89 Harcourt Street, Dublin 2, Ireland]  - WQELE",180657,EUR,"1,200.25",0.00,"1,200.25",0.00,"23,898.24"
14 Aug 2018,Spend Money,"GoDaddy.com, LLC - Hosting ",,EUR,5.56,0.00,5.56,0.00,"23,903.80"
15 Aug 2018,Spend Money,"GoDaddy.com, LLC - Hosting ",,EUR,67.56,0.00,67.56,0.00,"23,971.36"
16 Aug 2018,Spend Money,"GoDaddy.com, LLC - Hosting ",,EUR,16.93,0.00,16.93,0.00,"23,988.29"
17 Aug 2018,Spend Money,"CARD - Xero Subscription - ULearn. Monthly Subscription, Standard Price Plan, 17 Jul 2018 to 16 Aug 2018.",IN-1101436,EUR,26.40,0.00,26.40,0.00,"24,014.69"
21 Aug 2018,Spend Money,"GoDaddy.com, LLC - Hosting",,EUR,12.28,0.00,12.28,0.00,"24,026.97"
21 Aug 2018,Spend Money,SOFTWARE - Misc Software / Hosting,POS CHG USD       30,EUR,0.53,0.00,0.53,0.00,"24,027.50"
23 Aug 2018,Spend Money,CARD - Zopim - Zopim Chat Module,P2008US 14.00@1.14754,EUR,12.20,0.00,12.20,0.00,"24,039.70"
23 Aug 2018,Spend Money,SOFTWARE - Misc Software / Hosting,POS CHG USD       14,EUR,0.24,0.00,0.24,0.00,"24,039.94"
27 Aug 2018,Spend Money,SOFTWARE - Software / Hosting,POS23AUG ADOBE  CREAT,EUR,30.74,0.00,30.74,0.00,"24,070.68"
30 Aug 2018,Spend Money,CARD - HighRise - HighRise CRM Software,P2808US 49.00@1.16611,EUR,42.02,0.00,42.02,0.00,"24,112.70"
30 Aug 2018,Spend Money,SOFTWARE - Misc Software / Hosting,POS CHG USD       49,EUR,0.84,0.00,0.84,0.00,"24,113.54"
30 Aug 2018,Spend Money,"GoDaddy.com, LLC - Ulearn",,EUR,8.60,0.00,8.60,0.00,"24,122.14"
31 Aug 2018,Spend Money,A2 Hosting - Ulearn ,POS29AUG A2 HOSTING 1,EUR,278.30,0.00,278.30,0.00,"24,400.44"
03 Sept 2018,Spend Money,SOFTWARE - Misc Software / Hosting,POS CHG USD       30,EUR,0.52,0.00,0.52,0.00,"24,400.96"
03 Sept 2018,Spend Money,ToutApp - ToutApp Email Software,P3008US 30.00@1.16414,EUR,25.77,0.00,25.77,0.00,"24,426.73"
04 Sept 2018,Spend Money,TradingView - Office / IT,,EUR,12.91,0.00,12.91,0.00,"24,439.64"
04 Sept 2018,Spend Money,CARD - Google - Ulearn ,,EUR,73.80,0.00,73.80,0.00,"24,513.44"
04 Sept 2018,Spend Money,"GoDaddy.com, LLC - Hosting ",,EUR,14.22,0.00,14.22,0.00,"24,527.66"
04 Sept 2018,Spend Money,SOFTWARE - Misc Software / Hosting,POS CHG USD       14,EUR,0.26,0.00,0.26,0.00,"24,527.92"
05 Sept 2018,Spend Money,SOFTWARE - Misc Software / Hosting,POS CHG USD        7,EUR,0.12,0.00,0.12,0.00,"24,528.04"
05 Sept 2018,Payable Invoice,"Fidelo Software - Fidelo - School - Elite Package 75,00 € 10,00 % 270,00 €
# Core module
# Class scheduling, accommodation
matching and insurances
# Online forms
# Pay your providers and contracts
# Extensive CRM
# Attendance and Transcripts
# Extended accounting and Report generator
# Quotation module and Complaint
management
# Support
# Hosting, Server administration and Backups
including SSL encryption
# Support including 2 hours complimentary
training per month and 1 day free onsite
training per year
# Period: 01.08.2018 until 31.08.2018
",3583,EUR,321.30,0.00,321.30,0.00,"24,849.34"
05 Sept 2018,Spend Money,CARD - Github - Github Repos,P0309US  7.00@1.15894,EUR,6.04,0.00,6.04,0.00,"24,855.38"
10 Sept 2018,Spend Money,CARD - Cazoomi - Sync Apps Recurring Subscription,P0609US 19.98@1.16027,EUR,17.22,0.00,17.22,0.00,"24,872.60"
10 Sept 2018,Spend Money,Express VPN - Office / IT,,EUR,11.16,0.00,11.16,0.00,"24,883.76"
14 Sept 2018,Spend Money,A2 Hosting - Ulearn,Invoice #A2H-668692,EUR,81.77,0.00,81.77,0.00,"24,965.53"
17 Sept 2018,Spend Money,"CARD - Xero Subscription - ULearn. Monthly Subscription, Standard Price Plan, 17 Aug 2018 to 16 Sep 2018. ",IN-1138096,EUR,25.82,0.00,25.82,0.00,"24,991.35"
17 Sept 2018,Spend Money,"GoCardless-Leeson Telecom Holdings Ltd (HostIreland) - PremierDedicated - [300 Mbps] , [ULearn Ded] , [89 Harcourt Street, Dublin 2,
",,EUR,676.50,0.00,676.50,0.00,"25,667.85"
25 Sept 2018,Spend Money,SOFTWARE - Software / Hosting,POS22SEP ADOBE  CREAT,EUR,30.74,0.00,30.74,0.00,"25,698.59"
25 Sept 2018,Spend Money,CARD - Zopim - Zopim Chat Module,P2009US 14.00@1.17351,EUR,11.93,0.00,11.93,0.00,"25,710.52"
02 Oct 2018,Spend Money,CARD - HighRise - HighRise CRM Software,P2809US 49.00@1.15675,EUR,42.36,0.00,42.36,0.00,"25,752.88"
02 Oct 2018,Spend Money,"GoDaddy.com, LLC - Ulearn",,EUR,8.60,0.00,8.60,0.00,"25,761.48"
02 Oct 2018,Spend Money,ToutApp - ToutApp Email Software,P3009US 30.00@1.15651,EUR,25.94,0.00,25.94,0.00,"25,787.42"
02 Oct 2018,Spend Money,"GoDaddy.com, LLC - Ulearn-hosting",,EUR,23.26,0.00,23.26,0.00,"25,810.68"
03 Oct 2018,Spend Money,TradingView - TradingView,,EUR,12.93,0.00,12.93,0.00,"25,823.61"
03 Oct 2018,Spend Money,CARD - Google - Ulearn,,EUR,73.80,0.00,73.80,0.00,"25,897.41"
03 Oct 2018,Payable Invoice,"Fidelo Software - 4,00 users Fidelo - School - Elite Package 75,00 € 10,00 % 270,00 €
# Core module
# Class scheduling, accommodation
matching and insurances
# Online forms
# Pay your providers and contracts
# Extensive CRM
# Attendance and Transcripts
# Extended accounting and Report generator
# Quotation module and Complaint
management
# Support
# Hosting, Server administration and Backups
including SSL encryption
# Support including 2 hours complimentary
training per month and 1 day free onsite
training per year
# Period: 01.09.2018 until 30.09.2018",3664,EUR,321.30,0.00,321.30,0.00,"26,218.71"
04 Oct 2018,Spend Money,Express VPN - Express VPN,,EUR,11.26,0.00,11.26,0.00,"26,229.97"
05 Oct 2018,Spend Money,CARD - Github - Github Repos,P0310US  7.00@1.14566,EUR,6.11,0.00,6.11,0.00,"26,236.08"
09 Oct 2018,Spend Money,CARD - Cazoomi - Sync Apps Recurring Subscription,P0610US 19.98@1.14827,EUR,17.40,0.00,17.40,0.00,"26,253.48"
11 Oct 2018,Spend Money,Blacknight - Blacknight hosting,,EUR,30.74,0.00,30.74,0.00,"26,284.22"
16 Oct 2018,Spend Money,IT Subscriptions - IT Subscription,,EUR,60.69,0.00,60.69,0.00,"26,344.91"
16 Oct 2018,Spend Money,"GoDaddy.com, LLC - Ulearn - Hosting ",,EUR,21.07,0.00,21.07,0.00,"26,365.98"
16 Oct 2018,Spend Money,"GoDaddy.com, LLC - Ulearn",,EUR,40.32,0.00,40.32,0.00,"26,406.30"
17 Oct 2018,Spend Money,"GoCardless-Leeson Telecom Holdings Ltd (HostIreland) - PremierDedicated - [300 Mbps] , [ULearn Ded] , [89 Harcourt Street, Dublin 2,
Ireland] , [WQELE] (30/10/2018 - 29/11/2018)",,EUR,676.50,0.00,676.50,0.00,"27,082.80"
17 Oct 2018,Spend Money,"CARD - Xero Subscription - ULearn. Monthly Subscription, Standard Price Plan, 17 Sep 2018 to 16 Oct 2018.",IN-1175567,EUR,26.10,0.00,26.10,0.00,"27,108.90"
23 Oct 2018,Spend Money,CARD - Zopim - Zopim Chat Module,P2010US 14.00@1.14285,EUR,12.25,0.00,12.25,0.00,"27,121.15"
23 Oct 2018,Spend Money,Pitney Bowes - Software,,EUR,16.69,0.00,16.69,0.00,"27,137.84"
25 Oct 2018,Spend Money,SOFTWARE - Software / Hosting,POS23OCT ADOBE  CREAT,EUR,30.74,0.00,30.74,0.00,"27,168.58"
30 Oct 2018,Spend Money,SOFTWARE - Disk data migration,,EUR,49.95,0.00,49.95,0.00,"27,218.53"
31 Oct 2018,Spend Money,CARD - HighRise - HighRise CRM Software,P2810US 49.00@1.13320,EUR,43.24,0.00,43.24,0.00,"27,261.77"
31 Oct 2018,Spend Money,"GoDaddy.com, LLC - Ulearn",,EUR,8.60,0.00,8.60,0.00,"27,270.37"
01 Nov 2018,Spend Money,ToutApp - ToutApp Email Software,P3010US 30.00@1.13378,EUR,26.46,0.00,26.46,0.00,"27,296.83"
02 Nov 2018,Spend Money,"GoDaddy.com, LLC - Ulearn",,EUR,19.84,0.00,19.84,0.00,"27,316.67"
05 Nov 2018,Spend Money,CARD - Google - Ulearn - Hosting ,POS01NOV GOOGLE*GSUIT,EUR,73.80,0.00,73.80,0.00,"27,390.47"
05 Nov 2018,Spend Money,TradingView - TradingView,,EUR,13.22,0.00,13.22,0.00,"27,403.69"
06 Nov 2018,Spend Money,Express VPN - Express VPN,,EUR,11.39,0.00,11.39,0.00,"27,415.08"
06 Nov 2018,Spend Money,CARD - Github - Github Repos,P0311US  7.00@1.13636,EUR,6.16,0.00,6.16,0.00,"27,421.24"
08 Nov 2018,Payable Invoice,"Fidelo Software - 4,00 users Fidelo - School - Elite Package 75,00 € 10,00 % 270,00 €
# Core module
# Class scheduling, accommodation
matching and insurances
# Online forms
# Pay your providers and contracts
# Extensive CRM
# Attendance and Transcripts
# Extended accounting and Report generator
# Quotation module and Complaint
management
# Support
# Hosting, Server administration and Backups
including SSL encryption
# Support including 2 hours complimentary
training per month and 1 day free onsite
training per year
# Period: 01.10.2018 until 31.10.2018
",3740,EUR,321.30,0.00,321.30,0.00,"27,742.54"
08 Nov 2018,Spend Money,CARD - Cazoomi - Sync Apps Recurring Subscription,P0611US 19.98@1.13911,EUR,17.54,0.00,17.54,0.00,"27,760.08"
20 Nov 2018,Spend Money,"CARD - Xero Subscription - ULearn. Monthly Subscription, Standard Price Plan, 17 Oct 2018 to 16 Nov 2018",IN-1213838,EUR,26.50,0.00,26.50,0.00,"27,786.58"
23 Nov 2018,Spend Money,"CARD - Zopim - Chat Basic Subscription
11/20/2018-12/19/2018
Month ",INV03854834,EUR,12.32,0.00,12.32,0.00,"27,798.90"
26 Nov 2018,Spend Money,SOFTWARE - Software / Hosting,POS22NOV ADOBE  CREAT,EUR,30.74,0.00,30.74,0.00,"27,829.64"
30 Nov 2018,Spend Money,CARD - HighRise - HighRise CRM Software,P2811US 49.00@1.12643,EUR,43.50,0.00,43.50,0.00,"27,873.14"
30 Nov 2018,Spend Money,"GoDaddy.com, LLC - Ulearn ",,EUR,8.60,0.00,8.60,0.00,"27,881.74"
30 Nov 2018,Spend Money,"GoCardless-Leeson Telecom Holdings Ltd (HostIreland) - 

__________
ULearn Accounts
Inline image 1
89 Harcourt Street, Dublin 2
website: www.ulearnschool.com
e-mail: accounts@ulearnschool.com
Telephone: (3531) 475 1222
skype: u-learn",182254,EUR,676.50,0.00,676.50,0.00,"28,558.24"
04 Dec 2018,Spend Money,TradingView - TradingView,,EUR,13.23,0.00,13.23,0.00,"28,571.47"
04 Dec 2018,Spend Money,ToutApp - ToutApp Email Software,P3011US 30.00@1.13036,EUR,26.54,0.00,26.54,0.00,"28,598.01"
04 Dec 2018,Spend Money,CARD - Google - Ulearn ,,EUR,73.80,0.00,73.80,0.00,"28,671.81"
05 Dec 2018,Spend Money,CARD - Github - Github Repos,P0312US  7.00@1.13085,EUR,6.19,0.00,6.19,0.00,"28,678.00"
05 Dec 2018,Spend Money,Express VPN - Express VPN,,EUR,11.45,0.00,11.45,0.00,"28,689.45"
06 Dec 2018,Payable Invoice,"Fidelo Software - 
4,00 users Fidelo - School - Elite Package 75,00 € 10,00 % 270,00 €
# Core module
# Class scheduling, accommodation matching and
insurances
# Online forms
# Pay your providers and contracts
# Extensive CRM
# Attendance and Transcripts
# Extended accounting and Report generator
# Quotation module and Complaint management
# Support
# Hosting, Server administration and Backups
including SSL encryption
# Support including 2 hours complimentary training
per month and 1 day free onsite training per year
# Period: 01.11.2018 until 30.11.2018",3814,EUR,321.30,0.00,321.30,0.00,"29,010.75"
10 Dec 2018,Spend Money,CARD - Cazoomi - Sync Apps Recurring Subscription,P0612US 19.98@1.13201,EUR,17.65,0.00,17.65,0.00,"29,028.40"
17 Dec 2018,Spend Money,A2 Hosting - Ulearn,,EUR,278.30,0.00,278.30,0.00,"29,306.70"
17 Dec 2018,Spend Money,"CARD - Xero Subscription - ULearn. Monthly Subscription, Standard Price Plan, 17 Nov 2018 to 16 Dec 2018.",IN-1252726,EUR,26.56,0.00,26.56,0.00,"29,333.26"
17 Dec 2018,Spend Money,"GoCardless-Leeson Telecom Holdings Ltd (HostIreland) - __________ULearn AccountsInline image 189 Harcourt Street, Dublin 2website: www.ulearnschool.come-mail: accounts@ulearnschool.comTelephone: (3531) 475 1222skype: u-learn",183772,EUR,676.50,0.00,676.50,0.00,"30,009.76"
18 Dec 2018,Spend Money,"GoDaddy.com, LLC - Ulearn",,EUR,14.12,0.00,14.12,0.00,"30,023.88"
28 Dec 2018,Spend Money,CARD - Zopim - Zopim Chat Module,P2012US 14.00@1.13544,EUR,12.33,0.00,12.33,0.00,"30,036.21"
28 Dec 2018,Spend Money,SOFTWARE - Software / Hosting,POS22DEC ADOBE  CREAT,EUR,30.74,0.00,30.74,0.00,"30,066.95"
31 Dec 2018,Manual Journal,Correction of accounts - Correction of accounts,#20788,EUR,0.00,"4,038.58",0.00,"4,038.58","26,028.37"
02 Jan 2019,Spend Money,"GoDaddy.com, LLC - Ulearn",,EUR,8.60,0.00,8.60,0.00,"26,036.97"
02 Jan 2019,Spend Money,ToutApp - ToutApp Email Software,P3012US 30.00@1.14242,EUR,26.26,0.00,26.26,0.00,"26,063.23"
02 Jan 2019,Spend Money,CARD - HighRise - HighRise CRM Software,P2812US 49.00@1.14219,EUR,42.90,0.00,42.90,0.00,"26,106.13"
03 Jan 2019,Spend Money,CARD - Google - Ulearn,POS01JAN GOOGLE *GSUI,EUR,73.80,0.00,73.80,0.00,"26,179.93"
04 Jan 2019,Spend Money,Express VPN - Ulearn,,EUR,11.43,0.00,11.43,0.00,"26,191.36"
04 Jan 2019,Payable Invoice,"Fidelo Software - 4,00 users Fidelo - School - Elite Package 75,00 € 10,00 % 270,00 €
# Core module
# Class scheduling, accommodation matching and
insurances
# Online forms
# Pay your providers and contracts
# Extensive CRM
# Attendance and Transcripts
# Extended accounting and Report generator
# Quotation module and Complaint management
# Support
# Hosting, Server administration and Backups
including SSL encryption
# Support including 2 hours complimentary training
per month and 1 day free onsite training per year
# Period: 01.12.2018 until 31.12.2018
", 3892,EUR,321.30,0.00,321.30,0.00,"26,512.66"
04 Jan 2019,Spend Money,TradingView - Ulearn ,,EUR,13.20,0.00,13.20,0.00,"26,525.86"
07 Jan 2019,Spend Money,CARD - Github - Github Repos,P0301US  7.00@1.13085,EUR,6.19,0.00,6.19,0.00,"26,532.05"
08 Jan 2019,Spend Money,CARD - Cazoomi - Sync Apps Recurring Subscription,P0601US 19.98@1.13458,EUR,17.61,0.00,17.61,0.00,"26,549.66"
11 Jan 2019,Spend Money,Carbonite - Backup,,EUR,62.96,0.00,62.96,0.00,"26,612.62"
11 Jan 2019,Spend Money,Carbonite - Backup,ZIN03228668,EUR,97.94,0.00,97.94,0.00,"26,710.56"
15 Jan 2019,Spend Money,"GoDaddy.com, LLC - Ulearn",,EUR,106.13,0.00,106.13,0.00,"26,816.69"
21 Jan 2019,Spend Money,"CARD - Xero Subscription - ULearn. Monthly Subscription, Standard Price Plan, 17 Dec 2018 to 16 Jan 2019.",IN-1292410,EUR,26.39,0.00,26.39,0.00,"26,843.08"
21 Jan 2019,Spend Money,"GoDaddy.com, LLC - Ulearn",,EUR,14.01,0.00,14.01,0.00,"26,857.09"
22 Jan 2019,Spend Money,"CARD - Zopim - Chat Basic Subscription
01/20/2019-02/19/2019
Month",INV04028134,EUR,12.33,0.00,12.33,0.00,"26,869.42"
24 Jan 2019,Spend Money,SOFTWARE - Software / Hosting,POS22JAN ADOBE  CREAT,EUR,30.74,0.00,30.74,0.00,"26,900.16"
25 Jan 2019,Spend Money,Flickr - ULEARN,,EUR,45.46,0.00,45.46,0.00,"26,945.62"
30 Jan 2019,Spend Money,CARD - HighRise - HighRise CRM Software,P2801US 49.00@1.13900,EUR,43.02,0.00,43.02,0.00,"26,988.64"
30 Jan 2019,Spend Money,"GoDaddy.com, LLC - Ulearn",,EUR,8.60,0.00,8.60,0.00,"26,997.24"
01 Feb 2019,Spend Money,CARD - Google - Ulearn - Montly ,3546646035,EUR,73.80,0.00,73.80,0.00,"27,071.04"
01 Feb 2019,Spend Money,ToutApp - ToutApp Email Software,P3001US 30.00@1.14025,EUR,26.31,0.00,26.31,0.00,"27,097.35"
05 Feb 2019,Spend Money,CARD - Github - Github Repos,P0302US  7.00@1.14379,EUR,6.12,0.00,6.12,0.00,"27,103.47"
06 Feb 2019,Payable Invoice,"Fidelo Software - 4,00 users Fidelo - School - Elite Package 75,00 € 10,00 % 270,00 €
# Core module
# Class scheduling, accommodation matching and
insurances
# Online forms
# Pay your providers and contracts
# Extensive CRM
# Attendance and Transcripts
# Extended accounting and Report generator
# Quotation module and Complaint management
# Support
# Hosting, Server administration and Backups
including SSL encryption
# Support including 2 hours complimentary training
per month and 1 day free onsite training per year
# Period: 01.01.2019 until 31.01.2019
",3972,EUR,321.30,0.00,321.30,0.00,"27,424.77"
06 Feb 2019,Spend Money,"GoDaddy.com, LLC - Ulearn",,EUR,117.65,0.00,117.65,0.00,"27,542.42"
07 Feb 2019,Spend Money,Supportking - ULearn,,EUR,36.01,0.00,36.01,0.00,"27,578.43"
08 Feb 2019,Spend Money,CARD - Cazoomi - SyncApps - Sync Apps Recurring Subscription,P0602US 19.98@1.13587,EUR,17.59,0.00,17.59,0.00,"27,596.02"
08 Feb 2019,Receive Money,Supportking - ULearn,,EUR,0.00,36.01,0.00,36.01,"27,560.01"
11 Feb 2019,Spend Money,"GoDaddy.com, LLC - Ulearn",,EUR,11.66,0.00,11.66,0.00,"27,571.67"
19 Feb 2019,Spend Money,CARD - Xero Subscription - ULearn - Monthly bill,P1702US 30.00@1.12317,EUR,26.71,0.00,26.71,0.00,"27,598.38"
19 Feb 2019,Spend Money,"GoDaddy.com, LLC - Ulearn",,EUR,113.05,0.00,113.05,0.00,"27,711.43"
20 Feb 2019,Spend Money,"CARD - Zopim - Chat Basic Subscription
02/20/2019-03/19/2019
Month ",INV04117958,EUR,12.37,0.00,12.37,0.00,"27,723.80"
26 Feb 2019,Spend Money,SOFTWARE - Software / Hosting,POS22FEB ADOBE  CREAT,EUR,30.74,0.00,30.74,0.00,"27,754.54"
26 Feb 2019,Spend Money,"GoDaddy.com, LLC - ULearn",,EUR,235.30,0.00,235.30,0.00,"27,989.84"
28 Feb 2019,Spend Money,"GoDaddy.com, LLC - ULEARN",,EUR,26.86,0.00,26.86,0.00,"28,016.70"
01 Mar 2019,Spend Money,"GoDaddy.com, LLC - ULearn",,EUR,38.92,0.00,38.92,0.00,"28,055.62"
04 Mar 2019,Spend Money,ToutApp - ToutApp Email Software,P2802US 30.00@1.13550,EUR,26.42,0.00,26.42,0.00,"28,082.04"
04 Mar 2019,Spend Money,CARD - HighRise - HighRise CRM Software,P2802US 49.00@1.13583,EUR,43.14,0.00,43.14,0.00,"28,125.18"
04 Mar 2019,Spend Money,"GoDaddy.com, LLC - ULearn",,EUR,8.60,0.00,8.60,0.00,"28,133.78"
05 Mar 2019,Spend Money,CARD - Github - Github Repos,P0303US  7.00@1.13452,EUR,6.17,0.00,6.17,0.00,"28,139.95"
05 Mar 2019,Spend Money,CARD - Google - ULearn ,,EUR,73.80,0.00,73.80,0.00,"28,213.75"
08 Mar 2019,Spend Money,CARD - Cazoomi - SyncApps - Sync Apps Recurring Subscription,P0603US 19.98@1.12881,EUR,17.70,0.00,17.70,0.00,"28,231.45"
13 Mar 2019,Payable Invoice,"Fidelo Software - 4,00 users Fidelo - School - Elite Package 75,00 € 10,00 % 270,00 €
# Core module
# Class scheduling, accommodation matching and
insurances
# Online forms
# Pay your providers and contracts
# Extensive CRM
# Attendance and Transcripts
# Extended accounting and Report generator
# Quotation module and Complaint management
# Support
# Hosting, Server administration and Backups
including SSL encryption
# Support including 2 hours complimentary training
per month and 1 day free onsite training per year
# Period: 01.02.2019 until 28.02.2019",4050,EUR,321.30,0.00,321.30,0.00,"28,552.75"
14 Mar 2019,Spend Money,A2 Hosting - ULearn,,EUR,278.30,0.00,278.30,0.00,"28,831.05"
20 Mar 2019,Spend Money,"CARD - Xero Subscription - ULearn. Monthly Subscription, Standard Price Plan, 17 Feb 2019 to 16 Mar 2019.",IN-1374886,EUR,26.56,0.00,26.56,0.00,"28,857.61"
20 Mar 2019,Spend Money,"GoDaddy.com, LLC - Ulearn",,EUR,20.40,0.00,20.40,0.00,"28,878.01"
20 Mar 2019,Spend Money,"GoDaddy.com, LLC - Ulearn",,EUR,94.12,0.00,94.12,0.00,"28,972.13"
22 Mar 2019,Spend Money,CARD - Zopim - Zopim Chat Module,P2003US 14.00@1.13360,EUR,12.35,0.00,12.35,0.00,"28,984.48"
26 Mar 2019,Spend Money,SOFTWARE - Software / Hosting,POS22MAR ADOBE  CREAT,EUR,30.74,0.00,30.74,0.00,"29,015.22"
28 Mar 2019,Spend Money,"GoDaddy.com, LLC - Ulearn",,EUR,12.29,0.00,12.29,0.00,"29,027.51"
01 Apr 2019,Spend Money,CARD - HighRise - HighRise CRM Software,P2803US 49.00@1.12128,EUR,43.70,0.00,43.70,0.00,"29,071.21"
01 Apr 2019,Spend Money,"GoDaddy.com, LLC - ULearn",,EUR,8.60,0.00,8.60,0.00,"29,079.81"
03 Apr 2019,Spend Money,CARD - Google - ULEARN,GOOGLE*GSUIT,EUR,73.80,0.00,73.80,0.00,"29,153.61"
04 Apr 2019,Spend Money,"GoDaddy.com, LLC - Ulearn",,EUR,73.05,0.00,73.05,0.00,"29,226.66"
05 Apr 2019,Spend Money,CARD - Github - Github Repos,P0304US  7.00@1.12000,EUR,6.25,0.00,6.25,0.00,"29,232.91"
08 Apr 2019,Payable Invoice,"Fidelo Software - 4,00 users Fidelo - School - Elite Package 75,00 € 10,00 % 270,00 €
# Core module
# Class scheduling, accommodation matching and
insurances
# Online forms
# Pay your providers and contracts
# Extensive CRM
# Attendance and Transcripts
# Extended accounting and Report generator
# Quotation module and Complaint management
# Support
# Hosting, Server administration and Backups
including SSL encryption
# Support including 2 hours complimentary training
per month and 1 day free onsite training per year
# Period: 01.03.2019 until 30.03.2019
",4131,EUR,321.30,0.00,321.30,0.00,"29,554.21"
09 Apr 2019,Spend Money,CARD - Cazoomi - SyncApps - Sync Apps Recurring Subscription,P0604US 19.98@1.12121,EUR,17.82,0.00,17.82,0.00,"29,572.03"
23 Apr 2019,Spend Money,CARD - Xero Subscription - ULearn,P1704US 30.00@1.12781,EUR,26.60,0.00,26.60,0.00,"29,598.63"
24 Apr 2019,Spend Money,SOFTWARE - Software / Hosting,POS22APR ADOBE  CREAT,EUR,30.74,0.00,30.74,0.00,"29,629.37"
24 Apr 2019,Spend Money,"GoDaddy.com, LLC - Ulearn ",,EUR,23.86,0.00,23.86,0.00,"29,653.23"
24 Apr 2019,Spend Money,CARD - Zopim - Zopim Chat Module,P2004US 14.00@1.12269,EUR,12.47,0.00,12.47,0.00,"29,665.70"
24 Apr 2019,Spend Money,TubePress - youtube syndication software,POS22APR PAYPAL *TUBE,EUR,36.72,0.00,36.72,0.00,"29,702.42"
29 Apr 2019,Spend Money,CARD - HighRise - Highrise Plus Plan,Highrise Plus Plan,EUR,44.10,0.00,44.10,0.00,"29,746.52"
01 May 2019,Spend Money,"GoDaddy.com, LLC - ULearn",,EUR,8.60,0.00,8.60,0.00,"29,755.12"
03 May 2019,Spend Money,CARD - Google - CARD - Google,POS01MAY GOOGLE *GSUI,EUR,95.20,0.00,95.20,0.00,"29,850.32"
03 May 2019,Payable Invoice,"Fidelo Software - Fidelo School - Elite package 75,00 € 10,00 % 270,00 €
# Period: 01.04.2019 until 30.04.2019",4179,EUR,321.30,0.00,321.30,0.00,"30,171.62"
08 May 2019,Spend Money,CARD - Cazoomi - SyncApps - Sync Apps Recurring Subscription,P0605US 19.98@1.11620,EUR,17.90,0.00,17.90,0.00,"30,189.52"
08 May 2019,Spend Money,"GoDaddy.com, LLC - Ulearn",,EUR,6.14,0.00,6.14,0.00,"30,195.66"
08 May 2019,Spend Money,"GoDaddy.com, LLC - Ulearn",,EUR,12.83,0.00,12.83,0.00,"30,208.49"
08 May 2019,Spend Money,CARD - Github - Github Repos,P0305US  7.00@1.11287,EUR,6.29,0.00,6.29,0.00,"30,214.78"
09 May 2019,Spend Money,"GoDaddy.com, LLC - Ulearn",,EUR,117.65,0.00,117.65,0.00,"30,332.43"
14 May 2019,Spend Money,"GoDaddy.com, LLC - Ulearn",,EUR,12.83,0.00,12.83,0.00,"30,345.26"
14 May 2019,Spend Money,"GoDaddy.com, LLC - ULearn",,EUR,14.93,0.00,14.93,0.00,"30,360.19"
16 May 2019,Spend Money,Wistia Software company - ULearn,P1405US480.00@1.12000,EUR,428.57,0.00,428.57,0.00,"30,788.76"
17 May 2019,Spend Money,"CARD - Xero Subscription - ULearn. Monthly Subscription, Standard Price Plan, 17 Apr 2019 to 16 May 2019",IN-1461848,EUR,26.90,0.00,26.90,0.00,"30,815.66"
21 May 2019,Spend Money,"GoDaddy.com, LLC - hosting",,EUR,12.29,0.00,12.29,0.00,"30,827.95"
22 May 2019,Spend Money,"GoDaddy.com, LLC - Ulearn ",,EUR,61.96,0.00,61.96,0.00,"30,889.91"
23 May 2019,Spend Money,CARD - Zopim - Zopim Chat Module,P2005US 14.00@1.11376,EUR,12.57,0.00,12.57,0.00,"30,902.48"
24 May 2019,Spend Money,SOFTWARE - Software / Hosting,POS22MAY ADOBE  CREAT,EUR,30.74,0.00,30.74,0.00,"30,933.22"
30 May 2019,Spend Money,"GoDaddy.com, LLC - ULearn",,EUR,8.60,0.00,8.60,0.00,"30,941.82"
30 May 2019,Spend Money,CARD - HighRise - HighRise CRM Software,P2805US 49.00@1.11591,EUR,43.91,0.00,43.91,0.00,"30,985.73"
31 May 2019,Spend Money,A2 Hosting - ULearn,POS29MAY A2 HOSTING 1,EUR,278.30,0.00,278.30,0.00,"31,264.03"
05 Jun 2019,Spend Money,"GoDaddy.com, LLC - hosting",,EUR,14.30,0.00,14.30,0.00,"31,278.33"
05 Jun 2019,Payable Invoice,"Fidelo Software - 4,00 users Fidelo School - Elite package 75,00 € 10,00 % 270,00 €
# Period: 01.05.2019 until 31.05.2019
",4302,EUR,321.30,0.00,321.30,0.00,"31,599.63"
05 Jun 2019,Spend Money,CARD - Github - Github Repos,P0306US  7.00@1.11464,EUR,6.28,0.00,6.28,0.00,"31,605.91"
05 Jun 2019,Spend Money,CARD - Google - ULearn,3593081547Google,EUR,95.94,0.00,95.94,0.00,"31,701.85"
06 Jun 2019,Spend Money,SOFTWARE - Software / Hosting,POS04JUN LETSHOST.IE,EUR,33.20,0.00,33.20,0.00,"31,735.05"
10 Jun 2019,Spend Money,CARD - Cazoomi - SyncApps - Sync Apps Recurring Subscription,P0606US 19.98@1.11995,EUR,17.84,0.00,17.84,0.00,"31,752.89"
12 Jun 2019,Spend Money,HMA - Hide My Ass Proxy ,,EUR,72.06,0.00,72.06,0.00,"31,824.95"
17 Jun 2019,Spend Money,"CARD - Xero Subscription - ULearn. Monthly Subscription, Standard Price Plan, 17 May 2019 to 16 Jun 2019.",IN-1506449,EUR,26.78,0.00,26.78,0.00,"31,851.73"
21 Jun 2019,Spend Money,"GoDaddy.com, LLC - Domain renewals",,EUR,62.31,0.00,62.31,0.00,"31,914.04"
25 Jun 2019,Spend Money,SOFTWARE - Software / Hosting,POS22JUN ADOBE  CREAT,EUR,30.74,0.00,30.74,0.00,"31,944.78"
25 Jun 2019,Spend Money,CARD - Zopim - Zopim Chat Module,P2006US 14.00@1.12812,EUR,12.41,0.00,12.41,0.00,"31,957.19"
02 Jul 2019,Spend Money,CARD - HighRise - HighRise CRM Software,P2806US 49.00@1.13504,EUR,43.17,0.00,43.17,0.00,"32,000.36"
02 Jul 2019,Spend Money,"GoDaddy.com, LLC - ULearn ",,EUR,8.60,0.00,8.60,0.00,"32,008.96"
03 Jul 2019,Payable Invoice,"Fidelo Software - 4,00 users Fidelo School - Elite package 75,00 € 10,00 % 270,00 €
# Period: 01.06.2019 until 30.06.2019",4398,EUR,321.30,0.00,321.30,0.00,"32,330.26"
04 Jul 2019,Spend Money,CARD - Google - ULearn,3603598757,EUR,95.94,0.00,95.94,0.00,"32,426.20"
05 Jul 2019,Spend Money,CARD - Github - Github Repos,P0307US  7.00@1.12721,EUR,6.21,0.00,6.21,0.00,"32,432.41"
08 Jul 2019,Spend Money,CARD - Cazoomi - SyncApps - Subscription,59923,EUR,17.83,0.00,17.83,0.00,"32,450.24"
11 Jul 2019,Spend Money,SOFTWARE - Cloud Software misc,,EUR,22.95,0.00,22.95,0.00,"32,473.19"
15 Jul 2019,Spend Money,"GoDaddy.com, LLC - Hosting",,EUR,45.83,0.00,45.83,0.00,"32,519.02"
15 Jul 2019,Spend Money,"GoDaddy.com, LLC - Hosting ",,EUR,78.68,0.00,78.68,0.00,"32,597.70"
17 Jul 2019,Spend Money,"GoDaddy.com, LLC - Ulearn",,EUR,71.82,0.00,71.82,0.00,"32,669.52"
18 Jul 2019,Spend Money,CARD - Xero Subscription - Ulearn,P1707US 0030.00@0.893,EUR,26.79,0.00,26.79,0.00,"32,696.31"
06 Aug 2019,Spend Money,CARD - Google - Ulearn ,,EUR,95.94,0.00,95.94,0.00,"32,792.25"
06 Aug 2019,Spend Money,SOFTWARE - Software / Hosting,POS02AUG ADOBE  CREAT,EUR,30.74,0.00,30.74,0.00,"32,822.99"
06 Aug 2019,Spend Money,"CARD - Zopim - Chat Basic Subscription
07/20/2019-08/19/2019
Mon",,EUR,12.65,0.00,12.65,0.00,"32,835.64"
07 Aug 2019,Payable Invoice,"Fidelo Software - 6,00 users Fidelo School - Elite package
# Period: 01/07/19 until 31/07/19",4496,EUR,460.53,0.00,460.53,0.00,"33,296.17"
07 Aug 2019,Spend Money,CARD - HighRise - HighRise CRM Software,P0608US 0049.00@0.895,EUR,43.88,0.00,43.88,0.00,"33,340.05"
09 Aug 2019,Spend Money,"GoDaddy.com, LLC - EconomyHostingLinuxRenewal",GoDaddy,EUR,103.17,0.00,103.17,0.00,"33,443.22"
12 Aug 2019,Spend Money,"GoDaddy.com, LLC - Domain Renewal",Domain Renewal,EUR,34.02,0.00,34.02,0.00,"33,477.24"
13 Aug 2019,Spend Money,"GoDaddy.com, LLC - Business Registration Renewal",Registration Renewal,EUR,5.66,0.00,5.66,0.00,"33,482.90"
13 Aug 2019,Spend Money,"GoDaddy.com, LLC - Domain Renewal - 1 year",,EUR,82.56,0.00,82.56,0.00,"33,565.46"
20 Aug 2019,Spend Money,"CARD - Xero Subscription - ULearn. Monthly Subscription, Standard Price Plan, 17 Jul 2019 to 16 Aug 2019",IN-1598663,EUR,27.09,0.00,27.09,0.00,"33,592.55"
22 Aug 2019,Spend Money,CARD - Zopim - ULearn,INV04776961,EUR,12.64,0.00,12.64,0.00,"33,605.19"
22 Aug 2019,Spend Money,CARD - Cazoomi - SyncApps - Subscription,,EUR,18.03,0.00,18.03,0.00,"33,623.22"
23 Aug 2019,Spend Money,SOFTWARE - Software / Hosting,POS22AUG ADOBE  CREAT,EUR,30.74,0.00,30.74,0.00,"33,653.96"
02 Sept 2019,Spend Money,CARD - Google - Domain name ulearn.ie,3629013002,EUR,95.94,0.00,95.94,0.00,"33,749.90"
05 Sept 2019,Payable Invoice,"Fidelo Software - 6,00 users Fidelo School - Elite package 71,67 € 10,00 % 387,00 ",4584,EUR,460.53,0.00,460.53,0.00,"34,210.43"
06 Sept 2019,Spend Money,Duronic - DM25D2,INV-8182,EUR,32.42,0.00,32.42,0.00,"34,242.85"
06 Sept 2019,Spend Money,CARD - HighRise - HighRise CRM Software,P0609US 0049.00@0.907,EUR,44.47,0.00,44.47,0.00,"34,287.32"
06 Sept 2019,Spend Money,CARD - Cazoomi - SyncApps - Sync Apps Recurring Subscription,P0609US 0019.98@0.907,EUR,18.13,0.00,18.13,0.00,"34,305.45"
12 Sept 2019,Payable Invoice,A2 Hosting - Hosting,A2H-1043660,EUR,278.30,0.00,278.30,0.00,"34,583.75"
17 Sept 2019,Spend Money,Spotify - Accounting ,POS15SEP PAYPAL *SPOT,EUR,9.99,0.00,9.99,0.00,"34,593.74"
17 Sept 2019,Payable Invoice,"Xero (NZ) Ltd - ULearn. Monthly Subscription, Standard Price Plan, 17 Aug 2019 to 16 Sep 2019.",IN-1646197,EUR,27.30,0.00,27.30,0.00,"34,621.04"
20 Sept 2019,Spend Money,CARD - Zopim - ULearn,INV04933635,EUR,12.73,0.00,12.73,0.00,"34,633.77"
23 Sept 2019,Spend Money,ADOBE - Adobe Software,23SEP ADOBE *CREATIV,EUR,30.74,0.00,30.74,0.00,"34,664.51"
24 Sept 2019,Spend Money,ADOBE - Adobe Software,POS23SEP ADOBE  CREAT,EUR,30.74,0.00,30.74,0.00,"34,695.25"
28 Sept 2019,Spend Money,Carbonite - Backup,ZINo4495090,EUR,125.82,0.00,125.82,0.00,"34,821.07"
30 Sept 2019,Spend Money,CARD - Google - Domain name ulearn.ie,3641175917,EUR,95.94,0.00,95.94,0.00,"34,917.01"
30 Sept 2019,Spend Money,Blacknight - POS28SEP BLACKNIGHT I,,EUR,61.44,0.00,61.44,0.00,"34,978.45"
02 Oct 2019,Payable Invoice,"Fidelo Software - 6,00 users Fidelo School - Elite package
# Period: 01.09.2019 until 30.09.2019",4682,EUR,460.53,0.00,460.53,0.00,"35,438.98"
06 Oct 2019,Spend Money,CARD - Cazoomi - SyncApps - Sync Apps Recurring Subscription,63963,EUR,18.24,0.00,18.24,0.00,"35,457.22"
06 Oct 2019,Spend Money,CARD - HighRise - HighRise CRM Software,13174210,EUR,44.72,0.00,44.72,0.00,"35,501.94"
12 Oct 2019,Spend Money,"GoDaddy.com, LLC - Domain Name Renewal",,EUR,22.30,0.00,22.30,0.00,"35,524.24"
13 Oct 2019,Spend Money,"GoDaddy.com, LLC - Domain Name Renewal",,EUR,42.36,0.00,42.36,0.00,"35,566.60"
15 Oct 2019,Spend Money,Spotify - Spotify ,,EUR,9.99,0.00,9.99,0.00,"35,576.59"
17 Oct 2019,Payable Invoice,"Xero (NZ) Ltd - ULearn. Monthly Subscription, Standard Price Plan, 17 Sep 2019 to 16 Oct 2019.",IN-1694627,EUR,27.24,0.00,27.24,0.00,"35,603.83"
18 Oct 2019,Spend Money,"CARD - Xero Subscription - ULearn. Monthly Subscription, Standard Price Plan, 17 Sep 2019 to 16 Oct 2019. 30.00
",IN-1694627,EUR,27.11,0.00,27.11,0.00,"35,630.94"
20 Oct 2019,Spend Money,"CARD - Zopim - Chat Basic Subscription
10/20/2019-11/19/2019
Month ",INV05033921,EUR,12.60,0.00,12.60,0.00,"35,643.54"
23 Oct 2019,Spend Money,SOFTWARE - Software / Hosting,POS22OCT ADOBE CREATI,EUR,30.74,0.00,30.74,0.00,"35,674.28"
01 Nov 2019,Spend Money,"GoDaddy.com, LLC - Web Host",,EUR,23.53,0.00,23.53,0.00,"35,697.81"
05 Nov 2019,Payable Invoice,"Fidelo Software - 6,00 users Fidelo School - Elite 
Period: 01.10.2019 until 31.10.2019",4775,EUR,460.53,0.00,460.53,0.00,"36,158.34"
07 Nov 2019,Spend Money,CARD - HighRise - HighRise CRM Software,,EUR,44.29,0.00,44.29,0.00,"36,202.63"
20 Nov 2019,Spend Money,"CARD - Zopim - Chat Basic Subscription
11/20/2019-12/19/2019
Month",INV05134687,EUR,12.67,0.00,12.67,0.00,"36,215.30"
25 Nov 2019,Spend Money,SOFTWARE - Software / Hosting,POS22NOV ADOBE CREATI,EUR,30.74,0.00,30.74,0.00,"36,246.04"
26 Nov 2019,Spend Money,2Checkout - Brixx f inancial f orecasting subscription,BV41967717,EUR,43.15,0.00,43.15,0.00,"36,289.19"
03 Dec 2019,Spend Money,CARD - Google - Google Cloud - GSuite,3664467999,EUR,95.94,0.00,95.94,0.00,"36,385.13"
16 Dec 2019,Spend Money,"GoDaddy.com, LLC - CARD - Ulearn",,EUR,14.37,0.00,14.37,0.00,"36,399.50"
17 Dec 2019,Spend Money,"Xero Subscription - CARD - ULearn. Monthly Subscription, Standard Price Plan, 17 Nov 2019 to 16 Dec 2019",IN-1794684,EUR,27.01,0.00,27.01,0.00,"36,426.51"
17 Dec 2019,Payable Invoice,"Fidelo - 6,00 users Fidelo School - Elite package
Period: 01.11.2019 until 30.11.2019",4873,EUR,460.53,0.00,460.53,0.00,"36,887.04"
18 Dec 2019,Spend Money,WONDER IDEA TECHNOLOGY LIMITED - Online Brochure Flipbook Software,17DEC PAYPAL *WONDER,EUR,13.91,0.00,13.91,0.00,"36,900.95"
20 Dec 2019,Spend Money,"Zopim - CARD - Chat Basic Subscription
12/20/2019-01/19/2020
Month ",INV05234058,EUR,12.66,0.00,12.66,0.00,"36,913.61"
30 Dec 2019,Spend Money,A2 Hosting - Hosting,POS26DEC A2 HOSTING 2,EUR,278.30,0.00,278.30,0.00,"37,191.91"
01 Jan 2020,Payable Invoice,"Fidelo - 6,00 users Fidelo School - Elite package

Period: 01.12.2019 until 31.12.2019
",4972,EUR,460.53,0.00,460.53,0.00,"37,652.44"
06 Jan 2020,Spend Money,"HighRise - CARD - HighRise CRM Software

January 6, 2020 - February 6, 2020
",13367604,EUR,43.93,0.00,43.93,0.00,"37,696.37"
06 Jan 2020,Spend Money,CARD - Google - GSuite Sub,,EUR,95.94,0.00,95.94,0.00,"37,792.31"
06 Jan 2020,Spend Money,CARD - Google - GSuite Sub,,EUR,95.94,0.00,95.94,0.00,"37,888.25"
07 Jan 2020,Spend Money,zapier - zaps,,EUR,17.93,0.00,17.93,0.00,"37,906.18"
11 Jan 2020,Spend Money,Zoho - Zoho People 1 Mth 5 Users,2000089199522,EUR,18.45,0.00,18.45,0.00,"37,924.63"
11 Jan 2020,Spend Money,Zoho - Zoho People NonUser Upgrade,2000089199910,EUR,7.38,0.00,7.38,0.00,"37,932.01"
11 Jan 2020,Spend Money,Zoho - Zoho People NonUser Upgrade#2,2000089201420,EUR,7.38,0.00,7.38,0.00,"37,939.39"
12 Jan 2020,Spend Money,Zoho - Zoho Recruit,8000089311222,EUR,43.05,0.00,43.05,0.00,"37,982.44"
12 Jan 2020,Spend Money,Zoho - Service: Zoho People,9436375,EUR,3.57,0.00,3.57,0.00,"37,986.01"
13 Jan 2020,Spend Money,Zoho - Service: Zoho People,,EUR,3.57,0.00,3.57,0.00,"37,989.58"
14 Jan 2020,Spend Money,SOFTWARE - Software / Hosting,POS13JAN Adobe.com,EUR,30.74,0.00,30.74,0.00,"38,020.32"
14 Jan 2020,Spend Money,"GoDaddy.com, LLC - CARD - Ulearn",,EUR,123.42,0.00,123.42,0.00,"38,143.74"
17 Jan 2020,Spend Money,"Xero Subscription - CARD - ULearn Monthly Subscription, Standard Price Plan, 
17 Dec 2019 to 16 Jan 2020",IN-1846094,EUR,27.06,0.00,27.06,0.00,"38,170.80"
20 Jan 2020,Spend Money,"GoDaddy.com, LLC - CARD - Ulearn",,EUR,14.34,0.00,14.34,0.00,"38,185.14"
20 Jan 2020,Spend Money,"Zopim - CARD - Chat Basic Subscription
01/20/2020-02/19/2020",INV05328839,EUR,12.64,0.00,12.64,0.00,"38,197.78"
20 Jan 2020,Spend Money,WONDER IDEA TECHNOLOGY LIMITED - Online Brochure Flipbook Software,,EUR,13.90,0.00,13.90,0.00,"38,211.68"
22 Jan 2020,Spend Money,SOFTWARE - Software / Hosting,POS21JAN Adobe.com,EUR,30.74,0.00,30.74,0.00,"38,242.42"
24 Jan 2020,Spend Money,Flickr - ULEARN,,EUR,46.56,0.00,46.56,0.00,"38,288.98"
27 Jan 2020,Spend Money,"GoDaddy.com, LLC - CARD - Domain renewal",P2401US 69.00@0.90753,EUR,62.62,0.00,62.62,0.00,"38,351.60"
27 Jan 2020,Spend Money,SOFTWARE - software,P2601BG 2.46@0.90650,EUR,2.23,0.00,2.23,0.00,"38,353.83"
29 Jan 2020,Spend Money,Zoho - Service: Zoho People,,EUR,73.80,0.00,73.80,0.00,"38,427.63"
29 Jan 2020,Spend Money,Zoho - Service Zoho people,,EUR,147.60,0.00,147.60,0.00,"38,575.23"
31 Jan 2020,Spend Money,Securi - Website security platform,,EUR,0.91,0.00,0.91,0.00,"38,576.14"
01 Feb 2020,Payable Invoice,"Fidelo - Fidelo School - Elite package
Period: 01.01.2020 until 31.01.2020",5072,EUR,460.53,0.00,460.53,0.00,"39,036.67"
03 Feb 2020,Spend Money,CARD - Google - Google Apps Bus,,EUR,9.68,0.00,9.68,0.00,"39,046.35"
05 Feb 2020,Spend Money,"GoDaddy.com, LLC - CARD - POS04FEB PAYPAL *GODA",,EUR,117.65,0.00,117.65,0.00,"39,164.00"
06 Feb 2020,Spend Money,"CARD - HighRise - Highrise Plus Plan 
February 6, 2020 - March 6, 2020",13430347,EUR,44.69,0.00,44.69,0.00,"39,208.69"
07 Feb 2020,Spend Money,zapier - P0602US 20.00@0.91200,,EUR,18.24,0.00,18.24,0.00,"39,226.93"
10 Feb 2020,Spend Money,"Lucid Software - Lucidchart Basic
Feb 10, 2020 – Feb
10, 2021",4828975,EUR,73.06,0.00,73.06,0.00,"39,299.99"
11 Feb 2020,Spend Money,"Zoho - Service : Zoho People
Plan : Premium
Payment Duration : Monthly
Start 11 February 2020 End 10 March 2020
Users : 5
Non Users : 30",9463808,EUR,40.59,0.00,40.59,0.00,"39,340.58"
11 Feb 2020,Spend Money,Zoho - Zoho service People,,EUR,40.59,0.00,40.59,0.00,"39,381.17"
12 Feb 2020,Spend Money,Zoho - Zoho Service people,,EUR,43.05,0.00,43.05,0.00,"39,424.22"
12 Feb 2020,Spend Money,"Zoho - Service : Zoho Recruit
Plan : Standard
Payment Duration : Monthly
Start 12 February 2020 End 11 March 2020
Recruiter : 1
Employee : 10",9464913,EUR,43.05,0.00,43.05,0.00,"39,467.27"
13 Feb 2020,Spend Money,Hubspot - Billed Monthly - Marketing Hub Starter (1000 contacts included),650968,EUR,56.58,0.00,56.58,0.00,"39,523.85"
13 Feb 2020,Spend Money,Zoho - POS12FEB ZOHO-ZOHO CO,,EUR,221.40,0.00,221.40,0.00,"39,745.25"
16 Feb 2020,Spend Money,"GoDaddy.com, LLC - CARD - GLOBAL Domain Name Registration - Renewal",62A381193C777064S,EUR,117.32,0.00,117.32,0.00,"39,862.57"
17 Feb 2020,Spend Money,GMELIUS - POS15FEB GMELIUS,545,EUR,9.84,0.00,9.84,0.00,"39,872.41"
17 Feb 2020,Spend Money,GMELIUS - POS15FEB GMELIUS,545,EUR,39.68,0.00,39.68,0.00,"39,912.09"
17 Feb 2020,Spend Money,GMELIUS - POS15FEB GMELIUS,545,EUR,9.99,0.00,9.99,0.00,"39,922.08"
17 Feb 2020,Spend Money,GMELIUS - POS15FEB GMELIUS PLUS,545,EUR,10.00,0.00,10.00,0.00,"39,932.08"
18 Feb 2020,Spend Money,WONDER IDEA TECHNOLOGY LIMITED - Online Brochure Flipbook Software,,EUR,14.28,0.00,14.28,0.00,"39,946.36"
18 Feb 2020,Spend Money,GMELIUS - POS17FEB GMELIUS,545,EUR,9.22,0.00,9.22,0.00,"39,955.58"
18 Feb 2020,Spend Money,"Xero Subscription - CARD - ULearn. Monthly Subscription, Standard Price Plan, 17 Jan 2020 to 16 Feb 2020. ",IN-1898713,EUR,27.72,0.00,27.72,0.00,"39,983.30"
19 Feb 2020,Spend Money,Hubspot - Sales Hub Professional Onboarding - February,1904648,EUR,282.90,0.00,282.90,0.00,"40,266.20"
20 Feb 2020,Spend Money,Hubspot - POS19FEB HS_Ireland,545,EUR,565.80,0.00,565.80,0.00,"40,832.00"
23 Feb 2020,Spend Money,MyInterview - Growth Package,2686,EUR,17.62,0.00,17.62,0.00,"40,849.62"
24 Feb 2020,Spend Money,"Zopim - CARD - Chat Basic Subscription
(02/20/2020-03/19/2020)",INV05428886,EUR,12.98,0.00,12.98,0.00,"40,862.60"
24 Feb 2020,Spend Money,ADOBE - POS21FEB Adobe.com,545,EUR,30.74,0.00,30.74,0.00,"40,893.34"
25 Feb 2020,Spend Money,GMELIUS - POS24FEB GMELIUS,545,EUR,6.89,0.00,6.89,0.00,"40,900.23"
25 Feb 2020,Spend Money,GODADDY - POS24FEB PAYPAL *GODA,545,EUR,235.30,0.00,235.30,0.00,"41,135.53"
25 Feb 2020,Spend Money,SOFTWARE - P2402US 69.00@0.92550,553,EUR,63.86,0.00,63.86,0.00,"41,199.39"
27 Feb 2020,Spend Money,"GoDaddy.com, LLC - CARD - Domain Name Renewal",,EUR,61.71,0.00,61.71,0.00,"41,261.10"
27 Feb 2020,Spend Money,SOFTWARE - P2602BG  2.46@0.92276,553,EUR,2.27,0.00,2.27,0.00,"41,263.37"
27 Feb 2020,Spend Money,"GoDaddy.com, LLC - CARD - POS26FEB PAYPAL *GODA",545,EUR,28.02,0.00,28.02,0.00,"41,291.39"
29 Feb 2020,Spend Money,"CARD - Google - Google Cloud- G Suit
Feb 01,2020 - Feb 29, 2020",3705563250,EUR,116.42,0.00,116.42,0.00,"41,407.81"
01 Mar 2020,Payable Invoice,"Fidelo - Fidelo School - Elite package
# Period: 01.02.2020 until 29.02.2020",5172,EUR,460.53,0.00,460.53,0.00,"41,868.34"
09 Mar 2020,Spend Money,"HighRise - CARD - Highrise Plus Plan
March 6, 2020 - April 6, 2020

P0603US 49.00@0.89204",13492370,EUR,43.71,0.00,43.71,0.00,"41,912.05"
09 Mar 2020,Spend Money,"zapier - Sync App

P0603US 20.00@0.89200",,EUR,17.84,0.00,17.84,0.00,"41,929.89"
11 Mar 2020,Spend Money,"Hubspot - Marketing Hub Starter (1000 contacts included)

Charge for 11/03/2020 - 10/04/2020",,EUR,56.58,0.00,56.58,0.00,"41,986.47"
13 Mar 2020,Spend Money,A2 Hosting - Prestige+ Managed VPS - server.ulearnschool.com (03/12/2020 - 06/11/2020),A2H-1258105,EUR,278.30,0.00,278.30,0.00,"42,264.77"
16 Mar 2020,Spend Money,"GoDaddy.com, LLC - CARD - Domain Name Renewal",480-505-8855,EUR,20.83,0.00,20.83,0.00,"42,285.60"
16 Mar 2020,Spend Money,ZOOM - DD - POS13MAR ZOOM.EUR,545,EUR,279.09,0.00,279.09,0.00,"42,564.69"
16 Mar 2020,Spend Money,GMELIUS - POS15MAR GMELIUS PLUS,545,EUR,90.00,0.00,90.00,0.00,"42,654.69"
17 Mar 2020,Spend Money,WONDER IDEA TECHNOLOGY LIMITED - Online Brochure Flipbook Software,,EUR,13.98,0.00,13.98,0.00,"42,668.67"
18 Mar 2020,Spend Money,"Xero Subscription - CARD - ULearn. Monthly Subscription, Standard Price Plan, 17 Feb 2020 to 16 Mar 2020.",IN-1952715,EUR,27.39,0.00,27.39,0.00,"42,696.06"
19 Mar 2020,Spend Money,"Hubspot - Sales Hub Professionl (5 users included)
Charge for 19/03/2020 - 18/04/2020",,EUR,565.80,0.00,565.80,0.00,"43,261.86"
23 Mar 2020,Spend Money,SOFTWARE - POS21MAR Adobe.com,POS21MAR Adobe.com,EUR,30.74,0.00,30.74,0.00,"43,292.60"
24 Mar 2020,Spend Money,"MyInterview - Growth Package
P2303AU 19.00@0.94052",,EUR,17.87,0.00,17.87,0.00,"43,310.47"
25 Mar 2020,Spend Money,"Zopim - CARD - Chat Basic Subscription
03/20/2020-04/19/2020
Month",INV05542277,EUR,13.16,0.00,13.16,0.00,"43,323.63"
25 Mar 2020,Spend Money,"GoDaddy.com, LLC - CARD - Domain Renewal",P2403US 69.00@0.93289,EUR,64.37,0.00,64.37,0.00,"43,388.00"
26 Mar 2020,Spend Money,Go Daddy Europe Limited - CARD - Domain Name Renewal,,EUR,12.29,0.00,12.29,0.00,"43,400.29"
27 Mar 2020,Spend Money,SOFTWARE - P2603BG  2.46@0.91869,553,EUR,2.26,0.00,2.26,0.00,"43,402.55"
30 Mar 2020,Spend Money,SOFTWARE - P2903US 12.99@0.91301,553,EUR,11.86,0.00,11.86,0.00,"43,414.41"
01 Apr 2020,Payable Invoice,"Fidelo - Fidelo School 
Period: 01.03.2020 until 31.03.2020",5272,EUR,460.53,0.00,460.53,0.00,"43,874.94"
06 Apr 2020,Spend Money,Clipchamp - P0304AU 72.00@0.92902,553,EUR,66.89,0.00,66.89,0.00,"43,941.83"
14 Apr 2020,Spend Money,ZOOM - ZOOM,,EUR,279.09,0.00,279.09,0.00,"44,220.92"
14 Apr 2020,Spend Money,GODADDY - Web,,EUR,51.64,0.00,51.64,0.00,"44,272.56"
20 Apr 2020,Spend Money,"Zopim - CARD - Chat Basic Subscription
04/20/2020-05/19/2020
Month ",INV05645274,EUR,12.95,0.00,12.95,0.00,"44,285.51"
21 Apr 2020,Spend Money,"GoDaddy.com, LLC - CARD - POS20APR DNH*GODADDY.",545,EUR,23.53,0.00,23.53,0.00,"44,309.04"
21 Apr 2020,Spend Money,Hubspot - POS20APR HS_Ireland,545,EUR,56.58,0.00,56.58,0.00,"44,365.62"
21 Apr 2020,Spend Money,Hubspot - POS20APR HS_Ireland,545,EUR,565.80,0.00,565.80,0.00,"44,931.42"
22 Apr 2020,Spend Money,ADOBE - POS21APR Adobe.com,545,EUR,30.74,0.00,30.74,0.00,"44,962.16"
27 Apr 2020,Spend Money,"GoDaddy.com, LLC - CARD - P2404US 69.00@0.93246",553,EUR,64.34,0.00,64.34,0.00,"45,026.50"
27 Apr 2020,Spend Money,"GoDaddy.com, LLC - CARD - P2504US245.99@0.93239",553,EUR,229.36,0.00,229.36,0.00,"45,255.86"
29 Apr 2020,Spend Money,Google - CARD - G Suite Basic Usage Mar 1 - Mar 31,Gsuit,EUR,121.52,0.00,121.52,0.00,"45,377.38"
30 Apr 2020,Spend Money,"CARD - Google - Google Cloud - G Suite

Summary for Apr 1, 2020 - Apr 30, 2020",3726264209,EUR,110.42,0.00,110.42,0.00,"45,487.80"
01 May 2020,Payable Invoice,"Fidelo - Fidelo School - Elite package
Period: 01.04.2020 until 30.04.2020

Covid-19 Special Discount
# 20% off our list prices",5377,EUR,352.24,0.00,352.24,0.00,"45,840.04"
01 May 2020,Spend Money,SOFTWARE - P3004BG  2.46@0.92276,553,EUR,2.27,0.00,2.27,0.00,"45,842.31"
05 May 2020,Spend Money,"Xero Subscription - CARD - ULearn. Monthly Subscription, Standard Price Plan, 17 Mar 2020 to 16 Apr 2020. ",IN-2007506,EUR,27.44,0.00,27.44,0.00,"45,869.75"
07 May 2020,Payable Invoice,LETSHOST IBANIE11AIBK93131411670079 - u-learn.ie domain renewal,906689,EUR,33.20,0.00,33.20,0.00,"45,902.95"
07 May 2020,Spend Money,"GoDaddy.com, LLC - CARD - POS06MAY GODADDY COM",545,EUR,29.91,0.00,29.91,0.00,"45,932.86"
07 May 2020,Spend Money,"GoDaddy.com, LLC - CARD - POS06MAY DNH*GODADDY.",545,EUR,6.14,0.00,6.14,0.00,"45,939.00"
08 May 2020,Spend Money,"GoDaddy.com, LLC - CARD - POS07MAY GODADDY COM",545,EUR,117.83,0.00,117.83,0.00,"46,056.83"
14 May 2020,Spend Money,"GoDaddy.com, LLC - CARD - POS13MAY DNH*GODADDY.",545,EUR,14.72,0.00,14.72,0.00,"46,071.55"
15 May 2020,Spend Money,ZOOM - DD - POS14MAY ZOOM.EUR,545,EUR,279.09,0.00,279.09,0.00,"46,350.64"
18 May 2020,Spend Money,"GoDaddy.com, LLC - CARD - POS16MAY GODADDY COM",545,EUR,14.98,0.00,14.98,0.00,"46,365.62"
18 May 2020,Spend Money,Facebook - CARD - POS15MAY FACEBK *M4GG,545,EUR,3.62,0.00,3.62,0.00,"46,369.24"
19 May 2020,Spend Money,"GoDaddy.com, LLC - CARD - POS18MAY GODADDY COM",545,EUR,12.29,0.00,12.29,0.00,"46,381.53"
20 May 2020,Spend Money,"Xero Subscription - CARD - ULearn. Monthly Subscription, Standard Price Plan, 17 Apr 2020 to 16 May 2020.",IN-2062808,EUR,27.81,0.00,27.81,0.00,"46,409.34"
20 May 2020,Spend Money,"Zopim - CARD - Chat Basic Subscription
05/20/2020-06/19/2020
Month ",INV05746217,EUR,12.80,0.00,12.80,0.00,"46,422.14"
21 May 2020,Spend Money,"GoDaddy.com, LLC - CARD - POS20MAY GODADDY COM",545,EUR,47.13,0.00,47.13,0.00,"46,469.27"
22 May 2020,Spend Money,ADOBE - POS21MAY Adobe.com,545,EUR,30.74,0.00,30.74,0.00,"46,500.01"
27 May 2020,Spend Money,SOFTWARE - P2605BG  2.46@0.91869,553,EUR,2.26,0.00,2.26,0.00,"46,502.27"
29 May 2020,Spend Money,SOFTWARE - P2905US 12.99@0.90993,553,EUR,11.82,0.00,11.82,0.00,"46,514.09"
04 Jun 2020,Spend Money,"CARD - Google - Google Cloud - G suit

Summary for May 1, 2020 - May 31, 2020",3742047133,EUR,76.75,0.00,76.75,0.00,"46,590.84"
04 Jun 2020,Payable Invoice,"Fidelo - Fidelo School - Elite package
Period: 01.05.2020 until 31.05.2020",5481,EUR,218.96,0.00,218.96,0.00,"46,809.80"
15 Jun 2020,Spend Money,ZOOM - DD - POS13JUN ZOOM.EUR,545,EUR,279.09,0.00,279.09,0.00,"47,088.89"
18 Jun 2020,Spend Money,"A2 Hosting - Prestige+ Managed VPS - server.ulearnschool.com (06/12/2020 - 09/11/2020)
Softaculous License: Softaculous Basic
Server Options: Europe (Amsterdam) + SSD Storage
Extra IP Address: No additional IPs
Turbo Boost: None *",A2H-1373230,EUR,278.30,0.00,278.30,0.00,"47,367.19"
18 Jun 2020,Spend Money,"Hubspot - Marketing Hub starter (1,000 contacts included)

Sales Hub Professional (5 Users included)

Charge for: 22/04/2020 - 21/07/2020",2200767,EUR,"1,322.09",0.00,"1,322.09",0.00,"48,689.28"
18 Jun 2020,Spend Money,"Xero Subscription - CARD - ULearn. Monthly Subscription, Standard Price Plan, 17 May 2020 to 16 Jun 2020.",IN-2118542,EUR,26.77,0.00,26.77,0.00,"48,716.05"
22 Jun 2020,Spend Money,Zopim - CARD - P2006US 14.00@0.89571,553,EUR,12.54,0.00,12.54,0.00,"48,728.59"
22 Jun 2020,Spend Money,ADOBE - POS21JUN Adobe.com,545,EUR,30.74,0.00,30.74,0.00,"48,759.33"
22 Jun 2020,Spend Money,"GoDaddy.com, LLC - CARD - POS19JUN GODADDY COM",545,EUR,61.44,0.00,61.44,0.00,"48,820.77"
29 Jun 2020,Spend Money,SOFTWARE - P2606BG  2.46@0.89430,553,EUR,2.20,0.00,2.20,0.00,"48,822.97"
01 Jul 2020,Payable Invoice,Fidelo - Fidelo School - Elite package,5580,EUR,226.32,0.00,226.32,0.00,"49,049.29"
02 Jul 2020,Spend Money,LETSHOST - POS01JUL LETSHOST.IE,545,EUR,33.20,0.00,33.20,0.00,"49,082.49"
03 Jul 2020,Spend Money,Google - CARD - POS02JUL GOOGLE *GSUI,545,EUR,76.75,0.00,76.75,0.00,"49,159.24"
06 Jul 2020,Spend Money,GODADDY - POS05JUL GODADDY COM,545,EUR,14.21,0.00,14.21,0.00,"49,173.45"
08 Jul 2020,Spend Money,SOFTWARE - P0607GB  7.38@1.11517,553,EUR,8.23,0.00,8.23,0.00,"49,181.68"
13 Jul 2020,Spend Money,"GoDaddy.com, LLC - CARD - POS12JUL DNH*GODADDY.",545,EUR,49.59,0.00,49.59,0.00,"49,231.27"
13 Jul 2020,Spend Money,"GoDaddy.com, LLC - CARD - POS11JUL DNH*GODADDY.",545,EUR,125.82,0.00,125.82,0.00,"49,357.09"
15 Jul 2020,Spend Money,ZOOM - DD - POS14JUL ZOOM.EUR,545,EUR,279.09,0.00,279.09,0.00,"49,636.18"
17 Jul 2020,Spend Money,"GoDaddy.com, LLC - CARD - POS16JUL GODADDY COM",545,EUR,71.93,0.00,71.93,0.00,"49,708.11"
20 Jul 2020,Spend Money,CARD - Google - POS18JUL GOOGLE *Goog,545,EUR,9.99,0.00,9.99,0.00,"49,718.10"
20 Jul 2020,Spend Money,Xero Subscription - CARD - P1707US 30.00@0.87933,553,EUR,26.38,0.00,26.38,0.00,"49,744.48"
22 Jul 2020,Spend Money,Zopim - CARD - Zendesk - Monthly payment,,EUR,12.26,0.00,12.26,0.00,"49,756.74"
22 Jul 2020,Spend Money,"GoDaddy.com, LLC - CARD - POS21JUL GODADDY COM",545,EUR,32.23,0.00,32.23,0.00,"49,788.97"
22 Jul 2020,Spend Money,ADOBE - POS21JUL Adobe.com,545,EUR,30.74,0.00,30.74,0.00,"49,819.71"
27 Jul 2020,Spend Money,Gtmhub - OKR - P2607BG  2.46@0.86178,553,EUR,2.12,0.00,2.12,0.00,"49,821.83"
29 Jul 2020,Spend Money,"GoDaddy.com, LLC - CARD - POS28JUL DNH*GODADDY.",545,EUR,103.17,0.00,103.17,0.00,"49,925.00"
31 Jul 2020,Spend Money,"CARD - Google - Google Cloud - G Suite

Summary for Jul 1, 2020 - Jul 31, 2020",3768441922,EUR,76.75,0.00,76.75,0.00,"50,001.75"
01 Aug 2020,Payable Invoice,"Fidelo - Fidelo School - Elite Package

# Period: 01.07.2020 until 31.07.2020",5684,EUR,254.61,0.00,254.61,0.00,"50,256.36"
13 Aug 2020,Spend Money,Zoho - POS12AUG ZOHO-ZOHO CO,545,EUR,18.45,0.00,18.45,0.00,"50,274.81"
13 Aug 2020,Spend Money,Zoho - POS12AUG ZOHO-PEOPLE,545,EUR,3.69,0.00,3.69,0.00,"50,278.50"
13 Aug 2020,Spend Money,Zoho - POS12AUG ZOHO-PEOPLE,545,EUR,1.23,0.00,1.23,0.00,"50,279.73"
13 Aug 2020,Spend Money,"GoDaddy.com, LLC - CARD - POS12AUG DNH*GODADDY.",545,EUR,6.14,0.00,6.14,0.00,"50,285.87"
14 Aug 2020,Spend Money,ZOOM - DD - POS13AUG ZOOM.EUR,545,EUR,279.09,0.00,279.09,0.00,"50,564.96"
14 Aug 2020,Spend Money,"GoDaddy.com, LLC - CARD - POS13AUG GODADDY.COM",545,EUR,94.27,0.00,94.27,0.00,"50,659.23"
14 Aug 2020,Spend Money,WONDER IDEA TECHNOLOGY LIMITED - POS12AUG PAYPAL *WOND,545,EUR,13.19,0.00,13.19,0.00,"50,672.42"
17 Aug 2020,Spend Money,"Xero Subscription - CARD - ULearn. Monthly Subscription, Standard Price Plan, 17 Jul 2020 to 16 Aug 2020. ",IN-2232608,EUR,25.37,0.00,25.37,0.00,"50,697.79"
17 Aug 2020,Spend Money,TradingView - P1408US 14.95@0.84882,553,EUR,12.69,0.00,12.69,0.00,"50,710.48"
17 Aug 2020,Spend Money,"GoDaddy.com, LLC - CARD - POS14AUG DNH*GODADDY.",545,EUR,23.57,0.00,23.57,0.00,"50,734.05"
19 Aug 2020,Payable Invoice,A2 Hosting - SSL Cert,A2H-1446122,EUR,81.77,0.00,81.77,0.00,"50,815.82"
20 Aug 2020,Spend Money,"Zopim - CARD - Chat Basic Subscription
08/20/2020-09/19/2020
Mont",INV06060154,EUR,11.91,0.00,11.91,0.00,"50,827.73"
24 Aug 2020,Spend Money,TradingView - P2208US 29.95@0.85075,553,EUR,25.48,0.00,25.48,0.00,"50,853.21"
24 Aug 2020,Spend Money,CRO.com - POS21AUG MCO,545,EUR,499.87,0.00,499.87,0.00,"51,353.08"
24 Aug 2020,Spend Money,ADOBE - POS21AUG Adobe.com,545,EUR,30.74,0.00,30.74,0.00,"51,383.82"
25 Aug 2020,Spend Money,CRO.com - POS24AUG MCO,545,EUR,498.33,0.00,498.33,0.00,"51,882.15"
27 Aug 2020,Spend Money,Gtmhub - OKR - P2608BG  2.46@0.84959,553,EUR,2.09,0.00,2.09,0.00,"51,884.24"
28 Aug 2020,Spend Money,SOFTWARE - P2708GB  2.62@1.11832,553,EUR,2.93,0.00,2.93,0.00,"51,887.17"
28 Aug 2020,Spend Money,SOFTWARE - P2708GB  0.82@1.12195,553,EUR,0.92,0.00,0.92,0.00,"51,888.09"
28 Aug 2020,Spend Money,SOFTWARE - P2708GB  7.91@1.12010,553,EUR,8.86,0.00,8.86,0.00,"51,896.95"
28 Aug 2020,Spend Money,SOFTWARE - P2708GB  1.88@1.12234,553,EUR,2.11,0.00,2.11,0.00,"51,899.06"
31 Aug 2020,Spend Money,"CARD - Google - Google Cloud - G suit

Summary for Aug 1, 2020 - Aug 31, 2020
",3783983630,EUR,76.75,0.00,76.75,0.00,"51,975.81"
01 Sept 2020,Spend Money,SOFTWARE - P3108GB 15.96@1.12218,553,EUR,17.91,0.00,17.91,0.00,"51,993.72"
02 Sept 2020,Spend Money,CARD - Google - POS01SEP GOOGLE *ADS1,545,EUR,500.00,0.00,500.00,0.00,"52,493.72"
07 Sept 2020,Spend Money,CRO.com - POS05SEP MCO,545,EUR,429.06,0.00,429.06,0.00,"52,922.78"
07 Sept 2020,Spend Money,CRO.com - POS05SEP MCO,545,EUR,424.82,0.00,424.82,0.00,"53,347.60"
08 Sept 2020,Spend Money,CARD - Google - POS07SEP GOOGLE *ADS1,545,EUR,500.00,0.00,500.00,0.00,"53,847.60"
09 Sept 2020,Payable Invoice,"Fidelo - Fidelo School - Elite package
# Period: 01.08.2020 until 31.08.2020",5776,EUR,254.61,0.00,254.61,0.00,"54,102.21"
14 Sept 2020,Payable Invoice,"A2 Hosting - Prestige+ Managed VPS - server.ulearnschool.com (09/12/2020 - 12/11/2020)
",A2H-1478405,EUR,278.30,0.00,278.30,0.00,"54,380.51"
14 Sept 2020,Spend Money,ZOOM - DD - POS13SEP ZOOM.EUR,545,EUR,274.55,0.00,274.55,0.00,"54,655.06"
14 Sept 2020,Spend Money,Zoho - POS11SEP ZOHO-PEOPLE,545,EUR,22.99,0.00,22.99,0.00,"54,678.05"
14 Sept 2020,Spend Money,WONDER IDEA TECHNOLOGY LIMITED - POS12SEP PAYPAL *WOND,545,EUR,13.09,0.00,13.09,0.00,"54,691.14"
15 Sept 2020,Spend Money,CARD - Google - POS14SEP GOOGLE *ADS1,,EUR,500.00,0.00,500.00,0.00,"55,191.14"
17 Sept 2020,Spend Money,"GoDaddy.com, LLC - CARD - POS16SEP GODADDY.COM",,EUR,10.88,0.00,10.88,0.00,"55,202.02"
17 Sept 2020,Spend Money,"GoDaddy.com, LLC - CARD - POS16SEP DNH*GODADDY.",,EUR,1.22,0.00,1.22,0.00,"55,203.24"
17 Sept 2020,Spend Money,"GoDaddy.com, LLC - CARD - POS16SEP DNH*GODADDY.",,EUR,12.29,0.00,12.29,0.00,"55,215.53"
17 Sept 2020,Spend Money,"Xero Subscription - CARD - ULearn. Monthly Subscription, Standard Price Plan, 17 Aug 2020 to 16 Sep 2020.",IN-2291152,EUR,25.56,0.00,25.56,0.00,"55,241.09"
21 Sept 2020,Spend Money,CARD - Google - POS17SEP GOOGLE*GOOGL,,EUR,9.99,0.00,9.99,0.00,"55,251.08"
22 Sept 2020,Spend Money,"Zopim - CARD - Chat Basic Subscription
09/20/2020-10/19/2020
Month ",INV06165988,EUR,11.94,0.00,11.94,0.00,"55,263.02"
23 Sept 2020,Spend Money,ADOBE - POS21SEP Adobe.com,,EUR,30.24,0.00,30.24,0.00,"55,293.26"
28 Sept 2020,Spend Money,Gtmhub - OKR - P2609BG  2.46@0.86178,,EUR,2.12,0.00,2.12,0.00,"55,295.38"
29 Sept 2020,Spend Money,Hubspot - Marketing Hub Starter and Sales Hub Professional,2309626,EUR,"2,206.62",0.00,"2,206.62",0.00,"57,502.00"
30 Sept 2020,Spend Money,"CARD - Google - Summary for Sep 1, 2020 - Sep 30, 2020",3799130901,EUR,75.50,0.00,75.50,0.00,"57,577.50"
01 Oct 2020,Payable Invoice,"Fidelo - Fidelo School - Elite package

# Period: 01.09.2020 until 30.09.2020",5873,EUR,250.47,0.00,250.47,0.00,"57,827.97"
05 Oct 2020,Spend Money,Blacknight - POS02OCT BLACKNIGHT I,,EUR,30.24,0.00,30.24,0.00,"57,858.21"
05 Oct 2020,Spend Money,Blacknight - POS02OCT BLACKNIGHT I,,EUR,60.44,0.00,60.44,0.00,"57,918.65"
05 Oct 2020,Spend Money,TradingView - P0310US 29.95@0.85509,,EUR,25.61,0.00,25.61,0.00,"57,944.26"
05 Oct 2020,Spend Money,SOFTWARE - P0310GB 14.87@1.10558,,EUR,16.44,0.00,16.44,0.00,"57,960.70"
07 Oct 2020,Spend Money,"GoDaddy.com, LLC - CARD - POS06OCT GODADDY.COM",,EUR,13.33,0.00,13.33,0.00,"57,974.03"
12 Oct 2020,Spend Money,Zoho - POS11OCT ZOHO-PEOPLE,,EUR,22.99,0.00,22.99,0.00,"57,997.02"
13 Oct 2020,Spend Money,"GoDaddy.com, LLC - CARD - POS12OCT DNH*GODADDY.",,EUR,43.85,0.00,43.85,0.00,"58,040.87"
14 Oct 2020,Spend Money,ZOOM - DD - POS13OCT ZOOM.EUR,,EUR,274.55,0.00,274.55,0.00,"58,315.42"
14 Oct 2020,Spend Money,"GoDaddy.com, LLC - CARD - POS13OCT DNH*GODADDY.",,EUR,40.62,0.00,40.62,0.00,"58,356.04"
17 Oct 2020,Spend Money,"Xero Subscription - CARD - ULearn. Monthly Subscription, Standard Price Plan, 17 Sep 2020 to 16 Oct 2020.",IN-2350739,EUR,25.66,0.00,25.66,0.00,"58,381.70"
19 Oct 2020,Spend Money,CARD - Google - POS18OCT GOOGLE *Goog,,EUR,9.99,0.00,9.99,0.00,"58,391.69"
19 Oct 2020,Spend Money,"GoDaddy.com, LLC - CARD - POS16OCT GODADDY.COM",,EUR,10.88,0.00,10.88,0.00,"58,402.57"
20 Oct 2020,Spend Money,"Zopim - CARD - Chat Basic Subscription
10/20/2020-11/19/2020
Month",INV06273521,EUR,11.84,0.00,11.84,0.00,"58,414.41"
22 Oct 2020,Payable Invoice,"Hubspot - Marketing Hub Starter (1,000 Contacts Included)
Charge for: 22/10/2020 - 21/1/2021

3,000 Additional Contacts
Charge for: 22/10/2020 - 21/1/2021 
Sales Hub Professional (5 Users Included)
Charge for: 22/10/2020 - 21/1/2021",2567228,EUR,"2,315.94",0.00,"2,315.94",0.00,"60,730.35"
22 Oct 2020,Spend Money,ADOBE - POS21OCT Adobe.com,,EUR,30.24,0.00,30.24,0.00,"60,760.59"
27 Oct 2020,Spend Money,Gtmhub - OKR - P2610BG  2.46@0.84552,,EUR,2.08,0.00,2.08,0.00,"60,762.67"
31 Oct 2020,Spend Money,"CARD - Google - Summary for Oct 1, 2020 - Oct 31, 2020",3812885152,EUR,75.50,0.00,75.50,0.00,"60,838.17"
31 Oct 2020,Payable Invoice,"Fidelo - Fidelo School - Elite package 
# Period: 01.10.2020 until 31.10.2020",5971,EUR,250.47,0.00,250.47,0.00,"61,088.64"
02 Nov 2020,Spend Money,"GoDaddy.com, LLC - CARD - POS31OCT GODADDY.COM",545,EUR,23.18,0.00,23.18,0.00,"61,111.82"
02 Nov 2020,Spend Money,SOFTWARE - P3010GB 18.00@1.11333,553,EUR,20.04,0.00,20.04,0.00,"61,131.86"
04 Nov 2020,Spend Money,TradingView - P0311US 29.95@0.86010,553,EUR,25.76,0.00,25.76,0.00,"61,157.62"
12 Nov 2020,Spend Money,Zoho - POS12NOV ZOHO-PEOPLE,545,EUR,22.99,0.00,22.99,0.00,"61,180.61"
16 Nov 2020,Spend Money,ZOOM - DD - POS14NOV ZOOM.EUR,545,EUR,274.55,0.00,274.55,0.00,"61,455.16"
17 Nov 2020,Spend Money,"Xero Subscription - CARD - ULearn. Monthly Subscription, Standard Price Plan, 17 Oct 2020 to 16 Nov 2020",IN-2411520,EUR,25.34,0.00,25.34,0.00,"61,480.50"
17 Nov 2020,Spend Money,"GoDaddy.com, LLC - CARD - POS16NOV GODADDY.COM",545,EUR,10.88,0.00,10.88,0.00,"61,491.38"
19 Nov 2020,Spend Money,CARD - Google - POS17NOV GOOGLE*GOOGL,545,EUR,9.99,0.00,9.99,0.00,"61,501.37"
23 Nov 2020,Spend Money,ADOBE - POS21NOV Adobe.com,545,EUR,30.24,0.00,30.24,0.00,"61,531.61"
24 Nov 2020,Spend Money,Zopim - CARD - P2011IE 14.00@0.84785,553,EUR,11.87,0.00,11.87,0.00,"61,543.48"
27 Nov 2020,Spend Money,Gtmhub - OKR - P2611BG  2.46@0.84146,553,EUR,2.07,0.00,2.07,0.00,"61,545.55"
30 Nov 2020,Spend Money,"Google - CARD - Google Cloud - G Suite

Summary for Nov 1, 2020 - Nov 30, 2020",3826653664,EUR,75.50,0.00,75.50,0.00,"61,621.05"
30 Nov 2020,Payable Invoice,"Fidelo - Fidelo School - Elite package

# Period: 01.11.2020 until 30.11.2020",6069,EUR,250.47,0.00,250.47,0.00,"61,871.52"
08 Dec 2020,Spend Money,TradingView - P0412US 29.95@0.82570,553,EUR,24.73,0.00,24.73,0.00,"61,896.25"
08 Dec 2020,Spend Money,CRO.com - POS05DEC CRO,545,EUR,"1,602.77",0.00,"1,602.77",0.00,"63,499.02"
14 Dec 2020,Spend Money,ZOOM - DD - POS13DEC ZOOM.US 888-,545,EUR,274.55,0.00,274.55,0.00,"63,773.57"
14 Dec 2020,Spend Money,Zoho - POS12DEC ZOHO-PEOPLE,545,EUR,22.99,0.00,22.99,0.00,"63,796.56"
15 Dec 2020,Spend Money,A2 Hosting - POS14DEC A2WEBHOST* I,545,EUR,291.43,0.00,291.43,0.00,"64,087.99"
17 Dec 2020,Spend Money,"Xero Subscription - CARD - ULearn. Monthly Subscription, Standard Price Plan, 17 Nov 2020 to 16 Dec 2020.",IN-2470186,EUR,24.61,0.00,24.61,0.00,"64,112.60"
17 Dec 2020,Spend Money,"GoDaddy.com, LLC - CARD - POS16DEC GODADDY.COM",545,EUR,10.88,0.00,10.88,0.00,"64,123.48"
20 Dec 2020,Spend Money,"Zopim - CARD - Chat Basic Subscription
12/20/2020-01/19/2021
Month ",INV06489408,EUR,11.54,0.00,11.54,0.00,"64,135.02"
21 Dec 2020,Spend Money,CARD - Google - POS18DEC GOOGLE *Goog,545,EUR,9.99,0.00,9.99,0.00,"64,145.01"
21 Dec 2020,Spend Money,SOFTWARE - P1912GI 12.95@0.81776,553,EUR,10.59,0.00,10.59,0.00,"64,155.60"
21 Dec 2020,Spend Money,CRO.com - POS19DEC CRO,545,EUR,100.00,0.00,100.00,0.00,"64,255.60"
22 Dec 2020,Spend Money,ADOBE - POS21DEC Adobe.com,545,EUR,30.24,0.00,30.24,0.00,"64,285.84"
30 Dec 2020,Spend Money,Gtmhub - OKR - P2612BG  2.46@0.82113,553,EUR,2.02,0.00,2.02,0.00,"64,287.86"
31 Dec 2020,Payable Invoice,"Fidelo - Fidelo School - Elite package

# Period: 01.12.2020 until 31.12.2020",6153,EUR,250.47,0.00,250.47,0.00,"64,538.33"
31 Dec 2020,Manual Journal,Year end journal 2020-2 - Year end journal 2020,#48142,EUR,0.00,"27,346.00",0.00,"27,346.00","37,192.33"
04 Jan 2021,Spend Money,"CARD - Google - Google Workspace
Summary for Dec 1, 2020 - Dec 31, 2020",3842192456,EUR,75.50,0.00,75.50,0.00,"37,267.83"
05 Jan 2021,Spend Money,TradingView - P0401US 29.95@0.81836,,EUR,24.51,0.00,24.51,0.00,"37,292.34"
11 Jan 2021,Spend Money,TradingView - ÊP1001US 14.95@0.82006,,EUR,12.26,0.00,12.26,0.00,"37,304.60"
12 Jan 2021,Spend Money,Zoho - ÊPOS12JAN ZOHO-PEOPLE,,EUR,22.99,0.00,22.99,0.00,"37,327.59"
14 Jan 2021,Spend Money,ZOOM - DD - ÊPOS13JAN ZOOM.US 888-,,EUR,274.55,0.00,274.55,0.00,"37,602.14"
14 Jan 2021,Spend Money,"GoDaddy.com, LLC - CARD - ÊPOS13JAN DNH*GODADDY.",,EUR,108.75,0.00,108.75,0.00,"37,710.89"
14 Jan 2021,Spend Money,Buffer - CARD - P1301US 10.00@0.82400,,EUR,8.24,0.00,8.24,0.00,"37,719.13"
17 Jan 2021,Spend Money,"Xero Subscription - CARD - ULearn. Monthly Subscription, Standard Price Plan, 17 Dec 2020 to 16 Jan 2021",IN-2528081,EUR,24.86,0.00,24.86,0.00,"37,743.99"
18 Jan 2021,Spend Money,TradingView - ÊP1501GI 12.95@0.82857,,EUR,10.73,0.00,10.73,0.00,"37,754.72"
18 Jan 2021,Spend Money,"GoDaddy.com, LLC - CARD - ÊPOS16JAN DNH*GODADDY.",,EUR,10.88,0.00,10.88,0.00,"37,765.60"
19 Jan 2021,Spend Money,Google - CARD - ÊPOS18JAN GOOGLE *Goog,,EUR,9.99,0.00,9.99,0.00,"37,775.59"
20 Jan 2021,Spend Money,"Zopim - CARD - Chat Basic Subscription
01/20/2021-02/19/2021
Month ",INV06598634,EUR,11.57,0.00,11.57,0.00,"37,787.16"
22 Jan 2021,Spend Money,ADOBE - ÊPOS21JAN Adobe.com,,EUR,30.24,0.00,30.24,0.00,"37,817.40"
22 Jan 2021,Payable Invoice,"Hubspot - Marketing Hub Starter (1,000 Contacts Included)
Charge for: 22/1/2021 - 21/4/2021

 4,000 Additional Contacts
Charge for: 22/1/2021 - 21/4/2021

Sales Hub Professional (5 Users Included)
Charge for: 22/1/2021 - 21/4/2021 ",2846008,EUR,"2,461.14",0.00,"2,461.14",0.00,"40,278.54"
27 Jan 2021,Spend Money,Gtmhub - OKR - ÊP2601BG 2.46@0.82520,,EUR,2.03,0.00,2.03,0.00,"40,280.57"
01 Feb 2021,Payable Invoice,"Fidelo - Fidelo School - Elite package 7

# Period: 01.01.2021 until 31.01.2021",6242,EUR,250.47,0.00,250.47,0.00,"40,531.04"
02 Feb 2021,Spend Money,CARD - Google - Google workspace,3854563648,EUR,75.50,0.00,75.50,0.00,"40,606.54"
05 Feb 2021,Spend Money,TradingView - P0402US29.95@0.83639,,EUR,25.05,0.00,25.05,0.00,"40,631.59"
08 Feb 2021,Spend Money,Commas - POS07FEB3COMMASCAPI,,EUR,294.00,0.00,294.00,0.00,"40,925.59"
08 Feb 2021,Spend Money,SOFTWARE - P0502US25.58@0.83698,,EUR,21.41,0.00,21.41,0.00,"40,947.00"
11 Feb 2021,Spend Money,TradingView - P1002US14.95@0.82608,,EUR,12.35,0.00,12.35,0.00,"40,959.35"
11 Feb 2021,Spend Money,Lucid Software - POS10FEBLUCIDCHART.C,,EUR,100.91,0.00,100.91,0.00,"41,060.26"
12 Feb 2021,Spend Money,SOFTWARE - P1102CA1.00@0.83000,,EUR,0.83,0.00,0.83,0.00,"41,061.09"
12 Feb 2021,Spend Money,SOFTWARE - P1102CA2497@0.82569,,EUR,"2,061.76",0.00,"2,061.76",0.00,"43,122.85"
15 Feb 2021,Spend Money,ZOOM - DD - POS14FEBZOOM.US888-,,EUR,274.55,0.00,274.55,0.00,"43,397.40"
15 Feb 2021,Spend Money,SOFTWARE - P1202GB15.29@1.14388,,EUR,17.49,0.00,17.49,0.00,"43,414.89"
16 Feb 2021,Spend Money,TradingView - P1502GI12.95@0.82548,,EUR,10.69,0.00,10.69,0.00,"43,425.58"
17 Feb 2021,Spend Money,"Xero Subscription - CARD - ULearn. Monthly Subscription, Standard Price Plan, 17 Jan 2021 to 16 Feb 2021.",IN-2587308,EUR,24.96,0.00,24.96,0.00,"43,450.54"
17 Feb 2021,Spend Money,"GoDaddy.com, LLC - CARD - POS16FEBDNH*GODADDY.",,EUR,10.88,0.00,10.88,0.00,"43,461.42"
19 Feb 2021,Spend Money,CARD - Google - POS18FEBGOOGLEGoog,,EUR,9.99,0.00,9.99,0.00,"43,471.41"
20 Feb 2021,Spend Money,"Zopim - CARD - Chat Basic Subscription
02/20/2021-03/19/2021
Month",INV06707262,EUR,11.58,0.00,11.58,0.00,"43,482.99"
22 Feb 2021,Spend Money,ADOBE - POS21FEBAdobe.com,,EUR,30.24,0.00,30.24,0.00,"43,513.23"
23 Feb 2021,Spend Money,SOFTWARE - P2202DE131.88@0.82719,,EUR,109.09,0.00,109.09,0.00,"43,622.32"
24 Feb 2021,Spend Money,Flickr - POS23FEBPAYPAL*FLIC,,EUR,6.02,0.00,6.02,0.00,"43,628.34"
25 Feb 2021,Spend Money,"GoDaddy.com, LLC - CARD - POS24FEBDNH*GODADDY.",,EUR,231.59,0.00,231.59,0.00,"43,859.93"
28 Feb 2021,Payable Invoice,"Fidelo - Fidelo School - Elite package 

# Period: 01.02.2021 until 28.02.2021",6329,EUR,250.47,0.00,250.47,0.00,"44,110.40"
01 Mar 2021,Spend Money,"GoDaddy.com, LLC - CARD - POS27FEB DNH*GODADDY.",,EUR,34.91,0.00,34.91,0.00,"44,145.31"
01 Mar 2021,Spend Money,"GoDaddy.com, LLC - CARD - POS26FEB DNH*GO DADDY",,EUR,24.68,0.00,24.68,0.00,"44,169.99"
01 Mar 2021,Spend Money,Gtmhub - OKR - P2602BG 2.46@0.82926,,EUR,2.04,0.00,2.04,0.00,"44,172.03"
03 Mar 2021,Spend Money,SOFTWARE - P0203US 73.79@0.83398,,EUR,61.54,0.00,61.54,0.00,"44,233.57"
03 Mar 2021,Spend Money,"CARD - Google - Google Workspace

Summary for Feb 1, 2021 - Feb 28, 2021",3871657811,EUR,75.50,0.00,75.50,0.00,"44,309.07"
05 Mar 2021,Spend Money,TradingView - P0403US 29.95@0.83606,,EUR,25.04,0.00,25.04,0.00,"44,334.11"
09 Mar 2021,Spend Money,SOFTWARE - P0803GB 23.06@1.16738,,EUR,26.92,0.00,26.92,0.00,"44,361.03"
12 Mar 2021,Spend Money,Zoho - POS12MAR ZOHO-PEOPLE,,EUR,23.37,0.00,23.37,0.00,"44,384.40"
12 Mar 2021,Spend Money,SOFTWARE - P1103CA 99.00@0.83939,,EUR,83.10,0.00,83.10,0.00,"44,467.50"
15 Mar 2021,Spend Money,ZOOM - DD - POS13MAR ZOOM.US 888-,,EUR,279.09,0.00,279.09,0.00,"44,746.59"
16 Mar 2021,Spend Money,TradingView - P1503GI 12.95@0.83938,,EUR,10.87,0.00,10.87,0.00,"44,757.46"
16 Mar 2021,Spend Money,A2 Hosting - POS15MAR A2WEBHOST* I,,EUR,291.43,0.00,291.43,0.00,"45,048.89"
17 Mar 2021,Spend Money,"Xero Subscription - CARD - ULearn. Monthly Subscription, Standard Price Plan, 17 Feb 2021 to 16 Mar 2021.",IN-2647248,EUR,25.24,0.00,25.24,0.00,"45,074.13"
18 Mar 2021,Spend Money,"GoDaddy.com, LLC - CARD - POS16MAR DNH*GO DADDY",,EUR,11.06,0.00,11.06,0.00,"45,085.19"
18 Mar 2021,Spend Money,GODADDY - POS15MAR DNH*GO DADDY,,EUR,94.17,0.00,94.17,0.00,"45,179.36"
19 Mar 2021,Spend Money,Google - CARD - POS17MAR GOOGLE*GOOGL,,EUR,9.99,0.00,9.99,0.00,"45,189.35"
20 Mar 2021,Spend Money,"Zopim - CARD - Chat Basic Subscription
03/20/2021-04/19/2021
Month ",INV06815467,EUR,11.80,0.00,11.80,0.00,"45,201.15"
22 Mar 2021,Spend Money,SOFTWARE - POS21MAR Adobe.com,,EUR,30.24,0.00,30.24,0.00,"45,231.39"
22 Mar 2021,Spend Money,TradingView - P1803GB 13.29@1.17155,,EUR,15.57,0.00,15.57,0.00,"45,246.96"
24 Mar 2021,Spend Money,LastPass - POS23MAR LOGMEIN*Last,,EUR,42.80,0.00,42.80,0.00,"45,289.76"
24 Mar 2021,Spend Money,Flickr - POS23MAR PAYPAL *FLIC,,EUR,6.13,0.00,6.13,0.00,"45,295.89"
26 Mar 2021,Spend Money,TradingView - P2503US 29.95@0.85041,,EUR,25.47,0.00,25.47,0.00,"45,321.36"
29 Mar 2021,Spend Money,Gtmhub - OKR - P2603BG 2.46@0.84959,,EUR,2.09,0.00,2.09,0.00,"45,323.45"
31 Mar 2021,Payable Invoice,"Fidelo - Fidelo School - Elite package 

# Period: 01.03.2021 until 31.03.2021",6425,EUR,254.61,0.00,254.61,0.00,"45,578.06"
01 Apr 2021,Spend Money,"CARD - Google - Google Workspace

Summary for Mar 1, 2021 - Mar 31, 2021",3886499486,EUR,76.75,0.00,76.75,0.00,"45,654.81"
06 Apr 2021,Spend Money,TradingView - P0404US 29.95@0.85141,,EUR,25.50,0.00,25.50,0.00,"45,680.31"
06 Apr 2021,Spend Money,SOFTWARE - P0104US 6.07@0.85172,,EUR,5.17,0.00,5.17,0.00,"45,685.48"
12 Apr 2021,Spend Money,Zoho - POS11APR ZOHO-PEOPLE,,EUR,23.37,0.00,23.37,0.00,"45,708.85"
12 Apr 2021,Spend Money,SOFTWARE - P1104CA 99.00@0.84282,,EUR,83.44,0.00,83.44,0.00,"45,792.29"
13 Apr 2021,Spend Money,"GoDaddy.com, LLC - CARD - POS11APR DNH*GO DADDY",,EUR,51.64,0.00,51.64,0.00,"45,843.93"
14 Apr 2021,Spend Money,ZOOM - DD - POS13APR ZOOM.US 888-,,EUR,279.09,0.00,279.09,0.00,"46,123.02"
16 Apr 2021,Spend Money,TradingView - P1504GI 12.95@0.83629,,EUR,10.83,0.00,10.83,0.00,"46,133.85"
17 Apr 2021,Spend Money,"Xero Subscription - CARD - ULearn. Monthly Subscription, Standard Price Plan, 17 Mar 2021 to 16 Apr 2021",IN-2708367,EUR,25.11,0.00,25.11,0.00,"46,158.96"
19 Apr 2021,Spend Money,CARD - Google - POS17APR GOOGLE*GOOGL,,EUR,9.99,0.00,9.99,0.00,"46,168.95"
19 Apr 2021,Spend Money,"GoDaddy.com, LLC - CARD - POS16APR DNH*GODADDY.",,EUR,11.06,0.00,11.06,0.00,"46,180.01"
21 Apr 2021,Spend Money,"Zopim - CARD - Chat Basic Subscription
04/20/2021-05/19/2021
Month",INV06925749,EUR,11.72,0.00,11.72,0.00,"46,191.73"
22 Apr 2021,Spend Money,ADOBE - POS21APR Adobe.com,,EUR,30.24,0.00,30.24,0.00,"46,221.97"
26 Apr 2021,Spend Money,SOFTWARE - P2504US245.99@0.83255,,EUR,204.80,0.00,204.80,0.00,"46,426.77"
26 Apr 2021,Spend Money,"GoDaddy.com, LLC - CARD - POS23APR DNH*GODADDY.",,EUR,12.29,0.00,12.29,0.00,"46,439.06"
26 Apr 2021,Spend Money,TradingView - P2504US 29.95@0.83272,,EUR,24.94,0.00,24.94,0.00,"46,464.00"
27 Apr 2021,Spend Money,Gtmhub - OKR - P2604BG 2.46@0.83333,,EUR,2.05,0.00,2.05,0.00,"46,466.05"
04 May 2021,Spend Money,"CARD - Google - Google Workspace

Summary for Apr 1, 2021 - Apr 30, 2021",3900231647,EUR,76.75,0.00,76.75,0.00,"46,542.80"
04 May 2021,Payable Invoice,"Fidelo - Fidelo School - Elite package
# Period: 01.04.2021 until 30.04.2021",6523,EUR,254.61,0.00,254.61,0.00,"46,797.41"
04 May 2021,Spend Money,SOFTWARE - P0105US 6.15@0.83252,,EUR,5.12,0.00,5.12,0.00,"46,802.53"
05 May 2021,Spend Money,TradingView - P0405US 29.95@0.83338,,EUR,24.96,0.00,24.96,0.00,"46,827.49"
07 May 2021,Spend Money,"GoDaddy.com, LLC - CARD - POS05MAY DNH*GO DADDY",,EUR,12.84,0.00,12.84,0.00,"46,840.33"
07 May 2021,Spend Money,"GoDaddy.com, LLC - CARD - POS06MAY DNH*GODADDY.",,EUR,5.12,0.00,5.12,0.00,"46,845.45"
10 May 2021,Spend Money,SOFTWARE - P0805CA594.00@0.82981,,EUR,492.91,0.00,492.91,0.00,"47,338.36"
10 May 2021,Spend Money,Google - CARD - POS07MAY Google Payme,,EUR,38.99,0.00,38.99,0.00,"47,377.35"
11 May 2021,Spend Money,"GoDaddy.com, LLC - CARD - POS09MAY DNH*GO DADDY",,EUR,25.68,0.00,25.68,0.00,"47,403.03"
12 May 2021,Spend Money,Zoho - POS11MAY ZOHO-PEOPLE,,EUR,23.37,0.00,23.37,0.00,"47,426.40"
14 May 2021,Spend Money,ZOOM - DD - POS13MAY ZOOM.US 888-,,EUR,279.09,0.00,279.09,0.00,"47,705.49"
17 May 2021,Spend Money,TradingView - P1505GI 12.95@0.82857,,EUR,10.73,0.00,10.73,0.00,"47,716.22"
17 May 2021,Spend Money,"GoDaddy.com, LLC - CARD - POS16MAY DNH*GODADDY.",,EUR,11.06,0.00,11.06,0.00,"47,727.28"
17 May 2021,Spend Money,"Xero Subscription - CARD - ULearn. Monthly Subscription, Standard Price Plan

(17 Apr 2021 to 16 May 2021)",IN-2770370,EUR,24.74,0.00,24.74,0.00,"47,752.02"
19 May 2021,Spend Money,CARD - Google - POS17MAY GOOGLE*GOOGL,,EUR,9.99,0.00,9.99,0.00,"47,762.01"
24 May 2021,Spend Money,PAYPAL EUROPE - POS23MAY PAYPAL *FLIC,,EUR,5.99,0.00,5.99,0.00,"47,768.00"
24 May 2021,Spend Money,ADOBE - POS21MAY Adobe.com,,EUR,30.24,0.00,30.24,0.00,"47,798.24"
24 May 2021,Spend Money,"Zopim - CARD - Chat Basic Subscription
05/20/2021-06/19/2021
Month ",INV07035679,EUR,11.51,0.00,11.51,0.00,"47,809.75"
26 May 2021,Spend Money,TradingView - P2505US 29.95@0.82170,,EUR,24.61,0.00,24.61,0.00,"47,834.36"
26 May 2021,Spend Money,TradingView - P2505GB 29.70@1.16498,,EUR,34.60,0.00,34.60,0.00,"47,868.96"
31 May 2021,Payable Invoice,Fidelo - Fidelo School - Elite package# Period: 01.05.2021 until 31.05.2021,6620,EUR,254.61,0.00,254.61,0.00,"48,123.57"
02 Jun 2021,Spend Money,"CARD - Google - Summary for May 1, 2021 - May 31, 2021",391474044,EUR,76.75,0.00,76.75,0.00,"48,200.32"
02 Jun 2021,Spend Money,SOFTWARE - P0106US 6.15@0.82439,,EUR,5.07,0.00,5.07,0.00,"48,205.39"
08 Jun 2021,Spend Money,TradingView - P0406US 29.95@0.82537,,EUR,24.72,0.00,24.72,0.00,"48,230.11"
11 Jun 2021,Spend Money,LETSHOST - POS09JUN LETSHOST.IE,,EUR,36.89,0.00,36.89,0.00,"48,267.00"
14 Jun 2021,Spend Money,ZOOM - DD - POS13JUN ZOOM.US 888-,,EUR,279.09,0.00,279.09,0.00,"48,546.09"
14 Jun 2021,Spend Money,Zoho - POS11JUN ZOHO-PEOPLE,,EUR,23.37,0.00,23.37,0.00,"48,569.46"
16 Jun 2021,Spend Money,TradingView - P1506GI 12.95@0.82625,,EUR,10.70,0.00,10.70,0.00,"48,580.16"
17 Jun 2021,Spend Money,"Xero Subscription - CARD - ULearn. Monthly Subscription, Standard Price Plan, 17 May 2021 to 16 Jun 2021",IN-2833457,EUR,25.23,0.00,25.23,0.00,"48,605.39"
17 Jun 2021,Spend Money,"GoDaddy.com, LLC - CARD - POS15JUN DNH*GO DADDY",,EUR,12.29,0.00,12.29,0.00,"48,617.68"
17 Jun 2021,Spend Money,LETSHOST - POS16JUN LETSHOST.IE,,EUR,36.89,0.00,36.89,0.00,"48,654.57"
18 Jun 2021,Spend Money,"GoDaddy.com, LLC - CARD - POS16JUN DNH*GO DADDY",,EUR,11.06,0.00,11.06,0.00,"48,665.63"
21 Jun 2021,Spend Money,"Zopim - CARD - Chat Basic Subscription
06/20/2021-07/19/2021
Month",INV07146525,EUR,11.82,0.00,11.82,0.00,"48,677.45"
22 Jun 2021,Spend Money,ADOBE - POS21JUN Adobe.com,,EUR,30.24,0.00,30.24,0.00,"48,707.69"
28 Jun 2021,Spend Money,TradingView - P2506US 29.95@0.83873,,EUR,25.12,0.00,25.12,0.00,"48,732.81"
28 Jun 2021,Spend Money,A2 Hosting - POS27JUN A2WEBHOST* I,,EUR,296.25,0.00,296.25,0.00,"49,029.06"
30 Jun 2021,Payable Invoice,"Fidelo - Fidelo School - Elite package 
# Period: 01.06.2021 until 30.06.2021",6714,EUR,254.61,0.00,254.61,0.00,"49,283.67"
05 Jul 2021,Spend Money,"CARD - Google - Summary for Jun 1, 2021 - Jun 30, 2021
",3934786182,EUR,76.75,0.00,76.75,0.00,"49,360.42"
05 Jul 2021,Spend Money,TradingView - P0407US 29.95@0.84707,,EUR,25.37,0.00,25.37,0.00,"49,385.79"
05 Jul 2021,Spend Money,SOFTWARE - P0107US 6.15@0.84390,,EUR,5.19,0.00,5.19,0.00,"49,390.98"
07 Jul 2021,Spend Money,"GoDaddy.com, LLC - CARD - POS05JUL DNH*GO DADDY",,EUR,13.47,0.00,13.47,0.00,"49,404.45"
12 Jul 2021,Spend Money,Zoho - POS11JUL ZOHO-PEOPLE,,EUR,23.37,0.00,23.37,0.00,"49,427.82"
13 Jul 2021,Spend Money,"GoDaddy.com, LLC - CARD - POS11JUL DNH*GO DADDY",,EUR,63.94,0.00,63.94,0.00,"49,491.76"
14 Jul 2021,Spend Money,"GoDaddy.com, LLC - CARD - POS12JUL DNH*GO DADDY",,EUR,50.77,0.00,50.77,0.00,"49,542.53"
14 Jul 2021,Spend Money,ZOOM - DD - POS13JUL ZOOM.US 888-,,EUR,279.09,0.00,279.09,0.00,"49,821.62"
15 Jul 2021,Spend Money,SOFTWARE - P1307MX124.00@0.04290,,EUR,5.32,0.00,5.32,0.00,"49,826.94"
16 Jul 2021,Spend Money,TradingView - P1507GI 12.95@0.84787,,EUR,10.98,0.00,10.98,0.00,"49,837.92"
17 Jul 2021,Spend Money,"Xero Subscription - CARD - ULearn. Monthly Subscription, Standard Price Plan, 17 Jun 2021 to 16 Jul 2021.",IN-2897573,EUR,25.45,0.00,25.45,0.00,"49,863.37"
19 Jul 2021,Spend Money,"GoDaddy.com, LLC - CARD - POS16JUL DNH*GO DADDY",,EUR,35.83,0.00,35.83,0.00,"49,899.20"
19 Jul 2021,Spend Money,Skype - POS16JUL SKYPE.COM/GO,,EUR,10.00,0.00,10.00,0.00,"49,909.20"
19 Jul 2021,Spend Money,"GoDaddy.com, LLC - CARD - POS17JUL DNH*GO DADDY",,EUR,12.29,0.00,12.29,0.00,"49,921.49"
20 Jul 2021,Spend Money,"Zopim - CARD - Chat Basic Subscription
07/20/2021-08/19/2021
Month ",INV07258916,EUR,11.91,0.00,11.91,0.00,"49,933.40"
22 Jul 2021,Spend Money,"GoDaddy.com, LLC - CARD - POS21JUL DNH*GODADDY.",,EUR,31.32,0.00,31.32,0.00,"49,964.72"
22 Jul 2021,Spend Money,ADOBE - POS21JUL Adobe.com,,EUR,30.24,0.00,30.24,0.00,"49,994.96"
23 Jul 2021,Spend Money,SOFTWARE - P2207GB 79.98@1.16004,,EUR,92.78,0.00,92.78,0.00,"50,087.74"
26 Jul 2021,Spend Money,TradingView - P2507US 29.95@0.85108,,EUR,25.49,0.00,25.49,0.00,"50,113.23"
30 Jul 2021,Spend Money,"GoDaddy.com, LLC - CARD - POS28JUL DNH*GO DADDY",,EUR,103.17,0.00,103.17,0.00,"50,216.40"
31 Jul 2021,Payable Invoice,"Fidelo - Fidelo School - Elite package 76,67
# Period: 01.07.2021 until 31.07.2021",6812,EUR,254.61,0.00,254.61,0.00,"50,471.01"
03 Aug 2021,Spend Money,"Google - CARD - Summary for Jul 1, 2021 - Jul 31, 2021",3947755354,EUR,76.75,0.00,76.75,0.00,"50,547.76"
03 Aug 2021,Spend Money,SOFTWARE - P0108US 6.15@0.84390,,EUR,5.19,0.00,5.19,0.00,"50,552.95"
05 Aug 2021,Spend Money,TradingView - P0408US 29.95@0.84507,,EUR,25.31,0.00,25.31,0.00,"50,578.26"
09 Aug 2021,Spend Money,Skype - POS04AUG GO.SKYPE.COM,,EUR,8.00,0.00,8.00,0.00,"50,586.26"
10 Aug 2021,Spend Money,"GoDaddy.com, LLC - CARD - POS08AUG DNH*GO DADDY",,EUR,45.62,0.00,45.62,0.00,"50,631.88"
12 Aug 2021,Spend Money,Zoho - POS11AUG ZOHO-PEOPLE,,EUR,23.37,0.00,23.37,0.00,"50,655.25"
13 Aug 2021,Spend Money,SOFTWARE - P1108MX579.00@0.04295,,EUR,24.87,0.00,24.87,0.00,"50,680.12"
16 Aug 2021,Spend Money,"GoDaddy.com, LLC - CARD - POS14AUG DNH*GO DADDY",,EUR,24.77,0.00,24.77,0.00,"50,704.89"
16 Aug 2021,Spend Money,ZOOM - DD - POS13AUG ZOOM.US 888-,,EUR,279.09,0.00,279.09,0.00,"50,983.98"
16 Aug 2021,Spend Money,"GoDaddy.com, LLC - CARD - POS13AUG DNH*GODADDY.",,EUR,24.77,0.00,24.77,0.00,"51,008.75"
17 Aug 2021,Spend Money,PAYPAL EUROPE - POS16AUG PAYPAL *CYAT,,EUR,30.00,0.00,30.00,0.00,"51,038.75"
17 Aug 2021,Spend Money,TradingView - P1508GI 12.95@0.85019,,EUR,11.01,0.00,11.01,0.00,"51,049.76"
18 Aug 2021,Spend Money,"GoDaddy.com, LLC - CARD - POS16AUG DNH*GO DADDY",,EUR,11.06,0.00,11.06,0.00,"51,060.82"
18 Aug 2021,Spend Money,"Xero Subscription - CARD - ULearn. Monthly Subscription, Standard Price Plan, 
17 Jul 2021 to 16 Aug 2021",IN-2962076,EUR,25.63,0.00,25.63,0.00,"51,086.45"
20 Aug 2021,Spend Money,"Zopim - CARD - Chat Basic Subscription
08/20/2021-09/19/2021
Month ",INV07373752,EUR,11.98,0.00,11.98,0.00,"51,098.43"
23 Aug 2021,Spend Money,ADOBE - POS21AUG Adobe.com,,EUR,30.24,0.00,30.24,0.00,"51,128.67"
24 Aug 2021,Spend Money,Flickr - POS23AUG PAYPAL *FLIC,,EUR,6.24,0.00,6.24,0.00,"51,134.91"
26 Aug 2021,Spend Money,TradingView - P2508US 29.95@0.85308,,EUR,25.55,0.00,25.55,0.00,"51,160.46"
31 Aug 2021,Payable Invoice,"Fidelo - Fidelo School - Elite package 
# Period: 01.08.2021 until 31.08.2021",6907,EUR,254.61,0.00,254.61,0.00,"51,415.07"
31 Aug 2021,Payable Invoice,"FR KELLY - Domain name registration - U-LEARN.EU
",10232162,EUR,146.06,0.00,146.06,0.00,"51,561.13"
02 Sept 2021,Spend Money,"Google - CARD - Google Workspace
Summary for Aug 1, 2021 - Aug 31, 2021",3964275645,EUR,76.75,0.00,76.75,0.00,"51,637.88"
02 Sept 2021,Spend Money,SOFTWARE - P0109US 6.15@0.84878,,EUR,5.22,0.00,5.22,0.00,"51,643.10"
03 Sept 2021,Spend Money,SOFTWARE - P0209HK 18.99@0.84518,,EUR,16.05,0.00,16.05,0.00,"51,659.15"
06 Sept 2021,Spend Money,TradingView - P0409US 29.95@0.84273,,EUR,25.24,0.00,25.24,0.00,"51,684.39"
08 Sept 2021,Spend Money,SOFTWARE - P0709LU 9.36@1.16880,,EUR,10.94,0.00,10.94,0.00,"51,695.33"
08 Sept 2021,Spend Money,Skype - POS04SEP GO.SKYPE.COM,,EUR,8.00,0.00,8.00,0.00,"51,703.33"
08 Sept 2021,Spend Money,SOFTWARE - P0709MX134.00@0.04253,,EUR,5.70,0.00,5.70,0.00,"51,709.03"
13 Sept 2021,Spend Money,Zoho - POS11SEP ZOHO-PEOPLE,,EUR,23.37,0.00,23.37,0.00,"51,732.40"
14 Sept 2021,Spend Money,A2 Hosting - POS13SEP A2WEBHOST* I,,EUR,296.25,0.00,296.25,0.00,"52,028.65"
14 Sept 2021,Spend Money,ZOOM - DD - POS13SEP ZOOM.US 888-,,EUR,279.09,0.00,279.09,0.00,"52,307.74"
16 Sept 2021,Spend Money,TradingView - P1509GI 12.95@0.84787,,EUR,10.98,0.00,10.98,0.00,"52,318.72"
20 Sept 2021,Spend Money,"Xero Subscription - CARD - Monthly Subscription, Standard Price Plan

17 Aug 2021 to 16 Sep 2021.",IN-3026981,EUR,25.59,0.00,25.59,0.00,"52,344.31"
20 Sept 2021,Spend Money,"Zopim - CARD - Chat Basic Subscription
09/20/2021-10/19/2021
Month ",INV07490473,EUR,11.97,0.00,11.97,0.00,"52,356.28"
20 Sept 2021,Spend Money,"GoDaddy.com, LLC - CARD - POS17SEP DNH*GODADDY.",,EUR,52.43,0.00,52.43,0.00,"52,408.71"
20 Sept 2021,Spend Money,"GoDaddy.com, LLC - CARD - POS16SEP DNH*GO DADDY",,EUR,23.35,0.00,23.35,0.00,"52,432.06"
22 Sept 2021,Spend Money,ADOBE - POS21SEP Adobe.com,,EUR,30.24,0.00,30.24,0.00,"52,462.30"
22 Sept 2021,Spend Money,SOFTWARE - P2109GB 8.79@1.17406,,EUR,10.32,0.00,10.32,0.00,"52,472.62"
24 Sept 2021,Spend Money,Blacknight - POS23SEP BLACKNIGHT I,,EUR,61.44,0.00,61.44,0.00,"52,534.06"
24 Sept 2021,Spend Money,Flickr - POS23SEP PAYPAL *FLIC,,EUR,6.23,0.00,6.23,0.00,"52,540.29"
27 Sept 2021,Spend Money,Blacknight - POS25SEP BLACKNIGHT I,,EUR,30.74,0.00,30.74,0.00,"52,571.03"
27 Sept 2021,Spend Money,TradingView - P2509US 29.95@0.85475,,EUR,25.60,0.00,25.60,0.00,"52,596.63"
28 Sept 2021,Spend Money,Storage Worl - POS27SEP STORAGE WORL,,EUR,212.63,0.00,212.63,0.00,"52,809.26"
30 Sept 2021,Payable Invoice,"Fidelo - Fidelo School - Elite package 
# Period: 01.09.2021 until 30.09.2021
",7010,EUR,254.61,0.00,254.61,0.00,"53,063.87"
04 Oct 2021,Spend Money,SOFTWARE - P0110LU 6.80@1.16617,,EUR,7.93,0.00,7.93,0.00,"53,071.80"
04 Oct 2021,Spend Money,SOFTWARE - P0110US 6.15@0.86504,,EUR,5.32,0.00,5.32,0.00,"53,077.12"
05 Oct 2021,Spend Money,TradingView - P0410US 29.95@0.86310,,EUR,25.85,0.00,25.85,0.00,"53,102.97"
07 Oct 2021,Spend Money,"GoDaddy.com, LLC - CARD - POS06OCT DNH*GODADDY.",,EUR,13.78,0.00,13.78,0.00,"53,116.75"
08 Oct 2021,Spend Money,Skype - POS04OCT GO.SKYPE.COM,,EUR,8.00,0.00,8.00,0.00,"53,124.75"
12 Oct 2021,Spend Money,Zoho - POS11OCT ZOHO-PEOPLE,,EUR,23.37,0.00,23.37,0.00,"53,148.12"
14 Oct 2021,Spend Money,ZOOM - DD - POS13OCT ZOOM.US 888-,,EUR,279.09,0.00,279.09,0.00,"53,427.21"
14 Oct 2021,Spend Money,"GoDaddy.com, LLC - CARD - POS13OCT DNH*GODADDY.",,EUR,41.64,0.00,41.64,0.00,"53,468.85"
14 Oct 2021,Spend Money,"GoDaddy.com, LLC - CARD - POS12OCT DNH*GO DADDY",,EUR,22.31,0.00,22.31,0.00,"53,491.16"
17 Oct 2021,Spend Money,"Xero Subscription - CARD - ULearn. Monthly Subscription, Standard Price Plan, 17 Sep 2021 to 16 Oct 2021. ",IN-3090918,EUR,25.89,0.00,25.89,0.00,"53,517.05"
18 Oct 2021,Spend Money,"GoDaddy.com, LLC - CARD - POS16OCT DNH*GO DADDY",,EUR,11.06,0.00,11.06,0.00,"53,528.11"
18 Oct 2021,Spend Money,TradingView - P1510GI 12.95@0.86332,,EUR,11.18,0.00,11.18,0.00,"53,539.29"
19 Oct 2021,Spend Money,CARD - Google - POS18OCT GOOGLE *Goog,,EUR,9.99,0.00,9.99,0.00,"53,549.28"
20 Oct 2021,Spend Money,"Zopim - CARD - Chat Basic Subscription
10/20/2021-11/19/2021
Month",INV07609960,EUR,12.05,0.00,12.05,0.00,"53,561.33"
20 Oct 2021,Spend Money,PAYPAL EUROPE - POS18OCT PAYPAL *NOEL,,EUR,120.00,0.00,120.00,0.00,"53,681.33"
22 Oct 2021,Spend Money,ADOBE - POS21OCT Adobe.com,,EUR,30.24,0.00,30.24,0.00,"53,711.57"
26 Oct 2021,Spend Money,TradingView - P2510US 29.95@0.86277,,EUR,25.84,0.00,25.84,0.00,"53,737.41"
26 Oct 2021,Spend Money,PAYPAL EUROPE - POS23OCT PAYPAL *FLIC,,EUR,6.27,0.00,6.27,0.00,"53,743.68"
31 Oct 2021,Payable Invoice,"Fidelo - 3,00 users Fidelo School - Elite package 
Period: 01.10.2021 until 31.10.2021",7104,EUR,254.61,0.00,254.61,0.00,"53,998.29"
02 Nov 2021,Spend Money,"GoDaddy.com, LLC - CARD - POS31OCT DNH*GO DADDY",,EUR,24.77,0.00,24.77,0.00,"54,023.06"
02 Nov 2021,Spend Money,SOFTWARE - P0111US 6.15@0.86666,,EUR,5.33,0.00,5.33,0.00,"54,028.39"
03 Nov 2021,Spend Money,"Google - CARD - Google Workplace - Sum for Oct 1, 2021 - Oct 31, 2021",4006460444,EUR,76.75,0.00,76.75,0.00,"54,105.14"
05 Nov 2021,Spend Money,TradingView - P0411US 29.95@0.86744,,EUR,25.98,0.00,25.98,0.00,"54,131.12"
08 Nov 2021,Spend Money,Skype - POS04NOV GO.SKYPE.COM,,EUR,8.00,0.00,8.00,0.00,"54,139.12"
12 Nov 2021,Spend Money,Zoho - POS12NOV ZOHO-PEOPLE,,EUR,23.37,0.00,23.37,0.00,"54,162.49"
16 Nov 2021,Spend Money,TradingView - P1511GI 12.95@0.88108,,EUR,11.41,0.00,11.41,0.00,"54,173.90"
17 Nov 2021,Spend Money,"Xero Subscription - CARD - ULearn. Monthly Subscription, Standard Price Plan, 17 Oct 2021 to 15 Nov 2021.",IN-3154928,EUR,26.82,0.00,26.82,0.00,"54,200.72"
18 Nov 2021,Spend Money,"GoDaddy.com, LLC - CARD - POS16NOV DNH*GO DADDY",,EUR,11.06,0.00,11.06,0.00,"54,211.78"
19 Nov 2021,Spend Money,CARD - Google - POS17NOV GOOGLE*GOOGL,,EUR,9.99,0.00,9.99,0.00,"54,221.77"
22 Nov 2021,Spend Money,ADOBE - POS21NOV Adobe.com,,EUR,30.74,0.00,30.74,0.00,"54,252.51"
23 Nov 2021,Spend Money,Zopim - CARD - P2011IE 14.00@0.89071,,EUR,12.47,0.00,12.47,0.00,"54,264.98"
26 Nov 2021,Spend Money,TradingView - P2511US 29.95@0.89348,,EUR,26.76,0.00,26.76,0.00,"54,291.74"
30 Nov 2021,Payable Invoice,"Fidelo - 2,00 hours Online Form 
# Setup Online Form
# 17114
# Service period: October 2021",7112,EUR,270.60,0.00,270.60,0.00,"54,562.34"
30 Nov 2021,Payable Invoice,"Fidelo - Fidelo School - Elite package 
Period: 01.11.2021 until 30.11.2021",7206,EUR,254.61,0.00,254.61,0.00,"54,816.95"
02 Dec 2021,Spend Money,SOFTWARE,,EUR,5.47,0.00,5.47,0.00,"54,822.42"
03 Dec 2021,Spend Money,"CARD - Google - Google Workplace - Sum for
Nov 1, 2021 - Nov 30, 2021",4025492186,EUR,76.75,0.00,76.75,0.00,"54,899.17"
06 Dec 2021,Spend Money,TradingView - P0412US 29.95@0.88781,,EUR,26.59,0.00,26.59,0.00,"54,925.76"
08 Dec 2021,Spend Money,Skype - POS04DEC GO.SKYPE.COM,,EUR,8.00,0.00,8.00,0.00,"54,933.76"
13 Dec 2021,Spend Money,Zoho - POS12DEC ZOHO-PEOPLE,,EUR,23.37,0.00,23.37,0.00,"54,957.13"
16 Dec 2021,Spend Money,TradingView - P1512GI 12.95@0.89111,,EUR,11.54,0.00,11.54,0.00,"54,968.67"
17 Dec 2021,Spend Money,"Xero Subscription - CARD - ULearn. Monthly Subscription, Standard Price Plan, 17 Nov 2021 to 16 Dec 2021",IN-3219095,EUR,31.16,0.00,31.16,0.00,"54,999.83"
17 Dec 2021,Spend Money,A2 Hosting - POS17DEC A2WEBHOST* I,,EUR,296.25,0.00,296.25,0.00,"55,296.08"
20 Dec 2021,Spend Money,"GoDaddy.com, LLC - CARD - POS16DEC DNH*GO DADDY",,EUR,11.06,0.00,11.06,0.00,"55,307.14"
20 Dec 2021,Spend Money,CARD - Google - POS18DEC Google Payme,,EUR,9.99,0.00,9.99,0.00,"55,317.13"
22 Dec 2021,Spend Money,ADOBE - Adobe app,,EUR,30.74,0.00,30.74,0.00,"55,347.87"
22 Dec 2021,Spend Money,Zopim - CARD - P2012IE 14.00@0.88785,,EUR,12.43,0.00,12.43,0.00,"55,360.30"
30 Dec 2021,Spend Money,TradingView - P2512US 29.95@0.88580,,EUR,26.53,0.00,26.53,0.00,"55,386.83"
31 Dec 2021,Payable Invoice,"Fidelo - Fidelo School - Elite package 
Period: 01.12.2021 until 31.12.2021",7314,EUR,254.61,0.00,254.61,0.00,"55,641.44"
31 Dec 2021,Manual Journal,Year End Journal-2021 - Year End Journal-2021,#48784,EUR,0.00,654.09,0.00,654.09,"54,987.35"
03 Jan 2022,Spend Money,"Google - CARD - Google Workplace - Summary for Dec 1, 2021 - Dec 31, 2021",4043033965,EUR,76.75,0.00,76.75,0.00,"55,064.10"
04 Jan 2022,Spend Money,SOFTWARE - P0101US 6.15@0.88455,,EUR,5.44,0.00,5.44,0.00,"55,069.54"
05 Jan 2022,Spend Money,TradingView - P0401US 29.95@0.88714,,EUR,26.57,0.00,26.57,0.00,"55,096.11"
10 Jan 2022,Spend Money,Skype - POS04JAN GO.SKYPE.COM,,EUR,8.00,0.00,8.00,0.00,"55,104.11"
12 Jan 2022,Spend Money,Zoho - POS12JAN ZOHO-PEOPLE,,EUR,23.37,0.00,23.37,0.00,"55,127.48"
14 Jan 2022,Spend Money,"GoDaddy.com, LLC - CARD - POS13JAN DNH*GODADDY.",,EUR,110.55,0.00,110.55,0.00,"55,238.03"
17 Jan 2022,Spend Money,"GoDaddy.com, LLC - CARD - POS16JAN DNH*GODADDY.",,EUR,11.06,0.00,11.06,0.00,"55,249.09"
17 Jan 2022,Spend Money,TradingView - P1501GI 12.95@0.87722,,EUR,11.36,0.00,11.36,0.00,"55,260.45"
17 Jan 2022,Spend Money,"Xero Subscription - CARD - ULearn. Monthly Subscription, Standard Price Plan, 17 Dec 2021 to 16 Jan 2022.",IN-3283646,EUR,30.73,0.00,30.73,0.00,"55,291.18"
21 Jan 2022,Spend Money,"Zopim - CARD - Chat Basic Subscription
01/20/2022-02/19/2022
Month ",,EUR,12.39,0.00,12.39,0.00,"55,303.57"
24 Jan 2022,Spend Money,ADOBE - POS21JAN Adobe.com,,EUR,30.74,0.00,30.74,0.00,"55,334.31"
26 Jan 2022,Spend Money,TradingView - P2501US 29.95@0.88814,,EUR,26.60,0.00,26.60,0.00,"55,360.91"
31 Jan 2022,Payable Invoice,"Fidelo - 3,00 users Fidelo School - Elite package 
# Period: 01.01.2022 until 31.01.2022",7423,EUR,254.61,0.00,254.61,0.00,"55,615.52"
03 Feb 2022,Spend Money,"Google - CARD - Summary for Jan 1, 2022 - Jan 31, 2022",4066995859,EUR,76.75,0.00,76.75,0.00,"55,692.27"
04 Feb 2022,Spend Money,ZOOM - DD - POS03FEB ZOOM.US 888-,,EUR,51.62,0.00,51.62,0.00,"55,743.89"
07 Feb 2022,Spend Money,TradingView - P0402US 29.95@0.87646,,EUR,26.25,0.00,26.25,0.00,"55,770.14"
08 Feb 2022,Spend Money,Skype - POS04FEB GO.SKYPE.COM,,EUR,8.00,0.00,8.00,0.00,"55,778.14"
11 Feb 2022,Spend Money,Lucid Software - POS10FEB LUCIDCHART.C,,EUR,102.58,0.00,102.58,0.00,"55,880.72"
14 Feb 2022,Spend Money,Zoho - POS12FEB ZOHO-PEOPLE,,EUR,26.88,0.00,26.88,0.00,"55,907.60"
16 Feb 2022,Spend Money,TradingView - P1502GI 12.95@0.88571,,EUR,11.47,0.00,11.47,0.00,"55,919.07"
17 Feb 2022,Spend Money,"GoDaddy.com, LLC - CARD - POS16FEB DNH*GODADDY.",,EUR,11.06,0.00,11.06,0.00,"55,930.13"
18 Feb 2022,Spend Money,"Xero Subscription - CARD - ULearn. Monthly Subscription, Standard Price Plan, 17 Jan 2022 to 16 Feb 2022. ",IN-3348963,EUR,30.92,0.00,30.92,0.00,"55,961.05"
21 Feb 2022,Spend Money,"Zopim - CARD - Chat Basic Subscription
02/20/2022-03/19/2022
Month ",INV08125837,EUR,12.38,0.00,12.38,0.00,"55,973.43"
21 Feb 2022,Spend Money,CARD - Google - POS18FEB Google Payme,,EUR,9.99,0.00,9.99,0.00,"55,983.42"
22 Feb 2022,Spend Money,ADOBE - POS21FEB Adobe.com,,EUR,30.74,0.00,30.74,0.00,"56,014.16"
24 Feb 2022,Spend Money,PAYPAL EUROPE - POS23FEB PAYPAL *FLIC,,EUR,7.61,0.00,7.61,0.00,"56,021.77"
28 Feb 2022,Spend Money,"GoDaddy.com, LLC - CARD - POS27FEB DNH*GODADDY.",,EUR,43.98,0.00,43.98,0.00,"56,065.75"
28 Feb 2022,Spend Money,"GoDaddy.com, LLC - CARD - POS26FEB DNH*GO DADDY",,EUR,33.09,0.00,33.09,0.00,"56,098.84"
28 Feb 2022,Spend Money,"GoDaddy.com, LLC - CARD - POS24FEB DNH*GO DADDY",,EUR,247.72,0.00,247.72,0.00,"56,346.56"
28 Feb 2022,Spend Money,TradingView - P2502US 29.95@0.89582,,EUR,26.83,0.00,26.83,0.00,"56,373.39"
01 Mar 2022,Payable Invoice,"Fidelo - Fidelo School - Elite package
Period: 01.02.2022 until 28.02.2022",,EUR,254.61,0.00,254.61,0.00,"56,628.00"
02 Mar 2022,Spend Money,SOFTWARE - P0103US 6.15@0.89918,,EUR,5.53,0.00,5.53,0.00,"56,633.53"
03 Mar 2022,Spend Money,"Google - CARD - Summary for Feb 1, 2022 - Feb 28, 2022",4078337430,EUR,76.75,0.00,76.75,0.00,"56,710.28"
07 Mar 2022,Spend Money,TradingView - P0403US 29.95@0.91886,,EUR,27.52,0.00,27.52,0.00,"56,737.80"
07 Mar 2022,Spend Money,ZOOM - DD - POS04MAR ZOOM.US 888-,,EUR,51.62,0.00,51.62,0.00,"56,789.42"
08 Mar 2022,Spend Money,Skype - POS04MAR GO.SKYPE.COM,,EUR,8.00,0.00,8.00,0.00,"56,797.42"
14 Mar 2022,Spend Money,Zoho - POS12MAR ZOHO-PEOPLE,,EUR,26.88,0.00,26.88,0.00,"56,824.30"
16 Mar 2022,Spend Money,TradingView - P1503GI 12.95@0.91505,,EUR,11.85,0.00,11.85,0.00,"56,836.15"
21 Mar 2022,Spend Money,"Zopim - CARD - Chat Basic Subscription
03/20/2022-04/19/2022
Month ",INV08251772,EUR,12.73,0.00,12.73,0.00,"56,848.88"
21 Mar 2022,Spend Money,"GoDaddy.com, LLC - CARD - POS16MAR DNH*GODADDY.",,EUR,11.06,0.00,11.06,0.00,"56,859.94"
21 Mar 2022,Spend Money,"Xero Subscription - CARD - ULearn. Monthly Subscription, Standard Price Plan, 17 Feb 2022 to 16 Mar 2022.",IN-3414886,EUR,31.80,0.00,31.80,0.00,"56,891.74"
21 Mar 2022,Spend Money,CARD - Google - POS18MAR Google Payme,,EUR,9.99,0.00,9.99,0.00,"56,901.73"
22 Mar 2022,Spend Money,ADOBE - POS21MAR ADOBE CREATI,,EUR,30.74,0.00,30.74,0.00,"56,932.47"
23 Mar 2022,Spend Money,LastPass - POS22MAR GoTo LastPas,,EUR,42.80,0.00,42.80,0.00,"56,975.27"
24 Mar 2022,Spend Money,Flickr - POS23MAR PAYPAL *FLIC,,EUR,7.84,0.00,7.84,0.00,"56,983.11"
25 Mar 2022,Spend Money,A2 Hosting - POS25MAR A2WEBHOST* I,,EUR,296.25,0.00,296.25,0.00,"57,279.36"
28 Mar 2022,Spend Money,TradingView - P2503US 29.95@0.91085,,EUR,27.28,0.00,27.28,0.00,"57,306.64"
31 Mar 2022,Payable Invoice,"Fidelo - 3,00 users Fidelo School - Elite package 
# Period: 01.03.2022 until 31.03.2022
",7651,EUR,254.61,0.00,254.61,0.00,"57,561.25"
04 Apr 2022,Spend Money,SOFTWARE - P0304LU 19.80@0.90707,,EUR,17.96,0.00,17.96,0.00,"57,579.21"
04 Apr 2022,Spend Money,ZOOM - DD - POS04MAR ZOOM.US 888-,,EUR,51.62,0.00,51.62,0.00,"57,630.83"
05 Apr 2022,Spend Money,TradingView - P0404US 29.95@0.85141,,EUR,27.33,0.00,27.33,0.00,"57,658.16"
12 Apr 2022,Spend Money,Zoho - POS11APR ZOHO-PEOPLE,,EUR,26.88,0.00,26.88,0.00,"57,685.04"
17 Apr 2022,Spend Money,"Xero Subscription - CARD - ULearn. Monthly Subscription, Standard Price Plan, 17 Mar 2022 to 16 Apr 2022. ",IN-3481632,EUR,32.43,0.00,32.43,0.00,"57,717.47"
19 Apr 2022,Spend Money,TradingView - P1504GI 12.95@0.83629,,EUR,12.00,0.00,12.00,0.00,"57,729.47"
19 Apr 2022,Spend Money,CARD - Google - POS17APR GOOGLE*GOOGL,,EUR,9.99,0.00,9.99,0.00,"57,739.46"
19 Apr 2022,Spend Money,"GoDaddy.com, LLC - CARD - POS16APR DNH*GODADDY.",,EUR,51.64,0.00,51.64,0.00,"57,791.10"
19 Apr 2022,Spend Money,"GoDaddy.com, LLC - CARD - POS24FEB DNH*GO DADDY",,EUR,12.29,0.00,12.29,0.00,"57,803.39"
20 Apr 2022,Spend Money,"Zopim - CARD - Chat Basic Subscription
04/20/2022-05/19/2022
Month",INV08410754,EUR,12.98,0.00,12.98,0.00,"57,816.37"
22 Apr 2022,Spend Money,ADOBE - POS21MAR ADOBE CREATI,,EUR,30.74,0.00,30.74,0.00,"57,847.11"
25 Apr 2022,Spend Money,"GoDaddy.com, LLC - CARD - POS24FEB DNH*GO DADDY",,EUR,12.29,0.00,12.29,0.00,"57,859.40"
30 Apr 2022,Payable Invoice,"Fidelo - Fidelo School - Elite package 
# Period: 01.04.2022 until 30.04.2022",7772,EUR,254.61,0.00,254.61,0.00,"58,114.01"
05 May 2022,Spend Money,"CARD - Google - Summary for Apr 1, 2022 - Apr 30, 2022",4117098689,EUR,76.75,0.00,76.75,0.00,"58,190.76"
05 May 2022,Spend Money,ZOOM - DD - POS04MAR ZOOM.US 888-,,EUR,51.62,0.00,51.62,0.00,"58,242.38"
05 May 2022,Spend Money,TradingView - P0405US 29.95@0.83338,,EUR,28.51,0.00,28.51,0.00,"58,270.89"
06 May 2022,Spend Money,"GoDaddy.com, LLC - CARD - 06MAY DNH*GO DADDY E",,EUR,5.82,0.00,5.82,0.00,"58,276.71"
06 May 2022,Spend Money,"GoDaddy.com, LLC - CARD - 05MAY DNH*GO DADDY E",,EUR,12.84,0.00,12.84,0.00,"58,289.55"
09 May 2022,Spend Money,"GoDaddy.com, LLC - CARD - POS05MAY DNH*GO DADDY",,EUR,12.84,0.00,12.84,0.00,"58,302.39"
09 May 2022,Spend Money,"GoDaddy.com, LLC - CARD - POS24FEB DNH*GO DADDY",,EUR,5.82,0.00,5.82,0.00,"58,308.21"
11 May 2022,Spend Money,"GoDaddy.com, LLC - CARD - POS09MAY DNH*GO DADDY",,EUR,25.68,0.00,25.68,0.00,"58,333.89"
11 May 2022,Receive Money,LastPass - POS10MAY GoToCom*Last,,EUR,0.00,37.28,0.00,37.28,"58,296.61"
12 May 2022,Spend Money,Zoho - POS11MAY ZOHO-PEOPLE,,EUR,26.88,0.00,26.88,0.00,"58,323.49"
16 May 2022,Spend Money,TradingView - P1505GI 12.95@0.82857,,EUR,12.51,0.00,12.51,0.00,"58,336.00"
17 May 2022,Spend Money,"Xero Subscription - CARD - ULearn. Monthly Subscription, Standard Price Plan, 17 Apr 2022 to 16 May 2022.",IN-3548990,EUR,33.57,0.00,33.57,0.00,"58,369.57"
18 May 2022,Spend Money,"GoDaddy.com, LLC - CARD - POS09MAY DNH*GO DADDY",,EUR,12.29,0.00,12.29,0.00,"58,381.86"
19 May 2022,Spend Money,CARD - Google - POS18MAR Google Payme,,EUR,9.99,0.00,9.99,0.00,"58,391.85"
20 May 2022,Spend Money,"Zopim - CARD - Chat Basic Subscription
05/20/2022-06/19/2022
Month ",INV08531217,EUR,13.29,0.00,13.29,0.00,"58,405.14"
23 May 2022,Spend Money,ADOBE - POS21MAR ADOBE CREATI,,EUR,30.74,0.00,30.74,0.00,"58,435.88"
26 May 2022,Spend Money,TradingView - P2505US 29.95@0.82170,,EUR,28.15,0.00,28.15,0.00,"58,464.03"
31 May 2022,Payable Invoice,"Fidelo - Fidelo School - Elite package
# Period: 01.05.2022 until 31.05.2022",7885,EUR,254.61,0.00,254.61,0.00,"58,718.64"
02 Jun 2022,Spend Money,SOFTWARE - P0106US 6.15@0.82439,,EUR,5.80,0.00,5.80,0.00,"58,724.44"
03 Jun 2022,Spend Money,SOFTWARE - P2505US 29.95@0.82170,,EUR,18.60,0.00,18.60,0.00,"58,743.04"
03 Jun 2022,Spend Money,Zoho - POS03JUN ZOHO-ZOHO CO,,EUR,36.90,0.00,36.90,0.00,"58,779.94"
07 Jun 2022,Spend Money,ZOOM - DD - POS04MAR ZOOM.US 888-,,EUR,51.60,0.00,51.60,0.00,"58,831.54"
07 Jun 2022,Spend Money,LETSHOST - POS16JUN LETSHOST.IE,,EUR,40.60,0.00,40.60,0.00,"58,872.14"
07 Jun 2022,Spend Money,TradingView - P0406US 29.95@0.82537,,EUR,28.00,0.00,28.00,0.00,"58,900.14"
10 Jun 2022,Spend Money,LETSHOST - POS16JUN LETSHOST.IE,,EUR,40.60,0.00,40.60,0.00,"58,940.74"
10 Jun 2022,Spend Money,SOFTWARE - P0906US 10.04@0.94223,,EUR,9.50,0.00,9.50,0.00,"58,950.24"
13 Jun 2022,Spend Money,SOFTWARE - P0709MX134.00@0.04253,,EUR,114.60,0.00,114.60,0.00,"59,064.84"
13 Jun 2022,Spend Money,Zoho - POS11JUN ZOHO-PEOPLE,,EUR,26.90,0.00,26.90,0.00,"59,091.74"
16 Jun 2022,Spend Money,TradingView - P1506GI 12.95@0.96525,,EUR,12.50,0.00,12.50,0.00,"59,104.24"
17 Jun 2022,Spend Money,"GoDaddy.com, LLC - CARD - POS15JUN DNH*GO DADDY",,EUR,12.30,0.00,12.30,0.00,"59,116.54"
20 Jun 2022,Spend Money,"Zopim - CARD - Chat Basic Subscription
06/20/2022-07/19/2022
Month",INV08645879,EUR,13.37,0.00,13.37,0.00,"59,129.91"
20 Jun 2022,Spend Money,"GoDaddy.com, LLC - CARD - POS16JUN DNH*GO DADDY",,EUR,12.29,0.00,12.29,0.00,"59,142.20"
21 Jun 2022,Spend Money,Hubspot - POS21JUN A2WEBHOST* I,,EUR,296.25,0.00,296.25,0.00,"59,438.45"
22 Jun 2022,Spend Money,"Xero Subscription - CARD - ULearn. Monthly Subscription, Standard Price Plan, 17 May 2022 to 16 Jun 2022",IN-3617090,EUR,33.52,0.00,33.52,0.00,"59,471.97"
22 Jun 2022,Spend Money,ADOBE - POS21MAR ADOBE CREATI,,EUR,30.70,0.00,30.70,0.00,"59,502.67"
24 Jun 2022,Spend Money,Flickr - POS23JUN FLICKR PRO M,,EUR,7.49,0.00,7.49,0.00,"59,510.16"
27 Jun 2022,Spend Money,TradingView - P2506US 29.95@0.83873,,EUR,28.50,0.00,28.50,0.00,"59,538.66"
28 Jun 2022,Spend Money,Wistia Software company - 50 Video Plan: Annual + 20% discounts,1998218,EUR,451.13,0.00,451.13,0.00,"59,989.79"
30 Jun 2022,Payable Invoice,FRKelly - Services ,10249301,EUR,146.06,0.00,146.06,0.00,"60,135.85"
01 Jul 2022,Payable Invoice,"Fidelo - Fidelo School - Elite package
# Period: 01.06.2022 until 30.06.2022",7994,EUR,254.61,0.00,254.61,0.00,"60,390.46"
04 Jul 2022,Spend Money,ZOOM - DD - POS04MAR ZOOM.US 888-,,EUR,51.62,0.00,51.62,0.00,"60,442.08"
04 Jul 2022,Spend Money,Zoho - HRM Software,,EUR,36.90,0.00,36.90,0.00,"60,478.98"
04 Jul 2022,Spend Money,SOFTWARE - P0107US 3.71@0.96226,,EUR,3.57,0.00,3.57,0.00,"60,482.55"
04 Jul 2022,Spend Money,SOFTWARE - P0307LU 19.29@0.96474,,EUR,18.61,0.00,18.61,0.00,"60,501.16"
05 Jul 2022,Spend Money,TradingView - P2503US 29.95@0.91085,,EUR,28.77,0.00,28.77,0.00,"60,529.93"
07 Jul 2022,Spend Money,"GoDaddy.com, LLC - CARD - POS16APR DNH*GODADDY.",,EUR,15.98,0.00,15.98,0.00,"60,545.91"
11 Jul 2022,Spend Money,TradingView - P2505US 29.95@0.82170,,EUR,29.78,0.00,29.78,0.00,"60,575.69"
12 Jul 2022,Spend Money,Zoho - POS11JUN ZOHO-PEOPLE,,EUR,26.88,0.00,26.88,0.00,"60,602.57"
13 Jul 2022,Spend Money,"GoDaddy.com, LLC - CARD - POS16JUN DNH*GO DADDY",,EUR,49.19,0.00,49.19,0.00,"60,651.76"
13 Jul 2022,Spend Money,"GoDaddy.com, LLC - CARD - POS16APR DNH*GODADDY.",,EUR,72.90,0.00,72.90,0.00,"60,724.66"
18 Jul 2022,Spend Money,TradingView - P1506GI 12.95@0.96525,,EUR,12.94,0.00,12.94,0.00,"60,737.60"
18 Jul 2022,Spend Money,"GoDaddy.com, LLC - CARD - POS16JUN DNH*GO DADDY",,EUR,37.06,0.00,37.06,0.00,"60,774.66"
19 Jul 2022,Spend Money,"Xero Subscription - CARD - ULearn. Monthly Subscription, Standard Price Plan, 17 Jun 2022 to 16 Jul 2022.",IN-3685739,EUR,34.98,0.00,34.98,0.00,"60,809.64"
19 Jul 2022,Spend Money,"GoDaddy.com, LLC - CARD - POS16JUN DNH*GO DADDY",,EUR,12.29,0.00,12.29,0.00,"60,821.93"
20 Jul 2022,Spend Money,"Zopim - CARD - Chat Basic Subscription
07/20/2022-08/19/2022
Month",INV08760795,EUR,13.79,0.00,13.79,0.00,"60,835.72"
22 Jul 2022,Spend Money,ADOBE - Adobe Creative Suite,,EUR,30.74,0.00,30.74,0.00,"60,866.46"
22 Jul 2022,Spend Money,"GoDaddy.com, LLC - CARD - Domain host",,EUR,36.22,0.00,36.22,0.00,"60,902.68"
25 Jul 2022,Spend Money,Flickr - POS23JUN FLICKR PRO M,,EUR,7.49,0.00,7.49,0.00,"60,910.17"
26 Jul 2022,Spend Money,TradingView - P2503US 29.95@0.91085,,EUR,29.43,0.00,29.43,0.00,"60,939.60"
02 Aug 2022,Spend Money,"GoDaddy.com, LLC - CARD - Domain & Webhost",,EUR,147.45,0.00,147.45,0.00,"61,087.05"
03 Aug 2022,Spend Money,Zoho - HRM Software,,EUR,36.90,0.00,36.90,0.00,"61,123.95"
03 Aug 2022,Spend Money,SOFTWARE - POS02AUG PAYPAL *DIGI,,EUR,20.37,0.00,20.37,0.00,"61,144.32"
03 Aug 2022,Spend Money,SOFTWARE - P0308LU 19.80@0.98383,,EUR,19.48,0.00,19.48,0.00,"61,163.80"
04 Aug 2022,Spend Money,ZOOM - DD - Zoom Meetings,,EUR,51.62,0.00,51.62,0.00,"61,215.42"
05 Aug 2022,Spend Money,TradingView - P2503US 29.95@0.91085,,EUR,29.50,0.00,29.50,0.00,"61,244.92"
08 Aug 2022,Payable Invoice,"Fidelo - Fidelo School - Elite package 
# Period: 01.07.2022 until 31.07.2022",8107,EUR,254.61,0.00,254.61,0.00,"61,499.53"
10 Aug 2022,Spend Money,TradingView - P2503US 29.95@0.91085,,EUR,29.44,0.00,29.44,0.00,"61,528.97"
10 Aug 2022,Spend Money,Hubspot - P0908US328.95@0.98455,,EUR,323.87,0.00,323.87,0.00,"61,852.84"
11 Aug 2022,Spend Money,"GoDaddy.com, LLC - CARD - Domain & Webhost",,EUR,69.57,0.00,69.57,0.00,"61,922.41"
12 Aug 2022,Spend Money,Zoho - Recuitment HRM Software,,EUR,26.88,0.00,26.88,0.00,"61,949.29"
15 Aug 2022,Spend Money,"GoDaddy.com, LLC - CARD - Domain host",,EUR,24.77,0.00,24.77,0.00,"61,974.06"
15 Aug 2022,Spend Money,"GoDaddy.com, LLC - CARD - Domain host",,EUR,24.77,0.00,24.77,0.00,"61,998.83"
15 Aug 2022,Spend Money,Audible - CARD - P1208GB  8.80@1.18750,,EUR,10.45,0.00,10.45,0.00,"62,009.28"
16 Aug 2022,Spend Money,Software Trial,,EUR,1.00,0.00,1.00,0.00,"62,010.28"
16 Aug 2022,Spend Money,Audible - CARD - P1508GI 12.95@0.98455,,EUR,12.75,0.00,12.75,0.00,"62,023.03"
17 Aug 2022,Spend Money,"Xero Subscription - CARD - ULearn. Monthly Subscription, Standard Price Plan, 17 Jul 2022 to 16 Aug 2022.",IN-3755533,EUR,34.50,0.00,34.50,0.00,"62,057.53"
18 Aug 2022,Spend Money,"GoDaddy.com, LLC - CARD - Domain & Webhost",,EUR,12.29,0.00,12.29,0.00,"62,069.82"
20 Aug 2022,Spend Money,"Zopim - CARD - Chat Basic Subscription
08/20/2022-09/19/2022
Month",INV08887431,EUR,13.96,0.00,13.96,0.00,"62,083.78"
22 Aug 2022,Spend Money,ADOBE - Adobe Creative Suite,,EUR,30.74,0.00,30.74,0.00,"62,114.52"
24 Aug 2022,Spend Money,Flickr - POS23JUN FLICKR PRO M,,EUR,7.49,0.00,7.49,0.00,"62,122.01"
26 Aug 2022,Spend Money,TradingView - Software,,EUR,30.11,0.00,30.11,0.00,"62,152.12"
31 Aug 2022,Payable Invoice,"Fidelo - Fidelo School - Elite package 
# Period: 01.08.2022 until 31.08.2022",8223,EUR,254.61,0.00,254.61,0.00,"62,406.73"
02 Sept 2022,Spend Money,"Google - CARD - Summary for Aug 1, 2022 - Aug 31, 2022",4446792320,EUR,103.49,0.00,103.49,0.00,"62,510.22"
05 Sept 2022,Spend Money,ZOOM - DD - POS04MAR ZOOM.US 888-,,EUR,51.62,0.00,51.62,0.00,"62,561.84"
05 Sept 2022,Spend Money,Zoho - HRM Software,,EUR,36.90,0.00,36.90,0.00,"62,598.74"
05 Sept 2022,Spend Money,TradingView - P2503US 29.95@0.91085,,EUR,30.13,0.00,30.13,0.00,"62,628.87"
05 Sept 2022,Spend Money,SOFTWARE - P2505US 29.95@0.82170,,EUR,19.92,0.00,19.92,0.00,"62,648.79"
05 Sept 2022,Spend Money,SOFTWARE - POS02SEP PAYPAL *DIGI,,EUR,20.97,0.00,20.97,0.00,"62,669.76"
05 Sept 2022,Spend Money,SOFTWARE - P0209HK 18.99@1.00579,,EUR,19.10,0.00,19.10,0.00,"62,688.86"
12 Sept 2022,Spend Money,Zoho - Recuitment HRM Software,,EUR,26.88,0.00,26.88,0.00,"62,715.74"
12 Sept 2022,Spend Money,TradingView - P2503US 29.95@0.91085,,EUR,30.02,0.00,30.02,0.00,"62,745.76"
12 Sept 2022,Spend Money,Hubspot - P0909US328.95@1.00714,,EUR,331.30,0.00,331.30,0.00,"63,077.06"
14 Sept 2022,Spend Money,Rentola - POS13SEP PAYPAL *RENT,Access to private Daft type site,EUR,39.00,0.00,39.00,0.00,"63,116.06"
16 Sept 2022,Spend Money,A2 Hosting - A2 Webhost,,EUR,296.25,0.00,296.25,0.00,"63,412.31"
16 Sept 2022,Spend Money,SOFTWARE - P1509GI 12.95@1.00463,,EUR,13.01,0.00,13.01,0.00,"63,425.32"
17 Sept 2022,Spend Money,"Xero Subscription - CARD - ULearn. Monthly Subscription, Standard Price Plan, 17 Aug 2022 to 16 Sep 2022",IN-3826638,EUR,35.20,0.00,35.20,0.00,"63,460.52"
19 Sept 2022,Spend Money,"GoDaddy.com, LLC - CARD - Domain & Webhost",,EUR,61.59,0.00,61.59,0.00,"63,522.11"
19 Sept 2022,Spend Money,"GoDaddy.com, LLC - CARD - Domain & Webhost",,EUR,24.58,0.00,24.58,0.00,"63,546.69"
20 Sept 2022,Spend Money,"Zopim - CARD - Chat Basic Subscription
09/20/2022-10/19/2022
Month",INV08999708,EUR,14.07,0.00,14.07,0.00,"63,560.76"
22 Sept 2022,Spend Money,ADOBE - Adobe Creative Suite,,EUR,30.74,0.00,30.74,0.00,"63,591.50"
23 Sept 2022,Spend Money,SOFTWARE - P2209BG 90.00@1.01911,Tax software,EUR,91.72,0.00,91.72,0.00,"63,683.22"
23 Sept 2022,Spend Money,SOFTWARE - P2209BG 99.00@1.01919,Tax software,EUR,100.90,0.00,100.90,0.00,"63,784.12"
26 Sept 2022,Spend Money,Flickr - POS23JUN FLICKR PRO M,,EUR,7.49,0.00,7.49,0.00,"63,791.61"
26 Sept 2022,Spend Money,Blacknight - Webhost Domains,,EUR,61.44,0.00,61.44,0.00,"63,853.05"
26 Sept 2022,Spend Money,Blacknight - Webhost Domains,,EUR,30.74,0.00,30.74,0.00,"63,883.79"
26 Sept 2022,Spend Money,Hubspot - POS21JUN A2WEBHOST* I,,EUR,81.77,0.00,81.77,0.00,"63,965.56"
26 Sept 2022,Spend Money,TradingView - P2503US 29.95@0.91085,,EUR,10.34,0.00,10.34,0.00,"63,975.90"
26 Sept 2022,Spend Money,TradingView - P0406US 29.95@0.82537,,EUR,30.99,0.00,30.99,0.00,"64,006.89"
30 Sept 2022,Payable Invoice,"Fidelo - 3,00 users Fidelo School - Elite package 
# Period: 01.09.2022 until 30.09.2022",8333,EUR,254.61,0.00,254.61,0.00,"64,261.50"
03 Oct 2022,Spend Money,Zoho - HRM Software,,EUR,36.90,0.00,36.90,0.00,"64,298.40"
03 Oct 2022,Spend Money,TradingView - P2503US 29.95@0.91085,,EUR,19.82,0.00,19.82,0.00,"64,318.22"
03 Oct 2022,Spend Money,SOFTWARE - POS02OCT PAYPAL *DIGI,,EUR,21.35,0.00,21.35,0.00,"64,339.57"
05 Oct 2022,Spend Money,ZOOM - DD - Zoom Meetings,,EUR,51.62,0.00,51.62,0.00,"64,391.19"
05 Oct 2022,Spend Money,SOFTWARE - P2505US 29.95@0.82170,,EUR,37.58,0.00,37.58,0.00,"64,428.77"
10 Oct 2022,Spend Money,"GoDaddy.com, LLC - CARD - POS16JUN DNH*GO DADDY",,EUR,15.98,0.00,15.98,0.00,"64,444.75"
10 Oct 2022,Spend Money,Xero Subscription - CARD - Xero,,EUR,30.85,0.00,30.85,0.00,"64,475.60"
10 Oct 2022,Spend Money,Hubspot - P0910US328.95@1.02881,,EUR,338.43,0.00,338.43,0.00,"64,814.03"
12 Oct 2022,Spend Money,Zoho - Recuitment HRM Software,,EUR,26.88,0.00,26.88,0.00,"64,840.91"
12 Oct 2022,Spend Money,Rentola - POS11OCT PAYPAL *RENT,Access to private Daft type site,EUR,39.00,0.00,39.00,0.00,"64,879.91"
13 Oct 2022,Spend Money,MEssageBird - MessageBird software services,2022.90150,EUR,18.45,0.00,18.45,0.00,"64,898.36"
13 Oct 2022,Spend Money,"GoDaddy.com, LLC - CARD - Webhosting Domains",,EUR,27.23,0.00,27.23,0.00,"64,925.59"
17 Oct 2022,Spend Money,"GoDaddy.com, LLC - CARD - POS16APR DNH*GODADDY.",,EUR,12.29,0.00,12.29,0.00,"64,937.88"
17 Oct 2022,Spend Money,"GoDaddy.com, LLC - CARD - POS16JUN DNH*GO DADDY",,EUR,74.38,0.00,74.38,0.00,"65,012.26"
17 Oct 2022,Spend Money,TradingView - P1510GI 12.95@1.03011,,EUR,13.34,0.00,13.34,0.00,"65,025.60"
19 Oct 2022,Spend Money,"Xero Subscription - CARD - ULearn. Monthly Subscription, Standard Price Plan, 17 Sep 2022 to 16 Oct 2022",IN-3896782,EUR,36.02,0.00,36.02,0.00,"65,061.62"
19 Oct 2022,Spend Money,Hubspot - P1810IE265.68@1.01927,,EUR,270.80,0.00,270.80,0.00,"65,332.42"
21 Oct 2022,Spend Money,ADOBE - Design Software Photoshop etc,,EUR,36.89,0.00,36.89,0.00,"65,369.31"
24 Oct 2022,Spend Money,Flickr - POS23JUN FLICKR PRO M,,EUR,7.49,0.00,7.49,0.00,"65,376.80"
24 Oct 2022,Spend Money,ADOBE - POS21MAR ADOBE CREATI,,EUR,30.74,0.00,30.74,0.00,"65,407.54"
26 Oct 2022,Spend Money,Hubspot - Sales Hub Professional (5 Users Included),2350418,EUR,565.80,0.00,565.80,0.00,"65,973.34"
26 Oct 2022,Spend Money,MEssageBird - Eurobalance - messagebird,2022.92767,EUR,18.45,0.00,18.45,0.00,"65,991.79"
28 Oct 2022,Spend Money,Ulgebraz Technologies Pvt.Ltd - MessageBird for HubSpotOct,,EUR,5.00,0.00,5.00,0.00,"65,996.79"
31 Oct 2022,Payable Invoice,"Fidelo - Fidelo School - Elite package 
# Period: 01.10.2022 until 31.10.2022",8448,EUR,254.61,0.00,254.61,0.00,"66,251.40"
02 Nov 2022,Spend Money,"Google - CARD - Google Workspace 
Summary for Oct 1, 2022 - Oct 31, 2022",4593036679,EUR,107.45,0.00,107.45,0.00,"66,358.85"
02 Nov 2022,Spend Money,Express VPN - VPN (in-house reviews),,EUR,13.67,0.00,13.67,0.00,"66,372.52"
02 Nov 2022,Spend Money,"GoDaddy.com, LLC - CARD - POS16JUN DNH*GO DADDY",,EUR,24.82,0.00,24.82,0.00,"66,397.34"
03 Nov 2022,Spend Money,Zoho - HRM Software,,EUR,36.90,0.00,36.90,0.00,"66,434.24"
03 Nov 2022,Spend Money,SOFTWARE - POS02NOV PAYPAL *DIGI,,EUR,21.09,0.00,21.09,0.00,"66,455.33"
04 Nov 2022,Spend Money,ZOOM - DD - Zoom Meetings,,EUR,51.62,0.00,51.62,0.00,"66,506.95"
08 Nov 2022,Spend Money,Koinly - Financial Calculation Software,,EUR,169.00,0.00,169.00,0.00,"66,675.95"
09 Nov 2022,Spend Money,Hubspot - P0811DE203.88@1.00289,,EUR,204.47,0.00,204.47,0.00,"66,880.42"
10 Nov 2022,Spend Money,Hubspot - P0911US328.95@1.00291,,EUR,329.91,0.00,329.91,0.00,"67,210.33"
10 Nov 2022,Spend Money,TradingView - P0911US 29.99@1.00100,,EUR,30.02,0.00,30.02,0.00,"67,240.35"
14 Nov 2022,Spend Money,Zoho - Recuitment HRM Software,,EUR,26.88,0.00,26.88,0.00,"67,267.23"
16 Nov 2022,Spend Money,TradingView - P1511GI 12.95@0.97297,,EUR,12.60,0.00,12.60,0.00,"67,279.83"
17 Nov 2022,Spend Money,"Xero Subscription - CARD - ULearn. Monthly Subscription, Standard Price Plan, 17 Oct 2022 to 16 Nov 2022. ",IN-3963308,EUR,34.37,0.00,34.37,0.00,"67,314.20"
17 Nov 2022,Spend Money,Parolla - Accounting (SEPA Bulk File Creator),,EUR,20.00,0.00,20.00,0.00,"67,334.20"
17 Nov 2022,Spend Money,"GoDaddy.com, LLC - CARD - Domain host",,EUR,12.29,0.00,12.29,0.00,"67,346.49"
21 Nov 2022,Spend Money,ADOBE - Design Software Photoshop etc,,EUR,36.89,0.00,36.89,0.00,"67,383.38"
22 Nov 2022,Spend Money,ADOBE - Adobe Creative Suite,,EUR,30.74,0.00,30.74,0.00,"67,414.12"
24 Nov 2022,Spend Money,Flickr - POS23JUN FLICKR PRO M,,EUR,7.49,0.00,7.49,0.00,"67,421.61"
26 Nov 2022,Spend Money,"Hubspot - Sales Hub Professional (5 Users Included)

Charge for: 26/11/2022 - 25/12/2022",9620929,EUR,565.80,0.00,565.80,0.00,"67,987.41"
28 Nov 2022,Spend Money,"Ulgebraz Technologies Pvt.Ltd - MessageBird for HubSpot
Oct 27 – Nov 27, 2022",UZS2022-11945,EUR,5.00,0.00,5.00,0.00,"67,992.41"
30 Nov 2022,Spend Money,Express VPN - VPN Services,,EUR,13.07,0.00,13.07,0.00,"68,005.48"
30 Nov 2022,Payable Invoice,"Fidelo - Fidelo School - Elite package 
# Period: 01.11.2022 until 30.11.2022",8568,EUR,254.61,0.00,254.61,0.00,"68,260.09"
05 Dec 2022,Spend Money,ZOOM - DD - Zoom Meetings,,EUR,51.62,0.00,51.62,0.00,"68,311.71"
05 Dec 2022,Spend Money,Zoho - HRM Software,,EUR,36.90,0.00,36.90,0.00,"68,348.61"
05 Dec 2022,Spend Money,Xero Subscription - CARD - xero sub,,EUR,35.33,0.00,35.33,0.00,"68,383.94"
05 Dec 2022,Spend Money,SOFTWARE - POS02DEC PAYPAL *DIGI,,EUR,20.00,0.00,20.00,0.00,"68,403.94"
07 Dec 2022,Spend Money,"MEssageBird - MessageBird for HubSpot
Nov 25 – Dec 25, 2022",,EUR,5.00,0.00,5.00,0.00,"68,408.94"
12 Dec 2022,Spend Money,Zoho - Recuitment HRM Software,,EUR,26.88,0.00,26.88,0.00,"68,435.82"
12 Dec 2022,Spend Money,TradingView - TradingView,,EUR,28.55,0.00,28.55,0.00,"68,464.37"
13 Dec 2022,Spend Money,MEssageBird - Eurobalance - messagebird,,EUR,18.45,0.00,18.45,0.00,"68,482.82"
13 Dec 2022,Spend Money,A2 Hosting - A2 Webhost,,EUR,296.25,0.00,296.25,0.00,"68,779.07"
16 Dec 2022,Spend Money,TradingView - P1512GI 12.95@0.94440,,EUR,12.23,0.00,12.23,0.00,"68,791.30"
19 Dec 2022,Spend Money,"GoDaddy.com, LLC - CARD - Domain & Webhost",,EUR,9.99,0.00,9.99,0.00,"68,801.29"
19 Dec 2022,Spend Money,Xero Subscription - CARD - P1712US 40.00@0.94500,Sub,EUR,37.80,0.00,37.80,0.00,"68,839.09"
21 Dec 2022,Spend Money,ADOBE - Design Software Photoshop etc,,EUR,36.89,0.00,36.89,0.00,"68,875.98"
22 Dec 2022,Spend Money,ADOBE - Adobe Creative Suite,,EUR,30.74,0.00,30.74,0.00,"68,906.72"
29 Dec 2022,Spend Money,Hubspot - Sales Hub Professional (5 Users Included)Charge for: 26/11/2022 - 25/12/2022,,EUR,196.21,0.00,196.21,0.00,"69,102.93"
29 Dec 2022,Spend Money,Hubspot - Sales Hub Professional (5 Users Included)Charge for: 26/11/2022 - 25/12/2022,,EUR,565.80,0.00,565.80,0.00,"69,668.73"
29 Dec 2022,Spend Money,Flickr - POS23JUN FLICKR PRO M,,EUR,7.49,0.00,7.49,0.00,"69,676.22"
29 Dec 2022,Spend Money,"Xero Subscription - CARD - ULearn. Monthly Subscription, Standard Price Plan, 17 Oct 2022 to 16 Nov 2022. ",,EUR,34.80,0.00,34.80,0.00,"69,711.02"
31 Dec 2022,Payable Invoice,"Fidelo - Fidelo School - Elite package 
# Period: 01.12.2022 until 31.12.2022",8684,EUR,254.61,0.00,254.61,0.00,"69,965.63"
31 Dec 2022,Manual Journal,"Year End Journal-2022 - GoDaddy.com, LLC - CARD",#57700,EUR,0.00,27.66,0.00,27.66,"69,937.97"
31 Dec 2022,Manual Journal,Year End Journal-2022 - Google - CARD - Google workspace,#57700,EUR,414.45,0.00,414.45,0.00,"70,352.42"
31 Dec 2022,Manual Journal,Year End Journal-2022 - Google - 1 TB Google Drive,#57700,EUR,87.90,0.00,87.90,0.00,"70,440.32"
31 Dec 2022,Manual Journal,Year End Journal-2022 - SOFTWARE,#57700,EUR,54.42,0.00,54.42,0.00,"70,494.74"
31 Dec 2022,Manual Journal,Year End Journal-2022 - Wistia Software company,#57700,EUR,0.00,187.97,0.00,187.97,"70,306.77"
31 Dec 2022,Manual Journal,Year End Journal-2022 - Rentola - *RENT,#57700,EUR,0.00,78.00,0.00,78.00,"70,228.77"
31 Dec 2022,Manual Journal,Year End Journal-2022 - Reanalysis from Office Running Expenses,#57700,EUR,"3,583.66",0.00,"3,583.66",0.00,"73,812.43"
31 Dec 2022,Manual Journal,Year End Journal-2022 - Google Workspace -Reclassified,#57700,EUR,107.45,0.00,107.45,0.00,"73,919.88"
31 Dec 2022,Manual Journal,Year End Journal-2022 - Software expenses reanalysis from General expenses as per client revert,#57700,EUR,"1,749.22",0.00,"1,749.22",0.00,"75,669.10"
03 Jan 2023,Spend Money,CARD - Google - POS01JAN Google GSUIT,,EUR,107.45,0.00,107.45,0.00,"75,776.55"
03 Jan 2023,Spend Money,Zoho - POS03JAN ZOHO-RECRUIT,,EUR,36.90,0.00,36.90,0.00,"75,813.45"
03 Jan 2023,Spend Money,LU Software Query - P0201LU 19.80@0.93989,,EUR,18.61,0.00,18.61,0.00,"75,832.06"
04 Jan 2023,Spend Money,ZOOM - DD - Zoom Meetings,,EUR,51.62,0.00,51.62,0.00,"75,883.68"
05 Jan 2023,Spend Money,TradingView - P0401US 36.84@0.94896,,EUR,34.96,0.00,34.96,0.00,"75,918.64"
05 Jan 2023,Spend Money,Irish Domain - ulearn.ie registration costs,,EUR,184.19,0.00,184.19,0.00,"76,102.83"
10 Jan 2023,Spend Money,zapier - P0901US 29.99@0.94031,,EUR,28.20,0.00,28.20,0.00,"76,131.03"
10 Jan 2023,Spend Money,Huge Domains - EnglishInDublin.com Domain Purchase,,EUR,313.82,0.00,313.82,0.00,"76,444.85"
12 Jan 2023,Spend Money,Zoho - Recuitment HRM Software,,EUR,26.88,0.00,26.88,0.00,"76,471.73"
16 Jan 2023,Spend Money,"GoDaddy.com, LLC - CARD - Domain & Webhost",,EUR,117.93,0.00,117.93,0.00,"76,589.66"
16 Jan 2023,Spend Money,CY Query - P1501CY 12.95@0.92818,,EUR,12.02,0.00,12.02,0.00,"76,601.68"
18 Jan 2023,Spend Money,Xero Subscription - CARD - P1701US 40.00@0.92825,,EUR,37.13,0.00,37.13,0.00,"76,638.81"
18 Jan 2023,Spend Money,GODADDY - POS16JAN DNH*GO DADDY,,EUR,12.29,0.00,12.29,0.00,"76,651.10"
19 Jan 2023,Spend Money,CARD - Google - POS18JAN Google Payme,,EUR,9.99,0.00,9.99,0.00,"76,661.09"
23 Jan 2023,Spend Money,ADOBE - POS20JAN ADOBE STOCK,,EUR,36.89,0.00,36.89,0.00,"76,697.98"
23 Jan 2023,Spend Money,ADOBE - POS21JAN ADOBE CREATI,,EUR,30.74,0.00,30.74,0.00,"76,728.72"
24 Jan 2023,Spend Money,Flickr - POS23JAN FLICKR PRO M,,EUR,7.49,0.00,7.49,0.00,"76,736.21"
25 Jan 2023,Spend Money,Ulgebraz Technologies Pvt.Ltd - POS25JAN ULGEBRAZ,,EUR,5.00,0.00,5.00,0.00,"76,741.21"
25 Jan 2023,Spend Money,MyInterview - P2401AU 79.00@0.92215,,EUR,72.85,0.00,72.85,0.00,"76,814.06"
26 Jan 2023,Spend Money,TradingView - P2501US 36.84@0.92128,,EUR,33.94,0.00,33.94,0.00,"76,848.00"
27 Jan 2023,Spend Money,MEssageBird - POS26JAN MESSAGEBIRD.,,EUR,36.90,0.00,36.90,0.00,"76,884.90"
27 Jan 2023,Spend Money,Hubspot - POS26JAN HS_Ireland,,EUR,565.80,0.00,565.80,0.00,"77,450.70"
31 Jan 2023,Payable Invoice,Fidelo - Fidelo Elite,8813,EUR,268.76,0.00,268.76,0.00,"77,719.46"
31 Jan 2023,Manual Journal,Monthly journals to spread adjustments across 2023,#59490,EUR,15.66,0.00,15.66,0.00,"77,735.12"
31 Jan 2023,Manual Journal,Monthly journals to spread adjustments across 2023,#59490,EUR,196.80,0.00,196.80,0.00,"77,931.92"
31 Jan 2023,Manual Journal,Monthly journals to spread adjustments across 2023,#59490,EUR,20.83,0.00,20.83,0.00,"77,952.75"
31 Jan 2023,Manual Journal,Monthly journals to spread adjustments across 2023,#59490,EUR,3.22,0.00,3.22,0.00,"77,955.97"
31 Jan 2023,Manual Journal,Monthly journals to spread adjustments across 2023,#59490,EUR,4.71,0.00,4.71,0.00,"77,960.68"
31 Jan 2023,Manual Journal,Monthly journals to spread adjustments across 2023,#59490,EUR,0.92,0.00,0.92,0.00,"77,961.60"
31 Jan 2023,Manual Journal,Monthly journals to spread adjustments across 2023,#59490,EUR,1.47,0.00,1.47,0.00,"77,963.07"
02 Feb 2023,Spend Money,CARD - Google - Google Apps Bus,,EUR,107.45,0.00,107.45,0.00,"78,070.52"
03 Feb 2023,Spend Money,Zoho - POS03FEB ZOHO-RECRUIT,,EUR,36.90,0.00,36.90,0.00,"78,107.42"
03 Feb 2023,Spend Money,LU Software Query - P0202LU 19.80@0.91868,,EUR,18.19,0.00,18.19,0.00,"78,125.61"
07 Feb 2023,Spend Money,ZOOM - POS03FEB ZOOM.US 888-,,EUR,51.62,0.00,51.62,0.00,"78,177.23"
07 Feb 2023,Spend Money,TradingView - P0402US 36.84@0.92671,,EUR,34.14,0.00,34.14,0.00,"78,211.37"
10 Feb 2023,Spend Money,zapier - P0902US 29.99@0.93397,,EUR,28.01,0.00,28.01,0.00,"78,239.38"
10 Feb 2023,Spend Money,Huge Domains - P0902US328.95@0.93388,,EUR,307.20,0.00,307.20,0.00,"78,546.58"
13 Feb 2023,Spend Money,Zoho - POS12FEB ZOHO-PEOPLE,,EUR,26.88,0.00,26.88,0.00,"78,573.46"
13 Feb 2023,Spend Money,LUCIDCHART - Charting Software,,EUR,102.58,0.00,102.58,0.00,"78,676.04"
13 Feb 2023,Spend Money,Unknown Software - Looks like Authorisation,,EUR,0.94,0.00,0.94,0.00,"78,676.98"
16 Feb 2023,Spend Money,CY Query - P1502CY 12.95@0.93822,,EUR,12.15,0.00,12.15,0.00,"78,689.13"
20 Feb 2023,Spend Money,"GoDaddy.com, LLC - CARD - Domain & Webhost",,EUR,12.29,0.00,12.29,0.00,"78,701.42"
20 Feb 2023,Spend Money,CARD - Google - POS18FEB Google Payme,,EUR,9.99,0.00,9.99,0.00,"78,711.41"
20 Feb 2023,Spend Money,Xero Subscription - CARD - P1702US 40.00@0.94250,,EUR,37.70,0.00,37.70,0.00,"78,749.11"
21 Feb 2023,Spend Money,ADOBE - Design Software Photoshop etc,,EUR,36.89,0.00,36.89,0.00,"78,786.00"
24 Feb 2023,Spend Money,Flickr - POS23FEB FLICKR PRO M,545,EUR,7.49,0.00,7.49,0.00,"78,793.49"
24 Feb 2023,Spend Money,ADOBE - POS22SEP ADOBE CREATI,,EUR,30.74,0.00,30.74,0.00,"78,824.23"
27 Feb 2023,Spend Money,Ulgebraz Technologies Pvt.Ltd - POS25FEB ULGEBRAZ,545,EUR,5.00,0.00,5.00,0.00,"78,829.23"
27 Feb 2023,Spend Money,Hubspot - POS26FEB HS_Ireland,545,EUR,565.80,0.00,565.80,0.00,"79,395.03"
27 Feb 2023,Spend Money,TradingView - P2502US 36.84@0.94923,553,EUR,34.97,0.00,34.97,0.00,"79,430.00"
27 Feb 2023,Spend Money,MyInterview - P2402AU 79.00@0.94556,553,EUR,74.70,0.00,74.70,0.00,"79,504.70"
27 Feb 2023,Spend Money,GODADDY - POS25FEB DNH*GO DADDY,545,EUR,247.97,0.00,247.97,0.00,"79,752.67"
28 Feb 2023,Payable Invoice,"Fidelo - 4,00 users Fidelo School - Elite 
# Period: 01.02.2023 until 28.02.2023",8934,EUR,350.55,0.00,350.55,0.00,"80,103.22"
28 Feb 2023,Spend Money,GODADDY - POS26FEB DNH*GO DADDY,545,EUR,35.40,0.00,35.40,0.00,"80,138.62"
28 Feb 2023,Manual Journal,Monthly journals to spread adjustments across 2023,#59492,EUR,15.66,0.00,15.66,0.00,"80,154.28"
28 Feb 2023,Manual Journal,Monthly journals to spread adjustments across 2023,#59492,EUR,196.80,0.00,196.80,0.00,"80,351.08"
28 Feb 2023,Manual Journal,Monthly journals to spread adjustments across 2023,#59492,EUR,20.83,0.00,20.83,0.00,"80,371.91"
28 Feb 2023,Manual Journal,Monthly journals to spread adjustments across 2023,#59492,EUR,3.22,0.00,3.22,0.00,"80,375.13"
28 Feb 2023,Manual Journal,Monthly journals to spread adjustments across 2023,#59492,EUR,4.71,0.00,4.71,0.00,"80,379.84"
28 Feb 2023,Manual Journal,Monthly journals to spread adjustments across 2023,#59492,EUR,0.92,0.00,0.92,0.00,"80,380.76"
28 Feb 2023,Manual Journal,Monthly journals to spread adjustments across 2023,#59492,EUR,1.47,0.00,1.47,0.00,"80,382.23"
01 Mar 2023,Spend Money,GODADDY - POS28FEB DNH*GO DADDY,545,EUR,47.05,0.00,47.05,0.00,"80,429.28"
02 Mar 2023,Spend Money,CARD - Google - Google Apps Bus,545,EUR,115.77,0.00,115.77,0.00,"80,545.05"
03 Mar 2023,Spend Money,Zoho - POS03MAR ZOHO-RECRUIT,545,EUR,36.90,0.00,36.90,0.00,"80,581.95"
03 Mar 2023,Spend Money,LU Software Query - P0303LU 18.28@0.94584,553,EUR,17.29,0.00,17.29,0.00,"80,599.24"
06 Mar 2023,Spend Money,ZOOM - POS03MAR ZOOM.US 888-,545,EUR,55.31,0.00,55.31,0.00,"80,654.55"
06 Mar 2023,Spend Money,TradingView - P0403US 36.84@0.94462,553,EUR,34.80,0.00,34.80,0.00,"80,689.35"
10 Mar 2023,Spend Money,zapier - P0903US 29.99@0.95031,553,EUR,28.50,0.00,28.50,0.00,"80,717.85"
10 Mar 2023,Spend Money,Huge Domains - P0903US328.95@0.95029,553,EUR,312.60,0.00,312.60,0.00,"81,030.45"
13 Mar 2023,Spend Money,Zoho - POS12MAR ZOHO-PEOPLE,545,EUR,26.88,0.00,26.88,0.00,"81,057.33"
13 Mar 2023,Spend Money,A2 Hosting - POS12MAR A2WEBHOST* I,545,EUR,419.53,0.00,419.53,0.00,"81,476.86"
13 Mar 2023,Spend Money,Carbonite - DD - P1003US103.31@0.94908,553,EUR,98.05,0.00,98.05,0.00,"81,574.91"
16 Mar 2023,Spend Money,CY Query - P1503CY 12.95@0.93667,553,EUR,12.13,0.00,12.13,0.00,"81,587.04"
20 Mar 2023,Spend Money,CARD - Google - POS18MAR Google Payme,545,EUR,9.99,0.00,9.99,0.00,"81,597.03"
20 Mar 2023,Spend Money,Xero Subscription - CARD - P1703US 40.00@0.94800,553,EUR,37.92,0.00,37.92,0.00,"81,634.95"
20 Mar 2023,Spend Money,GODADDY - POS15MAR DNH*GO DADDY,545,EUR,99.19,0.00,99.19,0.00,"81,734.14"
20 Mar 2023,Spend Money,"GoDaddy.com, LLC - CARD - Domains",,EUR,12.29,0.00,12.29,0.00,"81,746.43"
22 Mar 2023,Spend Money,ZOOM - DD - Zoom Meetings,,EUR,18.44,0.00,18.44,0.00,"81,764.87"
22 Mar 2023,Spend Money,Hubspot - POS21MAR HS_Ireland,545,EUR,21.97,0.00,21.97,0.00,"81,786.84"
22 Mar 2023,Spend Money,ADOBE - POS21MAR ADOBE STOCK,545,EUR,36.89,0.00,36.89,0.00,"81,823.73"
23 Mar 2023,Spend Money,ADOBE - POS22MAR ADOBE CREATI,545,EUR,30.74,0.00,30.74,0.00,"81,854.47"
24 Mar 2023,Spend Money,Flickr - POS23MAR FLICKR PRO M,545,EUR,7.49,0.00,7.49,0.00,"81,861.96"
27 Mar 2023,Spend Money,MEssageBird - POS24MAR MESSAGEBIRD.,545,EUR,18.45,0.00,18.45,0.00,"81,880.41"
27 Mar 2023,Spend Money,Ulgebraz Technologies Pvt.Ltd - POS25MAR ULGEBRAZ,545,EUR,5.00,0.00,5.00,0.00,"81,885.41"
27 Mar 2023,Spend Money,Hubspot - POS26MAR HS_Ireland,545,EUR,688.80,0.00,688.80,0.00,"82,574.21"
27 Mar 2023,Spend Money,TradingView - P2503US 36.84@0.93349,553,EUR,34.39,0.00,34.39,0.00,"82,608.60"
27 Mar 2023,Spend Money,MyInterview - P2403AU 79.00@0.92392,553,EUR,72.99,0.00,72.99,0.00,"82,681.59"
28 Mar 2023,Spend Money,GODADDY - POS05MAY DNH*GO DADDY,,EUR,48.51,0.00,48.51,0.00,"82,730.10"
31 Mar 2023,Payable Invoice,Fidelo - Fidelo SIS,9084,EUR,350.55,0.00,350.55,0.00,"83,080.65"
31 Mar 2023,Manual Journal,Monthly journals to spread adjustments across 2023,#59494,EUR,15.66,0.00,15.66,0.00,"83,096.31"
31 Mar 2023,Manual Journal,Monthly journals to spread adjustments across 2023,#59494,EUR,196.80,0.00,196.80,0.00,"83,293.11"
31 Mar 2023,Manual Journal,Monthly journals to spread adjustments across 2023,#59494,EUR,20.83,0.00,20.83,0.00,"83,313.94"
31 Mar 2023,Manual Journal,Monthly journals to spread adjustments across 2023,#59494,EUR,3.22,0.00,3.22,0.00,"83,317.16"
31 Mar 2023,Manual Journal,Monthly journals to spread adjustments across 2023,#59494,EUR,4.71,0.00,4.71,0.00,"83,321.87"
31 Mar 2023,Manual Journal,Monthly journals to spread adjustments across 2023,#59494,EUR,0.92,0.00,0.92,0.00,"83,322.79"
31 Mar 2023,Manual Journal,Monthly journals to spread adjustments across 2023,#59494,EUR,1.47,0.00,1.47,0.00,"83,324.26"
03 Apr 2023,Spend Money,MEssageBird - POS01APR MESSAGEBIRD.,545,EUR,73.80,0.00,73.80,0.00,"83,398.06"
03 Apr 2023,Spend Money,CARD - Google - POS01APR Google GSUIT,545,EUR,119.59,0.00,119.59,0.00,"83,517.65"
03 Apr 2023,Spend Money,Zoho - POS02APR ZOHO-RECRUIT,545,EUR,36.90,0.00,36.90,0.00,"83,554.55"
03 Apr 2023,Spend Money,LU Software Query - P0204LU 19.80@0.92323,553,EUR,18.28,0.00,18.28,0.00,"83,572.83"
04 Apr 2023,Spend Money,ZOOM - POS03APR ZOOM.US 888-,545,EUR,55.31,0.00,55.31,0.00,"83,628.14"
05 Apr 2023,Spend Money,TradingView - P0404US 36.84@0.91910,553,EUR,33.86,0.00,33.86,0.00,"83,662.00"
11 Apr 2023,Spend Money,zapier - P0904US 29.99@0.91963,553,EUR,27.58,0.00,27.58,0.00,"83,689.58"
11 Apr 2023,Spend Money,Huge Domains - P0904US328.95@0.91953,553,EUR,302.48,0.00,302.48,0.00,"83,992.06"
11 Apr 2023,Spend Money,CARD - Google - POS08APR Google Payme,545,EUR,6.49,0.00,6.49,0.00,"83,998.55"
12 Apr 2023,Spend Money,Zoho - POS11APR ZOHO-PEOPLE,545,EUR,26.88,0.00,26.88,0.00,"84,025.43"
17 Apr 2023,Spend Money,MEssageBird - POS14APR MESSAGEBIRD.,545,EUR,30.75,0.00,30.75,0.00,"84,056.18"
17 Apr 2023,Spend Money,CY Query - P1504CY 12.95@0.91119,553,EUR,11.80,0.00,11.80,0.00,"84,067.98"
17 Apr 2023,Spend Money,MEssageBird - POS14APR MESSAGEBIRD.,545,EUR,18.45,0.00,18.45,0.00,"84,086.43"
18 Apr 2023,Spend Money,Xero Subscription - CARD - P1704US 40.00@0.91150,553,EUR,36.46,0.00,36.46,0.00,"84,122.89"
18 Apr 2023,Spend Money,GODADDY - POS16APR DNH*GO DADDY,545,EUR,12.29,0.00,12.29,0.00,"84,135.18"
18 Apr 2023,Spend Money,GODADDY - POS16APR DNH*GO DADDY,545,EUR,51.64,0.00,51.64,0.00,"84,186.82"
19 Apr 2023,Spend Money,CARD - Google - POS17APR Google Payme,545,EUR,9.99,0.00,9.99,0.00,"84,196.81"
20 Apr 2023,Spend Money,Ulgebraz Technologies Pvt.Ltd - POS19APR ULGEBRAZ,545,EUR,40.00,0.00,40.00,0.00,"84,236.81"
24 Apr 2023,Spend Money,ADOBE - POS21APR ADOBE STOCK,545,EUR,36.89,0.00,36.89,0.00,"84,273.70"
24 Apr 2023,Spend Money,ZOOM - POS21APR ZOOM.US 888-,545,EUR,18.44,0.00,18.44,0.00,"84,292.14"
24 Apr 2023,Spend Money,ADOBE - POS22APR ADOBE CREATI,545,EUR,30.74,0.00,30.74,0.00,"84,322.88"
24 Apr 2023,Spend Money,Flickr - POS23APR FLICKR PRO M,545,EUR,7.49,0.00,7.49,0.00,"84,330.37"
24 Apr 2023,Spend Money,"GoDaddy.com, LLC - CARD - Domains",,EUR,12.29,0.00,12.29,0.00,"84,342.66"
25 Apr 2023,Spend Money,Ulgebraz Technologies Pvt.Ltd - POS25APR ULGEBRAZ,545,EUR,5.00,0.00,5.00,0.00,"84,347.66"
25 Apr 2023,Spend Money,MyInterview - P2404AU 79.00@0.91430,553,EUR,72.23,0.00,72.23,0.00,"84,419.89"
26 Apr 2023,Spend Money,TradingView - P2504US 36.84@0.91232,553,EUR,33.61,0.00,33.61,0.00,"84,453.50"
26 Apr 2023,Spend Money,"Sucuri, - Sucuri Site Firewall ",,EUR,224.40,0.00,224.40,0.00,"84,677.90"
27 Apr 2023,Spend Money,Hubspot - POS26APR HS_Ireland,545,EUR,688.80,0.00,688.80,0.00,"85,366.70"
30 Apr 2023,Manual Journal,Monthly journals to spread adjustments across 2023,#59496,EUR,15.66,0.00,15.66,0.00,"85,382.36"
30 Apr 2023,Manual Journal,Monthly journals to spread adjustments across 2023,#59496,EUR,196.80,0.00,196.80,0.00,"85,579.16"
30 Apr 2023,Manual Journal,Monthly journals to spread adjustments across 2023,#59496,EUR,20.83,0.00,20.83,0.00,"85,599.99"
30 Apr 2023,Manual Journal,Monthly journals to spread adjustments across 2023,#59496,EUR,3.22,0.00,3.22,0.00,"85,603.21"
30 Apr 2023,Manual Journal,Monthly journals to spread adjustments across 2023,#59496,EUR,4.71,0.00,4.71,0.00,"85,607.92"
30 Apr 2023,Manual Journal,Monthly journals to spread adjustments across 2023,#59496,EUR,0.92,0.00,0.92,0.00,"85,608.84"
30 Apr 2023,Payable Invoice,Fidelo - SIS ,9209,EUR,350.55,0.00,350.55,0.00,"85,959.39"
30 Apr 2023,Manual Journal,Monthly journals to spread adjustments across 2023,#59496,EUR,1.47,0.00,1.47,0.00,"85,960.86"
02 May 2023,Spend Money,MEssageBird - POS01MAY MESSAGEBIRD.,545,EUR,73.80,0.00,73.80,0.00,"86,034.66"
02 May 2023,Spend Money,MEssageBird - POS01MAY MESSAGEBIRD.,545,EUR,30.75,0.00,30.75,0.00,"86,065.41"
02 May 2023,Spend Money,CARD - Google - Google Apps Bus,545,EUR,125.36,0.00,125.36,0.00,"86,190.77"
03 May 2023,Payable Invoice,"FRKelly - Attending to the renewal of the above-mentioned Domain Name for
two years, updating our records and confirming…",10264981,EUR,225.09,0.00,225.09,0.00,"86,415.86"
03 May 2023,Spend Money,Zoho - POS02MAY ZOHO-RECRUIT,545,EUR,36.90,0.00,36.90,0.00,"86,452.76"
03 May 2023,Spend Money,LU Software Query - P0305LU 19.29@0.91394,553,EUR,17.63,0.00,17.63,0.00,"86,470.39"
04 May 2023,Spend Money,ZOOM - POS03MAY ZOOM.US 888-,545,EUR,55.31,0.00,55.31,0.00,"86,525.70"
05 May 2023,Spend Money,TradingView - P0405US 36.84@0.91042,553,EUR,33.54,0.00,33.54,0.00,"86,559.24"
08 May 2023,Spend Money,GODADDY - POS05MAY DNH*GO DADDY,545,EUR,12.87,0.00,12.87,0.00,"86,572.11"
08 May 2023,Spend Money,GODADDY - Host DOMAIN,,EUR,99.31,0.00,99.31,0.00,"86,671.42"
08 May 2023,Spend Money,GODADDY - DOMAINS,,EUR,5.60,0.00,5.60,0.00,"86,677.02"
09 May 2023,Spend Money,LETSHOST IBANIE11AIBK93131411670079 - Domain Renewal - u-learn.ie - 2 Year/s (07/06/2023 - 06/06/2025,1212397,EUR,92.24,0.00,92.24,0.00,"86,769.26"
10 May 2023,Spend Money,zapier - P0905US 29.99@0.90930,553,EUR,27.27,0.00,27.27,0.00,"86,796.53"
10 May 2023,Spend Money,Huge Domains - P0905US328.95@0.90925,553,EUR,299.10,0.00,299.10,0.00,"87,095.63"
10 May 2023,Spend Money,GODADDY - DOMAINS,,EUR,17.29,0.00,17.29,0.00,"87,112.92"
12 May 2023,Spend Money,Zoho - POS11MAY ZOHO-PEOPLE,545,EUR,26.88,0.00,26.88,0.00,"87,139.80"
12 May 2023,Spend Money,Unknown - P1105US 49.99@0.91398,553,EUR,45.69,0.00,45.69,0.00,"87,185.49"
16 May 2023,Spend Money,CY Query - P1505CY 12.95@0.92200,553,EUR,11.94,0.00,11.94,0.00,"87,197.43"
17 May 2023,Spend Money,GODADDY - DOMAIN,,EUR,13.60,0.00,13.60,0.00,"87,211.03"
18 May 2023,Spend Money,Xero Subscription - CARD - P1705US 40.00@0.92150,553,EUR,36.86,0.00,36.86,0.00,"87,247.89"
19 May 2023,Spend Money,CARD - Google - POS17MAY GOOGLE*GOOGL,545,EUR,9.99,0.00,9.99,0.00,"87,257.88"
22 May 2023,Spend Money,ADOBE - POS21MAY ADOBE STOCK,545,EUR,36.89,0.00,36.89,0.00,"87,294.77"
22 May 2023,Spend Money,ZOOM - POS21MAY ZOOM.US 888-,545,EUR,18.44,0.00,18.44,0.00,"87,313.21"
23 May 2023,Spend Money,ADOBE - POS22MAY ADOBE CREATI,545,EUR,30.74,0.00,30.74,0.00,"87,343.95"
24 May 2023,Spend Money,Flickr - POS23MAY FLICKR PRO M,545,EUR,7.49,0.00,7.49,0.00,"87,351.44"
25 May 2023,Spend Money,Ulgebraz Technologies Pvt.Ltd - POS25MAY ULGEBRAZ,545,EUR,5.00,0.00,5.00,0.00,"87,356.44"
25 May 2023,Spend Money,Hubspot - POS25MAY HS_Ireland,545,EUR,97.78,0.00,97.78,0.00,"87,454.22"
25 May 2023,Spend Money,MyInterview - P2405AU 79.00@0.92949,553,EUR,73.43,0.00,73.43,0.00,"87,527.65"
27 May 2023,Spend Money,TradingView - P2505US 36.84@0.93403,553,EUR,34.41,0.00,34.41,0.00,"87,562.06"
29 May 2023,Spend Money,CARD - Google - POS26MAY Google Payme,545,EUR,9.99,0.00,9.99,0.00,"87,572.05"
29 May 2023,Spend Money,Hubspot - POS26MAY HS_Ireland,545,EUR,688.80,0.00,688.80,0.00,"88,260.85"
29 May 2023,Spend Money,Unknown - domains,,EUR,17.24,0.00,17.24,0.00,"88,278.09"
30 May 2023,Spend Money,MEssageBird - POS29MAY MESSAGEBIRD.,545,EUR,30.75,0.00,30.75,0.00,"88,308.84"
31 May 2023,Payable Invoice,Fidelo - Fidelo Software,9327,EUR,350.55,0.00,350.55,0.00,"88,659.39"
31 May 2023,Manual Journal,Monthly journals to spread adjustments across 2023,#59498,EUR,15.66,0.00,15.66,0.00,"88,675.05"
31 May 2023,Manual Journal,Monthly journals to spread adjustments across 2023,#59498,EUR,196.80,0.00,196.80,0.00,"88,871.85"
31 May 2023,Manual Journal,Monthly journals to spread adjustments across 2023,#59498,EUR,20.83,0.00,20.83,0.00,"88,892.68"
31 May 2023,Manual Journal,Monthly journals to spread adjustments across 2023,#59498,EUR,3.22,0.00,3.22,0.00,"88,895.90"
31 May 2023,Manual Journal,Monthly journals to spread adjustments across 2023,#59498,EUR,4.71,0.00,4.71,0.00,"88,900.61"
31 May 2023,Manual Journal,Monthly journals to spread adjustments across 2023,#59498,EUR,0.92,0.00,0.92,0.00,"88,901.53"
31 May 2023,Manual Journal,Monthly journals to spread adjustments across 2023,#59498,EUR,1.47,0.00,1.47,0.00,"88,903.00"
02 Jun 2023,Spend Money,CARD - Google - Google Apps Bus,545,EUR,125.36,0.00,125.36,0.00,"89,028.36"
02 Jun 2023,Spend Money,MEssageBird - POS01JUN MESSAGEBIRD.,545,EUR,73.80,0.00,73.80,0.00,"89,102.16"
02 Jun 2023,Spend Money,Promova - Language Learning Website,,EUR,39.99,0.00,39.99,0.00,"89,142.15"
06 Jun 2023,Spend Money,ZOOM - POS03JUN ZOOM.US 888-,545,EUR,55.31,0.00,55.31,0.00,"89,197.46"
06 Jun 2023,Spend Money,Zoho - POS02JUN ZOHO-RECRUIT,545,EUR,36.90,0.00,36.90,0.00,"89,234.36"
06 Jun 2023,Spend Money,Wistia Software company - 50 Video Plan: Annual + 20% discounts,,EUR,450.28,0.00,450.28,0.00,"89,684.64"
06 Jun 2023,Spend Money,TradingView - P0406US 36.84@0.93431,553,EUR,34.42,0.00,34.42,0.00,"89,719.06"
06 Jun 2023,Spend Money,LU Software Query - P0206LU 19.80@0.93787,553,EUR,18.57,0.00,18.57,0.00,"89,737.63"
09 Jun 2023,Payable Invoice,DigitalOcean - Hosting,,EUR,4.90,0.00,4.90,0.00,"89,742.53"
09 Jun 2023,Payable Invoice,DigitalOcean - Hosting,,EUR,16.14,0.00,16.14,0.00,"89,758.67"
12 Jun 2023,Payable Invoice,MiniExtensions - Software for programming ULearn Host Match system ,14FBA2120001,EUR,138.72,0.00,138.72,0.00,"89,897.39"
12 Jun 2023,Spend Money,Zoho - POS11JUN ZOHO-PEOPLE,545,EUR,26.88,0.00,26.88,0.00,"89,924.27"
12 Jun 2023,Spend Money,zapier - P0906US 29.99@0.93531,553,EUR,28.05,0.00,28.05,0.00,"89,952.32"
12 Jun 2023,Spend Money,Huge Domains - P0906US328.95@0.93546,553,EUR,307.72,0.00,307.72,0.00,"90,260.04"
12 Jun 2023,Spend Money,Unknown - P1106US 49.99@0.93098,553,EUR,46.54,0.00,46.54,0.00,"90,306.58"
13 Jun 2023,Spend Money,A2 Hosting - POS12JUN A2WEBHOST* I,545,EUR,419.53,0.00,419.53,0.00,"90,726.11"
15 Jun 2023,Spend Money,MEssageBird - POS14JUN MESSAGEBIRD.,545,EUR,30.75,0.00,30.75,0.00,"90,756.86"
16 Jun 2023,Spend Money,CY Query - P1506CY 12.95@0.92818,553,EUR,12.02,0.00,12.02,0.00,"90,768.88"
16 Jun 2023,Spend Money,GODADDY - DOMAINS,,EUR,12.55,0.00,12.55,0.00,"90,781.43"
19 Jun 2023,Spend Money,CARD - Google - POS17JUN Google Payme,545,EUR,9.99,0.00,9.99,0.00,"90,791.42"
19 Jun 2023,Spend Money,Xero Subscription - CARD - P1706US 40.00@0.91600,553,EUR,36.64,0.00,36.64,0.00,"90,828.06"
19 Jun 2023,Spend Money,GODADDY - DOMAINS,,EUR,13.65,0.00,13.65,0.00,"90,841.71"
19 Jun 2023,Spend Money,LETSHOST IBANIE11AIBK93131411670079 - Domain host,,EUR,46.73,0.00,46.73,0.00,"90,888.44"
19 Jun 2023,Spend Money,Unknown - Probably Auth Txn,,EUR,1.02,0.00,1.02,0.00,"90,889.46"
19 Jun 2023,Spend Money,Unknown - P1706US 40.00@0.91600,,EUR,9.16,0.00,9.16,0.00,"90,898.62"
20 Jun 2023,Spend Money,Make.com - Data Sources HostMatch System,1F5216CD-0001,EUR,98.94,0.00,98.94,0.00,"90,997.56"
22 Jun 2023,Spend Money,ZOOM - POS21JUN ZOOM.US 888-,545,EUR,18.44,0.00,18.44,0.00,"91,016.00"
22 Jun 2023,Spend Money,ADOBE - POS21JUN ADOBE STOCK,545,EUR,36.89,0.00,36.89,0.00,"91,052.89"
23 Jun 2023,Spend Money,ADOBE - POS22JUN ADOBE CREATI,545,EUR,30.74,0.00,30.74,0.00,"91,083.63"
26 Jun 2023,Spend Money,Ulgebraz Technologies Pvt.Ltd - POS25JUN ULGEBRAZ,545,EUR,5.00,0.00,5.00,0.00,"91,088.63"
26 Jun 2023,Spend Money,Flickr - POS23JUN FLICKR PRO M,545,EUR,7.49,0.00,7.49,0.00,"91,096.12"
26 Jun 2023,Spend Money,TradingView - P2506US 36.84@0.92236,553,EUR,33.98,0.00,33.98,0.00,"91,130.10"
26 Jun 2023,Spend Money,MyInterview - P2406AU 79.00@0.92240,553,EUR,72.87,0.00,72.87,0.00,"91,202.97"
26 Jun 2023,Spend Money,Airtable - Database,DBAA7B75-0001,EUR,43.85,0.00,43.85,0.00,"91,246.82"
26 Jun 2023,Spend Money,Unknown - P2306US 15.00@0.91333,553,EUR,13.70,0.00,13.70,0.00,"91,260.52"
27 Jun 2023,Spend Money,CARD - Google - POS25JUN Google Payme,545,EUR,9.99,0.00,9.99,0.00,"91,270.51"
27 Jun 2023,Spend Money,Hubspot - POS26JUN HS_Ireland,545,EUR,688.80,0.00,688.80,0.00,"91,959.31"
28 Jun 2023,Spend Money,MEssageBird - POS27JUN MESSAGEBIRD.,545,EUR,30.75,0.00,30.75,0.00,"91,990.06"
30 Jun 2023,Payable Invoice,Fidelo - Fidelo SIS ,9460,EUR,506.15,0.00,506.15,0.00,"92,496.21"
30 Jun 2023,Manual Journal,Monthly journals to spread adjustments across 2023,#59500,EUR,15.66,0.00,15.66,0.00,"92,511.87"
30 Jun 2023,Manual Journal,Monthly journals to spread adjustments across 2023,#59500,EUR,196.80,0.00,196.80,0.00,"92,708.67"
30 Jun 2023,Manual Journal,Monthly journals to spread adjustments across 2023,#59500,EUR,20.83,0.00,20.83,0.00,"92,729.50"
30 Jun 2023,Manual Journal,Monthly journals to spread adjustments across 2023,#59500,EUR,3.22,0.00,3.22,0.00,"92,732.72"
30 Jun 2023,Manual Journal,Monthly journals to spread adjustments across 2023,#59500,EUR,4.71,0.00,4.71,0.00,"92,737.43"
30 Jun 2023,Manual Journal,Monthly journals to spread adjustments across 2023,#59500,EUR,0.92,0.00,0.92,0.00,"92,738.35"
30 Jun 2023,Manual Journal,Monthly journals to spread adjustments across 2023,#59500,EUR,1.47,0.00,1.47,0.00,"92,739.82"
03 Jul 2023,Spend Money,MEssageBird - POS01JUL MESSAGEBIRD.,545,EUR,73.80,0.00,73.80,0.00,"92,813.62"
03 Jul 2023,Spend Money,CARD - Google - POS01JUL Google GSUIT,545,EUR,125.36,0.00,125.36,0.00,"92,938.98"
03 Jul 2023,Spend Money,Zoho - POS02JUL ZOHO-RECRUIT,545,EUR,36.90,0.00,36.90,0.00,"92,975.88"
03 Jul 2023,Spend Money,LU Software Query - P0207LU 19.29@0.92327,553,EUR,17.81,0.00,17.81,0.00,"92,993.69"
03 Jul 2023,Payable Invoice,DigitalOcean - Hosting,,EUR,45.89,0.00,45.89,0.00,"93,039.58"
03 Jul 2023,Payable Invoice,DigitalOcean - Hosting,,EUR,1.53,0.00,1.53,0.00,"93,041.11"
03 Jul 2023,Payable Invoice,Make.com - Software ,1F5216CD-0002,EUR,85.85,0.00,85.85,0.00,"93,126.96"
04 Jul 2023,Spend Money,ZOOM - POS03JUL ZOOM.US 888-,545,EUR,55.31,0.00,55.31,0.00,"93,182.27"
05 Jul 2023,Spend Money,TradingView - P0407US 36.84@0.91965,553,EUR,33.88,0.00,33.88,0.00,"93,216.15"
07 Jul 2023,Spend Money,GODADDY - DOMAINS,,EUR,17.02,0.00,17.02,0.00,"93,233.17"
10 Jul 2023,Spend Money,zapier - P0907US 29.99@0.92030,553,EUR,27.60,0.00,27.60,0.00,"93,260.77"
10 Jul 2023,Spend Money,Huge Domains - P0907US328.95@0.92038,553,EUR,302.76,0.00,302.76,0.00,"93,563.53"
11 Jul 2023,Spend Money,Ulgebraz Technologies Pvt.Ltd - POS10JUL ULGEBRAZ,545,EUR,20.00,0.00,20.00,0.00,"93,583.53"
12 Jul 2023,Spend Money,Zoho - POS11JUL ZOHO-PEOPLE,545,EUR,28.86,0.00,28.86,0.00,"93,612.39"
12 Jul 2023,Spend Money,GODADDY - domains,,EUR,44.96,0.00,44.96,0.00,"93,657.35"
12 Jul 2023,Spend Money,Unknown - P1107US 49.99@0.91398,553,EUR,45.69,0.00,45.69,0.00,"93,703.04"
13 Jul 2023,Spend Money,MEssageBird - POS12JUL MESSAGEBIRD.,545,EUR,30.75,0.00,30.75,0.00,"93,733.79"
13 Jul 2023,Spend Money,MiniExtensions - HostMatch Form,,EUR,135.76,0.00,135.76,0.00,"93,869.55"
13 Jul 2023,Spend Money,GODADDY - DOMAINS,,EUR,75.46,0.00,75.46,0.00,"93,945.01"
17 Jul 2023,Spend Money,CY Query - P1507CY 12.95@0.89266,553,EUR,11.56,0.00,11.56,0.00,"93,956.57"
17 Jul 2023,Spend Money,GODADDY - DOMAINS,,EUR,38.61,0.00,38.61,0.00,"93,995.18"
18 Jul 2023,Spend Money,Xero Subscription - CARD - P1707US 40.00@0.89275,553,EUR,35.71,0.00,35.71,0.00,"94,030.89"
18 Jul 2023,Spend Money,GODADDY - DOMAIN,,EUR,12.07,0.00,12.07,0.00,"94,042.96"
19 Jul 2023,Spend Money,CARD - Google - POS17JUL Google Payme,545,EUR,9.99,0.00,9.99,0.00,"94,052.95"
20 Jul 2023,Spend Money,Ulgebraz Technologies Pvt.Ltd - POS19JUL ULGEBRAZ,545,EUR,40.00,0.00,40.00,0.00,"94,092.95"
24 Jul 2023,Spend Money,ADOBE - POS21JUL ADOBE STOCK,545,EUR,36.89,0.00,36.89,0.00,"94,129.84"
24 Jul 2023,Spend Money,ADOBE - POS22JUL ADOBE CREATI,545,EUR,30.74,0.00,30.74,0.00,"94,160.58"
24 Jul 2023,Spend Money,ZOOM - POS21JUL ZOOM.US 888-,545,EUR,18.44,0.00,18.44,0.00,"94,179.02"
24 Jul 2023,Spend Money,Flickr - POS23JUL FLICKR PRO M,545,EUR,7.49,0.00,7.49,0.00,"94,186.51"
24 Jul 2023,Spend Money,Airtable - Database,DBAA7B75-0002,EUR,43.22,0.00,43.22,0.00,"94,229.73"
24 Jul 2023,Spend Money,GODADDY - Domains,,EUR,33.18,0.00,33.18,0.00,"94,262.91"
24 Jul 2023,Spend Money,Unknown - P2307US 15.00@0.90066,553,EUR,13.51,0.00,13.51,0.00,"94,276.42"
25 Jul 2023,Spend Money,MEssageBird - POS24JUL MESSAGEBIRD.,545,EUR,30.75,0.00,30.75,0.00,"94,307.17"
25 Jul 2023,Spend Money,Ulgebraz Technologies Pvt.Ltd - POS25JUL ULGEBRAZ,545,EUR,5.00,0.00,5.00,0.00,"94,312.17"
25 Jul 2023,Spend Money,MyInterview - P2407AU 79.00@0.90037,553,EUR,71.13,0.00,71.13,0.00,"94,383.30"
26 Jul 2023,Spend Money,TradingView - P2507US 36.84@0.90743,553,EUR,33.43,0.00,33.43,0.00,"94,416.73"
27 Jul 2023,Spend Money,CARD - Google - POS25JUL Google Payme,545,EUR,9.99,0.00,9.99,0.00,"94,426.72"
27 Jul 2023,Spend Money,Hubspot - POS26JUL HS_Ireland,545,EUR,688.80,0.00,688.80,0.00,"95,115.52"
31 Jul 2023,Payable Invoice,Fidelo - Fidelo SIS,9572,EUR,536.90,0.00,536.90,0.00,"95,652.42"
31 Jul 2023,Spend Money,GODADDY - Domains,,EUR,188.33,0.00,188.33,0.00,"95,840.75"
31 Jul 2023,Manual Journal,Monthly journals to spread adjustments across 2023,#59502,EUR,15.66,0.00,15.66,0.00,"95,856.41"
31 Jul 2023,Manual Journal,Monthly journals to spread adjustments across 2023,#59502,EUR,196.80,0.00,196.80,0.00,"96,053.21"
31 Jul 2023,Manual Journal,Monthly journals to spread adjustments across 2023,#59502,EUR,20.83,0.00,20.83,0.00,"96,074.04"
31 Jul 2023,Manual Journal,Monthly journals to spread adjustments across 2023,#59502,EUR,3.22,0.00,3.22,0.00,"96,077.26"
31 Jul 2023,Manual Journal,Monthly journals to spread adjustments across 2023,#59502,EUR,4.71,0.00,4.71,0.00,"96,081.97"
31 Jul 2023,Manual Journal,Monthly journals to spread adjustments across 2023,#59502,EUR,0.92,0.00,0.92,0.00,"96,082.89"
31 Jul 2023,Manual Journal,Monthly journals to spread adjustments across 2023,#59502,EUR,1.47,0.00,1.47,0.00,"96,084.36"
02 Aug 2023,Spend Money,MEssageBird - POS01AUG MESSAGEBIRD.,545,EUR,73.80,0.00,73.80,0.00,"96,158.16"
02 Aug 2023,Spend Money,CARD - Google - Google Apps Bus,545,EUR,125.36,0.00,125.36,0.00,"96,283.52"
02 Aug 2023,Spend Money,DigitalOcean - Hosting,,EUR,62.66,0.00,62.66,0.00,"96,346.18"
03 Aug 2023,Spend Money,Zoho - POS02AUG ZOHO-RECRUIT,545,EUR,36.90,0.00,36.90,0.00,"96,383.08"
03 Aug 2023,Spend Money,LU Software Query - P0308LU 19.80@0.91616,553,EUR,18.14,0.00,18.14,0.00,"96,401.22"
08 Aug 2023,Spend Money,TradingView - P0408US 36.84@0.91476,553,EUR,33.70,0.00,33.70,0.00,"96,434.92"
10 Aug 2023,Spend Money,zapier - P0908US 29.99@0.91530,553,EUR,27.45,0.00,27.45,0.00,"96,462.37"
10 Aug 2023,Spend Money,Huge Domains - P0908US328.95@0.91515,553,EUR,301.04,0.00,301.04,0.00,"96,763.41"
10 Aug 2023,Spend Money,GODADDY - Domains,,EUR,72.22,0.00,72.22,0.00,"96,835.63"
14 Aug 2023,Spend Money,Zoho - Recuitment HRM Software,,EUR,29.70,0.00,29.70,0.00,"96,865.33"
14 Aug 2023,Spend Money,MiniExtensions - HostMatch Form,,EUR,136.21,0.00,136.21,0.00,"97,001.54"
14 Aug 2023,Spend Money,GODADDY - Domains,,EUR,24.93,0.00,24.93,0.00,"97,026.47"
14 Aug 2023,Spend Money,Unknown - P1108US 49.99@0.91198,553,EUR,45.59,0.00,45.59,0.00,"97,072.06"
15 Aug 2023,Spend Money,Expenses app charges - Expenses app charges,,EUR,10.00,0.00,10.00,0.00,"97,082.06"
16 Aug 2023,Spend Money,MEssageBird - POS14AUG MESSAGEBIRD.,545,EUR,30.75,0.00,30.75,0.00,"97,112.81"
16 Aug 2023,Spend Money,GODADDY - Domains,,EUR,25.08,0.00,25.08,0.00,"97,137.89"
17 Aug 2023,Spend Money,CY Query - P1508CY 12.95@0.91969,553,EUR,11.91,0.00,11.91,0.00,"97,149.80"
17 Aug 2023,Spend Money,GODADDY - Domains,,EUR,13.57,0.00,13.57,0.00,"97,163.37"
18 Aug 2023,Spend Money,"Xero Subscription - CARD - ULearn. Monthly Subscription, Standard Price Plan, 17 Jul 2022 to 16 Aug 2022.",,EUR,36.80,0.00,36.80,0.00,"97,200.17"
21 Aug 2023,Spend Money,CARD - Google - POS17AUG Google Payme,545,EUR,9.99,0.00,9.99,0.00,"97,210.16"
22 Aug 2023,Spend Money,ADOBE - POS21AUG ADOBE STOCK,545,EUR,36.89,0.00,36.89,0.00,"97,247.05"
22 Aug 2023,Spend Money,ZOOM - POS21AUG ZOOM.US 888-,545,EUR,18.44,0.00,18.44,0.00,"97,265.49"
23 Aug 2023,Spend Money,ADOBE - POS22AUG ADOBE CREATI,545,EUR,30.74,0.00,30.74,0.00,"97,296.23"
24 Aug 2023,Spend Money,Flickr - POS23AUG FLICKR PRO M,545,EUR,7.49,0.00,7.49,0.00,"97,303.72"
24 Aug 2023,Spend Money,Airtable - database,DBAA7B75-0003,EUR,2.25,0.00,2.25,0.00,"97,305.97"
24 Aug 2023,Spend Money,Unknown - P2308US 15.00@0.92333,553,EUR,13.85,0.00,13.85,0.00,"97,319.82"
25 Aug 2023,Spend Money,Ulgebraz Technologies Pvt.Ltd - POS25AUG ULGEBRAZ,545,EUR,5.00,0.00,5.00,0.00,"97,324.82"
25 Aug 2023,Spend Money,MyInterview - P2408AU 79.00@0.92594,553,EUR,73.15,0.00,73.15,0.00,"97,397.97"
28 Aug 2023,Spend Money,Hubspot - POS26AUG HS_Ireland,545,EUR,688.80,0.00,688.80,0.00,"98,086.77"
28 Aug 2023,Spend Money,TradingView - P2508US 36.84@0.92915,553,EUR,34.23,0.00,34.23,0.00,"98,121.00"
30 Aug 2023,Spend Money,MEssageBird - POS29AUG MESSAGEBIRD.,545,EUR,30.75,0.00,30.75,0.00,"98,151.75"
31 Aug 2023,Payable Invoice,Fidelo - Student Information Sytem,9701,EUR,506.15,0.00,506.15,0.00,"98,657.90"
31 Aug 2023,Spend Money,Promova - Language Learning Website,,EUR,49.99,0.00,49.99,0.00,"98,707.89"
31 Aug 2023,Manual Journal,Monthly journals to spread adjustments across 2023,#59504,EUR,15.66,0.00,15.66,0.00,"98,723.55"
31 Aug 2023,Manual Journal,Monthly journals to spread adjustments across 2023,#59504,EUR,196.80,0.00,196.80,0.00,"98,920.35"
31 Aug 2023,Manual Journal,Monthly journals to spread adjustments across 2023,#59504,EUR,20.83,0.00,20.83,0.00,"98,941.18"
31 Aug 2023,Manual Journal,Monthly journals to spread adjustments across 2023,#59504,EUR,3.22,0.00,3.22,0.00,"98,944.40"
31 Aug 2023,Manual Journal,Monthly journals to spread adjustments across 2023,#59504,EUR,4.71,0.00,4.71,0.00,"98,949.11"
31 Aug 2023,Manual Journal,Monthly journals to spread adjustments across 2023,#59504,EUR,0.92,0.00,0.92,0.00,"98,950.03"
31 Aug 2023,Manual Journal,Monthly journals to spread adjustments across 2023,#59504,EUR,1.47,0.00,1.47,0.00,"98,951.50"
01 Sept 2023,Spend Money,DigitalOcean - Hosting,,EUR,1.14,0.00,1.14,0.00,"98,952.64"
04 Sept 2023,Spend Money,MEssageBird - POS01SEP MESSAGEBIRD.,545,EUR,73.80,0.00,73.80,0.00,"99,026.44"
04 Sept 2023,Spend Money,CARD - Google - Google Apps Bus,545,EUR,172.16,0.00,172.16,0.00,"99,198.60"
04 Sept 2023,Spend Money,Zoho - POS02SEP ZOHO-RECRUIT,545,EUR,36.90,0.00,36.90,0.00,"99,235.50"
04 Sept 2023,Spend Money,LU Software Query - P0209LU 19.80@0.92878,553,EUR,18.39,0.00,18.39,0.00,"99,253.89"
05 Sept 2023,Spend Money,TradingView - P0409US 36.84@0.92861,553,EUR,34.21,0.00,34.21,0.00,"99,288.10"
11 Sept 2023,Spend Money,zapier - P0909US 29.99@0.93531,553,EUR,28.05,0.00,28.05,0.00,"99,316.15"
11 Sept 2023,Spend Money,Huge Domains - P0909US328.95@0.93527,553,EUR,307.66,0.00,307.66,0.00,"99,623.81"
12 Sept 2023,Spend Money,Zoho - POS11SEP ZOHO-PEOPLE,545,EUR,29.70,0.00,29.70,0.00,"99,653.51"
12 Sept 2023,Spend Money,Unknown - P1109US 49.99@0.93518,553,EUR,46.75,0.00,46.75,0.00,"99,700.26"
13 Sept 2023,Spend Money,A2 Hosting - POS12SEP A2WEBHOST* I,545,EUR,419.53,0.00,419.53,0.00,"100,119.79"
13 Sept 2023,Spend Money,MiniExtensions - HostMatch Form,,EUR,139.17,0.00,139.17,0.00,"100,258.96"
15 Sept 2023,Spend Money,Expenses app charges - Expenses app charges,,EUR,15.00,0.00,15.00,0.00,"100,273.96"
18 Sept 2023,Spend Money,Xero Subscription - CARD - P1709US 40.00@0.94075,553,EUR,37.63,0.00,37.63,0.00,"100,311.59"
18 Sept 2023,Spend Money,CY Query - P1509CY 12.95@0.94054,553,EUR,12.18,0.00,12.18,0.00,"100,323.77"
18 Sept 2023,Spend Money,GODADDY - domains,,EUR,58.05,0.00,58.05,0.00,"100,381.82"
18 Sept 2023,Spend Money,GODADDY - domains,,EUR,26.59,0.00,26.59,0.00,"100,408.41"
19 Sept 2023,Spend Money,CARD - Google - POS17SEP Google Payme,545,EUR,9.99,0.00,9.99,0.00,"100,418.40"
20 Sept 2023,Spend Money,CARD - Google - POS19SEP Google Payme,545,EUR,3.99,0.00,3.99,0.00,"100,422.39"
22 Sept 2023,Spend Money,ADOBE - POS21SEP ADOBE STOCK,545,EUR,36.89,0.00,36.89,0.00,"100,459.28"
22 Sept 2023,Spend Money,ZOOM - POS21SEP ZOOM.US 888-,545,EUR,18.44,0.00,18.44,0.00,"100,477.72"
25 Sept 2023,Spend Money,MEssageBird - POS22SEP MESSAGEBIRD.,545,EUR,30.75,0.00,30.75,0.00,"100,508.47"
25 Sept 2023,Spend Money,Ulgebraz Technologies Pvt.Ltd - POS25SEP ULGEBRAZ,545,EUR,5.00,0.00,5.00,0.00,"100,513.47"
25 Sept 2023,Spend Money,ADOBE - POS22SEP ADOBE CREATI,545,EUR,30.74,0.00,30.74,0.00,"100,544.21"
25 Sept 2023,Spend Money,Flickr - POS23SEP FLICKR PRO M,545,EUR,7.49,0.00,7.49,0.00,"100,551.70"
25 Sept 2023,Spend Money,MyInterview - P2409AU 79.00@0.94227,553,EUR,74.44,0.00,74.44,0.00,"100,626.14"
25 Sept 2023,Spend Money,Blacknight - Webhost Domains,,EUR,66.97,0.00,66.97,0.00,"100,693.11"
25 Sept 2023,Spend Money,Airtable - database,DBAA7B75-0004,EUR,22.61,0.00,22.61,0.00,"100,715.72"
25 Sept 2023,Spend Money,Unknown - P2309US 15.00@0.94200,553,EUR,14.13,0.00,14.13,0.00,"100,729.85"
26 Sept 2023,Spend Money,TradingView - P2509US 36.84@0.94598,553,EUR,34.85,0.00,34.85,0.00,"100,764.70"
26 Sept 2023,Spend Money,Blacknight - Webhost Domains,,EUR,34.43,0.00,34.43,0.00,"100,799.13"
27 Sept 2023,Spend Money,Hubspot - POS26SEP HS_Ireland,545,EUR,688.80,0.00,688.80,0.00,"101,487.93"
30 Sept 2023,Payable Invoice,Fidelo - Fidelo SIS,9820,EUR,506.15,0.00,506.15,0.00,"101,994.08"
30 Sept 2023,Manual Journal,Monthly journals to spread adjustments across 2023,#59506,EUR,15.66,0.00,15.66,0.00,"102,009.74"
30 Sept 2023,Manual Journal,Monthly journals to spread adjustments across 2023,#59506,EUR,196.80,0.00,196.80,0.00,"102,206.54"
30 Sept 2023,Manual Journal,Monthly journals to spread adjustments across 2023,#59506,EUR,20.83,0.00,20.83,0.00,"102,227.37"
30 Sept 2023,Manual Journal,Monthly journals to spread adjustments across 2023,#59506,EUR,3.22,0.00,3.22,0.00,"102,230.59"
30 Sept 2023,Manual Journal,Monthly journals to spread adjustments across 2023,#59506,EUR,4.71,0.00,4.71,0.00,"102,235.30"
30 Sept 2023,Manual Journal,Monthly journals to spread adjustments across 2023,#59506,EUR,0.92,0.00,0.92,0.00,"102,236.22"
30 Sept 2023,Manual Journal,Monthly journals to spread adjustments across 2023,#59506,EUR,1.47,0.00,1.47,0.00,"102,237.69"
02 Oct 2023,Spend Money,MEssageBird - POS01OCT MESSAGEBIRD.,545,EUR,73.80,0.00,73.80,0.00,"102,311.49"
02 Oct 2023,Spend Money,CARD - Google - POS01OCT Google GSUIT,545,EUR,179.09,0.00,179.09,0.00,"102,490.58"
03 Oct 2023,Spend Money,Zoho - HRM Software,,EUR,36.90,0.00,36.90,0.00,"102,527.48"
03 Oct 2023,Spend Money,LU Software Query - P0210LU 19.29@0.94764,553,EUR,18.28,0.00,18.28,0.00,"102,545.76"
05 Oct 2023,Spend Money,TradingView - P0410US 36.84@0.95684,553,EUR,35.25,0.00,35.25,0.00,"102,581.01"
10 Oct 2023,Spend Money,zapier - P0910US 29.99@0.95398,553,EUR,28.61,0.00,28.61,0.00,"102,609.62"
10 Oct 2023,Spend Money,Huge Domains - P0910US328.95@0.95409,553,EUR,313.85,0.00,313.85,0.00,"102,923.47"
11 Oct 2023,Spend Money,Ulgebraz Technologies Pvt.Ltd - POS10OCT ULGEBRAZ,545,EUR,20.00,0.00,20.00,0.00,"102,943.47"
12 Oct 2023,Spend Money,Zoho - Recuitment HRM Software,,EUR,29.70,0.00,29.70,0.00,"102,973.17"
12 Oct 2023,Spend Money,Unknown - P1110US 49.99@0.94758,553,EUR,47.37,0.00,47.37,0.00,"103,020.54"
13 Oct 2023,Spend Money,MiniExtensions - HostMatch Form,,EUR,140.86,0.00,140.86,0.00,"103,161.40"
13 Oct 2023,Spend Money,GODADDY - Domains,,EUR,26.94,0.00,26.94,0.00,"103,188.34"
15 Oct 2023,Spend Money,Expenses app charges - Expenses app charges,,EUR,10.00,0.00,10.00,0.00,"103,198.34"
16 Oct 2023,Spend Money,CY Query - P1510CY 12.95@0.95289,553,EUR,12.34,0.00,12.34,0.00,"103,210.68"
16 Oct 2023,Spend Money,GODADDY - Domains,,EUR,45.70,0.00,45.70,0.00,"103,256.38"
17 Oct 2023,Spend Money,GODADDY - Domains,,EUR,14.06,0.00,14.06,0.00,"103,270.44"
18 Oct 2023,Spend Money,Hubspot - POS18OCT HS_Ireland,545,EUR,777.28,0.00,777.28,0.00,"104,047.72"
18 Oct 2023,Spend Money,Xero Subscription - CARD - P1710US 40.00@0.95225,553,EUR,38.09,0.00,38.09,0.00,"104,085.81"
19 Oct 2023,Spend Money,CARD - Google - POS17OCT Google Payme,545,EUR,9.99,0.00,9.99,0.00,"104,095.80"
20 Oct 2023,Spend Money,Ulgebraz Technologies Pvt.Ltd - POS19OCT ULGEBRAZ,545,EUR,40.00,0.00,40.00,0.00,"104,135.80"
20 Oct 2023,Spend Money,A2 Hosting - POS19OCT A2WEBHOST* I,545,EUR,58.18,0.00,58.18,0.00,"104,193.98"
23 Oct 2023,Spend Money,ADOBE - POS21OCT ADOBE SYSTEM,545,EUR,36.89,0.00,36.89,0.00,"104,230.87"
23 Oct 2023,Spend Money,ADOBE - POS22OCT ADOBE SYSTEM,545,EUR,30.74,0.00,30.74,0.00,"104,261.61"
23 Oct 2023,Spend Money,ZOOM - POS21OCT ZOOM.US 888-,545,EUR,18.44,0.00,18.44,0.00,"104,280.05"
24 Oct 2023,Spend Money,MEssageBird - POS23OCT MESSAGEBIRD.,545,EUR,30.75,0.00,30.75,0.00,"104,310.80"
24 Oct 2023,Spend Money,Flickr - POS23OCT FLICKR PRO M,545,EUR,7.49,0.00,7.49,0.00,"104,318.29"
24 Oct 2023,Spend Money,Airtable - database,DBAA7B75-0005,EUR,22.72,0.00,22.72,0.00,"104,341.01"
24 Oct 2023,Spend Money,Unknown - P2310US 15.00@0.94666,553,EUR,14.20,0.00,14.20,0.00,"104,355.21"
25 Oct 2023,Spend Money,Ulgebraz Technologies Pvt.Ltd - POS25OCT ULGEBRAZ,545,EUR,5.00,0.00,5.00,0.00,"104,360.21"
25 Oct 2023,Spend Money,MyInterview - P2410AU 79.00@0.94620,553,EUR,74.75,0.00,74.75,0.00,"104,434.96"
26 Oct 2023,Spend Money,Hubspot - POS26OCT HS_Ireland,545,EUR,722.75,0.00,722.75,0.00,"105,157.71"
26 Oct 2023,Spend Money,TradingView - P2510US 36.84@0.94679,553,EUR,34.88,0.00,34.88,0.00,"105,192.59"
31 Oct 2023,Payable Invoice,Fidelo - Fidelo SIS,9949,EUR,463.10,0.00,463.10,0.00,"105,655.69"
31 Oct 2023,Manual Journal,Monthly journals to spread adjustments across 2023,#59508,EUR,15.66,0.00,15.66,0.00,"105,671.35"
31 Oct 2023,Manual Journal,Monthly journals to spread adjustments across 2023,#59508,EUR,196.80,0.00,196.80,0.00,"105,868.15"
31 Oct 2023,Manual Journal,Monthly journals to spread adjustments across 2023,#59508,EUR,20.83,0.00,20.83,0.00,"105,888.98"
31 Oct 2023,Manual Journal,Monthly journals to spread adjustments across 2023,#59508,EUR,3.22,0.00,3.22,0.00,"105,892.20"
31 Oct 2023,Manual Journal,Monthly journals to spread adjustments across 2023,#59508,EUR,4.71,0.00,4.71,0.00,"105,896.91"
31 Oct 2023,Manual Journal,Monthly journals to spread adjustments across 2023,#59508,EUR,0.92,0.00,0.92,0.00,"105,897.83"
31 Oct 2023,Manual Journal,Monthly journals to spread adjustments across 2023,#59508,EUR,1.47,0.00,1.47,0.00,"105,899.30"
01 Nov 2023,Spend Money,GODADDY - domains,,EUR,25.84,0.00,25.84,0.00,"105,925.14"
02 Nov 2023,Spend Money,MEssageBird - POS01NOV MESSAGEBIRD.,545,EUR,73.80,0.00,73.80,0.00,"105,998.94"
02 Nov 2023,Spend Money,CARD - Google - Google Apps Bus,545,EUR,179.09,0.00,179.09,0.00,"106,178.03"
03 Nov 2023,Spend Money,Zoho - POS03NOV ZOHO-RECRUIT,545,EUR,36.90,0.00,36.90,0.00,"106,214.93"
03 Nov 2023,Spend Money,LU Software Query - P0211LU 19.80@0.95101,553,EUR,18.83,0.00,18.83,0.00,"106,233.76"
06 Nov 2023,Spend Money,TradingView - P0411US 36.84@0.94218,553,EUR,34.71,0.00,34.71,0.00,"106,268.47"
08 Nov 2023,Payable Invoice,Fidelo - SIS,9957,EUR,461.25,0.00,461.25,0.00,"106,729.72"
10 Nov 2023,Spend Money,zapier - P0911US 29.99@0.93831,553,EUR,28.14,0.00,28.14,0.00,"106,757.86"
10 Nov 2023,Spend Money,Huge Domains - P0911US328.95@0.93825,553,EUR,308.64,0.00,308.64,0.00,"107,066.50"
13 Nov 2023,Spend Money,Zoho - POS12MAR ZOHO-PEOPLE,,EUR,29.70,0.00,29.70,0.00,"107,096.20"
13 Nov 2023,Spend Money,MiniExtensions - HostMatch Form,,EUR,139.85,0.00,139.85,0.00,"107,236.05"
13 Nov 2023,Spend Money,Unknown - P1111US 49.99@0.93858,553,EUR,46.92,0.00,46.92,0.00,"107,282.97"
15 Nov 2023,Spend Money,Expenses app charges - Expenses app charges,,EUR,10.00,0.00,10.00,0.00,"107,292.97"
16 Nov 2023,Spend Money,MEssageBird - POS29MAY MESSAGEBIRD.,,EUR,30.75,0.00,30.75,0.00,"107,323.72"
16 Nov 2023,Spend Money,CY Query - P1511CY 12.95@0.93513,553,EUR,12.11,0.00,12.11,0.00,"107,335.83"
17 Nov 2023,Spend Money,GODADDY - Domains,,EUR,13.62,0.00,13.62,0.00,"107,349.45"
17 Nov 2023,Payable Invoice,"Xero (NZ) Ltd - ULearn. Monthly Subscription, Standard Price Plan, 17 Oct 2023 to 14 Nov 2023.",IN-4692453,EUR,37.39,0.00,37.39,0.00,"107,386.84"
20 Nov 2023,Spend Money,Google - CARD - POS17NOV Google Payme,545,EUR,9.99,0.00,9.99,0.00,"107,396.83"
22 Nov 2023,Spend Money,ADOBE - POS21NOV ADOBE STOCK,545,EUR,36.89,0.00,36.89,0.00,"107,433.72"
23 Nov 2023,Spend Money,ADOBE - POS22NOV ADOBE CREATI,545,EUR,30.74,0.00,30.74,0.00,"107,464.46"
24 Nov 2023,Spend Money,Flickr - POS23SEP FLICKR PRO M,,EUR,7.49,0.00,7.49,0.00,"107,471.95"
24 Nov 2023,Spend Money,Airtable - database,,EUR,22.12,0.00,22.12,0.00,"107,494.07"
27 Nov 2023,Spend Money,Hubspot - POS26SEP HS_Ireland,,EUR,722.75,0.00,722.75,0.00,"108,216.82"
27 Nov 2023,Spend Money,Ulgebraz Technologies Pvt.Ltd - POS25NOV ULGEBRAZ,545,EUR,5.00,0.00,5.00,0.00,"108,221.82"
27 Nov 2023,Spend Money,Google - CARD - POS25NOV Google Payme,545,EUR,10.99,0.00,10.99,0.00,"108,232.81"
27 Nov 2023,Spend Money,TradingView - Trade Software,,EUR,33.82,0.00,33.82,0.00,"108,266.63"
30 Nov 2023,Payable Invoice,Fidelo - 5 users & Extended Teacher Login,10082,EUR,463.10,0.00,463.10,0.00,"108,729.73"
30 Nov 2023,Manual Journal,Monthly journals to spread adjustments across 2023,#59510,EUR,15.66,0.00,15.66,0.00,"108,745.39"
30 Nov 2023,Manual Journal,Monthly journals to spread adjustments across 2023,#59510,EUR,196.80,0.00,196.80,0.00,"108,942.19"
30 Nov 2023,Manual Journal,Monthly journals to spread adjustments across 2023,#59510,EUR,20.83,0.00,20.83,0.00,"108,963.02"
30 Nov 2023,Manual Journal,Monthly journals to spread adjustments across 2023,#59510,EUR,3.22,0.00,3.22,0.00,"108,966.24"
30 Nov 2023,Manual Journal,Monthly journals to spread adjustments across 2023,#59510,EUR,4.71,0.00,4.71,0.00,"108,970.95"
30 Nov 2023,Manual Journal,Monthly journals to spread adjustments across 2023,#59510,EUR,0.92,0.00,0.92,0.00,"108,971.87"
30 Nov 2023,Manual Journal,Monthly journals to spread adjustments across 2023,#59510,EUR,1.47,0.00,1.47,0.00,"108,973.34"
04 Dec 2023,Spend Money,MessageBird - POS01DEC MESSAGEBIRD.,545,EUR,36.90,0.00,36.90,0.00,"109,010.24"
04 Dec 2023,Spend Money,CARD - Google - Google Apps Bus,545,EUR,179.09,0.00,179.09,0.00,"109,189.33"
04 Dec 2023,Spend Money,Zoho - POS03DEC ZOHO-RECRUIT,545,EUR,36.90,0.00,36.90,0.00,"109,226.23"
11 Dec 2023,Spend Money,zapier - zapier,,EUR,27.97,0.00,27.97,0.00,"109,254.20"
11 Dec 2023,Spend Money,Huge Domains - P0912US328.95@0.93266,553,EUR,306.80,0.00,306.80,0.00,"109,561.00"
12 Dec 2023,Spend Money,Zoho - POS12MAR ZOHO-PEOPLE,,EUR,29.70,0.00,29.70,0.00,"109,590.70"
13 Dec 2023,Spend Money,MEssageBird - POS29MAY MESSAGEBIRD.,,EUR,30.75,0.00,30.75,0.00,"109,621.45"
13 Dec 2023,Spend Money,A2 Hosting - POS19OCT A2WEBHOST* I,,EUR,419.53,0.00,419.53,0.00,"110,040.98"
13 Dec 2023,Spend Money,MiniExtensions - HostMatch Form,,EUR,138.73,0.00,138.73,0.00,"110,179.71"
15 Dec 2023,Spend Money,Expenses app charges - Expenses app charges,,EUR,10.00,0.00,10.00,0.00,"110,189.71"
17 Dec 2023,Payable Invoice,"Xero (NZ) Ltd - ULearn. Monthly Subscription, Standard Price Plan, 17 Nov 2023 to 16 Dec 2023.",IN-4748761,EUR,42.25,0.00,42.25,0.00,"110,231.96"
18 Dec 2023,Spend Money,GODADDY - Domains,,EUR,13.55,0.00,13.55,0.00,"110,245.51"
19 Dec 2023,Spend Money,Google - CARD - POS17DEC Google Payme,545,EUR,9.99,0.00,9.99,0.00,"110,255.50"
22 Dec 2023,Payable Invoice,Fidelo - SIS,10107,EUR,86.10,0.00,86.10,0.00,"110,341.60"
22 Dec 2023,Payable Invoice,Fidelo - SIS ,10107,EUR,86.10,0.00,86.10,0.00,"110,427.70"
22 Dec 2023,Spend Money,ADOBE - POS21DEC ADOBE SYSTEM,545,EUR,36.89,0.00,36.89,0.00,"110,464.59"
28 Dec 2023,Spend Money,Ulgebraz Technologies Pvt.Ltd - POS25DEC ULGEBRAZ,545,EUR,5.00,0.00,5.00,0.00,"110,469.59"
28 Dec 2023,Spend Money,Google - CARD - POS25DEC GOOGLE*GOOGL,545,EUR,10.99,0.00,10.99,0.00,"110,480.58"
28 Dec 2023,Spend Money,Hubspot - POS26APR HS_Ireland,,EUR,722.75,0.00,722.75,0.00,"111,203.33"
28 Dec 2023,Spend Money,"Xero Subscription - CARD - ULearn. Monthly Subscription, Standard Price Plan, 17 Oct 2022 to 16 Nov 2022. ",,EUR,33.52,0.00,33.52,0.00,"111,236.85"
28 Dec 2023,Spend Money,Flickr - POS23DEC FLICKR PRO M,545,EUR,7.49,0.00,7.49,0.00,"111,244.34"
28 Dec 2023,Spend Money,ADOBE - POS22DEC ADOBE SYSTEM,545,EUR,30.74,0.00,30.74,0.00,"111,275.08"
28 Dec 2023,Spend Money,Airtable - database,,EUR,21.84,0.00,21.84,0.00,"111,296.92"
31 Dec 2023,Manual Journal,Reversal: Monthly journals to spread adjustments across 2023,#59505,EUR,0.00,15.66,0.00,15.66,"111,281.26"
31 Dec 2023,Manual Journal,Reversal: Monthly journals to spread adjustments across 2023,#59505,EUR,0.00,196.80,0.00,196.80,"111,084.46"
31 Dec 2023,Manual Journal,Reversal: Monthly journals to spread adjustments across 2023,#59505,EUR,0.00,20.83,0.00,20.83,"111,063.63"
31 Dec 2023,Manual Journal,Reversal: Monthly journals to spread adjustments across 2023,#59505,EUR,0.00,3.22,0.00,3.22,"111,060.41"
31 Dec 2023,Manual Journal,Reversal: Monthly journals to spread adjustments across 2023,#59505,EUR,0.00,4.71,0.00,4.71,"111,055.70"
31 Dec 2023,Manual Journal,Reversal: Monthly journals to spread adjustments across 2023,#59505,EUR,0.00,0.92,0.00,0.92,"111,054.78"
31 Dec 2023,Manual Journal,Reversal: Monthly journals to spread adjustments across 2023,#59505,EUR,0.00,1.47,0.00,1.47,"111,053.31"
31 Dec 2023,Manual Journal,Reversal: Monthly journals to spread adjustments across 2023,#59507,EUR,0.00,15.66,0.00,15.66,"111,037.65"
31 Dec 2023,Manual Journal,Reversal: Monthly journals to spread adjustments across 2023,#59507,EUR,0.00,196.80,0.00,196.80,"110,840.85"
31 Dec 2023,Manual Journal,Reversal: Monthly journals to spread adjustments across 2023,#59507,EUR,0.00,20.83,0.00,20.83,"110,820.02"
31 Dec 2023,Manual Journal,Reversal: Monthly journals to spread adjustments across 2023,#59507,EUR,0.00,3.22,0.00,3.22,"110,816.80"
31 Dec 2023,Manual Journal,Reversal: Monthly journals to spread adjustments across 2023,#59507,EUR,0.00,4.71,0.00,4.71,"110,812.09"
31 Dec 2023,Manual Journal,Reversal: Monthly journals to spread adjustments across 2023,#59507,EUR,0.00,0.92,0.00,0.92,"110,811.17"
31 Dec 2023,Manual Journal,Reversal: Monthly journals to spread adjustments across 2023,#59507,EUR,0.00,1.47,0.00,1.47,"110,809.70"
31 Dec 2023,Payable Invoice,Fidelo - SIS,10220,EUR,506.15,0.00,506.15,0.00,"111,315.85"
31 Dec 2023,Manual Journal,Year-end Journal 2023 - Last year Prepayment reversed,#58890,EUR,187.97,0.00,187.97,0.00,"111,503.82"
31 Dec 2023,Manual Journal,Year-end Journal 2023 - Fiverr - Web Dev iFrame reclassified from Consulting & Accounting (Professional Services),#58890,EUR,38.65,0.00,38.65,0.00,"111,542.47"
31 Dec 2023,Manual Journal,Year-end Journal 2023 - Marha Vakseca reclassified from Consulting & Accounting (Professional Services),#58890,EUR,250.00,0.00,250.00,0.00,"111,792.47"
31 Dec 2023,Manual Journal,Year-end Journal 2023 - Voodoo Web Solutions LTD - Web & Ad Services reclassified from Consulting & Accounting (Professional Services),#58890,EUR,"2,361.60",0.00,"2,361.60",0.00,"114,154.07"
31 Dec 2023,Manual Journal,Year-end Journal 2023 - GODADDY - Domains expenses reclassified from Misc. Expenses,#58890,EUR,17.59,0.00,17.59,0.00,"114,171.66"
31 Dec 2023,Manual Journal,Year-end Journal 2023 - Solocheck - Researching Company Accounts expenses reclassified from Misc. Expenses,#58890,EUR,11.07,0.00,11.07,0.00,"114,182.73"
31 Dec 2023,Manual Journal,Year-end Journal 2023 - Amazon Prime fee reclassified from Apartments Running Expns,#58890,EUR,56.49,0.00,56.49,0.00,"114,239.22"
31 Dec 2023,Manual Journal,Reversal: Monthly journals to spread adjustments across 2023,#59489,EUR,0.00,15.66,0.00,15.66,"114,223.56"
31 Dec 2023,Manual Journal,Reversal: Monthly journals to spread adjustments across 2023,#59489,EUR,0.00,196.80,0.00,196.80,"114,026.76"
31 Dec 2023,Manual Journal,Reversal: Monthly journals to spread adjustments across 2023,#59489,EUR,0.00,20.83,0.00,20.83,"114,005.93"
31 Dec 2023,Manual Journal,Reversal: Monthly journals to spread adjustments across 2023,#59489,EUR,0.00,3.22,0.00,3.22,"114,002.71"
31 Dec 2023,Manual Journal,Reversal: Monthly journals to spread adjustments across 2023,#59489,EUR,0.00,4.71,0.00,4.71,"113,998.00"
31 Dec 2023,Manual Journal,Reversal: Monthly journals to spread adjustments across 2023,#59489,EUR,0.00,0.92,0.00,0.92,"113,997.08"
31 Dec 2023,Manual Journal,Reversal: Monthly journals to spread adjustments across 2023,#59489,EUR,0.00,1.47,0.00,1.47,"113,995.61"
31 Dec 2023,Manual Journal,Reversal: Monthly journals to spread adjustments across 2023,#59493,EUR,0.00,15.66,0.00,15.66,"113,979.95"
31 Dec 2023,Manual Journal,Reversal: Monthly journals to spread adjustments across 2023,#59493,EUR,0.00,196.80,0.00,196.80,"113,783.15"
31 Dec 2023,Manual Journal,Reversal: Monthly journals to spread adjustments across 2023,#59493,EUR,0.00,20.83,0.00,20.83,"113,762.32"
31 Dec 2023,Manual Journal,Reversal: Monthly journals to spread adjustments across 2023,#59493,EUR,0.00,3.22,0.00,3.22,"113,759.10"
31 Dec 2023,Manual Journal,Reversal: Monthly journals to spread adjustments across 2023,#59493,EUR,0.00,4.71,0.00,4.71,"113,754.39"
31 Dec 2023,Manual Journal,Reversal: Monthly journals to spread adjustments across 2023,#59493,EUR,0.00,0.92,0.00,0.92,"113,753.47"
31 Dec 2023,Manual Journal,Reversal: Monthly journals to spread adjustments across 2023,#59493,EUR,0.00,1.47,0.00,1.47,"113,752.00"
31 Dec 2023,Manual Journal,Reversal: Monthly journals to spread adjustments across 2023,#59497,EUR,0.00,15.66,0.00,15.66,"113,736.34"
31 Dec 2023,Manual Journal,Reversal: Monthly journals to spread adjustments across 2023,#59497,EUR,0.00,196.80,0.00,196.80,"113,539.54"
31 Dec 2023,Manual Journal,Reversal: Monthly journals to spread adjustments across 2023,#59497,EUR,0.00,20.83,0.00,20.83,"113,518.71"
31 Dec 2023,Manual Journal,Reversal: Monthly journals to spread adjustments across 2023,#59497,EUR,0.00,3.22,0.00,3.22,"113,515.49"
31 Dec 2023,Manual Journal,Reversal: Monthly journals to spread adjustments across 2023,#59497,EUR,0.00,4.71,0.00,4.71,"113,510.78"
31 Dec 2023,Manual Journal,Reversal: Monthly journals to spread adjustments across 2023,#59497,EUR,0.00,0.92,0.00,0.92,"113,509.86"
31 Dec 2023,Manual Journal,Reversal: Monthly journals to spread adjustments across 2023,#59497,EUR,0.00,1.47,0.00,1.47,"113,508.39"
31 Dec 2023,Manual Journal,Reversal: Monthly journals to spread adjustments across 2023,#59499,EUR,0.00,15.66,0.00,15.66,"113,492.73"
31 Dec 2023,Manual Journal,Reversal: Monthly journals to spread adjustments across 2023,#59499,EUR,0.00,196.80,0.00,196.80,"113,295.93"
31 Dec 2023,Manual Journal,Reversal: Monthly journals to spread adjustments across 2023,#59499,EUR,0.00,20.83,0.00,20.83,"113,275.10"
31 Dec 2023,Manual Journal,Reversal: Monthly journals to spread adjustments across 2023,#59499,EUR,0.00,3.22,0.00,3.22,"113,271.88"
31 Dec 2023,Manual Journal,Reversal: Monthly journals to spread adjustments across 2023,#59499,EUR,0.00,4.71,0.00,4.71,"113,267.17"
31 Dec 2023,Manual Journal,Reversal: Monthly journals to spread adjustments across 2023,#59499,EUR,0.00,0.92,0.00,0.92,"113,266.25"
31 Dec 2023,Manual Journal,Reversal: Monthly journals to spread adjustments across 2023,#59499,EUR,0.00,1.47,0.00,1.47,"113,264.78"
31 Dec 2023,Manual Journal,Reversal: Monthly journals to spread adjustments across 2023,#59503,EUR,0.00,15.66,0.00,15.66,"113,249.12"
31 Dec 2023,Manual Journal,Reversal: Monthly journals to spread adjustments across 2023,#59503,EUR,0.00,196.80,0.00,196.80,"113,052.32"
31 Dec 2023,Manual Journal,Reversal: Monthly journals to spread adjustments across 2023,#59503,EUR,0.00,20.83,0.00,20.83,"113,031.49"
31 Dec 2023,Manual Journal,Reversal: Monthly journals to spread adjustments across 2023,#59503,EUR,0.00,3.22,0.00,3.22,"113,028.27"
31 Dec 2023,Manual Journal,Reversal: Monthly journals to spread adjustments across 2023,#59503,EUR,0.00,4.71,0.00,4.71,"113,023.56"
31 Dec 2023,Manual Journal,Reversal: Monthly journals to spread adjustments across 2023,#59503,EUR,0.00,0.92,0.00,0.92,"113,022.64"
31 Dec 2023,Manual Journal,Reversal: Monthly journals to spread adjustments across 2023,#59503,EUR,0.00,1.47,0.00,1.47,"113,021.17"
31 Dec 2023,Manual Journal,Reversal: Monthly journals to spread adjustments across 2023,#59509,EUR,0.00,15.66,0.00,15.66,"113,005.51"
31 Dec 2023,Manual Journal,Reversal: Monthly journals to spread adjustments across 2023,#59509,EUR,0.00,196.80,0.00,196.80,"112,808.71"
31 Dec 2023,Manual Journal,Reversal: Monthly journals to spread adjustments across 2023,#59509,EUR,0.00,20.83,0.00,20.83,"112,787.88"
31 Dec 2023,Manual Journal,Reversal: Monthly journals to spread adjustments across 2023,#59509,EUR,0.00,3.22,0.00,3.22,"112,784.66"
31 Dec 2023,Manual Journal,Reversal: Monthly journals to spread adjustments across 2023,#59509,EUR,0.00,4.71,0.00,4.71,"112,779.95"
31 Dec 2023,Manual Journal,Reversal: Monthly journals to spread adjustments across 2023,#59509,EUR,0.00,0.92,0.00,0.92,"112,779.03"
31 Dec 2023,Manual Journal,Reversal: Monthly journals to spread adjustments across 2023,#59509,EUR,0.00,1.47,0.00,1.47,"112,777.56"
31 Dec 2023,Manual Journal,Reversal: Monthly journals to spread adjustments across 2023,#59491,EUR,0.00,15.66,0.00,15.66,"112,761.90"
31 Dec 2023,Manual Journal,Reversal: Monthly journals to spread adjustments across 2023,#59491,EUR,0.00,196.80,0.00,196.80,"112,565.10"
31 Dec 2023,Manual Journal,Reversal: Monthly journals to spread adjustments across 2023,#59491,EUR,0.00,20.83,0.00,20.83,"112,544.27"
31 Dec 2023,Manual Journal,Reversal: Monthly journals to spread adjustments across 2023,#59491,EUR,0.00,3.22,0.00,3.22,"112,541.05"
31 Dec 2023,Manual Journal,Reversal: Monthly journals to spread adjustments across 2023,#59491,EUR,0.00,4.71,0.00,4.71,"112,536.34"
31 Dec 2023,Manual Journal,Reversal: Monthly journals to spread adjustments across 2023,#59491,EUR,0.00,0.92,0.00,0.92,"112,535.42"
31 Dec 2023,Manual Journal,Reversal: Monthly journals to spread adjustments across 2023,#59491,EUR,0.00,1.47,0.00,1.47,"112,533.95"
31 Dec 2023,Manual Journal,Reversal: Monthly journals to spread adjustments across 2023,#59495,EUR,0.00,15.66,0.00,15.66,"112,518.29"
31 Dec 2023,Manual Journal,Reversal: Monthly journals to spread adjustments across 2023,#59495,EUR,0.00,196.80,0.00,196.80,"112,321.49"
31 Dec 2023,Manual Journal,Reversal: Monthly journals to spread adjustments across 2023,#59495,EUR,0.00,20.83,0.00,20.83,"112,300.66"
31 Dec 2023,Manual Journal,Reversal: Monthly journals to spread adjustments across 2023,#59495,EUR,0.00,3.22,0.00,3.22,"112,297.44"
31 Dec 2023,Manual Journal,Reversal: Monthly journals to spread adjustments across 2023,#59495,EUR,0.00,4.71,0.00,4.71,"112,292.73"
31 Dec 2023,Manual Journal,Reversal: Monthly journals to spread adjustments across 2023,#59495,EUR,0.00,0.92,0.00,0.92,"112,291.81"
31 Dec 2023,Manual Journal,Reversal: Monthly journals to spread adjustments across 2023,#59495,EUR,0.00,1.47,0.00,1.47,"112,290.34"
31 Dec 2023,Manual Journal,Reversal: Monthly journals to spread adjustments across 2023,#59501,EUR,0.00,15.66,0.00,15.66,"112,274.68"
31 Dec 2023,Manual Journal,Reversal: Monthly journals to spread adjustments across 2023,#59501,EUR,0.00,196.80,0.00,196.80,"112,077.88"
31 Dec 2023,Manual Journal,Reversal: Monthly journals to spread adjustments across 2023,#59501,EUR,0.00,20.83,0.00,20.83,"112,057.05"
31 Dec 2023,Manual Journal,Reversal: Monthly journals to spread adjustments across 2023,#59501,EUR,0.00,3.22,0.00,3.22,"112,053.83"
31 Dec 2023,Manual Journal,Reversal: Monthly journals to spread adjustments across 2023,#59501,EUR,0.00,4.71,0.00,4.71,"112,049.12"
31 Dec 2023,Manual Journal,Reversal: Monthly journals to spread adjustments across 2023,#59501,EUR,0.00,0.92,0.00,0.92,"112,048.20"
31 Dec 2023,Manual Journal,Reversal: Monthly journals to spread adjustments across 2023,#59501,EUR,0.00,1.47,0.00,1.47,"112,046.73"
02 Jan 2024,Spend Money,CARD - Google - Google Apps Bus,545,EUR,179.09,0.00,179.09,0.00,"112,225.82"
02 Jan 2024,Spend Money,MessageBird - POS01JAN MESSAGEBIRD.,545,EUR,36.90,0.00,36.90,0.00,"112,262.72"
03 Jan 2024,Spend Money,CARD - Google - POS02JAN Google Payme,545,EUR,4.99,0.00,4.99,0.00,"112,267.71"
03 Jan 2024,Spend Money,Zoho - POS03MAR ZOHO-RECRUIT,,EUR,36.90,0.00,36.90,0.00,"112,304.61"
09 Jan 2024,Spend Money,MessageBird - POS09JAN MESSAGEBIRD.,545,EUR,30.75,0.00,30.75,0.00,"112,335.36"
10 Jan 2024,Spend Money,Huge Domains - P0901US328.95@0.91567,553,EUR,301.21,0.00,301.21,0.00,"112,636.57"
10 Jan 2024,Spend Money,zapier - ZAPS,,EUR,27.46,0.00,27.46,0.00,"112,664.03"
11 Jan 2024,Spend Money,Ulgebraz Technologies Pvt.Ltd - POS10JAN ULGEBRAZ,545,EUR,20.00,0.00,20.00,0.00,"112,684.03"
11 Jan 2024,Spend Money,GODADDY - domains,,EUR,6.75,0.00,6.75,0.00,"112,690.78"
12 Jan 2024,Spend Money,Zoho - POS11APR ZOHO-PEOPLE,,EUR,29.70,0.00,29.70,0.00,"112,720.48"
15 Jan 2024,Spend Money,Unknown - Authorisation TXN..?,,EUR,1.00,0.00,1.00,0.00,"112,721.48"
15 Jan 2024,Spend Money,Unknown - Authorisation TXN..?,,EUR,1.00,0.00,1.00,0.00,"112,722.48"
15 Jan 2024,Spend Money,MiniExtensions - HostMatch Form,,EUR,136.35,0.00,136.35,0.00,"112,858.83"
15 Jan 2024,Spend Money,GODADDY - Domains,,EUR,134.85,0.00,134.85,0.00,"112,993.68"
17 Jan 2024,Spend Money,GODADDY - domains,,EUR,13.58,0.00,13.58,0.00,"113,007.26"
17 Jan 2024,Payable Invoice,"Xero (NZ) Ltd - ULearn. Monthly Subscription, Standard Price Plan, 17 Dec 2023 to 16 Jan 2024.",IN-4810453,EUR,42.36,0.00,42.36,0.00,"113,049.62"
18 Jan 2024,Spend Money,Fidelo - TO FIDELO SOFTWARE,537,EUR,"8,610.00",0.00,"8,610.00",0.00,"121,659.62"
18 Jan 2024,Spend Money,Fidelo - TO FIDELO SOFTWARE,537,EUR,"50,615.00",0.00,"50,615.00",0.00,"172,274.62"
19 Jan 2024,Spend Money,CARD - Google - POS17JAN Google Payme,545,EUR,9.99,0.00,9.99,0.00,"172,284.61"
22 Jan 2024,Receive Money,Fidelo - RTN FIDELO SOFTWAR SP,931,EUR,0.00,"8,610.00",0.00,"8,610.00","163,674.61"
22 Jan 2024,Receive Money,Fidelo - RTN FIDELO SOFTWAR SP,931,EUR,0.00,"50,615.00",0.00,"50,615.00","113,059.61"
22 Jan 2024,Spend Money,Ulgebraz Technologies Pvt.Ltd - POS10JAN ULGEBRAZ,,EUR,40.00,0.00,40.00,0.00,"113,099.61"
23 Jan 2024,Spend Money,Flickr - POS23JAN FLICKR PRO M,545,EUR,8.49,0.00,8.49,0.00,"113,108.10"
24 Jan 2024,Spend Money,ADOBE - POS23JAN ADOBE SYSTEM,545,EUR,36.89,0.00,36.89,0.00,"113,144.99"
24 Jan 2024,Spend Money,ADOBE - POS23JAN ADOBE SYSTEM,545,EUR,30.74,0.00,30.74,0.00,"113,175.73"
24 Jan 2024,Spend Money,Airtable - P0308LU 19.80@0.91616,,EUR,22.06,0.00,22.06,0.00,"113,197.79"
25 Jan 2024,Spend Money,Ulgebraz Technologies Pvt.Ltd - POS25JAN ULGEBRAZ,545,EUR,5.00,0.00,5.00,0.00,"113,202.79"
26 Jan 2024,Spend Money,TradingView,,EUR,34.05,0.00,34.05,0.00,"113,236.84"
29 Jan 2024,Spend Money,CARD - Google - POS25JAN Google Payme,545,EUR,10.99,0.00,10.99,0.00,"113,247.83"
29 Jan 2024,Spend Money,Hubspot - HubSpot,,EUR,722.75,0.00,722.75,0.00,"113,970.58"
30 Jan 2024,Spend Money,MEssageBird - POS29MAY MESSAGEBIRD.,,EUR,30.75,0.00,30.75,0.00,"114,001.33"
31 Jan 2024,Payable Invoice,Fidelo - Jan SIS & Student App,10359,EUR,519.80,0.00,519.80,0.00,"114,521.13"
01 Feb 2024,Payable Invoice,DigitalOcean - Hosting $16.95,478856763,EUR,15.70,0.00,15.70,0.00,"114,536.83"
02 Feb 2024,Spend Money,MEssageBird - POS29MAY MESSAGEBIRD.,,EUR,36.90,0.00,36.90,0.00,"114,573.73"
02 Feb 2024,Spend Money,CARD - Google - Google Apps Bus,,EUR,179.09,0.00,179.09,0.00,"114,752.82"
06 Feb 2024,Spend Money,CARD - Google - POS02JAN Google Payme,,EUR,4.99,0.00,4.99,0.00,"114,757.81"
06 Feb 2024,Spend Money,Zoho - POS03DEC ZOHO-RECRUIT,,EUR,36.90,0.00,36.90,0.00,"114,794.71"
12 Feb 2024,Spend Money,LUCIDCHART - Charting Software,,EUR,102.58,0.00,102.58,0.00,"114,897.29"
12 Feb 2024,Spend Money,Zoho - POS12MAR ZOHO-PEOPLE,,EUR,29.70,0.00,29.70,0.00,"114,926.99"
12 Feb 2024,Spend Money,Huge Domains - P0902US328.95@0.93108,553,EUR,306.28,0.00,306.28,0.00,"115,233.27"
12 Feb 2024,Spend Money,zapier - P0902US 29.99@0.93397,,EUR,27.92,0.00,27.92,0.00,"115,261.19"
13 Feb 2024,Spend Money,Lycamobile - SIM Credit - WhatsApp API Number,,EUR,5.00,0.00,5.00,0.00,"115,266.19"
13 Feb 2024,Spend Money,MiniExtensions - HostMatch Form,,EUR,138.48,0.00,138.48,0.00,"115,404.67"
17 Feb 2024,Payable Invoice,"Xero (NZ) Ltd - ULearn. Monthly Subscription, Standard Price Plan, 17 Jan 2024 to 16 Feb 2024.",IN-4870879,EUR,42.87,0.00,42.87,0.00,"115,447.54"
19 Feb 2024,Spend Money,Google - CARD - POS17FEB Google Payme,545,EUR,9.99,0.00,9.99,0.00,"115,457.53"
19 Feb 2024,Spend Money,Sony Playstation - Game for PS5,,EUR,79.99,0.00,79.99,0.00,"115,537.52"
19 Feb 2024,Spend Money,GODADDY - domains,,EUR,13.75,0.00,13.75,0.00,"115,551.27"
20 Feb 2024,Spend Money,MessageBird - POS19FEB MESSAGEBIRD.,545,EUR,30.75,0.00,30.75,0.00,"115,582.02"
22 Feb 2024,Spend Money,ADOBE - POS21FEB ADOBE SYSTEM,545,EUR,36.89,0.00,36.89,0.00,"115,618.91"
23 Feb 2024,Spend Money,Flickr - POS23FEB FLICKR PRO M,,EUR,8.49,0.00,8.49,0.00,"115,627.40"
23 Feb 2024,Spend Money,MyInterview - P2408AU 79.00@0.92594,,EUR,22.22,0.00,22.22,0.00,"115,649.62"
23 Feb 2024,Spend Money,ADOBE - POS22FEB ADOBE SYSTEM,545,EUR,30.74,0.00,30.74,0.00,"115,680.36"
27 Feb 2024,Spend Money,Google - CARD - POS25FEB Google Payme,545,EUR,10.99,0.00,10.99,0.00,"115,691.35"
27 Feb 2024,Spend Money,Ulgebraz Technologies Pvt.Ltd - POS19APR ULGEBRAZ,,EUR,10.00,0.00,10.00,0.00,"115,701.35"
27 Feb 2024,Spend Money,Hubspot - POS26FEB HS_Ireland,,EUR,722.75,0.00,722.75,0.00,"116,424.10"
27 Feb 2024,Spend Money,GODADDY - domains,,EUR,34.52,0.00,34.52,0.00,"116,458.62"
28 Feb 2024,Spend Money,GODADDY - Domains,,EUR,49.21,0.00,49.21,0.00,"116,507.83"
28 Feb 2024,Spend Money,Amazon Prime - Did Prime trial & forgot to cancel it :/,,EUR,5.54,0.00,5.54,0.00,"116,513.37"
29 Feb 2024,Payable Invoice,Fidelo - SIS ,10489,EUR,519.80,0.00,519.80,0.00,"117,033.17"
29 Feb 2024,Spend Money,GODADDY - Domains,,EUR,252.61,0.00,252.61,0.00,"117,285.78"
04 Mar 2024,Spend Money,MessageBird - POS01MAR MESSAGEBIRD.,545,EUR,36.90,0.00,36.90,0.00,"117,322.68"
04 Mar 2024,Spend Money,Google - CARD - POS01MAR Google GSUIT,545,EUR,179.09,0.00,179.09,0.00,"117,501.77"
04 Mar 2024,Spend Money,Google - CARD - POS01MAR Google Payme,545,EUR,4.99,0.00,4.99,0.00,"117,506.76"
04 Mar 2024,Spend Money,Zoho - POS03MAR ZOHO-RECRUIT,,EUR,36.90,0.00,36.90,0.00,"117,543.66"
08 Mar 2024,Spend Money,Google - CARD - POS07MAR Google Payme,545,EUR,11.99,0.00,11.99,0.00,"117,555.65"
11 Mar 2024,Spend Money,zapier - P0903US 29.99@0.95031,,EUR,27.47,0.00,27.47,0.00,"117,583.12"
12 Mar 2024,Spend Money,Zoho - POS12MAR ZOHO-PEOPLE,,EUR,29.70,0.00,29.70,0.00,"117,612.82"
12 Mar 2024,Spend Money,A2 Hosting - POS12MAR A2WEBHOST* I,,EUR,455.65,0.00,455.65,0.00,"118,068.47"
13 Mar 2024,Spend Money,MiniExtensions - HostMatch Form,,EUR,136.53,0.00,136.53,0.00,"118,205.00"
15 Mar 2024,Spend Money,Expenses app charges - Expenses app charges,,EUR,10.00,0.00,10.00,0.00,"118,215.00"
17 Mar 2024,Payable Invoice,"Xero (NZ) Ltd - ULearn. Monthly Subscription, Standard Price Plan, 17 Feb 2024 to 16 Mar 2024.",IN-4931440,EUR,42.31,0.00,42.31,0.00,"118,257.31"
19 Mar 2024,Spend Money,Google - CARD - POS17MAR Google Payme,545,EUR,9.99,0.00,9.99,0.00,"118,267.30"
19 Mar 2024,Spend Money,GODADDY - Domains,,EUR,13.57,0.00,13.57,0.00,"118,280.87"
21 Mar 2024,Spend Money,Google - CARD - POS19MAR Google Payme,545,EUR,0.49,0.00,0.49,0.00,"118,281.36"
22 Mar 2024,Spend Money,MessageBird - POS21MAR MESSAGEBIRD.,545,EUR,30.75,0.00,30.75,0.00,"118,312.11"
22 Mar 2024,Spend Money,ADOBE - POS21MAR Adobe,545,EUR,36.89,0.00,36.89,0.00,"118,349.00"
25 Mar 2024,Spend Money,ADOBE - POS22MAR ADOBE SYSTEM,545,EUR,30.74,0.00,30.74,0.00,"118,379.74"
27 Mar 2024,Spend Money,Ulgebraz Technologies Pvt.Ltd - POS19APR ULGEBRAZ,,EUR,10.00,0.00,10.00,0.00,"118,389.74"
27 Mar 2024,Spend Money,Hubspot - POS26MAR HS_Ireland,,EUR,722.75,0.00,722.75,0.00,"119,112.49"
28 Mar 2024,Spend Money,Carbonite - DD - PC Backup Software,may-24,EUR,109.10,0.00,109.10,0.00,"119,221.59"
28 Mar 2024,Spend Money,GODADDY - database,,EUR,57.09,0.00,57.09,0.00,"119,278.68"
31 Mar 2024,Payable Invoice,Fidelo - SIS,10614,EUR,433.70,0.00,433.70,0.00,"119,712.38"
02 Apr 2024,Spend Money,MessageBird - POS01APR MESSAGEBIRD.,,EUR,36.90,0.00,36.90,0.00,"119,749.28"
02 Apr 2024,Spend Money,CARD - Google - POS01APR Google GSUIT,,EUR,196.07,0.00,196.07,0.00,"119,945.35"
02 Apr 2024,Spend Money,Flickr - POS23FEB FLICKR PRO M,,EUR,8.49,0.00,8.49,0.00,"119,953.84"
02 Apr 2024,Spend Money,MyInterview - P2408AU 79.00@0.92594,,EUR,22.20,0.00,22.20,0.00,"119,976.04"
02 Apr 2024,Spend Money,DigitalOcean - Droplet Hosting,,EUR,54.84,0.00,54.84,0.00,"120,030.88"
03 Apr 2024,Spend Money,Zoho - POS02APR ZOHO-RECRUIT,,EUR,36.90,0.00,36.90,0.00,"120,067.78"
10 Apr 2024,Spend Money,Huge Domains - englishindublin.com,,EUR,608.10,0.00,608.10,0.00,"120,675.88"
10 Apr 2024,Spend Money,zapier - P0904US 29.99@0.91963,,EUR,27.72,0.00,27.72,0.00,"120,703.60"
11 Apr 2024,Spend Money,Ulgebraz Technologies Pvt.Ltd - POS19APR ULGEBRAZ,,EUR,20.00,0.00,20.00,0.00,"120,723.60"
12 Apr 2024,Spend Money,Zoho - POS11APR ZOHO-PEOPLE,,EUR,29.70,0.00,29.70,0.00,"120,753.30"
15 Apr 2024,Spend Money,Expenses app charges - Expenses app charges,,EUR,10.00,0.00,10.00,0.00,"120,763.30"
15 Apr 2024,Spend Money,MiniExtensions - HostMatch Form,,EUR,139.29,0.00,139.29,0.00,"120,902.59"
17 Apr 2024,Payable Invoice,"Xero (NZ) Ltd - ULearn. Monthly Subscription, Standard Price Plan, 17 Mar 2024 to 16 Apr 2024.",IN-4992327,EUR,43.40,0.00,43.40,0.00,"120,945.99"
17 Apr 2024,Spend Money,GODADDY - Domains,,EUR,13.92,0.00,13.92,0.00,"120,959.91"
18 Apr 2024,Spend Money,MessageBird - POS21MAR MESSAGEBIRD.,,EUR,30.75,0.00,30.75,0.00,"120,990.66"
19 Apr 2024,Spend Money,CARD - Google - POS17APR Google Payme,,EUR,9.99,0.00,9.99,0.00,"121,000.65"
22 Apr 2024,Spend Money,ADOBE - POS21MAR Adobe,,EUR,36.89,0.00,36.89,0.00,"121,037.54"
22 Apr 2024,Spend Money,Ulgebraz Technologies Pvt.Ltd - POS19APR ULGEBRAZ,,EUR,40.00,0.00,40.00,0.00,"121,077.54"
22 Apr 2024,Spend Money,Apple Inc - App for iPad,,EUR,22.99,0.00,22.99,0.00,"121,100.53"
22 Apr 2024,Spend Money,Apple Inc - App for iPad,,EUR,9.99,0.00,9.99,0.00,"121,110.52"
23 Apr 2024,Spend Money,ADOBE - POS22MAR ADOBE SYSTEM,,EUR,30.74,0.00,30.74,0.00,"121,141.26"
23 Apr 2024,Spend Money,Flickr - POS23APR FLICKR PRO M,,EUR,8.49,0.00,8.49,0.00,"121,149.75"
23 Apr 2024,Spend Money,Airtable - database,,EUR,22.59,0.00,22.59,0.00,"121,172.34"
26 Apr 2024,Spend Money,GODADDY - Hosting,1534579,EUR,230.39,0.00,230.39,0.00,"121,402.73"
29 Apr 2024,Spend Money,Ulgebraz Technologies Pvt.Ltd - POS19APR ULGEBRAZ,,EUR,10.00,0.00,10.00,0.00,"121,412.73"
29 Apr 2024,Spend Money,Hubspot - POS26APR HS_Ireland,,EUR,722.75,0.00,722.75,0.00,"122,135.48"
30 Apr 2024,Payable Invoice,Fidelo - Fidelo School Software,10771,EUR,519.80,0.00,519.80,0.00,"122,655.28"
30 Apr 2024,Spend Money,Apple Inc - App for iPad,,EUR,8.99,0.00,8.99,0.00,"122,664.27"
01 May 2024,Spend Money,DigitalOcean - Droplet Hosting,,EUR,55.37,0.00,55.37,0.00,"122,719.64"
01 May 2024,Spend Money,Unknown - P1111US 49.99@0.93858,,EUR,70.33,0.00,70.33,0.00,"122,789.97"
02 May 2024,Spend Money,MessageBird - POS01MAY MESSAGEBIRD.,,EUR,36.90,0.00,36.90,0.00,"122,826.87"
02 May 2024,Spend Money,CARD - Google - Google Apps Bus,,EUR,237.64,0.00,237.64,0.00,"123,064.51"
03 May 2024,Spend Money,Zoho - POS02MAY ZOHO-RECRUIT,,EUR,36.90,0.00,36.90,0.00,"123,101.41"
07 May 2024,Spend Money,GODADDY - DOMAINS,,EUR,5.71,0.00,5.71,0.00,"123,107.12"
07 May 2024,Spend Money,GODADDY - domains,,EUR,24.97,0.00,24.97,0.00,"123,132.09"
10 May 2024,Spend Money,Huge Domains - P0905US328.95@0.93169,553,EUR,306.48,0.00,306.48,0.00,"123,438.57"
10 May 2024,Spend Money,zapier - P0905US 29.99@0.90930,,EUR,27.94,0.00,27.94,0.00,"123,466.51"
10 May 2024,Spend Money,zapier - P0905US 29.99@0.90930,,EUR,25.43,0.00,25.43,0.00,"123,491.94"
13 May 2024,Spend Money,MiniExtensions - HostMatch Form,,EUR,138.50,0.00,138.50,0.00,"123,630.44"
13 May 2024,Spend Money,Zoho - POS11MAY ZOHO-PEOPLE,,EUR,29.70,0.00,29.70,0.00,"123,660.14"
15 May 2024,Spend Money,Expenses app charges - Expenses app charges,,EUR,10.00,0.00,10.00,0.00,"123,670.14"
17 May 2024,Payable Invoice,"Xero (NZ) Ltd - ULearn. Monthly Subscription, Standard Price Plan, 17 Apr 2024 to 16 May 2024.",IN-5053198,EUR,42.38,0.00,42.38,0.00,"123,712.52"
17 May 2024,Spend Money,GODADDY - DOMAIN,,EUR,13.59,0.00,13.59,0.00,"123,726.11"
20 May 2024,Spend Money,CARD - Google - Google GSuite Addons,,EUR,9.99,0.00,9.99,0.00,"123,736.10"
21 May 2024,Spend Money,MessageBird - POS01MAY MESSAGEBIRD.,,EUR,30.75,0.00,30.75,0.00,"123,766.85"
21 May 2024,Receive Money,CARD - Google - Gsuite User Add,,EUR,0.00,9.99,0.00,9.99,"123,756.86"
22 May 2024,Spend Money,ADOBE - POS21MAR Adobe,,EUR,36.89,0.00,36.89,0.00,"123,793.75"
23 May 2024,Spend Money,Flickr - POS23MAY FLICKR PRO M,,EUR,8.49,0.00,8.49,0.00,"123,802.24"
23 May 2024,Spend Money,ADOBE - POS22MAR ADOBE SYSTEM,,EUR,30.74,0.00,30.74,0.00,"123,832.98"
23 May 2024,Spend Money,Airtable - Database Software,,EUR,22.19,0.00,22.19,0.00,"123,855.17"
27 May 2024,Spend Money,Hubspot - POS26MAY HS_Ireland,,EUR,722.75,0.00,722.75,0.00,"124,577.92"
27 May 2024,Spend Money,Ulgebraz Technologies Pvt.Ltd - POS19APR ULGEBRAZ,,EUR,10.00,0.00,10.00,0.00,"124,587.92"
28 May 2024,Payable Invoice,Fidelo - Dev Work QR Code,10781,EUR,307.50,0.00,307.50,0.00,"124,895.42"
30 May 2024,Spend Money,Apple Inc - AudioVisual App,,EUR,8.99,0.00,8.99,0.00,"124,904.41"
31 May 2024,Spend Money,CARD - Google - POS17APR Google Payme,,EUR,1.99,0.00,1.99,0.00,"124,906.40"
31 May 2024,Payable Invoice,Fidelo - SIS ,10905,EUR,519.80,0.00,519.80,0.00,"125,426.20"
04 Jun 2024,Spend Money,Wistia Software company - Pro Video Hosting,,EUR,879.27,0.00,879.27,0.00,"126,305.47"
04 Jun 2024,Spend Money,Zoho - POS02JUN ZOHO-RECRUIT,,EUR,36.90,0.00,36.90,0.00,"126,342.37"
04 Jun 2024,Spend Money,CARD - Google - Google Apps Bus,,EUR,237.64,0.00,237.64,0.00,"126,580.01"
04 Jun 2024,Spend Money,MessageBird - POS01JUN MESSAGEBIRD.,,EUR,36.90,0.00,36.90,0.00,"126,616.91"
04 Jun 2024,Spend Money,DigitalOcean - May invoice,,EUR,54.62,0.00,54.62,0.00,"126,671.53"
10 Jun 2024,Spend Money,zapier - P0906US 29.99@0.92597,553,EUR,27.77,0.00,27.77,0.00,"126,699.30"
12 Jun 2024,Spend Money,Zoho - POS11MAY ZOHO-PEOPLE,,EUR,29.70,0.00,29.70,0.00,"126,729.00"
13 Jun 2024,Spend Money,A2 Hosting - POS12JUN A2WEBHOST* I,,EUR,455.65,0.00,455.65,0.00,"127,184.65"
13 Jun 2024,Spend Money,MiniExtensions - P1206US149.00@0.93302,553,EUR,139.02,0.00,139.02,0.00,"127,323.67"
14 Jun 2024,Spend Money,Expenses app charges - Expenses app charges,,EUR,10.00,0.00,10.00,0.00,"127,333.67"
17 Jun 2024,Spend Money,Apple Inc - AudioVisual App,,EUR,34.99,0.00,34.99,0.00,"127,368.66"
17 Jun 2024,Spend Money,Xero Subscription - CARD - P1706US 40.00@0.91600,,EUR,43.13,0.00,43.13,0.00,"127,411.79"
17 Jun 2024,Spend Money,GODADDY - P1606US 14.75@0.93762,553,EUR,13.83,0.00,13.83,0.00,"127,425.62"
17 Jun 2024,Spend Money,GODADDY - P1506US 13.52@0.93786,553,EUR,12.68,0.00,12.68,0.00,"127,438.30"
19 Jun 2024,Spend Money,MessageBird - POS01JUN MESSAGEBIRD.,,EUR,30.75,0.00,30.75,0.00,"127,469.05"
20 Jun 2024,Spend Money,LETSHOST - Domain host,,EUR,49.80,0.00,49.80,0.00,"127,518.85"
24 Jun 2024,Spend Money,ADOBE - POS21MAR Adobe,,EUR,36.89,0.00,36.89,0.00,"127,555.74"
24 Jun 2024,Spend Money,ADOBE - POS22MAR ADOBE SYSTEM,,EUR,30.74,0.00,30.74,0.00,"127,586.48"
24 Jun 2024,Spend Money,Flickr - POS23JUN FLICKR PRO M,,EUR,8.49,0.00,8.49,0.00,"127,594.97"
24 Jun 2024,Spend Money,Airtable - P2306US 24.00@0.93750,553,EUR,22.50,0.00,22.50,0.00,"127,617.47"
27 Jun 2024,Spend Money,Hubspot - POS26JUN HS_Ireland,,EUR,722.75,0.00,722.75,0.00,"128,340.22"
27 Jun 2024,Spend Money,Ulgebraz Technologies Pvt.Ltd - POS19JUL ULGEBRAZ,,EUR,10.00,0.00,10.00,0.00,"128,350.22"
28 Jun 2024,Spend Money,Zoho,,EUR,14.76,0.00,14.76,0.00,"128,364.98"
30 Jun 2024,Payable Invoice,"Fidelo - Fidelo School - Elite 
#Period: 01.06.2024 until 30.06.2024

Fidelo School - Apps - Student App
# Period: 01.06.2024 until 30.06.2024
",11040,EUR,519.80,0.00,519.80,0.00,"128,884.78"
01 Jul 2024,Spend Money,CARD - Google - Google GSuite Addons,,EUR,1.99,0.00,1.99,0.00,"128,886.77"
02 Jul 2024,Spend Money,CARD - Google - POS01JUL Google GSUIT,,EUR,237.64,0.00,237.64,0.00,"129,124.41"
02 Jul 2024,Spend Money,MessageBird - POS01JUL MESSAGEBIRD.,,EUR,36.90,0.00,36.90,0.00,"129,161.31"
03 Jul 2024,Spend Money,Zoho - POS02JUL ZOHO-RECRUIT,,EUR,36.90,0.00,36.90,0.00,"129,198.21"
03 Jul 2024,Spend Money,Wistia Software company - P0207US 81.00@0.93296,553,EUR,75.57,0.00,75.57,0.00,"129,273.78"
04 Jul 2024,Spend Money,Make.com - P0307US192.00@0.93390,553,EUR,179.31,0.00,179.31,0.00,"129,453.09"
08 Jul 2024,Spend Money,GODADDY - P0507US 18.44@0.92516,553,EUR,17.06,0.00,17.06,0.00,"129,470.15"
10 Jul 2024,Spend Money,CookieBot - Cookie Banner,2068711,EUR,17.22,0.00,17.22,0.00,"129,487.37"
10 Jul 2024,Spend Money,zapier - P0907US 29.99@0.92030,,EUR,27.77,0.00,27.77,0.00,"129,515.14"
11 Jul 2024,Spend Money,Ulgebraz Technologies Pvt.Ltd - POS10JUL ULGEBRAZ,,EUR,20.00,0.00,20.00,0.00,"129,535.14"
12 Jul 2024,Spend Money,Zoho - POS11JUL ZOHO-PEOPLE,,EUR,29.70,0.00,29.70,0.00,"129,564.84"
12 Jul 2024,Spend Money,GODADDY - P1107US 59.03@0.92410,553,EUR,54.55,0.00,54.55,0.00,"129,619.39"
15 Jul 2024,Spend Money,MiniExtensions - HostMatch Form,,EUR,137.70,0.00,137.70,0.00,"129,757.09"
15 Jul 2024,Spend Money,GODADDY - P1207US 90.20@0.92084,553,EUR,83.06,0.00,83.06,0.00,"129,840.15"
17 Jul 2024,Spend Money,Xero Subscription - CARD - P1707US 40.00@0.89275,,EUR,42.32,0.00,42.32,0.00,"129,882.47"
17 Jul 2024,Spend Money,GODADDY - P1607US 43.25@0.92000,553,EUR,39.79,0.00,39.79,0.00,"129,922.26"
18 Jul 2024,Spend Money,MessageBird - POS01JUN MESSAGEBIRD.,,EUR,30.75,0.00,30.75,0.00,"129,953.01"
18 Jul 2024,Spend Money,GODADDY - DOMAIN,,EUR,12.41,0.00,12.41,0.00,"129,965.42"
22 Jul 2024,Spend Money,ADOBE - POS21JUL Adobe,,EUR,36.89,0.00,36.89,0.00,"130,002.31"
22 Jul 2024,Spend Money,Ulgebraz Technologies Pvt.Ltd - POS19JUL ULGEBRAZ,,EUR,40.00,0.00,40.00,0.00,"130,042.31"
22 Jul 2024,Spend Money,GODADDY - P2107US 36.89@0.91949,553,EUR,33.92,0.00,33.92,0.00,"130,076.23"
23 Jul 2024,Spend Money,ADOBE - JUL  ADOBE SYSTEM,,EUR,30.74,0.00,30.74,0.00,"130,106.97"
23 Jul 2024,Spend Money,Flickr - POS23JUL FLICKR PRO M,,EUR,8.49,0.00,8.49,0.00,"130,115.46"
23 Jul 2024,Spend Money,Unknown - P2307US 15.00@0.90066,,EUR,22.08,0.00,22.08,0.00,"130,137.54"
24 Jul 2024,Spend Money,Zoho,,EUR,61.50,0.00,61.50,0.00,"130,199.04"
29 Jul 2024,Spend Money,Ulgebraz Technologies Pvt.Ltd - POS19JUL ULGEBRAZ,,EUR,10.00,0.00,10.00,0.00,"130,209.04"
29 Jul 2024,Spend Money,Zoho,,EUR,14.76,0.00,14.76,0.00,"130,223.80"
29 Jul 2024,Spend Money,Hubspot - POS26JUL HS_Ireland,,EUR,722.75,0.00,722.75,0.00,"130,946.55"
29 Jul 2024,Spend Money,GODADDY - P2807US206.49@0.92251,553,EUR,190.49,0.00,190.49,0.00,"131,137.04"
31 Jul 2024,Payable Invoice,Fidelo - Fidelo software -  5 users,11173,EUR,532.10,0.00,532.10,0.00,"131,669.14"
31 Jul 2024,Spend Money,Viber - Software to Call Mongolia,,EUR,9.99,0.00,9.99,0.00,"131,679.13"
31 Jul 2024,Spend Money,CARD - Google - POS17APR Google Payme,,EUR,1.99,0.00,1.99,0.00,"131,681.12"
31 Jul 2024,Spend Money,Lycamobile - SIM Credit - WhatsApp API Number,,EUR,5.00,0.00,5.00,0.00,"131,686.12"
31 Jul 2024,Spend Money,Lycamobile - SIM Credit - WhatsApp API Number,,EUR,5.00,0.00,5.00,0.00,"131,691.12"
02 Aug 2024,Spend Money,CARD - Google - Google Apps Bus,,EUR,237.64,0.00,237.64,0.00,"131,928.76"
02 Aug 2024,Spend Money,MessageBird - POS01AUG MESSAGEBIRD.,,EUR,36.90,0.00,36.90,0.00,"131,965.66"
06 Aug 2024,Spend Money,Zoho - POS02AUG ZOHO-RECRUIT,,EUR,36.90,0.00,36.90,0.00,"132,002.56"
06 Aug 2024,Spend Money,CookieBot - Cookie Banner,,EUR,17.22,0.00,17.22,0.00,"132,019.78"
06 Aug 2024,Spend Money,Wistia Software company - P0208US 81.00@0.92802,553,EUR,75.17,0.00,75.17,0.00,"132,094.95"
12 Aug 2024,Spend Money,Zoho - Recuitment HRM Software,,EUR,29.70,0.00,29.70,0.00,"132,124.65"
12 Aug 2024,Spend Money,zapier - P0908US 29.99@0.91530,,EUR,27.56,0.00,27.56,0.00,"132,152.21"
13 Aug 2024,Spend Money,MiniExtensions - P1208US149.00@0.91684,553,EUR,136.61,0.00,136.61,0.00,"132,288.82"
14 Aug 2024,Spend Money,GODADDY - P1308US 27.27@0.91675,553,EUR,25.00,0.00,25.00,0.00,"132,313.82"
15 Aug 2024,Spend Money,GODADDY - P1408US 27.27@0.91639,553,EUR,24.99,0.00,24.99,0.00,"132,338.81"
16 Aug 2024,Spend Money,MessageBird - POS01JUN MESSAGEBIRD.,,EUR,30.75,0.00,30.75,0.00,"132,369.56"
19 Aug 2024,Spend Money,"Xero Subscription - CARD - ULearn. Monthly Subscription, Standard Price Plan, 17 Jul 2022 to 16 Aug 2022.",,EUR,41.95,0.00,41.95,0.00,"132,411.51"
19 Aug 2024,Spend Money,GODADDY - P1608US 14.75@0.91322,553,EUR,13.47,0.00,13.47,0.00,"132,424.98"
22 Aug 2024,Spend Money,ADOBE - POS21JUL Adobe,,EUR,36.89,0.00,36.89,0.00,"132,461.87"
23 Aug 2024,Spend Money,Flickr - POS23AUG FLICKR PRO M,,EUR,8.49,0.00,8.49,0.00,"132,470.36"
23 Aug 2024,Spend Money,ADOBE - JUL  ADOBE SYSTEM,,EUR,30.74,0.00,30.74,0.00,"132,501.10"
23 Aug 2024,Spend Money,Airtable - P2308US 24.00@0.90125,553,EUR,21.63,0.00,21.63,0.00,"132,522.73"
27 Aug 2024,Spend Money,Ulgebraz Technologies Pvt.Ltd - POS19JUL ULGEBRAZ,,EUR,10.00,0.00,10.00,0.00,"132,532.73"
27 Aug 2024,Spend Money,Hubspot - POS26AUG HS_Ireland,,EUR,722.75,0.00,722.75,0.00,"133,255.48"
27 Aug 2024,Spend Money,Zoho,,EUR,14.76,0.00,14.76,0.00,"133,270.24"
31 Aug 2024,Payable Invoice,Fidelo - Fidelo users,11308,EUR,532.10,0.00,532.10,0.00,"133,802.34"
02 Sept 2024,Spend Money,GODADDY - P0109US 50.82@0.90554,553,EUR,46.02,0.00,46.02,0.00,"133,848.36"
02 Sept 2024,Spend Money,CARD - Google - POS17APR Google Payme,,EUR,1.99,0.00,1.99,0.00,"133,850.35"
02 Sept 2024,Spend Money,MessageBird - POS01JUL MESSAGEBIRD.,,EUR,30.75,0.00,30.75,0.00,"133,881.10"
02 Sept 2024,Spend Money,CARD - Google - Google Apps Bus,,EUR,237.64,0.00,237.64,0.00,"134,118.74"
03 Sept 2024,Spend Money,Wistia Software company - P0209US 81.00@0.90555,553,EUR,73.35,0.00,73.35,0.00,"134,192.09"
03 Sept 2024,Spend Money,MessageBird - POS01JUL MESSAGEBIRD.,,EUR,36.90,0.00,36.90,0.00,"134,228.99"
03 Sept 2024,Spend Money,Zoho - POS02SEP ZOHO-RECRUIT,,EUR,36.90,0.00,36.90,0.00,"134,265.89"
06 Sept 2024,Spend Money,CookieBot - Cookie Banner,,EUR,18.45,0.00,18.45,0.00,"134,284.34"
09 Sept 2024,Spend Money,Apple Inc - AudioVisual App,,EUR,0.99,0.00,0.99,0.00,"134,285.33"
09 Sept 2024,Spend Money,Apple Inc - AudioVisual App,,EUR,0.99,0.00,0.99,0.00,"134,286.32"
12 Sept 2024,Spend Money,A2 Hosting - POS12SEP A2WEBHOST* I,,EUR,455.65,0.00,455.65,0.00,"134,741.97"
12 Sept 2024,Spend Money,Zoho - POS11SEP ZOHO-PEOPLE,,EUR,29.70,0.00,29.70,0.00,"134,771.67"
13 Sept 2024,Spend Money,MiniExtensions - HostMatch Form,,EUR,135.44,0.00,135.44,0.00,"134,907.11"
13 Sept 2024,Spend Money,Apple Inc - AudioVisual App,,EUR,29.99,0.00,29.99,0.00,"134,937.10"
13 Sept 2024,Spend Money,Apple Inc - AudioVisual App,,EUR,3.99,0.00,3.99,0.00,"134,941.09"
14 Sept 2024,Spend Money,MiniExtensions - HostMatch Form,,EUR,135.44,0.00,135.44,0.00,"135,076.53"
14 Sept 2024,Spend Money,Apple Inc - AudioVisual App,,EUR,3.99,0.00,3.99,0.00,"135,080.52"
14 Sept 2024,Spend Money,Apple Inc - AudioVisual App,,EUR,29.99,0.00,29.99,0.00,"135,110.51"
16 Sept 2024,Spend Money,MiniExtensions - HostMatch Form,,EUR,135.44,0.00,135.44,0.00,"135,245.95"
16 Sept 2024,Spend Money,Apple Inc - AudioVisual App,,EUR,3.99,0.00,3.99,0.00,"135,249.94"
16 Sept 2024,Spend Money,Apple Inc - AudioVisual App,,EUR,29.99,0.00,29.99,0.00,"135,279.93"
16 Sept 2024,Spend Money,Amazon Prime - P1111LU  8.99@1.14682,,EUR,10.67,0.00,10.67,0.00,"135,290.60"
17 Sept 2024,Spend Money,GODADDY - domains,,EUR,25.54,0.00,25.54,0.00,"135,316.14"
17 Sept 2024,Spend Money,Xero Subscription - CARD - P1709US 40.00@0.94075,,EUR,41.55,0.00,41.55,0.00,"135,357.69"
18 Sept 2024,Spend Money,GODADDY - P1709US 61.71@0.90325,553,EUR,55.74,0.00,55.74,0.00,"135,413.43"
23 Sept 2024,Spend Money,ADOBE - JUL  ADOBE SYSTEM,,EUR,30.74,0.00,30.74,0.00,"135,444.17"
23 Sept 2024,Spend Money,Airtable - P2309US 24.00@0.89791,553,EUR,21.55,0.00,21.55,0.00,"135,465.72"
23 Sept 2024,Spend Money,MessageBird - POS01JUL MESSAGEBIRD.,,EUR,30.75,0.00,30.75,0.00,"135,496.47"
23 Sept 2024,Spend Money,Flickr - POS23SEP FLICKR PRO M,,EUR,8.49,0.00,8.49,0.00,"135,504.96"
23 Sept 2024,Spend Money,ADOBE - POS21SEP Adobe,545,EUR,36.89,0.00,36.89,0.00,"135,541.85"
27 Sept 2024,Spend Money,Hubspot - POS26SEP HS_Ireland,545,EUR,722.75,0.00,722.75,0.00,"136,264.60"
27 Sept 2024,Spend Money,Ulgebraz Technologies Pvt.Ltd - POS26SEP ULGEBRAZ,545,EUR,10.00,0.00,10.00,0.00,"136,274.60"
27 Sept 2024,Spend Money,Zoho - POS26SEP ZOHO-SIGN,545,EUR,14.76,0.00,14.76,0.00,"136,289.36"
30 Sept 2024,Payable Invoice,"Fidelo - Fidelo Users, Apps, service",11450,EUR,532.10,0.00,532.10,0.00,"136,821.46"
02 Oct 2024,Spend Money,Google - POS01OCT Google GSUIT,545,EUR,237.64,0.00,237.64,0.00,"137,059.10"
02 Oct 2024,Spend Money,MessageBird - POS01OCT MESSAGEBIRD.,545,EUR,36.90,0.00,36.90,0.00,"137,096.00"
02 Oct 2024,Spend Money,zapier - P0110US 58.50@0.89982,553,EUR,52.64,0.00,52.64,0.00,"137,148.64"
03 Oct 2024,Spend Money,Zoho - POS02OCT ZOHO-RECRUIT,545,EUR,36.90,0.00,36.90,0.00,"137,185.54"
03 Oct 2024,Spend Money,Wistia Software company - P0210US 81.00@0.90543,553,EUR,73.34,0.00,73.34,0.00,"137,258.88"
07 Oct 2024,Spend Money,GODADDY - P0610US 18.44@0.91323,553,EUR,16.84,0.00,16.84,0.00,"137,275.72"
10 Oct 2024,Spend Money,LETSHOST - Domain host,,EUR,7.98,0.00,7.98,0.00,"137,283.70"
10 Oct 2024,Spend Money,Blacknight - Webhost Domains,,EUR,39.35,0.00,39.35,0.00,"137,323.05"
14 Oct 2024,Spend Money,CookieBot - Cookie Banner,,EUR,18.45,0.00,18.45,0.00,"137,341.50"
14 Oct 2024,Spend Money,Zoho - Recuitment HRM Software,,EUR,29.70,0.00,29.70,0.00,"137,371.20"
14 Oct 2024,Spend Money,MiniExtensions - HostMatch Form,,EUR,136.38,0.00,136.38,0.00,"137,507.58"
14 Oct 2024,Spend Money,GODADDY - Domains,,EUR,28.34,0.00,28.34,0.00,"137,535.92"
14 Oct 2024,Spend Money,GODADDY,,EUR,94.93,0.00,94.93,0.00,"137,630.85"
15 Oct 2024,Spend Money,MessageBird - POS01OCT MESSAGEBIRD.,,EUR,30.75,0.00,30.75,0.00,"137,661.60"
17 Oct 2024,Spend Money,GODADDY - Domains,,EUR,13.56,0.00,13.56,0.00,"137,675.16"
18 Oct 2024,Spend Money,Xero Subscription - CARD - P1710US 40.00@0.95225,,EUR,42.38,0.00,42.38,0.00,"137,717.54"
21 Oct 2024,Spend Money,Hubspot - POS18OCT HubSpot Irel,545,EUR,777.28,0.00,777.28,0.00,"138,494.82"
22 Oct 2024,Spend Money,ADOBE - POS21OCT ADOBE SYSTEM,,EUR,30.74,0.00,30.74,0.00,"138,525.56"
22 Oct 2024,Spend Money,ADOBE - POS21SEP Adobe,,EUR,36.89,0.00,36.89,0.00,"138,562.45"
23 Oct 2024,Spend Money,Flickr - POS23OCT FLICKR PRO M,,EUR,8.49,0.00,8.49,0.00,"138,570.94"
23 Oct 2024,Spend Money,Airtable - database,,EUR,22.24,0.00,22.24,0.00,"138,593.18"
25 Oct 2024,Spend Money,Hubspot - P0209LU 19.80@0.92878,,EUR,45.51,0.00,45.51,0.00,"138,638.69"
25 Oct 2024,Spend Money,Hubspot - P0209LU 19.80@0.92878,,EUR,45.51,0.00,45.51,0.00,"138,684.20"
29 Oct 2024,Spend Money,Zoho - POS26SEP ZOHO-SIGN,,EUR,14.76,0.00,14.76,0.00,"138,698.96"
29 Oct 2024,Spend Money,Hubspot - POS18OCT HubSpot Irel,,EUR,599.75,0.00,599.75,0.00,"139,298.71"
29 Oct 2024,Receive Money,Hubspot - P2510US 49.00@0.92326,624,EUR,0.00,45.24,0.00,45.24,"139,253.47"
29 Oct 2024,Spend Money,Ulgebraz Technologies Pvt.Ltd - POS26SEP ULGEBRAZ,,EUR,10.00,0.00,10.00,0.00,"139,263.47"
29 Oct 2024,Spend Money,CLAUDE AI - Software - subscription,,EUR,22.14,0.00,22.14,0.00,"139,285.61"
30 Oct 2024,Spend Money,Fathom - Financial Forecasting Software,,EUR,37.00,0.00,37.00,0.00,"139,322.61"
31 Oct 2024,Spend Money,Google,,EUR,1.99,0.00,1.99,0.00,"139,324.60"
31 Oct 2024,Payable Invoice,"Fidelo - Fidelo School - Elite, Fidelo School - Apps - Student App & Fidelo School - Apps - Visa verification letter",11602,EUR,532.10,0.00,532.10,0.00,"139,856.70"
01 Nov 2024,Spend Money,GODADDY - domains,,EUR,25.24,0.00,25.24,0.00,"139,881.94"
04 Nov 2024,Spend Money,CARD - Google,,EUR,69.99,0.00,69.99,0.00,"139,951.93"
04 Nov 2024,Spend Money,Zoho - POS03NOV ZOHO-RECRUIT,,EUR,36.90,0.00,36.90,0.00,"139,988.83"
04 Nov 2024,Spend Money,GODADDY - DOMAINS,,EUR,53.96,0.00,53.96,0.00,"140,042.79"
04 Nov 2024,Spend Money,CARD - Google - Google Apps Bus,,EUR,237.64,0.00,237.64,0.00,"140,280.43"
04 Nov 2024,Spend Money,MessageBird - POS01OCT MESSAGEBIRD.,,EUR,36.90,0.00,36.90,0.00,"140,317.33"
04 Nov 2024,Spend Money,Wistia Software company - P0210US 81.00@0.90543,,EUR,74.79,0.00,74.79,0.00,"140,392.12"
05 Nov 2024,Spend Money,CookieBot - Cookie Banner,,EUR,18.45,0.00,18.45,0.00,"140,410.57"
06 Nov 2024,Spend Money,MessageBird - POS01OCT MESSAGEBIRD.,,EUR,30.75,0.00,30.75,0.00,"140,441.32"
11 Nov 2024,Spend Money,CoinTracking.info - Reconciliation Software,,EUR,190.35,0.00,190.35,0.00,"140,631.67"
12 Nov 2024,Spend Money,Zoho - POS12MAR ZOHO-PEOPLE,,EUR,29.70,0.00,29.70,0.00,"140,661.37"
13 Nov 2024,Spend Money,MiniExtensions - P1211US149.00@0.94093,553,EUR,140.20,0.00,140.20,0.00,"140,801.57"
18 Nov 2024,Spend Money,GODADDY - P1611US 18.43@0.95116,553,EUR,17.53,0.00,17.53,0.00,"140,819.10"
18 Nov 2024,Spend Money,Xero (NZ) Ltd - P1711US 46.00@0.95086,553,EUR,43.74,0.00,43.74,0.00,"140,862.84"
22 Nov 2024,Spend Money,ADOBE - POS21SEP Adobe,,EUR,36.89,0.00,36.89,0.00,"140,899.73"
25 Nov 2024,Spend Money,ADOBE - POS21OCT ADOBE SYSTEM,,EUR,36.16,0.00,36.16,0.00,"140,935.89"
25 Nov 2024,Spend Money,Flickr - POS23SEP FLICKR PRO M,,EUR,8.49,0.00,8.49,0.00,"140,944.38"
25 Nov 2024,Spend Money,Airtable - P2311US 24.00@0.96791,553,EUR,23.23,0.00,23.23,0.00,"140,967.61"
25 Nov 2024,Spend Money,Airtable - P2411US 49.00@0.96775,553,EUR,47.42,0.00,47.42,0.00,"141,015.03"
26 Nov 2024,Spend Money,Flickr - POS23SEP FLICKR PRO M,,EUR,8.49,0.00,8.49,0.00,"141,023.52"
26 Nov 2024,Spend Money,ADOBE - POS21OCT ADOBE SYSTEM,,EUR,36.16,0.00,36.16,0.00,"141,059.68"
26 Nov 2024,Spend Money,Airtable - P2411US 49.00@0.96775,553,EUR,47.42,0.00,47.42,0.00,"141,107.10"
26 Nov 2024,Spend Money,Airtable - P2311US 24.00@0.96791,553,EUR,23.23,0.00,23.23,0.00,"141,130.33"
27 Nov 2024,Spend Money,MessageBird - POS01DEC MESSAGEBIRD.,,EUR,30.75,0.00,30.75,0.00,"141,161.08"
27 Nov 2024,Spend Money,Hubspot - POS18OCT HubSpot Irel,,EUR,599.75,0.00,599.75,0.00,"141,760.83"
27 Nov 2024,Spend Money,Zoho - POS26SEP ZOHO-SIGN,,EUR,14.76,0.00,14.76,0.00,"141,775.59"
27 Nov 2024,Spend Money,Ulgebraz Technologies Pvt.Ltd - POS26SEP ULGEBRAZ,,EUR,10.00,0.00,10.00,0.00,"141,785.59"
29 Nov 2024,Spend Money,Wrike.com - Task Management Software ,,EUR,561.50,0.00,561.50,0.00,"142,347.09"
30 Nov 2024,Payable Invoice,"Fidelo - Fidelo School - Elite, Fidelo School - Apps - Student App & Fidelo School - Apps - Visa verification letter",11726,EUR,532.10,0.00,532.10,0.00,"142,879.19"
02 Dec 2024,Spend Money,Fathom - Financial Forecasting Software,,EUR,37.00,0.00,37.00,0.00,"142,916.19"
02 Dec 2024,Spend Money,CARD - Google - Google Apps Bus,,EUR,237.64,0.00,237.64,0.00,"143,153.83"
02 Dec 2024,Spend Money,MessageBird - POS01DEC MESSAGEBIRD.,,EUR,36.90,0.00,36.90,0.00,"143,190.73"
02 Dec 2024,Spend Money,CARD - Google - Google GSuite Addons,,EUR,1.99,0.00,1.99,0.00,"143,192.72"
02 Dec 2024,Spend Money,zapier - P0112US 58.50@0.94905,553,EUR,55.52,0.00,55.52,0.00,"143,248.24"
03 Dec 2024,Spend Money,Zoho - POS03DEC ZOHO-RECRUIT,,EUR,36.90,0.00,36.90,0.00,"143,285.14"
03 Dec 2024,Spend Money,CARD - Google,,EUR,69.99,0.00,69.99,0.00,"143,355.13"
03 Dec 2024,Spend Money,Wistia Software company - P0212US 81.00@0.94913,553,EUR,76.88,0.00,76.88,0.00,"143,432.01"
06 Dec 2024,Spend Money,CookieBot - Cookie Banner,,EUR,18.45,0.00,18.45,0.00,"143,450.46"
12 Dec 2024,Spend Money,A2 Hosting - POS19OCT A2WEBHOST* I,,EUR,455.65,0.00,455.65,0.00,"143,906.11"
12 Dec 2024,Spend Money,YouTube - Teacher Download Account,,EUR,13.99,0.00,13.99,0.00,"143,920.10"
12 Dec 2024,Spend Money,Zoho - POS12MAR ZOHO-PEOPLE,,EUR,29.70,0.00,29.70,0.00,"143,949.80"
13 Dec 2024,Spend Money,MiniExtensions - P1212US149.00@0.95436,553,EUR,142.20,0.00,142.20,0.00,"144,092.00"
17 Dec 2024,Spend Money,GODADDY - P1612US 18.43@0.95659,553,EUR,17.63,0.00,17.63,0.00,"144,109.63"
17 Dec 2024,Spend Money,Xero (NZ) Ltd - P1712US 46.00@0.95500,553,EUR,43.93,0.00,43.93,0.00,"144,153.56"
23 Dec 2024,Spend Money,ADOBE - POS21DEC ADOBE SYSTEM,,EUR,36.16,0.00,36.16,0.00,"144,189.72"
23 Dec 2024,Spend Money,ADOBE,,EUR,36.89,0.00,36.89,0.00,"144,226.61"
23 Dec 2024,Spend Money,MessageBird - POS01DEC MESSAGEBIRD.,,EUR,30.75,0.00,30.75,0.00,"144,257.36"
23 Dec 2024,Spend Money,Flickr - POS23DEC FLICKR PRO M,,EUR,8.49,0.00,8.49,0.00,"144,265.85"
23 Dec 2024,Spend Money,Amazon Prime,,EUR,6.99,0.00,6.99,0.00,"144,272.84"
23 Dec 2024,Spend Money,Airtable - P2312US 24.00@0.96708,553,EUR,23.21,0.00,23.21,0.00,"144,296.05"
24 Dec 2024,Spend Money,Hubspot - P0209LU 19.80@0.92878,,EUR,2.10,0.00,2.10,0.00,"144,298.15"
30 Dec 2024,Spend Money,Ulgebraz Technologies Pvt.Ltd - POS26SEP ULGEBRAZ,,EUR,10.00,0.00,10.00,0.00,"144,308.15"
30 Dec 2024,Spend Money,Hubspot - POS18OCT HubSpot Irel,,EUR,599.75,0.00,599.75,0.00,"144,907.90"
30 Dec 2024,Spend Money,Fathom - Financial Forecasting Software,,EUR,37.00,0.00,37.00,0.00,"144,944.90"
30 Dec 2024,Spend Money,Zoho - POS26SEP ZOHO-SIGN,,EUR,14.76,0.00,14.76,0.00,"144,959.66"
30 Dec 2024,Spend Money,Unknown - P2310US 15.00@0.94666,,EUR,3.59,0.00,3.59,0.00,"144,963.25"
30 Dec 2024,Spend Money,Airtable - P2412US 49.00@0.96326,553,EUR,47.20,0.00,47.20,0.00,"145,010.45"
31 Dec 2024,Spend Money,Google,,EUR,1.99,0.00,1.99,0.00,"145,012.44"
31 Dec 2024,Payable Invoice,"Fidelo - Fidelo School - Elite, Fidelo School - Apps - Student App & Fidelo School - Apps - Visa verification letter",11874,EUR,532.10,0.00,532.10,0.00,"145,544.54"
31 Dec 2024,Spend Money,GODADDY - Web Hosting,,EUR,15.36,0.00,15.36,0.00,"145,559.90"
Total Software / Hosting,,,,,"239,941.41","94,381.51","239,941.41","94,381.51","145,559.90"
,,,,,,,,,
Total,,,,,"239,941.41","94,381.51","239,941.41","94,381.51","145,559.90"
