Date,Type,BankAccount,ContactName,Reference,Total,AccountCode,AccountName,Description,LineAmount,TaxType,Status,BankTransactionID
"2017-01-13","RECEIVE","ULearn Limited Current account","ULearn-Student","","386.96","100","","Course","386.96","INPUT","AUTHORISED","9377c457-f7b7-4a05-8507-3312c13b0d8c"
"2017-01-09","SPEND","ULearn Limited Current account","Fresh","","3","B102","","Coffee","3","INPUT","AUTHORISED","8a8e744c-c18b-482b-86eb-3b7a7a6b9089"
"2017-01-12","SPEND","ULearn Limited Current account","Google - CARD","POS10JAN GOOGLE *Stra","7.99","B106","","Google Android App School Phone","7.99","INPUT","AUTHORISED","136ca127-f2a1-4004-a3a4-6b90aac2ca3d"
"2017-01-12","RECEIVE","ULearn Limited Current account","ULearn-Student","Valitor M2377216   GP","1055.56","100","","Valitor Merch A/C","1055.56","OUTPUT","AUTHORISED","de6f0aa9-345d-4097-a760-a30e2bdc7e7f"
"2017-01-12","RECEIVE","ULearn Limited Current account","ULearn-Student","","504","100","","Course Fees","504","OUTPUT","AUTHORISED","d8d351f8-d625-430e-9d7c-77a7e6fd528a"
"2017-01-10","RECEIVE","ULearn Limited Current account","ULearn-Student","","3246","100","","Course Fees ","3246","OUTPUT","AUTHORISED","bac9552c-cc19-4a73-8af1-c70250875cf7"
"2017-01-09","RECEIVE","ULearn Limited Current account","ULearn-Student","LATM CR 900113 5435","1500","100","","Cash Drop","1500","NONE","AUTHORISED","f911c2aa-0dda-4066-892d-4f0d374a554b"
"2017-01-10","SPEND","ULearn Limited Current account","Coinbase","","499.15","550","","Bitcoin Invest","499.15","NONE","AUTHORISED","8c00aca9-6d3d-4fdd-a14c-1113a7a62b3e"
"2017-01-10","SPEND","ULearn Limited Current account","Entertainment (Bars / Cinemas etc.)","","50","A104","","Cinema Tickets","50","INPUT","AUTHORISED","9af8d15e-0fd9-407d-acdc-a75e22b27031"
"2017-01-09","RECEIVE","ULearn Limited Current account","ULearn-Student","","4861","100","","Fees","4861","OUTPUT","AUTHORISED","c1e9e720-1281-4e1c-b187-72303dd18df2"
"2017-01-18","RECEIVE","ULearn Limited Current account","ULearn-Student","Valitor M2394857   GP","4923.8","100","","Valitor Merch A/C","4923.8","OUTPUT","AUTHORISED","fcf0a5e1-1e49-46e0-9806-ef339616088d"
"2017-01-17","RECEIVE","ULearn Limited Current account","ULearn-Student","Valitor M2390158   GP","1102.61","100","","Valitor Merch A/C","1102.61","OUTPUT","AUTHORISED","e0354d87-4051-4de8-89b3-1a029542cd4a"
"2017-01-16","SPEND","ULearn Limited Current account","BOI","EFT DD CHARGES","2.08","B127","","Bank Charges","2.08","INPUT","AUTHORISED","add03a06-abcf-4de1-b337-2ac954ed5acd"
"2017-01-16","SPEND","ULearn Limited Current account","BOI","EFT DD CHARGES","2.24","B127","","Bank Charges","2.24","INPUT","AUTHORISED","7e5f5fe7-86a6-4e08-a631-092b5960fe11"
"2017-01-16","RECEIVE","ULearn Limited Current account","ULearn-Student","Valitor M2385675   GP","2060.95","100","","Valitor Merch A/C","2060.95","OUTPUT","AUTHORISED","53f4a44e-8339-4980-831b-4429e3de3891"
"2017-01-06","RECEIVE","ULearn Limited Current account","ULearn-Student","Valitor M2353172   GP","808.11","100","","Valitor Merch A/C","808.11","OUTPUT","AUTHORISED","14c11e02-09c9-474b-85d3-c4bbd5c07967"
"2017-01-04","RECEIVE","ULearn Limited Current account","ULearn-Student","Valitor M2341296   GP","754.66","100","","Valitor Merch A/C","754.66","OUTPUT","AUTHORISED","45a6adcc-6558-4e10-9401-0882704a89e0"
"2017-01-25","RECEIVE","ULearn Limited Current account","ULearn-Student","","764.47","100","","Course Payments","764.47","OUTPUT","AUTHORISED","fca2f9b5-02f4-4488-8916-7997f162aa21"
"2017-01-25","RECEIVE","ULearn Limited Current account","ULearn-Student","","2454","100","","Course Accomm Payments","2454","OUTPUT","AUTHORISED","881f8642-faf1-48a8-b913-3c92a00d79ef"
"2017-01-25","RECEIVE","ULearn Limited Current account","ULearn-Student","","2990","100","","Course Accommodation Payments","2990","OUTPUT","AUTHORISED","886624a8-2a0c-401e-a3c8-2d104add81a4"
"2017-01-25","RECEIVE","ULearn Limited Current account","ULearn-Student","","2524.75","100","","Course Accommodatio Payments","2524.75","OUTPUT","AUTHORISED","633ddf61-e497-4b1d-a6ae-68f70149494b"
"2017-01-25","RECEIVE","ULearn Limited Current account","ULearn-Student","","1470.44","100","","Course Payments","1470.44","NONE","AUTHORISED","23f4dd33-b082-4fdf-98e4-aead069ac4ed"
"2017-01-25","SPEND","ULearn Limited Current account","Google - CARD","POS23JAN GOOGLE *ADWS","500","B110","","Google Adwords","500","INPUT","AUTHORISED","37959516-31b1-4b6d-8a07-775f1f492217"
"2017-01-24","SPEND","ULearn Limited Current account","SOFTWARE","POS22JAN ADOBE  CREAT","30.74","B106","","Software / Hosting","30.74","INPUT","AUTHORISED","7372d508-de33-4fc5-b6bd-fdf5cb2c6aa5"
"2017-01-24","SPEND","ULearn Limited Current account","Social","POS20JAN GUINNESS STO","175.5","A104","","Social Outings & Expenses","175.5","INPUT","AUTHORISED","bdce76a5-e2ce-4948-8dfb-b914814a9f4a"
"2017-01-24","RECEIVE","ULearn Limited Current account","ULearn-Student","","184.47","100","","Course Accommodation Payments","184.47","OUTPUT","AUTHORISED","e50fe3f1-0cc6-44a4-a790-38a442d3f65a"
"2017-01-24","SPEND","ULearn Limited Current account","Bank Charges","","0.26","B127","","Foreign FX Charges","0.26","NONE","AUTHORISED","aac8a472-8016-4e62-8026-b7c4a6e82893"
"2017-01-20","RECEIVE","ULearn Limited Current account","ULearn-Student","","3988","100","","Course Accommodation Payments","3988","OUTPUT","AUTHORISED","945242be-ffa4-44f3-ba5d-b9983ef42c44"
"2017-01-19","SPEND","ULearn Limited Current account","John Gunn Camera Shop","","36","B102","","Camera Filter","36","INPUT","AUTHORISED","7547e551-abb7-49f5-967f-f5ce646ac0d6"
"2017-01-23","SPEND","ULearn Limited Current account","BOI LIFE INSURANCE","OP/BoI LIFE   SEPA DD","47.05","B119","","Life Insurance BOI","47.05","INPUT","AUTHORISED","a77b492e-b913-48fa-a638-1bd9681034ad"
"2017-01-23","SPEND","ULearn Limited Current account","BOI LIFE INSURANCE","OP/BoI LIFE   SEPA DD","51.03","B119","","Life Insurance BOI","51.03","INPUT","AUTHORISED","56b81e02-4860-4462-b4df-000314023585"
"2017-01-23","RECEIVE","ULearn Limited Current account","ULearn-Student","","166.62","100","","Course Accommodation Payments","166.62","OUTPUT","AUTHORISED","7afb6e49-3280-4416-9f8a-f8d82ef4dc74"
"2017-01-19","SPEND","ULearn Limited Current account","John Gunn Camera Shop","","5","B102","","Batteries","5","INPUT","AUTHORISED","dab0e0a0-6bc3-488f-91b8-b84965cf48b0"
"2017-01-23","RECEIVE","ULearn Limited Current account","ULearn-Student","","6546","100","","Course Accommodation Payments","6546","OUTPUT","AUTHORISED","b691e3ca-0f6c-44eb-ac13-f9b0d7b72411"
"2017-01-20","SPEND","ULearn Limited Current account","Caffe Nero","","7.9","B102","","Coffee","7.9","INPUT","AUTHORISED","cfa62032-930b-40e4-844c-4801de1862dc"
"2017-01-16","SPEND","ULearn Limited Current account","Caffe Nero","","2.4","B102","","Coffee","2.4","INPUT","AUTHORISED","3341b073-c99b-4ca6-8b86-24072cca9a91"
"2017-01-16","SPEND","ULearn Limited Current account","Caffe Nero","","7.15","B102","","Coffee","7.15","INPUT","AUTHORISED","25fe4656-5bf2-4a0e-93e6-cdf82b831fc9"
"2017-01-19","RECEIVE","ULearn Limited Current account","ULearn-Student","","2343","100","","Course Accommdoation Payment","2343","OUTPUT","AUTHORISED","13260c8c-4e23-459d-b3d8-f329de0f8c54"
"2017-01-19","RECEIVE","ULearn Limited Current account","ULearn-Student","","1845","100","","Course Accommodation Payments","1845","NONE","AUTHORISED","693f4b1c-eaa3-42ff-8f5f-07cf0f2edd3f"
"2017-01-19","RECEIVE","ULearn Limited Current account","ULearn-Student","","764.47","100","","Course Accommodation Payments","764.47","OUTPUT","AUTHORISED","4fea3d4f-aac2-4f8e-b76e-4565b0fdaad2"
"2017-01-19","RECEIVE","ULearn Limited Current account","ULearn-Student","","915.02","100","","Course Accommodation Payments","915.02","OUTPUT","AUTHORISED","6ceafaa6-b731-4188-8e78-4844db15260e"
"2017-01-19","RECEIVE","ULearn Limited Current account","ULearn-Student","","1023","100","","Course Accommodation Pyaments","1023","OUTPUT","AUTHORISED","7f8dbae0-27df-4a9c-a433-ab174574207b"
"2017-01-20","RECEIVE","ULearn Limited Current account","ULearn-Student","","1337.84","100","","Course Accommodation Payments","1337.84","OUTPUT","AUTHORISED","768f8578-b6f8-47fb-89cb-debfa62134ad"
"2017-01-26","RECEIVE","ULearn Limited Current account","ULearn-Student","","7111","100","","Course Accomm Payments","7111","OUTPUT","AUTHORISED","a565e6b0-df0e-4a8d-bf77-ff24b245a4de"
"2017-01-20","SPEND","ULearn Limited Current account","Bank Charges","","0.92","B127","","Foreign FX Charges","0.92","NONE","AUTHORISED","d27384aa-7ace-4706-adc0-593d3ee55e3e"
"2017-01-24","SPEND","ULearn Limited Current account","Bank of Ireland","","3.16","B127","","Foreign FX Charges","3.16","NONE","AUTHORISED","43f70cd5-485b-4741-8b89-30588caff7bd"
"2017-01-24","SPEND","ULearn Limited Current account","Bank of Ireland","","0.19","B127","","Foreign FX Charges","0.19","NONE","AUTHORISED","e8817276-84cd-4f12-860c-4fbadf269f82"
"2017-01-19","SPEND","ULearn Limited Current account","SOFTWARE","","33.2","B106","","Software / Hosting","33.2","INPUT","AUTHORISED","cf3618bb-b17a-46c7-829c-74d9f2f12c03"
"2017-01-17","SPEND","ULearn Limited Current account","Google - CARD","POS15JAN GOOGLE *ADWS","500","B110","","Google Adwords","500","INPUT","AUTHORISED","ceac5378-e187-4363-9ea6-a97587aecd47"
"2017-01-17","RECEIVE","ULearn Limited Current account","ULearn-Student","","2571","100","","Course Accommodation Payment","2571","OUTPUT","AUTHORISED","53cf8cac-c714-4ac5-827c-c12aec318cd4"
"2017-01-17","SPEND","ULearn Limited Current account","Bank Charges","","0.18","B127","","Currency FX Charges","0.18","INPUT","AUTHORISED","e3e516ec-fe0b-41f7-ab12-4020b6317616"
"2017-01-03","SPEND","ULearn Limited Current account","First Data","","45.39","B127","","Gateway Merchant","45.39","INPUT","AUTHORISED","b6953298-b27d-4df7-bfbd-283f8d130e8b"
"2017-01-03","RECEIVE","ULearn Limited Current account","ULearn-Student","","3858","100","","course fees ","3858","NONE","AUTHORISED","7fec30d5-9f6f-483d-9c52-c5d0b97b5a0e"
"2017-02-03","RECEIVE","ULearn Limited Current account","ULearn-Student","","1953","100","","course fees","1953","OUTPUT","AUTHORISED","370ff7b6-2e32-438f-bb34-3333b5d3f3c1"
"2017-02-03","RECEIVE","ULearn Limited Current account","ULearn-Student","","2174.4","100","","EUI YOUNG JUNG","2174.4","OUTPUT","AUTHORISED","1ac7cc3b-ccec-46e5-8cfe-8ea52f89525e"
"2017-02-01","SPEND","ULearn Limited Current account","Fresh","","6.9","B102","","Coffee","6.9","INPUT","AUTHORISED","5d16b980-f3d2-4bb6-8b4c-ded3ca04b119"
"2017-02-03","RECEIVE","ULearn Limited Current account","ULearn-Student","Valitor M2468316   GP","1436.21","100","","Valitor Merch A/C","1436.21","OUTPUT","AUTHORISED","25fa0ca2-5c68-49a3-bdb8-f6797e06ae9d"
"2017-02-03","SPEND","ULearn Limited Current account","Social","POS01FEB AIRPORT TAXI","41","A104","","Airport Transfer","41","INPUT","AUTHORISED","78399050-7db5-4302-a5aa-feba2d84acb0"
"2017-02-03","SPEND","ULearn Limited Current account","Google - CARD","POS01FEB GOOGLE *SVCS","57.28","B106","","Google Apps Bus","57.28","INPUT","AUTHORISED","41cce4fc-93da-4eac-9363-e70d563afde3"
"2017-02-03","SPEND","ULearn Limited Current account","Social","POS01FEB AIRPORT TAXI","33","A104","","Airport Transfer","33","INPUT","AUTHORISED","fb625b2d-cf6a-41cd-be6f-3356efb526d9"
"2017-02-03","RECEIVE","ULearn Limited Current account","ULearn-Student","","2362.5","100","","Tatiana Baptista","2362.5","OUTPUT","AUTHORISED","7b495bf2-4813-4a5d-b3c0-4250c827a092"
"2017-01-30","SPEND","ULearn Limited Current account","Caffe Nero","","15.1","B115","","Coffee","15.1","INPUT","AUTHORISED","98578e55-8946-422a-969c-4fe775881697"
"2017-02-02","RECEIVE","ULearn Limited Current account","ULearn-Student","Valitor M2463797   GP","1163.07","100","","Valitor Merch A/C","1163.07","OUTPUT","AUTHORISED","12191d62-3601-4a61-b649-33e8df2db697"
"2017-02-02","RECEIVE","ULearn Limited Current account","ULearn-Student","","1892.25","100","","Maria Visconde","1892.25","OUTPUT","AUTHORISED","55d6101f-6336-4e62-a9a1-290b9ef7a63b"
"2017-02-02","RECEIVE","ULearn Limited Current account","ULearn-Student","","1892.25","100","","isabela chagas","1892.25","OUTPUT","AUTHORISED","4833db1b-c51a-49fb-a0b4-94934f382141"
"2017-02-02","RECEIVE","ULearn Limited Current account","ULearn-Student","","5010.78","100","","","5010.78","OUTPUT","AUTHORISED","6b44229d-9ba0-4d40-9ed5-1d3aa639a711"
"2017-02-02","RECEIVE","ULearn Limited Current account","ULearn-Student","","315","100","","","315","OUTPUT","AUTHORISED","0a796ffb-0171-4856-9b1e-1f16e1c9db8c"
"2017-02-02","RECEIVE","ULearn Limited Current account","ULearn-Student","","6155.63","100","","","6155.63","OUTPUT","AUTHORISED","b052c42b-9815-4af7-abec-cbf87c723ea7"
"2017-02-01","SPEND","ULearn Limited Current account","Caimin Dunne","","254.24","B108","","Balance & Expenses Dec","254.24","INPUT","AUTHORISED","7cd94920-ff9b-4fed-8570-a04ec96814a9"
"2017-02-01","SPEND","ULearn Limited Current account","SOFTWARE","POS CHG USD       30","0.57","B106","","Misc Software / Hosting","0.57","INPUT","AUTHORISED","3cd55f5e-40b1-4871-b26c-316c4ab888a2"
"2017-02-01","RECEIVE","ULearn Limited Current account","ULearn-Student","","2180.75","100","","Guilherme","2180.75","OUTPUT","AUTHORISED","ad6209a1-ff7a-400a-bd28-5dc714b28dad"
"2017-02-01","RECEIVE","ULearn Limited Current account","ULearn-Student","","374","100","","THAMIRES FERREIERA","374","OUTPUT","AUTHORISED","3e80b358-8612-409a-b886-11f1cce122a5"
"2017-02-01","SPEND","ULearn Limited Current account","First Data","","45.39","B127","","Gateway Merchant","45.39","INPUT","AUTHORISED","a29f2d75-4bd7-41cb-bff7-cfd2469c6b31"
"2017-02-01","RECEIVE","ULearn Limited Current account","ULearn-Student","Valitor M2452684   GP","2954.36","100","","Valitor Merch A/C","2954.36","OUTPUT","AUTHORISED","d916502b-fe76-4187-a3d0-8866a372f9cc"
"2017-02-02","SPEND","ULearn Limited Current account","Google - CARD","POS31JAN GOOGLE *ADWS","500","B110","","Google Adwords","500","INPUT","AUTHORISED","2eed7f53-bdd7-4fb8-a514-587fe61f595f"
"2017-01-31","RECEIVE","ULearn Limited Current account","ULearn-Student","Valitor M2448195   GP","7385.26","100","","Valitor Merch A/C","7385.26","OUTPUT","AUTHORISED","4d82b01c-8967-489b-a175-74599ad2a904"
"2017-01-29","SPEND","ULearn Limited Current account","Maplin","","28.22","B102","","Hardware","28.22","INPUT","AUTHORISED","8d4d36c3-4c69-43d6-9704-4bc4a5140b30"
"2017-01-26","SPEND","ULearn Limited Current account","Caffe Nero","","14.6","B115","","Food","14.6","INPUT","AUTHORISED","5b12d924-b91c-4699-8d2d-b87a408b90b6"
"2017-01-31","SPEND","ULearn Limited Current account","FLYEFIT","POS28JAN FLYEFIT GROU","32","B122","","FLYEFIT Dir Member Fee","32","INPUT","AUTHORISED","7004ecad-f139-4d62-b4fb-b13d18738ae0"
"2017-01-31","SPEND","ULearn Limited Current account","SOFTWARE","POS CHG USD       20","0.38","B106","","Misc Software / Hosting","0.38","INPUT","AUTHORISED","f6643f23-250a-46d8-a6a7-bad960efb4ff"
"2017-01-31","SPEND","ULearn Limited Current account","SOFTWARE","POS CHG USD        2","0.05","B106","","Misc Software / Hosting","0.05","INPUT","AUTHORISED","df4e595b-e2f3-41c1-9001-b0b48088ef18"
"2017-01-31","SPEND","ULearn Limited Current account","INTERPAY LIMITED","","34.52","B113","","Interpay Double Payment","34.52","INPUT","AUTHORISED","b4684d66-9fb5-4168-bc8b-f125f73d1b49"
"2017-01-31","RECEIVE","ULearn Limited Current account","ULearn-Student","","1312","100","","","1312","OUTPUT","AUTHORISED","cac923cd-b253-4de6-bf00-5761b6f5de26"
"2017-01-31","RECEIVE","ULearn Limited Current account","ULearn-Student","LATM CR 900113 5435","1355","100","","Cash Drop","1355","NONE","AUTHORISED","84242250-d4db-4030-b475-1be7478822f3"
"2017-01-31","RECEIVE","ULearn Limited Current account","ULearn-Student","","1358.12","100","","Ayako & Toyo","1358.12","OUTPUT","AUTHORISED","13d1ae59-189b-4fa6-be0d-61eb1cec4305"
"2017-01-30","RECEIVE","ULearn Limited Current account","ULearn-Student","","1450.8","100","","","1450.8","OUTPUT","AUTHORISED","0b218ed8-e9f1-4df1-87a2-7a7f3d645537"
"2017-01-30","RECEIVE","ULearn Limited Current account","ULearn-Student","Valitor M2443565   GP","745.81","100","","Valitor Merch A/C","745.81","OUTPUT","AUTHORISED","94c5a7e2-0bba-49c5-ad7f-da9139e156be"
"2017-01-30","RECEIVE","ULearn Limited Current account","ULearn-Student","","2654","100","","","2654","OUTPUT","AUTHORISED","4d84645c-2919-43c6-8090-3de2f58f6dc4"
"2017-01-31","SPEND","ULearn Limited Current account","Social","POS27JAN AIRPORT TAXI","33","A104","","Airport Transfer","33","INPUT","AUTHORISED","f0870492-b8f1-4bc2-a1f3-b2f06a1259fd"
"2017-01-27","RECEIVE","ULearn Limited Current account","ULearn-Student","","401","100","","Alexandre Carvalho","401","OUTPUT","AUTHORISED","e0374db6-3087-425d-9ca2-d88a7363c5ec"
"2017-01-27","RECEIVE","ULearn Limited Current account","ULearn-Student","","2960","100","","","2960","OUTPUT","AUTHORISED","83489df9-739e-4733-be4b-5e83b5a68ff4"
"2017-01-27","RECEIVE","ULearn Limited Current account","ULearn-Student","","2169.49","100","","Jaqueline","2169.49","OUTPUT","AUTHORISED","f94e8924-0c94-4e1a-aec9-030a0c70ed51"
"2017-01-30","SPEND","ULearn Limited Current account","SOFTWARE","POS CHG USD       30","0.56","B106","","Misc Software / Hosting","0.56","INPUT","AUTHORISED","dc7c48a2-3edc-4ec5-9510-0f7017866fc7"
"2017-01-30","RECEIVE","ULearn Limited Current account","ULearn-Student","","1285","100","","Come2study Partial ","1285","OUTPUT","AUTHORISED","0d24c028-4b86-4112-b4b2-1d06f9bcf520"
"2017-01-27","RECEIVE","ULearn Limited Current account","ULearn-Student","Valitor M2439136   GP","1748.5","100","","Valitor Merch A/C","1748.5","OUTPUT","AUTHORISED","9812f271-418a-4b4e-9c02-4e2e01087327"
"2017-01-16","SPEND","ULearn Limited Current account","BOI","EFT DD CHARGES","2.4","B127","","Bank Charges","2.4","INPUT","AUTHORISED","405ab4ec-35b1-4110-8f14-184f5d0cb335"
"2017-01-13","SPEND","ULearn Limited Current account","SOFTWARE","POS CHG USD        9","0.19","B106","","Misc Software / Hosting","0.19","INPUT","AUTHORISED","d604ce04-d1ba-41fa-b9ba-c212dc545504"
"2017-01-16","SPEND","ULearn Limited Current account","Deirdre Duggan","","660","A100","","Overdue since summer","660","INPUT","AUTHORISED","0a5334a1-dd01-45c5-ba34-7a69dbf04afe"
"2017-01-17","SPEND","ULearn Limited Current account","Entertainment (Bars / Cinemas etc.)","","50","A104","","Cinemas outing","50","INPUT","AUTHORISED","b40651ae-6746-4c6d-a306-03bca5736d7a"
"2017-01-10","SPEND","ULearn Limited Current account","Google - CARD","POS08JAN GOOGLE *ADWS","500","B110","","Google Adwords","500","INPUT","AUTHORISED","6168f2d1-a1df-4ff1-9699-aae525607358"
"2017-01-10","SPEND","ULearn Limited Current account","Bank Charges","","0.19","B127","","Currency FX Charges","0.19","INPUT","AUTHORISED","7a8c9d7a-464f-48e8-b0f3-fd89cc628af2"
"2017-01-10","SPEND","ULearn Limited Current account","SOFTWARE","POS CHG USD        5","0.1","B106","","Misc Software / Hosting","0.1","INPUT","AUTHORISED","03bc8711-2f38-45f1-9cb3-d1864c062160"
"2017-01-12","SPEND","ULearn Limited Current account","Food","","23.2","B115","","Working late meeting","23.2","INPUT","AUTHORISED","8cb464d9-b24c-4a43-9e4f-15899630ecfe"
"2017-01-04","RECEIVE","ULearn Limited Current account","ULearn-Student","","2158.94","100","","","2158.94","OUTPUT","AUTHORISED","3423f701-5448-41d0-9d38-c940f8084dd7"
"2017-01-04","RECEIVE","ULearn Limited Current account","ULearn-Student","","1159","100","","","1159","OUTPUT","AUTHORISED","3079a475-5e23-43e8-b35a-839615d42223"
"2017-01-05","RECEIVE","ULearn Limited Current account","ULearn-Student","","1159","100","","","1159","OUTPUT","AUTHORISED","8729703c-d7e9-4ced-ac10-c417fcbbfc8c"
"2017-01-06","RECEIVE","ULearn Limited Current account","ULearn-Student","","275.37","100","","Rosa Maria Poloni","275.37","OUTPUT","AUTHORISED","d8a9aaaf-9ff9-4c4c-92d4-2f7273c5c84f"
"2017-01-06","RECEIVE","ULearn Limited Current account","ULearn-Student","","50","100","","","50","OUTPUT","AUTHORISED","99e421d2-1857-4f2c-9393-cd3f7c8d2476"
"2017-01-11","RECEIVE","ULearn Limited Current account","ULearn-Student","","100","100","","Diggs Hotel","100","OUTPUT","AUTHORISED","a8515f93-11d8-44bd-9e99-2e2d4d8727a7"
"2017-02-10","SPEND","ULearn Limited Current account","Bank Charges","","0.19","B127","","Currency FX Charges","0.19","INPUT","AUTHORISED","1f4bc4c6-b78c-44cd-b822-09138bd86d4c"
"2017-02-10","RECEIVE","ULearn Limited Current account","ULearn-Student","Valitor M2497668   GP","119.53","100","","Valitor Merch A/C","119.53","OUTPUT","AUTHORISED","ee67a51e-e272-44d7-bb47-f99aa0875343"
"2017-02-10","SPEND","ULearn Limited Current account","Social","POS08FEB AIRPORT TAXI","33","A104","","Airport Transfer","33","INPUT","AUTHORISED","c00c1d0b-8540-4deb-9520-455a29d9a7b9"
"2017-02-10","RECEIVE","ULearn Limited Current account","ULearn-Student","","2055.75","100","","MD4S Bruna Rsego","2055.75","OUTPUT","AUTHORISED","47c08087-b617-419c-90ff-85b0e92f4f86"
"2017-02-10","RECEIVE","ULearn Limited Current account","ULearn-Student","","2055.75","100","","MD4S ANNA LUIZA DA","2055.75","OUTPUT","AUTHORISED","97f1c4da-f0fd-401a-8231-46dd41168d92"
"2017-02-10","RECEIVE","ULearn Limited Current account","ULearn-Student","","3391","100","","Elizabet payment","3391","OUTPUT","AUTHORISED","035be7b2-017b-45de-a55f-ea128576b55f"
"2017-02-10","RECEIVE","ULearn Limited Current account","ULearn-Student","","2017.25","100","","JOSE JUNIOR","2017.25","OUTPUT","AUTHORISED","7860604c-8be8-470b-a81c-f9e160099ae6"
"2017-02-10","RECEIVE","ULearn Limited Current account","ULearn-Student","","3187","100","","ULS2017 02 10 GP","3187","OUTPUT","AUTHORISED","b4160475-0b5c-4737-9faf-be533841d2b6"
"2017-02-10","SPEND","ULearn Limited Current account","Google - CARD","","9.39","B106","","app","9.39","INPUT","AUTHORISED","2a998850-b672-4216-97d5-5ef3343bf98c"
"2017-02-08","RECEIVE","ULearn Limited Current account","ULearn-Student","","4088.8","100","","P2017098 ","4088.8","OUTPUT","AUTHORISED","d1acc86e-7976-4170-9dc6-2b38764af492"
"2017-02-08","RECEIVE","ULearn Limited Current account","ULearn-Student","","650","100","","ULS2017 02 08","650","OUTPUT","AUTHORISED","aeed1028-9c5f-4bd5-9f6e-e7c0b9122905"
"2017-02-09","RECEIVE","ULearn Limited Current account","Refunds & Rebates","","11750","104","","Refund of dse domain","11750","OUTPUT","AUTHORISED","5abd3ff1-e4f4-456c-9dfe-cf13fc4c4b1c"
"2017-02-09","SPEND","ULearn Limited Current account","Google - CARD","POS07FEB GOOGLE *ADWS","500","B110","","Google Adwords","500","INPUT","AUTHORISED","fc9c0ca4-1302-4092-9824-e8ad71e4f1fe"
"2017-02-09","SPEND","ULearn Limited Current account","Social","POS07FEB AIRPORT TAXI","39","A104","","Airport Transfer","39","INPUT","AUTHORISED","74dbbe15-d90c-4a4d-9f54-d5786ceb2ca8"
"2017-02-09","RECEIVE","ULearn Limited Current account","ULearn-Student","","2635","100","","TRAMONTANA ANDREA","2635","OUTPUT","AUTHORISED","c8c2e631-46e0-451f-801c-7296aa638fd3"
"2017-02-09","RECEIVE","ULearn Limited Current account","ULearn-Student","Valitor M2493196   GP","3051.3","100","","Valitor Merch A/C","3051.3","OUTPUT","AUTHORISED","eba8d6af-51d9-448a-9f57-bcce8ed74e9b"
"2017-02-09","RECEIVE","ULearn Limited Current account","ULearn-Student","","72.24","100","","CLERBE MARTINS T2T","72.24","OUTPUT","AUTHORISED","abc26b2e-1c61-4c01-bce3-3dc2b4d225e4"
"2017-02-09","RECEIVE","ULearn Limited Current account","ULearn-Student","","520","100","","ULS2017 02 09 GP","520","OUTPUT","AUTHORISED","c051e925-0aa0-4575-9454-efe3617e3d93"
"2017-02-07","RECEIVE","ULearn Limited Current account","ULearn-Student","LATM CR 900113 5435","1180","100","","Cash Drop","1180","NONE","AUTHORISED","db6ad43f-6ddc-48cb-9a8f-4eb27d892a73"
"2017-02-07","RECEIVE","ULearn Limited Current account","ULearn-Student","","6532","100","","ULS2017 02 07","6532","OUTPUT","AUTHORISED","821a7779-1503-49d5-b5d1-a474402b9c64"
"2017-02-08","RECEIVE","ULearn Limited Current account","ULearn-Student","","590","100","","ENTESAR ","590","OUTPUT","AUTHORISED","b97ab3e2-c012-4426-8e65-6fe248857786"
"2017-02-08","RECEIVE","ULearn Limited Current account","ULearn-Student","Valitor M2482026   GP","2694.14","100","","Valitor Merch A/C","2694.14","OUTPUT","AUTHORISED","9cd909b0-26d4-4814-a333-98091073a5e7"
"2017-02-06","RECEIVE","ULearn Limited Current account","ULearn-Student","Valitor M2472822   GP","1179.35","100","","Valitor Merch A/C","1179.35","OUTPUT","AUTHORISED","6a6c63e8-7f73-4956-aaf5-9ee2f3447ab9"
"2017-02-06","RECEIVE","ULearn Limited Current account","ULearn-Student","","99.06","100","","BRYAN WRENN","99.06","OUTPUT","AUTHORISED","a1364951-c37a-4f0f-bad7-cfbc3e4b0eac"
"2017-02-06","RECEIVE","ULearn Limited Current account","ULearn-Student","","3200","100","","BEZKHMELNYTSKA T","3200","OUTPUT","AUTHORISED","0887aff7-0b56-45a9-bad2-a1ef2ccf3c91"
"2017-02-06","RECEIVE","ULearn Limited Current account","ULearn-Student","LATM CR 900113 5435","990","100","","Cash Drop","990","NONE","AUTHORISED","24c3e086-cf78-403c-a368-3c843b883fde"
"2017-02-06","RECEIVE","ULearn Limited Current account","ULearn-Student","","4850","100","","","4850","OUTPUT","AUTHORISED","f06edcaa-8360-47d3-8192-8ace17ef51a8"
"2017-02-06","RECEIVE","ULearn Limited Current account","ULearn-Student","","11220.56","100","","Time2Travel (7x)","11220.56","OUTPUT","AUTHORISED","4f0d1577-766d-47c7-a9e4-fb1a136a0efc"
"2017-02-08","SPEND","ULearn Limited Current account","SOFTWARE","POS CHG USD        5","0.09","B106","","Misc Software / Hosting","0.09","INPUT","AUTHORISED","60bc71ca-2cf0-4b8f-9d62-adb1fdd90c6b"
"2017-01-13","SPEND","ULearn Limited Current account","EIRCOM","EIRCOM TIS    SEPA DD","201.43","B104","","Telephone & Internet","201.43","INPUT","AUTHORISED","b9db829c-4ad6-4190-af42-2b736cc07b76"
"2017-01-13","SPEND","ULearn Limited Current account","EIRCOM","EIRCOM        SEPA DD","88.24","B104","","Telephone & Internet","88.24","INPUT","AUTHORISED","af05b634-0bb7-4834-a791-0233c3feb8bf"
"2017-01-16","RECEIVE","ULearn Limited Current account","ULearn-Student","","4081","100","","","4081","OUTPUT","AUTHORISED","b1060dd0-00c0-4b64-bb4e-886b24415df4"
"2017-01-05","SPEND","ULearn Limited Current account","DublinBikes","POS03JAN DUBLINBIKES","20","B112A","","DUBLINBIKES","20","INPUT","AUTHORISED","60440dc5-dbb7-4af5-99a9-6b1d9fe4d30a"
"2017-01-09","SPEND","ULearn Limited Current account","Bank Charges","","0.18","B127","","Currency FX Charges","0.18","INPUT","AUTHORISED","70eaaee2-9fa7-4c2e-a763-2e0249fcad78"
"2017-01-04","SPEND","ULearn Limited Current account","UPC","UPC Communica SEPA DD","105.98","B104","","UPC TV & Internet","105.98","INPUT","AUTHORISED","f3cac38a-88a0-44cf-af59-6d27589327b1"
"2017-01-12","SPEND","ULearn Limited Current account","EIRCOM","EIRCOM TIS    SEPA DD","62.42","B104","","Telephone & Internet","62.42","INPUT","AUTHORISED","569be91b-f204-4b9a-9561-d684e7abde2f"
"2017-02-06","SPEND","ULearn Limited Current account","UPC","UPC Communica SEPA DD","109.98","B104","","UPC TV & Internet","109.98","INPUT","AUTHORISED","b48515e5-35f2-4b25-b4c6-7731297d376d"
"2017-01-04","SPEND","ULearn Limited Current account","SOFTWARE","POS CHG USD        7","0.13","B106","","Misc Software / Hosting","0.13","INPUT","AUTHORISED","07d512d0-5acb-42a9-9318-b99de86ac4ee"
"2017-01-04","SPEND","ULearn Limited Current account","Google - CARD","POS31DEC GOOGLE *ADWS","500","B110","","Google Adwords","500","INPUT","AUTHORISED","c53f9a43-0fed-4a97-9123-36b93e01ce15"
"2017-01-04","SPEND","ULearn Limited Current account","SOFTWARE","POS CHG USD       30","0.57","B106","","Misc Software / Hosting","0.57","INPUT","AUTHORISED","576df302-e80f-4f3c-bfde-bf789b346dbe"
"2017-01-10","SPEND","ULearn Limited Current account","Google - CARD","P0801GB  7.99@.853632","9.36","B106","","Android App ","9.36","INPUT","AUTHORISED","2eb1e602-8297-4df5-af92-32285cab6f38"
"2017-01-17","SPEND","ULearn Limited Current account","Google - CARD","P1301GB  7.99@.869423","9.19","B106","","Android App ","9.19","INPUT","AUTHORISED","101c83a6-65e3-49e5-ba7a-99c9c7c2698d"
"2017-01-24","SPEND","ULearn Limited Current account","Buffer - CARD","P2201US 10.00@1.06269","9.41","B106","","Syndication App","9.41","INPUT","AUTHORISED","431b4eb6-8084-4115-ab18-4e61cf269370"
"2017-01-30","SPEND","ULearn Limited Current account","UPC","UPC Communica SEPA DD","83.99","B104","","UPC TV & Internet","83.99","INPUT","AUTHORISED","50b49d1e-c420-42f9-8f4f-053221e8f948"
"2017-01-31","SPEND","ULearn Limited Current account","Google - CARD","POS28JAN GOOGLE *YouT","2.99","A104","","Movie Rental Social","2.99","INPUT","AUTHORISED","b4cb43ad-c0b2-4e58-ab94-10fef0b20262"
"2017-01-25","SPEND","ULearn Limited Current account","Neil Mc Mahon","TO HUNTERS ESTATES","10000","E113","","Deposit Apartment NM","10000","NONE","AUTHORISED","9cba97f7-c0aa-46bf-be54-7bdca225524d"
"2017-02-06","SPEND","ULearn Limited Current account","Neil Mc Mahon","TO HUNTERS ESTATES","36950","E113","","Deposit Apartment","36950","NONE","AUTHORISED","7e5e8f58-2fb4-4bcf-a952-37de89523893"
"2017-01-27","SPEND","ULearn Limited Current account","Payment Sense","GC re PmSense SEPA DD","73.74","B127","","Paymnt Sense Mthly Charge","73.74","NONE","AUTHORISED","be719272-f87d-40f0-9593-1c8c7b2a9a1b"
"2017-01-24","SPEND","ULearn Limited Current account","Zopim - CARD","P2001US 14.00@1.06221","13.18","B106","","Zopim Chat module","13.18","INPUT","AUTHORISED","430a1b4e-6494-4f64-8c48-050a7aee0f9d"
"2017-01-31","SPEND","ULearn Limited Current account","zapier","P2801US 20.00@1.06553","18.77","B106","","Zapier Web Zaps","18.77","INPUT","AUTHORISED","41bda81c-3b01-413b-93d6-f0f1da9720a2"
"2017-01-31","SPEND","ULearn Limited Current account","SOFTWARE","P2701US  2.45@1.06521","2.3","B106","","Software","2.3","INPUT","AUTHORISED","bec31579-ecd1-4777-88cb-d4e0ca2ed023"
"2017-01-04","SPEND","ULearn Limited Current account","Facebook - CARD","POS31DEC PAYPAL *FACE","205.09","B110","","Facebook Ads & Boost Posts","205.09","INPUT","AUTHORISED","4c40af24-8acd-4548-a8c3-fc9a94b5489e"
"2017-02-02","SPEND","ULearn Limited Current account","Facebook - CARD","POS31JAN PAYPAL *FACE","1.53","B110","","Facebook Ads & Boost Posts","1.53","INPUT","AUTHORISED","07137022-80bd-49b9-ae4e-19bbe12a506f"
"2017-02-02","SPEND","ULearn Limited Current account","Facebook - CARD","POS31JAN PAYPAL *FACE","208.64","B110","","Facebook Ads & Boost Posts","208.64","INPUT","AUTHORISED","58dd70d6-3049-49fe-b858-7bd63085422c"
"2017-02-13","RECEIVE","ULearn Limited Current account","ULearn-Student","13928 JAQUELINE","2253.98","100","","Course Fees","2253.98","OUTPUT","AUTHORISED","95037bb1-3cc0-4917-a86b-3fc2c5960987"
"2017-02-13","SPEND","ULearn Limited Current account","Social","POS09FEB AIRPORT TAXI","52","A104","","Airport Transfer","52","INPUT","AUTHORISED","541fc325-354a-457b-a83e-fe6002cce7e8"
"2017-02-13","RECEIVE","ULearn Limited Current account","ULearn-Student","Valitor M2502203   GP","372.44","100","","Valitor Merch A/C","372.44","OUTPUT","AUTHORISED","f9dc0bd4-a2f2-4e78-ab92-085257a19f3f"
"2017-02-06","SPEND","Credit Card - Neil","Food, Coffees, Newsagents","SPAR MERRION ROW","10.58","B102","","Coffees, Food, Newsagents","10.58","INPUT","AUTHORISED","f1575564-7b77-4964-af3c-c805dbeacad8"
"2017-02-06","SPEND","Credit Card - Neil","Restaurants / Meals","","17.35","B115","","","17.35","INPUT","AUTHORISED","031baf63-0f1b-4f78-89ec-682cf3b41164"
"2017-02-03","SPEND","Credit Card - Neil","Bank of Ireland","","31","B127","","Credit Card Annual Fee","31","NONE","AUTHORISED","627f3272-f81a-4f4c-8c58-c424eabf1e73"
"2017-02-03","SPEND","Credit Card - Ciaran","BOI","","31","B127","","ANNUAL FEE","31","NONE","AUTHORISED","5762843a-b1c2-4c2e-afc5-fac165776cd9"
"2017-02-15","RECEIVE-TRANSFER","Credit Card - Neil","","","31","AC-CC-NM","","Bank Transfer from ULearn Limited Current account.","31","","AUTHORISED","751d51b9-03de-455d-a67b-3b7b05e0cebb"
"2017-02-15","RECEIVE-TRANSFER","Credit Card - Ciaran","","","31","AC-CC-CM","","Bank Transfer from ULearn Limited Current account.","31","","AUTHORISED","98199231-7c9a-4751-8c4d-171ac03ef8c2"
"2017-02-06","SPEND","ULearn Limited Current account","Github - CARD","POS CHG USD        7","0.13","B106","","Misc Software / Hosting","0.13","INPUT","AUTHORISED","7631f258-f9a8-4676-a0ff-6968208032d3"
"2017-02-14","SPEND","ULearn Limited Current account","Fresh","","3","B102","","Coffee","3","INPUT","AUTHORISED","4ea2fee1-05aa-48ec-a7f6-51acc22fba6b"
"2017-02-17","SPEND-TRANSFER","ULearn Limited Current account","","","95.94","ACC1","","Bank Transfer to School Bookings.","-95.94","","AUTHORISED","8dcb6509-f489-48e3-a63c-e691205c8c1e"
"2017-02-16","SPEND","ULearn Limited Current account","Food, Coffees, Newsagents","POS14FEB FRESH GOOD F","16.7","B102","","Coffees, Food, Newsagents","16.7","INPUT","AUTHORISED","16ed4d78-1f65-408a-bc9c-88e661cc107a"
"2017-02-16","SPEND-TRANSFER","ULearn Limited Current account","","","10","ACC1","","Bank Transfer to School Bookings.","-10","","AUTHORISED","29d7bdc2-1818-47d4-8585-979df8609c74"
"2017-02-16","SPEND","ULearn Limited Current account","Food, Coffees, Newsagents","POSC14FEB DUNNES ST.","29.9","B102","","Coffees, Food, Newsagents","29.9","INPUT","AUTHORISED","a76182f1-f38a-4215-839c-2d37450ea0d0"
"2017-02-14","RECEIVE","ULearn Limited Current account","ULearn-Student","Valitor M2506955   GP","456.3","100","","Valitor Merch A/C","456.3","OUTPUT","AUTHORISED","b6c1cda8-ed92-48e9-96e7-99d854f5f05b"
"2017-02-14","SPEND","ULearn Limited Current account","EIRCOM","EIRCOM        SEPA DD","88.79","B104","","Telephone & Internet","88.79","INPUT","AUTHORISED","6e4fd6d3-3fd2-4016-8d70-74614025597e"
"2017-02-15","SPEND","ULearn Limited Current account","EIRCOM","EIRCOM TIS    SEPA DD","62.42","B104","","Telephone & Internet","62.42","INPUT","AUTHORISED","4c30c42b-126e-4569-b57a-4f5d142b9d10"
"2017-02-15","RECEIVE","ULearn Limited Current account","ULearn-Student","Valitor M2511552   GP","1092.22","100","","Valitor Merch A/C","1092.22","OUTPUT","AUTHORISED","e99e37a3-f72e-40d9-bcd9-24efd0f00f09"
"2017-02-16","RECEIVE","ULearn Limited Current account","ULearn-Student","Valitor M2522959   GP","1428.99","100","","Valitor Merch A/C","1428.99","OUTPUT","AUTHORISED","b0e67d45-777d-4f66-b6f1-8beceea3078e"
"2017-02-16","RECEIVE","ULearn Limited Current account","ULearn-Student","LATM CR 900113 5435","1675","100","","Cash Drop","1675","NONE","AUTHORISED","ebcbd532-4c36-4dfa-a9a6-e51eb119cfaa"
"2017-02-16","SPEND","ULearn Limited Current account","IFI","","22","A104","","Cinema Tickets","22","INPUT","AUTHORISED","efd16a2e-68d1-4b42-9b17-18c994a738f5"
"2017-02-16","SPEND","ULearn Limited Current account","Google - CARD","POS14FEB GOOGLE *ADWS","500","B110","","Google Adwords","500","INPUT","AUTHORISED","ca56535b-8ef6-4503-b844-59a260dcf869"
"2017-02-15","SPEND","ULearn Limited Current account","Bank Charges","","0.19","B127","","Currency FX Charges","0.19","INPUT","AUTHORISED","5e0a1fa9-7d7a-49e5-a419-2a2f2df54360"
"2017-02-16","SPEND","ULearn Limited Current account","EIRCOM","EIRCOM TIS    SEPA DD","188.32","B104","","Telephone & Internet","188.32","INPUT","AUTHORISED","080dda7e-67f1-4b6c-b310-e103d99c47bb"
"2017-02-17","RECEIVE","ULearn Limited Current account","ULearn-Student","","1713","100","","Course Fees","1713","OUTPUT","AUTHORISED","4ae2d5b6-0a2e-444d-8b7f-788e0f032af5"
"2017-02-15","SPEND-TRANSFER","ULearn Limited Current account","","","26.25","ACC1","","Bank Transfer to School Bookings.","-26.25","","AUTHORISED","15dde2d8-640a-439e-b147-b4f97c1fa6a6"
"2017-02-13","SPEND","ULearn Limited Current account","Joe's Coffee","","9.6","B115","","Coffee","9.6","INPUT","AUTHORISED","dfb5cf04-4842-482f-8926-10c41f58e68d"
"2017-02-15","RECEIVE","ULearn Limited Current account","ULearn-Student","","7534","100","","Fees","7534","OUTPUT","AUTHORISED","72c8cf2d-7bb4-448c-914c-f9208674168d"
"2017-02-15","SPEND-TRANSFER","ULearn Limited Current account","","","280.28","ACC1","","Bank Transfer to School Bookings.","-280.28","","AUTHORISED","5b946bfb-c7fc-4a06-bd10-e65432c05761"
"2017-02-15","SPEND-TRANSFER","ULearn Limited Current account","","","95.95","ACC1","","Bank Transfer to School Bookings.","-95.95","","AUTHORISED","303cc4be-d4b5-4fcf-8155-5a67ed6f2f16"
"2017-02-15","SPEND-TRANSFER","ULearn Limited Current account","","","20","ACC1","","Bank Transfer to School Bookings.","-20","","AUTHORISED","baa55577-c582-4a7f-96c2-8c914489ecea"
"2017-02-06","SPEND-TRANSFER","ULearn Limited Current account","","","20","ACC1","","Bank Transfer to School Bookings.","-20","","AUTHORISED","cff48fdc-f626-45b2-8f35-5787977946d5"
"2017-02-13","RECEIVE","ULearn Limited Current account","ULearn-Student","","5834.5","100","","","5834.5","OUTPUT","AUTHORISED","95b599b0-1a02-4185-9faa-55dd6ea2d47f"
"2017-02-14","SPEND","ULearn Limited Current account","Social","POS12FEB CINEWORLD.IE","23.72","A104","","Social Outings & Expenses","23.72","INPUT","AUTHORISED","82173ba2-6074-4877-8174-5a05901a11c1"
"2017-02-14","RECEIVE","ULearn Limited Current account","ULearn-Student","","1238","100","","fees","1238","OUTPUT","AUTHORISED","49c2f082-36ce-4bf8-80d4-8b4254201379"
"2017-02-15","SPEND-TRANSFER","ULearn Limited Current account","","","31","ACC1","","Bank Transfer to Credit Card - Neil.","-31","","AUTHORISED","1b596779-55cd-4ad2-9e6b-7673c10d253e"
"2017-02-15","SPEND-TRANSFER","ULearn Limited Current account","","","31","ACC1","","Bank Transfer to Credit Card - Ciaran.","-31","","AUTHORISED","474c69bc-597a-4648-aff9-d1f80778e96d"
"2017-01-30","SPEND-TRANSFER","ULearn Limited Current account","","","3810.72","ACC1","","Bank Transfer to ULearn Term Loan.","-3810.72","","AUTHORISED","d7a30218-d11f-40bb-9fea-001217fc6b78"
"2017-01-31","SPEND","ULearn Limited Current account","Blacknight","","12.28","B106","","DSE Domain Transfer","12.28","INPUT","AUTHORISED","fb6a1122-023a-4014-85a1-445d1b584aa0"
"2017-02-01","SPEND","ULearn Limited Current account","Blacknight","","55.34","B106","","hosting etc","55.34","INPUT","AUTHORISED","74af682d-2326-4d28-9285-dd1924b173d1"
"2017-02-17","SPEND","ULearn Limited Current account","Food, Coffees, Newsagents","POSC15FEB FRESH GOOD","8.35","B102","","Coffees, Food, Newsagents","8.35","INPUT","AUTHORISED","c0f9fc8b-1ff3-4bdb-aff7-9c0e6f242930"
"2017-01-04","SPEND","ULearn Limited Current account","ToutApp - CARD","","28.63","B106","","Tout App Email Software","28.63","INPUT","AUTHORISED","50281efc-f4bb-40b6-87d8-bd6dcaba0705"
"2017-01-05","SPEND","ULearn Limited Current account","Ramblas Hotel","","71.44","B112","","Hotel ","71.44","INPUT","AUTHORISED","dce9c4df-e0a3-477f-b4f9-407c459a47da"
"2017-02-23","RECEIVE","ULearn Limited Current account","ULearn-Student","Valitor M2553016   GP","199.15","100","","Valitor Merch A/C","199.15","OUTPUT","AUTHORISED","b909b6a6-2c61-4a84-8b72-b171639cf3e0"
"2017-02-23","SPEND","ULearn Limited Current account","Caimin Dunne","","350","B108","","Balance & Expenses Dec","350","INPUT","AUTHORISED","1a125f9a-9c68-4e17-b847-d01af5a9204b"
"2017-02-22","RECEIVE","ULearn Limited Current account","ULearn-Student","Valitor M2541533   GP","2426.14","100","","Valitor Merch A/C","2426.14","OUTPUT","AUTHORISED","e676fbfa-959d-42aa-949a-4dbc04fd5e81"
"2017-02-23","SPEND","ULearn Limited Current account","BOI LIFE INSURANCE","OP/BoI LIFE   SEPA DD","47.05","B119","","Life Insurance BOI","47.05","INPUT","AUTHORISED","6b6f90f4-fa30-4eb2-87f9-c313c1528f12"
"2017-02-22","SPEND","ULearn Limited Current account","BOI LIFE INSURANCE","OP/BoI LIFE   SEPA DD","51.03","B119","","Life Insurance BOI","51.03","INPUT","AUTHORISED","e84108e3-aff6-48dd-8e91-8c1a80488808"
"2017-02-21","RECEIVE","ULearn Limited Current account","ULearn-Student","LATM CR 900172 5435","1090","100","","Cash Drop","1090","NONE","AUTHORISED","3b8629c9-e07c-476a-bd2e-aee0662d43a4"
"2017-02-21","RECEIVE","ULearn Limited Current account","ULearn-Student","Valitor M2536911   GP","430.13","100","","Valitor Merch A/C","430.13","OUTPUT","AUTHORISED","67966437-b1d6-46a4-acae-957df8465412"
"2017-02-21","SPEND","ULearn Limited Current account","BOI","","0.48","B127","","Bank Charges Gov Duty","0.48","INPUT","AUTHORISED","4106099c-27b9-4471-8795-2890015a5b4d"
"2017-02-21","SPEND","ULearn Limited Current account","BOI","","0.72","B127","","Bank Charges Gov Duty","0.72","INPUT","AUTHORISED","d9d286ff-0a2d-4136-860f-794c57093065"
"2017-02-16","SPEND","ULearn Limited Current account","Tesco","","5.99","B113","","Client meeting","5.99","INPUT","AUTHORISED","fa966a2d-b5f8-43d5-8467-c215a627158b"
"2017-02-20","RECEIVE","ULearn Limited Current account","ULearn-Student","Valitor M2532113   GP","174.24","100","","Valitor Merch A/C","174.24","OUTPUT","AUTHORISED","1621f40f-3e2e-4e51-8eb9-a35fcd463e12"
"2017-02-16","SPEND","ULearn Limited Current account","Drunken Fish","","16.1","B113","","Client meeting","16.1","INPUT","AUTHORISED","d8f2eb3f-9ccf-4fb5-be93-809226b52edd"
"2017-02-20","RECEIVE","ULearn Limited Current account","Lingua Learn English","","5159.19","100","","","5159.19","NONE","AUTHORISED","840b3763-0391-485b-97ef-a4e22cced2ce"
"2017-01-24","SPEND","ULearn Limited Current account","Eddie Rockets","","46.42","A104","","Food","46.42","INPUT","AUTHORISED","000ff81e-1db2-4798-b2c1-015fae591a0b"
"2017-02-24","SPEND","ULearn Limited Current account","THE HR COMPANY - DD","The HR Compan SEPA DD","110.7","B118","","HR Company Consult","110.7","INPUT","AUTHORISED","65b5f23a-ad76-45cd-adec-1f97308bff4e"
"2017-02-24","SPEND","ULearn Limited Current account","Payment Sense","","35.85","B127","","Paymnt Sense Mthly Charge","35.85","NONE","AUTHORISED","9cf52768-7e58-4bd9-8182-e919d883f74c"
"2017-02-27","RECEIVE","ULearn Limited Current account","ULearn-Student","","3459.5","100","","Course","3459.5","OUTPUT","AUTHORISED","a801354d-3bf9-480f-8d39-bb6b179e3c96"
"2017-02-27","RECEIVE","ULearn Limited Current account","ULearn-Student","","2017.25","100","","Alaiza Nascimento","2017.25","OUTPUT","AUTHORISED","8f8d607f-ac41-41e8-84cf-528c3d3ccaaa"
"2017-02-24","RECEIVE","ULearn Limited Current account","ULearn-Student","Valitor M2557598   GP","2308.31","100","","Valitor Merch A/C","2308.31","OUTPUT","AUTHORISED","1cb10379-c195-4fce-a296-0e0585d81a20"
"2017-02-24","RECEIVE","ULearn Limited Current account","ULearn-Student","","5572","100","","","5572","OUTPUT","AUTHORISED","3f95b546-291a-406d-a9b9-74ea5c6d5d2e"
"2017-02-22","SPEND","ULearn Limited Current account","Fresh","","3","B102","","Coffee","3","INPUT","AUTHORISED","ed110513-bd2c-47d2-a7f5-fefe43bc0941"
"2017-02-24","SPEND","ULearn Limited Current account","SOFTWARE","POS22FEB ADOBE  CREAT","30.74","B106","","Software / Hosting","30.74","INPUT","AUTHORISED","c4b26d05-248c-472c-8869-adbd23390fe0"
"2017-02-22","RECEIVE","ULearn Limited Current account","ULearn-Student","","1423","100","","","1423","OUTPUT","AUTHORISED","555a389a-3bc3-4287-a717-8c8e914d9bda"
"2017-02-23","SPEND","ULearn Limited Current account","Google - CARD","POS21FEB GOOGLE *ADWS","500","B110","","Google Adwords","500","INPUT","AUTHORISED","6d362a65-3af4-4875-985d-ddb2af6d11d0"
"2017-02-22","SPEND","ULearn Limited Current account","Food, Coffees, Newsagents","POSC20FEB FRESH GOOD","10.35","B102","","Coffees, Food, Newsagents","10.35","INPUT","AUTHORISED","db13776d-d304-4aa1-8896-2be68ee95d3c"
"2017-02-23","RECEIVE","ULearn Limited Current account","ULearn-Student","","2180.75","100","","","2180.75","OUTPUT","AUTHORISED","cd5e9691-2567-44b7-91d0-366589bbb94a"
"2017-02-23","RECEIVE","ULearn Limited Current account","ULearn-Student","","3890","100","","","3890","OUTPUT","AUTHORISED","3f4eb57e-be9b-460e-ade2-ec65e6ea7175"
"2017-02-23","SPEND","ULearn Limited Current account","SOFTWARE","POS CHG USD       14","0.27","B106","","Misc Software / Hosting","0.27","INPUT","AUTHORISED","a32c5abf-52c6-4938-8110-703090e0c644"
"2017-02-24","SPEND","ULearn Limited Current account","SOFTWARE","POS CHG USD       10","0.19","B106","","Misc Software / Hosting","0.19","INPUT","AUTHORISED","f1dd5958-2196-4221-a0e7-e4adc23611ba"
"2017-02-20","RECEIVE","ULearn Limited Current account","ULearn-Student","","163.5","100","","Ricardo Filho","163.5","OUTPUT","AUTHORISED","d76b4825-b5cd-4d28-a34e-6744db1131d2"
"2017-02-21","SPEND","ULearn Limited Current account","Blacknight","","42.98","B106","","Hosting","42.98","INPUT","AUTHORISED","49e0ca08-f9ca-428f-b1f2-d205ce18788c"
"2017-02-21","RECEIVE","ULearn Limited Current account","ULearn-Student","","260","100","","","260","OUTPUT","AUTHORISED","0fbfd0c8-3997-4949-8ea7-42d951b6a825"
"2017-02-21","SPEND","ULearn Limited Current account","SOFTWARE","POS CHG USD       49","0.92","B106","","Misc Software / Hosting","0.92","INPUT","AUTHORISED","20fbebfc-30d0-45af-8d61-823f3c7d302f"
"2017-02-22","SPEND","ULearn Limited Current account","Upwork - CARD","","79.79","B118","","Software Devs Drupal Site","79.79","INPUT","AUTHORISED","d6b81791-6277-420e-b41a-7b9a8ff08e26"
"2017-02-20","SPEND","ULearn Limited Current account","Keywaste - DD","","70.14","B102","","Trash Bags, Containers & Collection","70.14","INPUT","AUTHORISED","6e0741ce-c774-44fd-abd7-4f8914d51c98"
"2017-03-01","SPEND-TRANSFER","ULearn Limited Current account","","","3810.72","ACC1","","Bank Transfer to ULearn Term Loan.","-3810.72","","AUTHORISED","12fe09b3-cbf0-422f-9038-4db18637c2d2"
"2017-03-01","SPEND","ULearn Limited Current account","Google - CARD","POS27FEB GOOGLE *ADWS","500","B110","","Google Adwords","500","INPUT","AUTHORISED","4540b2f1-76f9-4f21-9455-9a68c1b22072"
"2017-03-01","RECEIVE","ULearn Limited Current account","ULearn-Student","Valitor M2571696   GP","1549.35","100","","Valitor Merch A/C","1549.35","OUTPUT","AUTHORISED","7dd43038-4389-4c9a-8561-592b49199ea0"
"2017-03-01","SPEND","ULearn Limited Current account","First Data","","45.39","B127","","Gateway Merchant","45.39","INPUT","AUTHORISED","90a65997-c7fb-464c-9e31-d61ff916d294"
"2017-02-28","SPEND","ULearn Limited Current account","DublinBikes","POS24FEB DUBLINBIKES","3.5","B112A","","DUBLINBIKES","3.5","INPUT","AUTHORISED","aa943d8b-9a1e-46a2-9c5a-2d6bb60a2c6e"
"2017-02-28","RECEIVE","ULearn Limited Current account","ULearn-Student","Valitor M2567051   GP","259.62","100","","Valitor Merch A/C","259.62","OUTPUT","AUTHORISED","41f7230a-3eb0-4a63-9e8f-2f2d2318d9c0"
"2017-02-23","SPEND","ULearn Limited Current account","Buffer - CARD","dollars amount","9.53","B106","","Software","9.53","INPUT","AUTHORISED","67f09d8b-95a0-4a3f-a705-8622ccc0f7a5"
"2017-02-21","SPEND-TRANSFER","ULearn Limited Current account","","","53.7","ACC1","","Bank Transfer to School Bookings.","-53.7","","AUTHORISED","6e8c3ab2-896c-4bca-806e-351553586d22"
"2017-02-21","SPEND-TRANSFER","ULearn Limited Current account","","","139.28","ACC1","","Bank Transfer to School Bookings.","-139.28","","AUTHORISED","70d32e4c-74fa-449f-83b4-14b35165c0fd"
"2017-02-28","SPEND","ULearn Limited Current account","BOI BOL","BOI BOL CHARGE","10","B127","","Banking Online","10","NONE","AUTHORISED","d0e104c8-1515-42a1-a951-9b4158a31419"
"2017-02-28","SPEND","ULearn Limited Current account","SOFTWARE","POS CHG USD       30","0.57","B106","","Misc Software / Hosting","0.57","INPUT","AUTHORISED","63b9bec2-9753-4d84-be5c-01177a4a10ce"
"2017-02-28","RECEIVE","ULearn Limited Current account","AAA BOUND LTD (DYNO LOCKS)","","2218.93","104","","DynoRefunds Lock Payments (Doubled)","2218.93","OUTPUT","AUTHORISED","dc16c746-65b7-435e-b48f-79c22d450b06"
"2017-02-28","RECEIVE","ULearn Limited Current account","ULearn-Student","","565","100","","","565","OUTPUT","AUTHORISED","a21129f8-9078-4025-a1e6-223ce461f286"
"2017-03-01","SPEND","ULearn Limited Current account","Upwork - CARD","","55.05","B118","","Feb Devel","55.05","INPUT","AUTHORISED","ebe87dca-f30e-49ad-a9fb-5fa9af2cf65a"
"2017-03-01","SPEND","ULearn Limited Current account","Google - CARD","","1.99","B106","","","1.99","INPUT","AUTHORISED","0d108187-29c7-4543-852d-ce38e8eedb47"
"2017-03-02","RECEIVE","ULearn Limited Current account","ULearn-Student","LATM CR 900113 0292","20","100","","Cash Drop","20","NONE","AUTHORISED","44240404-1602-4355-8f12-57d45a03c539"
"2017-03-02","RECEIVE","ULearn Limited Current account","ULearn-Student","Valitor M2583233   GP","983.93","100","","Valitor Merch A/C","983.93","OUTPUT","AUTHORISED","9c653b77-a963-455f-a9b7-e936dd759cff"
"2017-03-02","SPEND","ULearn Limited Current account","Bank Charges","","0.07","B127","","Foreign Exchange Fees","0.07","NONE","AUTHORISED","41b1894d-8a3c-433e-b88d-f20a5c4ec0f6"
"2017-03-02","SPEND","ULearn Limited Current account","SOFTWARE","POS CHG USD       30","0.57","B106","","Misc Software / Hosting","0.57","INPUT","AUTHORISED","8bfaaac6-7731-4800-9cb0-ed6d9079f1ff"
"2017-03-03","SPEND","ULearn Limited Current account","FLYEFIT","POS28FEB FLYEFIT GROU","32","B122","","FLYEFIT Dir Member Fee","32","INPUT","AUTHORISED","d5abd93e-ff86-4f30-b485-64016d839b5d"
"2017-03-03","SPEND","ULearn Limited Current account","Facebook - CARD","","171.95","B110","","Facebook","171.95","INPUT","AUTHORISED","af63d7f8-99fe-4f29-bbe5-f88984c6a54b"
"2017-03-03","SPEND","ULearn Limited Current account","Facebook - CARD","","13.89","B110","","Facebook","13.89","INPUT","AUTHORISED","cdd69bb9-c487-4e5b-9e39-dcf77de7150e"
"2017-03-03","RECEIVE","ULearn Limited Current account","ULearn-Student","","275","100","","","275","OUTPUT","AUTHORISED","c5efaf52-54ba-4d79-ba13-883b3594946c"
"2017-03-03","RECEIVE","ULearn Limited Current account","ULearn-Student","","2017.25","100","","","2017.25","OUTPUT","AUTHORISED","0ea7e376-ee57-403f-b7f7-90a2358f1f8e"
"2017-03-03","RECEIVE","ULearn Limited Current account","ULearn-Student","","3104.5","100","","","3104.5","OUTPUT","AUTHORISED","29f2afde-80c1-4565-b4de-0988394502b1"
"2017-03-03","RECEIVE","ULearn Limited Current account","ULearn-Student","","2618.3","100","","","2618.3","OUTPUT","AUTHORISED","dd706730-d25a-4fb7-8172-66fe96bab084"
"2017-03-03","RECEIVE","ULearn Limited Current account","ULearn-Student","Valitor M2587886   GP","4627.36","100","","Valitor Merch A/C","4627.36","OUTPUT","AUTHORISED","2e3f8548-5982-4923-be78-503ccb701b7d"
"2017-03-03","RECEIVE","ULearn Limited Current account","ULearn-Student","","900.2","100","","","900.2","OUTPUT","AUTHORISED","e5999ccc-81e7-447a-8f87-7eed89197e22"
"2017-03-03","SPEND","ULearn Limited Current account","Google - CARD","POS01MAR GOOGLE *SVCS","59.04","B106","","Google Apps Bus","59.04","INPUT","AUTHORISED","01c71b01-b5ba-4856-b741-99d6e422d44a"
"2017-01-20","SPEND","ULearn Limited Current account","HighRise - CARD","P1801US 49.00@1.06244","46.12","B106","","Zopim Chat module","46.12","INPUT","AUTHORISED","5045a7eb-fada-4978-aba2-ae28a2290951"
"2017-02-28","SPEND","ULearn Limited Current account","Xero Subscription - CARD","","28.42","B106","","","28.42","INPUT","AUTHORISED","d054afeb-4a79-47bf-abdd-1a235b0f3619"
"2017-02-23","SPEND","ULearn Limited Current account","Zopim - CARD","","13.3","B106","","","13.3","INPUT","AUTHORISED","0ede0d2b-7f69-4af9-8723-415f5dd10a59"
"2017-03-02","SPEND","ULearn Limited Current account","ToutApp - CARD","","28.38","B106","","email sales","28.38","INPUT","AUTHORISED","c2496334-2f16-451b-bab6-4483ebdfecff"
"2017-03-02","SPEND","ULearn Limited Current account","Ciaran Mc Mahon","","20","E113","","Testing a lost pin no - immediately returned to ATM","20","NONE","AUTHORISED","7fb8f5bc-6d75-4d8b-b8f9-a417d6390545"
"2017-01-04","SPEND","ULearn Limited Current account","Github - CARD","","6.68","B106","","","6.68","INPUT","AUTHORISED","05bc1f03-466a-41b3-9204-7b11b9338ea7"
"2017-02-21","SPEND","ULearn Limited Current account","HighRise - CARD","","46.21","B106","","CRM","46.21","INPUT","AUTHORISED","5b555c68-4918-4780-9673-fa2341eac934"
"2017-02-22","SPEND","ULearn Limited Current account","Panda Waste","","170.25","B102","","waste bags","170.25","INPUT","AUTHORISED","7d1b5a6f-d04f-4168-8aa2-0ed15687428b"
"2017-03-02","SPEND","ULearn Limited Current account","Dublin Tourism Office","","1760","A104","","Bus Tickets","1760","INPUT","AUTHORISED","2e228b21-878c-4c77-b8e1-1757a221e8cc"
"2017-03-06","SPEND","ULearn Limited Current account","Occulus","","1.99","B106","","VR Trainer","1.99","INPUT","AUTHORISED","5983cf30-f15e-4820-81fd-380c38087196"
"2017-03-06","SPEND","ULearn Limited Current account","Github - CARD","","6.67","B106","","Git Repo","6.67","INPUT","AUTHORISED","76139cc7-8a29-4e47-98c1-82e9cd992834"
"2017-03-06","SPEND","ULearn Limited Current account","Social","POS02MAR AIRPORT TAXI","49","A104","","Airport Transfer","49","INPUT","AUTHORISED","177598a8-210c-4439-864a-32854a05d182"
"2017-03-06","SPEND","ULearn Limited Current account","Airport Tai","POS02MAR AIRPORT TAXI","57","A104","","Airport Transfer","57","INPUT","AUTHORISED","183ed5c2-15d7-474c-98e5-a890335f74ca"
"2017-03-06","RECEIVE","ULearn Limited Current account","ULearn-Student","","1586","100","","Course Pay","1586","OUTPUT","AUTHORISED","1bceb453-fb92-4dd3-acdc-de89d85184cc"
"2017-03-06","RECEIVE","ULearn Limited Current account","ULearn-Student","LATM CR 900113 5435","1600","100","","Cash Drop","1600","NONE","AUTHORISED","66a560d0-aff9-46e4-832c-7d01d37d3ae3"
"2017-03-06","SPEND","ULearn Limited Current account","SOFTWARE","POS CHG USD        7","0.13","B106","","Misc Software / Hosting","0.13","INPUT","AUTHORISED","ce737c09-8e4e-4e8f-97d0-ec49c1ded6c6"
"2017-03-06","SPEND-TRANSFER","ULearn Limited Current account","","","968","ACC1","","Bank Transfer to School Bookings.","-968","","AUTHORISED","89f830cd-d6b5-4f0a-b113-4c4f6f59d845"
"2017-02-20","SPEND","ULearn Limited Current account","Audible - CARD","","74.58","B121","","","74.58","INPUT","AUTHORISED","4c627767-2d00-4bb7-a8ba-45e35a5e099d"
"2017-02-15","SPEND","ULearn Limited Current account","Audible - CARD","","9.45","B121","","Sub Audio books","9.45","INPUT","AUTHORISED","32d2c8b6-8f22-416f-86e7-d7ff985e772c"
"2017-02-08","SPEND","ULearn Limited Current account","Occulus","","4.67","B106","","app purchase - VR trainer","4.67","INPUT","AUTHORISED","98fb27f4-5dca-4ab2-9cb3-7b45c802bbf0"
"2017-01-10","SPEND","ULearn Limited Current account","Occulus","","4.75","B106","","app purchase - VR trainer","4.75","INPUT","AUTHORISED","764ed948-3b52-4f0f-97c3-8416f5b989c6"
"2017-03-07","SPEND","ULearn Limited Current account","Google - CARD","POS05MAR GOOGLE *ADWS","500","B110","","Google Adwords","500","INPUT","AUTHORISED","398854f0-09ab-43b0-bc2c-5e6c65e84bbc"
"2017-03-07","SPEND","ULearn Limited Current account","Bank Charges","","0.49","B127","","Currency FX charge on transaction","0.49","NONE","AUTHORISED","05134f25-33f9-4171-bd89-aa71405ada03"
"2017-03-07","RECEIVE","ULearn Limited Current account","ULearn-Student","Valitor M2597531   GP","3502.58","100","","Valitor Merch A/C","3502.58","OUTPUT","AUTHORISED","4df7dfbb-7608-4bfc-9f4d-28781085385a"
"2017-03-07","RECEIVE","ULearn Limited Current account","ULearn-Student","","4161.5","100","","Course Fees","4161.5","OUTPUT","AUTHORISED","4a00354e-f731-4f0c-a257-fcf7eb634523"
"2017-03-07","RECEIVE","ULearn Limited Current account","ULearn-Student","","3472.5","100","","","3472.5","OUTPUT","AUTHORISED","15a61b76-3394-417a-a03a-bf57070f0bcc"
"2017-02-28","SPEND","ULearn Limited Current account","Virgin Media","","83.99","A101","","Internet & TV Apartments","83.99","INPUT","AUTHORISED","9aefc3e7-76b6-4415-bc56-ede64a20e597"
"2017-03-07","SPEND","ULearn Limited Current account","Virgin Media","","109.98","A101","","Internet & TV Apartments","109.98","INPUT","AUTHORISED","dcde0109-f883-48a4-993d-cd77b478beb6"
"2017-03-08","RECEIVE","ULearn Limited Current account","ULearn-Student","Valitor M2602265   GP","2041.7","100","","Valitor Merch A/C","2041.7","OUTPUT","AUTHORISED","819f09a7-301b-4f15-bb9c-2922a5854cad"
"2017-03-08","RECEIVE","ULearn Limited Current account","ULearn-Student","","4876","100","","","4876","OUTPUT","AUTHORISED","00d6e3a3-51c3-467e-b285-e12cfa0402e0"
"2017-03-09","RECEIVE","ULearn Limited Current account","ULearn-Student","","455","100","","","455","OUTPUT","AUTHORISED","46d7ab0a-924f-4ef1-87cd-b0e4ec1e46c4"
"2017-03-09","RECEIVE","ULearn Limited Current account","ULearn-Student","","2862","100","","","2862","OUTPUT","AUTHORISED","f75c513f-83c3-4198-b2b8-f03ecf5ad494"
"2017-03-09","RECEIVE","ULearn Limited Current account","ULearn-Student","Valitor M2613945   GP","2311.58","100","","Valitor Merch A/C","2311.58","OUTPUT","AUTHORISED","f8916779-34cf-4cd5-87ed-d567b177f063"
"2017-03-08","SPEND","ULearn Limited Current account","SOFTWARE","POS CHG USD        5","0.09","B106","","Misc Software / Hosting","0.09","INPUT","AUTHORISED","a150b14a-3f75-4ba2-ab54-8efb2d47f26c"
"2017-03-08","SPEND","ULearn Limited Current account","Github - CARD","","4.73","B106","","Git Repo Hosting","4.73","INPUT","AUTHORISED","7bcc396e-3a96-433f-983a-52f2c8b08af8"
"2017-03-03","SPEND","ULearn Limited Current account","O'Donoghues","","48.1","A104","","Student Entertainment","48.1","INPUT","AUTHORISED","65a7ee5a-c031-4efd-992b-054120aabdc3"
"2017-03-03","SPEND","ULearn Limited Current account","O'Donoghues","","16.5","A104","","Student Entertainment ","16.5","INPUT","AUTHORISED","cd5dad0a-423c-48f7-9bf5-84a5849c5391"
"2017-03-03","SPEND","ULearn Limited Current account","O'Donoghues","","5","A104","","Student Entertainment","5","INPUT","AUTHORISED","1c461b31-c2b9-465a-86ec-e54548c4a0da"
"2017-03-03","SPEND","ULearn Limited Current account","O'Donoghues","","9.5","A104","","Student Entertainment ","9.5","INPUT","AUTHORISED","2289b6d2-0518-40fa-9ef6-9ed45ddc0490"
"2017-03-03","SPEND","ULearn Limited Current account","O'Donoghues","","10.6","A104","","Student Entertainment ","10.6","INPUT","AUTHORISED","f51cbb22-a882-491b-8bf9-f031b97c8d22"
"2017-03-10","RECEIVE","ULearn Limited Current account","ULearn-Student","","12247","100","","","12247","OUTPUT","AUTHORISED","644c81d7-32f3-404b-9295-9f4860c574ac"
"2017-03-10","SPEND","ULearn Limited Current account","Social","POS08MAR AIRPORT TAXI","49","A104","","Airport Transfer","49","INPUT","AUTHORISED","d2836f11-0872-4d04-9859-6af5e36e0bd2"
"2017-03-08","SPEND","ULearn Limited Current account","Dunnes Stores","","6","B102","","Tea Bags","6","INPUT","AUTHORISED","56ff6049-b2c3-4aad-9c4c-d90083d1858a"
"2017-03-10","RECEIVE","ULearn Limited Current account","ULearn-Student","","1065","100","","","1065","OUTPUT","AUTHORISED","71d30d90-b752-4277-bd1d-a6a0558c32ec"
"2017-03-10","SPEND","ULearn Limited Current account","Bank Charges","","0.18","B127","","Currency FX Charges","0.18","INPUT","AUTHORISED","4707109f-21bf-4085-a08e-ad125bd6554b"
"2017-03-10","RECEIVE","ULearn Limited Current account","ULearn-Student","Valitor M2618620   GP","418.89","100","","Valitor Merch A/C","418.89","OUTPUT","AUTHORISED","4d6a2c26-2e93-415e-a16b-2f5f31494190"
"2017-03-10","SPEND","ULearn Limited Current account","Audible - CARD","","9.24","B121","","Audio Books Classes","9.24","INPUT","AUTHORISED","7bf73efa-9e8a-465e-aa95-1e6913582af7"
"2017-03-13","RECEIVE","ULearn Limited Current account","ULearn-Student","","5622","100","","","5622","OUTPUT","AUTHORISED","e98d9d08-16b0-4376-9bd4-697934d8624f"
"2017-03-13","RECEIVE","ULearn Limited Current account","ULearn-Student","Valitor M2623441   GP","2042.68","100","","Valitor Merch A/C","2042.68","OUTPUT","AUTHORISED","47ddefd2-4929-4545-9520-3312e6c1c9bc"
"2017-03-13","RECEIVE","ULearn Limited Current account","ULearn-Student","","4700","100","","","4700","OUTPUT","AUTHORISED","a3e6f865-e806-45e8-a6d1-7bbadaf16069"
"2017-03-14","SPEND","ULearn Limited Current account","EIRCOM","EIRCOM TIS    SEPA DD","62.42","B104","","Telephone & Internet","62.42","INPUT","AUTHORISED","3cc4901f-5fb8-4216-8ac7-2a7147077e4c"
"2017-03-14","SPEND","ULearn Limited Current account","Google - CARD","POS12MAR GOOGLE *ADWS","500","B110","","Google Adwords","500","INPUT","AUTHORISED","4a6a9a39-d405-443f-acef-7ccc84280427"
"2017-03-14","RECEIVE","ULearn Limited Current account","ULearn-Student","","1850","100","","","1850","OUTPUT","AUTHORISED","20b2061e-5c56-4841-8971-cbd531979c6b"
"2017-03-14","RECEIVE","ULearn Limited Current account","ULearn-Student","Valitor M2628416   GP","610.3","100","","Valitor Merch A/C","610.3","OUTPUT","AUTHORISED","931f45f7-6922-4a54-8299-851b6bbcd574"
"2017-03-14","RECEIVE","ULearn Limited Current account","ULearn-Student","LATM CR 900113 5435","1295","100","","Cash Drop","1295","NONE","AUTHORISED","08204cee-a5b2-4f21-a3d5-b3fb0ebfb094"
"2017-03-14","SPEND","ULearn Limited Current account","MAILCHIMP - DD","POS11MAR MAILCHIMP","105.12","B106","","MailChimp Email Marketing","105.12","INPUT","AUTHORISED","c6c8f23b-82a8-4438-bf2e-2199ae10f849"
"2017-03-15","RECEIVE","ULearn Limited Current account","ULearn-Student","","1900","100","","","1900","OUTPUT","AUTHORISED","27730f95-70aa-4006-9a42-5724020e6ba0"
"2017-03-15","RECEIVE","ULearn Limited Current account","ULearn-Student","Valitor M2633272   GP","4586.32","100","","Valitor Merch A/C","4586.32","OUTPUT","AUTHORISED","fa5041da-d350-4c7c-8e6b-2612debd0f4e"
"2017-03-15","SPEND","ULearn Limited Current account","EIRCOM","EIRCOM        SEPA DD","86.59","B104","","Telephone & Internet","86.59","INPUT","AUTHORISED","4efdd265-5528-4b11-b34f-3282a72827f7"
"2017-03-16","SPEND","ULearn Limited Current account","Airport Taxi","POS14MAR AIRPORT TAXI","52","A104","","Airport Transfer","52","INPUT","AUTHORISED","cd0991bc-3a63-4434-b10e-9db480e9e5c8"
"2017-03-16","RECEIVE","ULearn Limited Current account","ULearn-Student","Valitor M2645217   GP","2508.91","100","","Valitor Merch A/C","2508.91","OUTPUT","AUTHORISED","47ad0bc5-f60c-4b7b-868c-ddc35968b8e8"
"2017-03-16","RECEIVE","ULearn Limited Current account","ULearn-Student","","471.2","100","","EDUARDO PRANDINI","471.2","OUTPUT","AUTHORISED","e0c52b43-56b0-412d-9b38-5aea9ec23f06"
"2017-03-13","RECEIVE","ULearn Limited Current account","Refunds & Rebates","","34.52","104","","Unknown GB Refund","34.52","OUTPUT","AUTHORISED","bb57e9ee-7143-4291-864c-77a44bd7e3ab"
"2017-03-16","SPEND","ULearn Limited Current account","SOFTWARE","POS CHG USD      324","6.13","B106","","Misc Software / Hosting","6.13","INPUT","AUTHORISED","e7d870cc-dd12-44b9-bedc-576345756faa"
"2017-03-16","RECEIVE","ULearn Limited Current account","ULearn-Student","","60","100","","","60","OUTPUT","AUTHORISED","5195842b-2b08-4aeb-b8dd-65cf7a54bdee"
"2017-03-16","SPEND","ULearn Limited Current account","Bank Charges","","0.72","B127","","","0.72","NONE","AUTHORISED","941b7145-3b54-4df4-9b5d-6167e2a63b51"
"2017-01-13","SPEND","ULearn Limited Current account","GoDaddy.com, LLC - CARD","","9.56","B106","","Domain purchase","9.56","INPUT","AUTHORISED","5db1e51f-bec6-4921-a9b0-e54f679eee60"
"2017-03-15","SPEND-TRANSFER","ULearn Limited Current account","","","27.93","ACC1","","Bank Transfer to Credit Card - Neil.","-27.93","","DELETED","f12bc97a-8fdb-4ff4-944e-7a3664228827"
"2017-03-23","SPEND-TRANSFER","ULearn Limited Current account","","","27.93","ACC1","","Bank Transfer to Credit Card - Neil.","-27.93","","AUTHORISED","e1b745d3-02f7-481d-852c-c17862008014"
"2017-03-23","RECEIVE-TRANSFER","Credit Card - Neil","","","27.93","AC-CC-NM","","Bank Transfer from ULearn Limited Current account.","27.93","","AUTHORISED","4b978232-2a3e-4be1-bee8-adb97f734289"
"2017-03-20","SPEND","ULearn Limited Current account","Airport Taxi","POS15MAR AIRPORT TAXI","34","A104","","Airport Transfer","34","INPUT","AUTHORISED","8fd1fadd-837d-40e6-be57-bb908c90b5bc"
"2017-03-20","RECEIVE","ULearn Limited Current account","ULearn-Student","Valitor M2649998   GP","489.41","100","","Valitor Merch A/C","489.41","OUTPUT","AUTHORISED","428cc277-6d93-48ac-b712-4aaf4e384588"
"2017-03-15","SPEND","ULearn Limited Current account","Tesco","","8.6","B102","","Soap","8.6","INPUT","AUTHORISED","752870e8-cd58-4da7-8b02-d567151bc275"
"2017-03-20","RECEIVE","ULearn Limited Current account","VITAL LANGUAGES","3XVITAL LANGUAGE  B","285.75","100","","Course / Accomm Fees","285.75","OUTPUT","AUTHORISED","144e94d5-b251-45f7-8861-5211b47419b1"
"2017-03-20","RECEIVE","ULearn Limited Current account","ULearn-Student","","3004.5","100","","","3004.5","OUTPUT","AUTHORISED","05189ca1-8d66-4448-8b74-ba1daf5239bc"
"2017-03-20","RECEIVE","ULearn Limited Current account","ULearn-Student","Valitor M2654931   GP","664.46","100","","Valitor Merch A/C","664.46","OUTPUT","AUTHORISED","59de029a-92bc-4023-995c-8cded5598a61"
"2017-03-21","SPEND","ULearn Limited Current account","Bank Charges","","0.18","B127","","Currency FX Charges","0.18","INPUT","AUTHORISED","b9760fdb-7c39-4fa7-a487-4ac583b847bd"
"2017-03-21","SPEND","ULearn Limited Current account","Domino's Pizza UK & Ireland Limited","","21.99","B115","","late work meet","21.99","INPUT","AUTHORISED","81471a07-0f7e-42d1-841b-9784d1ef088f"
"2017-03-21","SPEND","ULearn Limited Current account","Google - CARD","POS19MAR GOOGLE *ADWS","500","B110","","Google Adwords","500","INPUT","AUTHORISED","42b0688c-6553-4124-b79d-9c1ae10f3450"
"2017-03-21","SPEND","ULearn Limited Current account","HighRise - CARD","","45.68","B106","","CRM","45.68","INPUT","AUTHORISED","f216c136-a897-488f-8087-dff0b9f3a906"
"2017-03-21","RECEIVE","ULearn Limited Current account","ULearn-Student","Valitor M2660097   GP","117.51","100","","Valitor Merch A/C","117.51","OUTPUT","AUTHORISED","71183bd3-54c9-45bb-9ff1-0c55faad7f2a"
"2017-03-21","RECEIVE","ULearn Limited Current account","ULearn-Student","","2736.5","100","","Course Fees","2736.5","OUTPUT","AUTHORISED","1f57e740-0e85-44ed-8511-8356616b6b1d"
"2017-03-21","SPEND","ULearn Limited Current account","SOFTWARE","POS CHG USD       49","0.91","B106","","Misc Software / Hosting","0.91","INPUT","AUTHORISED","54165f2c-3b71-45fa-84f6-8118a0cbc7ee"
"2017-03-22","SPEND","ULearn Limited Current account","Indeed Recruitment","","24.96","B110","","Teacher HR Recruit","24.96","INPUT","AUTHORISED","9e8f8dc4-2cad-442e-8775-fa661ba2ed92"
"2017-03-22","SPEND","ULearn Limited Current account","BOI LIFE INSURANCE","OP/BoI LIFE   SEPA DD","51.03","B119","","Life Insurance BOI","51.03","INPUT","AUTHORISED","752c1955-c819-453b-b5b8-4496c455ea26"
"2017-03-22","RECEIVE","ULearn Limited Current account","ULearn-Student","","3055","100","","","3055","OUTPUT","AUTHORISED","649e0897-db3d-46bf-a587-3af825ea76e7"
"2017-03-22","RECEIVE","ULearn Limited Current account","ULearn-Student","","455","100","","","455","OUTPUT","AUTHORISED","d297e963-f42d-49b4-b178-a7bdb59349a8"
"2017-03-22","RECEIVE","ULearn Limited Current account","ULearn-Student","","2700","100","","","2700","OUTPUT","AUTHORISED","db327db8-feb0-4cf5-966d-2cabe81f6e06"
"2017-03-21","SPEND","ULearn Limited Current account","EIRCOM","EIRCOM TIS    SEPA DD","683.38","B104","","Telephone & Internet","683.38","INPUT","AUTHORISED","063ff33a-65be-46f9-bbc7-88a113bc13d1"
"2017-03-21","SPEND","ULearn Limited Current account","Audible - CARD","","9.23","B121","","audio books ","9.23","INPUT","AUTHORISED","aa6a578b-f585-48e4-9947-2b4162114cd7"
"2017-01-09","SPEND","ULearn Limited Current account","Equipment Sundry","","8.93","B102","","Stationery (Unknown)","8.93","INPUT","AUTHORISED","00fd2d21-6405-4c75-950d-96eb47067d27"
"2017-03-23","SPEND","ULearn Limited Current account","BOI LIFE INSURANCE","OP/BoI LIFE   SEPA DD","47.05","B119","","Life Insurance BOI","47.05","INPUT","AUTHORISED","655e3aaf-c5c8-4305-ab37-c75dde32f1ab"
"2017-03-23","RECEIVE","ULearn Limited Current account","ULearn-Student","Valitor M2674850   GP","2483.46","100","","Valitor Merch A/C","2483.46","OUTPUT","AUTHORISED","a46e2c57-cb1c-46ee-86b9-f7f7dc49a884"
"2017-03-23","RECEIVE","ULearn Limited Current account","ULearn-Student","LATM CR 900113 5435","1960","100","","Cash Drop","1960","NONE","AUTHORISED","537b5416-2b19-456a-ac21-9f64b48fe868"
"2017-03-23","RECEIVE","ULearn Limited Current account","ULearn-Student","","1283.08","100","","","1283.08","OUTPUT","AUTHORISED","80b1c23f-e01b-4caa-add3-a8eb9e4ad585"
"2017-03-23","SPEND","ULearn Limited Current account","SOFTWARE","POS CHG USD       14","0.26","B106","","Misc Software / Hosting","0.26","INPUT","AUTHORISED","3ef822ce-b468-4c68-8d19-102f6e4de565"
"2017-03-24","SPEND","ULearn Limited Current account","SOFTWARE","POS22MAR ADOBE  CREAT","30.74","B106","","Software / Hosting","30.74","INPUT","AUTHORISED","4476d86f-8881-47cb-8e83-fb6ca85718b4"
"2017-03-24","RECEIVE","ULearn Limited Current account","ULearn-Student","Valitor M2679698   GP","2010.64","100","","Valitor Merch A/C","2010.64","OUTPUT","AUTHORISED","47489406-7168-4a9a-9c60-8c90062b53ce"
"2017-03-24","SPEND","ULearn Limited Current account","LinguaTrip.com","","753","B113","","Interpay Overage Payments","753","INPUT","AUTHORISED","5c3682ab-985c-43b9-8be0-ae5f141b882c"
"2017-03-24","SPEND","ULearn Limited Current account","KELLY GRIFFIN","","22550","E113","","Deposit Balance Daintree","22550","NONE","AUTHORISED","42e182ee-1bf0-41e6-a12d-9b26e22d5272"
"2017-03-24","SPEND","ULearn Limited Current account","BOI","","150.26","B127","","Bank Charges","150.26","INPUT","AUTHORISED","8dc30e69-c827-4700-9285-666aeb73851d"
"2017-03-24","SPEND","ULearn Limited Current account","Airport Taxi","POS22MAR AIRPORT TAXI","52","A104","","Airport Transfer","52","INPUT","AUTHORISED","fe7fe752-836b-4463-b61e-4194faf805e0"
"2017-03-22","SPEND","ULearn Limited Current account","Fintan OReilly Solicitors","","625","B118","","Bal of Stamp (Lease 11 Harcourt)","625","INPUT","AUTHORISED","91de646a-34a7-426c-be35-8abe5fdd427c"
"2017-03-23","SPEND","ULearn Limited Current account","Zopim - CARD","","13.06","B106","","website chat module","13.06","INPUT","AUTHORISED","447c5683-6925-43e1-a342-83edaac5040b"
"2017-03-07","SPEND","ULearn Limited Current account","Pittney Bowes","","10.34","B130","","Delivery","10.34","INPUT","AUTHORISED","02e8e447-3255-4de2-aad4-f0ee42a7d253"
"2017-03-07","SPEND","ULearn Limited Current account","Jakub Games","","55.31","A108","","Electronic Board Game Rec Room","55.31","INPUT","AUTHORISED","3291744a-2e11-4193-9aaa-3c03eff107f5"
"2017-03-02","SPEND","ULearn Limited Current account","Bank Charges","","3.34","B127","","Currency Fx ","3.34","NONE","AUTHORISED","112d83d7-e6c9-4af9-84c8-9bdc05125a57"
"2017-03-07","SPEND","ULearn Limited Current account","Domino's Pizza UK & Ireland Limited","","24.53","B115","","Pizza 4 Meeting","24.53","INPUT","AUTHORISED","1dd8c409-e012-4afe-9705-20b61abb6418"
"2017-03-16","SPEND","ULearn Limited Current account","Unknown","","36.16","B124","","We cannot ID this - contact BOI","36.16","INPUT","AUTHORISED","2cd90718-6334-43ad-afe7-84a13e7f255c"
"2017-03-27","RECEIVE","ULearn Limited Current account","ULearn-Student","Valitor M2684751   GP","543.86","100","","Valitor Merch A/C","543.86","OUTPUT","AUTHORISED","630715b5-9da6-415c-bb80-da1c44b8592a"
"2017-03-28","SPEND","ULearn Limited Current account","Google - CARD","POS24MAR GOOGLE *ADWS","500","B110","","Google Adwords","500","INPUT","AUTHORISED","cfc98e86-9428-417d-b309-ad3aa4f93ac6"
"2017-03-28","SPEND","ULearn Limited Current account","Virgin Media","","83.99","A101","","Internet & TV Apartments","83.99","INPUT","AUTHORISED","6d243249-91ee-4663-b891-dd55b57c3520"
"2017-03-28","SPEND","ULearn Limited Current account","BOI BOL","BOI BOL CHARGE","10","B127","","Banking Online","10","NONE","AUTHORISED","9dab1f6b-1c32-481b-8221-c6e1b4268b6d"
"2017-03-28","SPEND","ULearn Limited Current account","SOFTWARE","POS CHG USD       30","0.56","B106","","Misc Software / Hosting","0.56","INPUT","AUTHORISED","92915e2e-08c7-466b-98fd-820c7ca7a2e9"
"2017-03-28","RECEIVE","ULearn Limited Current account","ULearn-Student","Valitor M2690063   GP","2133.58","100","","Valitor Merch A/C","2133.58","OUTPUT","AUTHORISED","ceac5d76-110a-4eef-aefb-a8c2c956c289"
"2017-03-28","SPEND","ULearn Limited Current account","Pepper Finance","","1800","E113","","Deposit House Payment","1800","NONE","AUTHORISED","2cd058ce-4930-4d2b-ace1-c17b59742066"
"2017-03-28","RECEIVE","ULearn Limited Current account","ULearn-Student","","8298","100","","Course Fees","8298","OUTPUT","AUTHORISED","e8b37a63-7b5d-4b54-b472-f9301e299d0e"
"2017-03-31","SPEND","ULearn Limited Current account","FLYEFIT","POS28MAR FLYEFIT GROU","32","B122","","FLYEFIT Dir Member Fee","32","INPUT","AUTHORISED","b83bff20-4ff6-4cfd-9d6b-5b3353095704"
"2017-03-31","SPEND","ULearn Limited Current account","Payment Sense","","69.3","B127","","Paymnt Sense Mthly Charge","69.3","NONE","AUTHORISED","6dd45065-4f20-4d40-bf82-6b291aade4c3"
"2017-03-27","SPEND","ULearn Limited Current account","Buffer - CARD","P2203US 10.00@1.07642","9.29","B106","","Buffer","9.29","INPUT","AUTHORISED","970fd243-438b-4c76-8aaa-ab5ad94e7c1c"
"2017-03-27","SPEND","ULearn Limited Current account","SOFTWARE","POS CHG USD       10","0.19","B106","","Misc Software / Hosting","0.19","INPUT","AUTHORISED","744cbf4a-13c2-4739-aafe-bcf982e7c01d"
"2017-03-28","RECEIVE","ULearn Limited Current account","ULearn-Student","","1259","100","","","1259","OUTPUT","AUTHORISED","4d963927-7d87-458c-80ba-078b0aa93909"
"2017-03-29","RECEIVE","ULearn Limited Current account","ULearn-Student","Valitor M2695251   GP","235.12","100","","Valitor Merch A/C","235.12","OUTPUT","AUTHORISED","2929ebba-b0e6-4038-a2ff-808d22f1073d"
"2017-03-30","SPEND","ULearn Limited Current account","THE HR COMPANY - DD","The HR Compan SEPA DD","110.7","B118","","HR Company Consult","110.7","INPUT","AUTHORISED","ab892b58-5f45-4baa-b0fd-2ad9581d2b51"
"2017-03-30","RECEIVE","ULearn Limited Current account","ULearn-Student","","198","100","","","198","OUTPUT","AUTHORISED","b09c25bf-47b1-4afa-bfcf-1e35e5f048d4"
"2017-03-31","RECEIVE","ULearn Limited Current account","ULearn-Student","","6740","100","","","6740","OUTPUT","AUTHORISED","324123ed-d026-4156-842b-8f2cf1fd246a"
"2017-03-31","SPEND-TRANSFER","ULearn Limited Current account","","","500","ACC1","","Bank Transfer to Petty Cash.","-500","","AUTHORISED","43b487c5-52db-4c25-a7a8-d06c230c66cd"
"2017-03-31","SPEND","ULearn Limited Current account","NGUYEN VAN NGUYEN","","17.5","B127","","currency FX","17.5","NONE","AUTHORISED","e512dbcb-3eea-4ab8-a018-0807f9a71c0b"
"2017-03-30","SPEND-TRANSFER","ULearn Limited Current account","","","3810.72","ACC1","","Bank Transfer to ULearn Term Loan.","-3810.72","","AUTHORISED","844358b6-d444-465c-81a9-b5d23f936fe0"
"2017-03-21","RECEIVE","ULearn Limited Current account","ULearn-Student","","1423","100","","","1423","OUTPUT","AUTHORISED","7718b8e0-10d4-4b18-be7d-355694ab085b"
"2017-03-24","RECEIVE","ULearn Limited Current account","ULearn-Student","","4215","100","","","4215","OUTPUT","AUTHORISED","33ba0bf1-13e4-4959-abf1-60280d8b94da"
"2017-04-03","SPEND","ULearn Limited Current account","Airport Taxi","POS29MAR AIRPORT TAXI","52","A104","","Airport Transfer","52","INPUT","AUTHORISED","9ee43714-460f-41e3-b513-5a2c64e5ae26"
"2017-04-03","SPEND","ULearn Limited Current account","DublinBikes","POS29MAR DUBLINBIKES","18.5","B112A","","DUBLINBIKES","18.5","INPUT","AUTHORISED","0f64276d-0209-4390-8541-50e6ec4f0520"
"2017-04-03","SPEND","ULearn Limited Current account","Google - CARD","POS30MAR GOOGLE *ADWS","500","B110","","Google Adwords","500","INPUT","AUTHORISED","47e1d42c-32a1-4ceb-b8cb-d25de96e4bce"
"2017-03-29","SPEND","ULearn Limited Current account","Fresh","","4.25","B102","","Food","4.25","INPUT","AUTHORISED","dc8654a4-84a1-4ac2-97f5-e8770c38f121"
"2017-03-28","SPEND","ULearn Limited Current account","DHL","","17.5","B130","","Courier","17.5","INPUT","AUTHORISED","8c050bf7-aeb6-4666-a044-5d8a24e943d8"
"2017-04-03","RECEIVE","ULearn Limited Current account","ULearn-Student","Valitor M2718245   GP","1810.77","100","","Valitor Merch A/C","1810.77","OUTPUT","AUTHORISED","9232d773-c2dc-4ffa-8a0f-2129c1831242"
"2017-04-03","SPEND","ULearn Limited Current account","First Data","","45.39","B127","","Gateway Merchant","45.39","INPUT","AUTHORISED","706e8624-4a4b-4491-b50b-240f0195dff5"
"2017-04-03","SPEND","ULearn Limited Current account","Google - CARD","","19.99","B106","","Google Apps GSuite","19.99","INPUT","AUTHORISED","e80fc71c-c3b2-4c20-98a2-2bf4ce7d73cd"
"2017-04-03","RECEIVE","ULearn Limited Current account","ULearn-Student","","4395","100","","","4395","OUTPUT","AUTHORISED","3da9fba6-78f1-47c3-bc05-7b4c2c95446f"
"2017-03-28","SPEND","ULearn Limited Current account","Fresh","","10.5","B104","","Phone Credit","10.5","INPUT","AUTHORISED","6d8d4cf5-3fa2-4271-9550-25752e4c50b4"
"2017-04-03","SPEND","ULearn Limited Current account","Social","POS29MAR GUINNESS STO","264","A104","","Social Outings & Expenses","264","INPUT","AUTHORISED","ee226e8a-07f8-459e-a79e-f2529430393c"
"2017-03-30","SPEND","ULearn Limited Current account","Fresh","","4.45","B102","","Coffee","4.45","INPUT","AUTHORISED","c19b7766-e33c-452f-9699-9d20997565a8"
"2017-04-02","SPEND","ULearn Limited Current account","Spar","","10.35","A101","","Bulbs Capel","10.35","INPUT","AUTHORISED","0aa54ea8-da1c-4dbf-8a03-3617085de72b"
"2017-04-04","RECEIVE","ULearn Limited Current account","ULearn-Student","","1825","100","","","1825","OUTPUT","AUTHORISED","ea55da76-114c-4df6-a4b0-804f0e34b8c4"
"2017-04-04","RECEIVE","ULearn Limited Current account","ULearn-Student","Valitor M2723577   GP","161.62","100","","Valitor Merch A/C","161.62","OUTPUT","AUTHORISED","aa45ae4c-6ce3-4be2-9553-a19f1aa7c225"
"2017-04-04","SPEND","ULearn Limited Current account","SOFTWARE","POS CHG USD        7","0.13","B106","","Misc Software / Hosting","0.13","INPUT","AUTHORISED","7627fb3f-c049-407f-bbd9-22c45be5e370"
"2017-04-04","SPEND","ULearn Limited Current account","SOFTWARE","POS CHG USD      199","3.75","B106","","Misc Software / Hosting","3.75","INPUT","AUTHORISED","ac013d57-d7a4-4172-a7f8-7ae91bd7fb7b"
"2017-04-04","SPEND","ULearn Limited Current account","Virgin Media","","109.98","A101","","Internet & TV Apartments","109.98","INPUT","AUTHORISED","fd2406ff-82e6-4029-b8c3-1716d44478a2"
"2017-04-04","SPEND","ULearn Limited Current account","SOFTWARE","POS CHG USD       30","0.56","B106","","Misc Software / Hosting","0.56","INPUT","AUTHORISED","64320f88-26c0-42c8-a530-a6811b8df148"
"2017-04-04","SPEND","ULearn Limited Current account","Facebook - CARD","","34.78","B110","","Facebook Ads","34.78","INPUT","AUTHORISED","7275080a-ed99-484e-b759-02997a60433d"
"2017-04-04","SPEND","ULearn Limited Current account","Facebook - CARD","","272.92","B110","","Facebook Ads","272.92","INPUT","AUTHORISED","86e81fa6-b5b4-4b0c-8605-1915a9d0935c"
"2017-04-03","SPEND","ULearn Limited Current account","GRENKE LIMITED","GRENKE LIMITE SEPA DD","123","B102","","Fingerprint & Camera Security","123","INPUT","AUTHORISED","297dc301-afdb-4a02-a8a0-5397e8632e20"
"2017-04-04","SPEND","ULearn Limited Current account","Github - CARD","P0204US  7.00@1.06544","6.57","B106","","Github Repos","6.57","INPUT","AUTHORISED","6793a890-3901-488e-92b8-1bc64081f362"
"2017-04-04","SPEND","ULearn Limited Current account","Xero Subscription - CARD","","28.12","B106","","accounting software sub","28.12","INPUT","AUTHORISED","dcf0fad9-ede2-4e24-8a3b-0edcef08c856"
"2017-04-04","SPEND","ULearn Limited Current account","Sucuri,","","187.43","B106","","Firewall & Website Protection Sub","187.43","INPUT","AUTHORISED","c73cc1fa-6a44-43dd-91d9-2e095adbbffc"
"2017-04-06","RECEIVE","ULearn Limited Current account","ULearn-Student","Valitor M2741857   GP","1649.41","100","","Valitor Merch A/C","1649.41","OUTPUT","AUTHORISED","c165e0cf-1dd0-4cf6-9bc1-bbea7e2db39b"
"2017-04-04","SPEND","ULearn Limited Current account","Lenehans","","55.65","A101","","Lightbulbs","55.65","INPUT","AUTHORISED","3470d730-09a0-4d08-9b5f-6688e775a950"
"2017-04-06","RECEIVE","ULearn Limited Current account","ULearn-Student","LATM CR 900113 5435","1750","100","","Cash Drop","1750","NONE","AUTHORISED","dc2f81f5-5e04-4965-8a61-be70decdfdfb"
"2017-04-06","RECEIVE","ULearn Limited Current account","ULearn-Student","","305","100","","","305","OUTPUT","AUTHORISED","45626fd8-a055-4612-a7a8-b18c3166787f"
"2017-04-06","RECEIVE","ULearn Limited Current account","ULearn-Student","","50","100","","","50","OUTPUT","AUTHORISED","c11fc6a6-6afd-406a-af40-2d47ba0cfe09"
"2017-04-06","RECEIVE","ULearn Limited Current account","ULearn-Student","","1825","100","","LEANDRO CALIXTO","1825","OUTPUT","AUTHORISED","150694cc-2697-4a35-88dc-662b4ec7cfe9"
"2017-04-03","SPEND","ULearn Limited Current account","UCD APPLIED LANGUAGE CENTRE","","195","A107","","","195","INPUT","AUTHORISED","b71201bb-3213-4c30-a706-709f4416cff6"
"2017-04-04","SPEND","ULearn Limited Current account","Indeed Recruitment","","76.22","B113","","HR Advertising","76.22","INPUT","AUTHORISED","5780cad8-fc87-4777-964f-fb2cab297491"
"2017-04-01","SPEND","Credit Card - Neil","BOI","","30","B127","","Gov Stamp Duty","30","INPUT","AUTHORISED","6bfc9d81-256d-4b9a-9847-53760385c4bd"
"2017-04-07","SPEND","ULearn Limited Current account","Deliveroo","","18.7","B115","","Work","18.7","INPUT","AUTHORISED","8f68cb2a-2119-4091-8718-e75f7fdca35a"
"2017-04-07","SPEND","ULearn Limited Current account","Google - CARD","POS05APR GOOGLE *ADWS","500","B110","","Google Adwords","500","INPUT","AUTHORISED","2814dc70-c83a-47e1-8a30-f959e7b44a57"
"2017-04-07","SPEND","ULearn Limited Current account","Food, Coffees, Newsagents","POSC05APR TESCO STORE","5.87","B102","","Coffees, Food, Newsagents","5.87","INPUT","AUTHORISED","bc594cb9-d8d1-4682-af3d-db145e99957b"
"2017-04-07","RECEIVE","ULearn Limited Current account","ULearn-Student","Valitor M2747030   GP","4612.71","100","","Valitor Merch A/C","4612.71","OUTPUT","AUTHORISED","15f637cf-906f-4ccf-b7e8-072ed283f92f"
"2017-04-07","RECEIVE","ULearn Limited Current account","ULearn-Student","","3065","100","","","3065","OUTPUT","AUTHORISED","687de52a-c0a1-4813-bb42-0dc635b4400c"
"2017-04-10","SPEND","ULearn Limited Current account","PARCEL MOTEL","","3.95","B130","","Delivery Amazon Computer Items","3.95","INPUT","AUTHORISED","29d32f37-4a6f-4d92-8412-96dae71d369a"
"2017-04-10","SPEND","ULearn Limited Current account","SOFTWARE","POS CHG USD       19","0.38","B106","","Misc Software / Hosting","0.38","INPUT","AUTHORISED","81f39d6d-2bf9-43de-aea4-bb54c0f755b4"
"2017-04-10","RECEIVE","ULearn Limited Current account","ULearn-Student","Valitor M2752334   GP","3454.88","100","","Valitor Merch A/C","3454.88","OUTPUT","AUTHORISED","c9a50d03-b130-420e-8345-3d7e49059285"
"2017-04-11","RECEIVE","ULearn Limited Current account","ULearn-Student","Valitor M2757850   GP","248.85","100","","Valitor Merch A/C","248.85","OUTPUT","AUTHORISED","f7d292a1-1799-4941-bdd0-c604538f0501"
"2017-04-11","SPEND","ULearn Limited Current account","Bank Charges","","0.19","B127","","Currency FX Charges","0.19","INPUT","AUTHORISED","6e88b880-0eb2-4125-8053-fb8bf78bfacb"
"2017-04-12","RECEIVE","ULearn Limited Current account","ULearn-Student","Valitor M2763150   GP","2547.24","100","","Valitor Merch A/C","2547.24","OUTPUT","AUTHORISED","c1161b62-67fd-408c-8298-9dc6802e0a12"
"2017-04-12","SPEND","ULearn Limited Current account","EIRCOM","EIRCOM        SEPA DD","98.04","B104","","Telephone & Internet","98.04","INPUT","AUTHORISED","fb116d82-ab35-4f1c-ad23-13bfff41463d"
"2017-04-13","SPEND","ULearn Limited Current account","Neil Patel SEO","","0.95","B113","","Online SEO Course","0.95","INPUT","AUTHORISED","6ff18c79-6e79-4fe0-a17e-8498d8835816"
"2017-04-13","SPEND","ULearn Limited Current account","MAILCHIMP - DD","POS11APR MAILCHIMP","109.91","B106","","MailChimp Email Marketing","109.91","INPUT","AUTHORISED","cd7eb09a-6949-4da2-8db3-f010b0b5d58a"
"2017-04-13","SPEND","ULearn Limited Current account","Google - CARD","POS11APR GOOGLE *ADWS","500","B110","","Google Adwords","500","INPUT","AUTHORISED","ba3cfe9d-0a90-4ac7-b8ce-7eee528b6c97"
"2017-04-13","RECEIVE","ULearn Limited Current account","ULearn-Student","Valitor M2776209   GP","980","100","","Valitor Merch A/C","980","OUTPUT","AUTHORISED","bee1d9ad-f15e-4bf3-b4df-396603f22b00"
"2017-04-13","SPEND","ULearn Limited Current account","SOFTWARE","POS CHG USD        1","0.02","B106","","Misc Software / Hosting","0.02","INPUT","AUTHORISED","c46564fe-f7d2-4e3b-b197-115bab61557a"
"2017-04-13","SPEND","ULearn Limited Current account","MAILCHIMP - DD","POS11APR MAILCHIMP","8.6","B106","","MailChimp Email Marketing","8.6","INPUT","AUTHORISED","77d5ea2f-d8f3-4b96-8432-7e505605474c"
"2017-04-20","SPEND","ULearn Limited Current account","HighRise - CARD","P1804US 49.00@1.06359","46.07","B106","","HighRise CRM Software","46.07","INPUT","AUTHORISED","fc6870af-1a2b-4b95-bbbc-ee7d3657d158"
"2017-04-20","SPEND","ULearn Limited Current account","Google - CARD","POS18APR GOOGLE *ADWS","500","B110","","Google Adwords","500","INPUT","AUTHORISED","7c779842-66cd-4353-9bc9-1de14290d32a"
"2017-04-20","SPEND","ULearn Limited Current account","SOFTWARE","POS CHG USD       49","0.92","B106","","Misc Software / Hosting","0.92","INPUT","AUTHORISED","453faa14-0d40-4b00-a714-5da1acb2d9e9"
"2017-04-20","RECEIVE","ULearn Limited Current account","ULearn-Student","LATM CR 900113 5435","3975","100","","Cash Drop","3975","NONE","AUTHORISED","b7e0a615-9bc9-4437-ae64-cd31cdc4f6a4"
"2017-04-18","SPEND","ULearn Limited Current account","Hartstown Heating & Plumbing","","450","B103","","Plumbing","450","INPUT","AUTHORISED","2a95aba2-b996-4d32-83e3-3e7593bac63b"
"2017-04-19","SPEND","ULearn Limited Current account","EIRCOM","EIRCOM TIS    SEPA DD","532.82","B104","","Telephone & Internet","532.82","INPUT","AUTHORISED","57e8f9f2-757d-4278-a4db-4a97950aeb38"
"2017-04-18","SPEND","ULearn Limited Current account","BOI","EFT DD CHARGES","1.76","B127","","Bank Charges","1.76","INPUT","AUTHORISED","dc373df1-e11b-4187-923c-32217f919d2b"
"2017-04-18","SPEND","ULearn Limited Current account","BOI","EFT DD CHARGES","1.84","B127","","Bank Charges","1.84","INPUT","AUTHORISED","fcb6c7de-63d4-4ae0-8746-daf47e523b94"
"2017-04-18","SPEND","ULearn Limited Current account","BOI","EFT DD CHARGES","1.84","B127","","Bank Charges","1.84","INPUT","AUTHORISED","9325a89b-4630-4d81-8518-bd60040cf431"
"2017-04-18","SPEND","ULearn Limited Current account","EIRCOM","EIRCOM TIS    SEPA DD","62.42","B104","","Telephone & Internet","62.42","INPUT","AUTHORISED","8f473caf-e092-4b7f-96f3-71e4e06980ca"
"2017-04-18","SPEND","ULearn Limited Current account","SOFTWARE","POS CHG USD     1875","11.43","B106","","Misc Software / Hosting","11.43","INPUT","AUTHORISED","38bf450a-fef7-4c38-8f00-cade45d64039"
"2017-04-12","SPEND","ULearn Limited Current account","Kingstons","","16.49","A101","","Hardware","16.49","INPUT","AUTHORISED","ee840bdb-bff2-4c8b-b54e-ccbe768633d5"
"2017-04-10","RECEIVE","ULearn Limited Current account","ULearn-Student","","2700","100","","Course fees","2700","OUTPUT","AUTHORISED","1844d390-81f5-46ab-a8b0-48df77e1ca24"
"2017-04-12","RECEIVE","ULearn Limited Current account","ULearn-Student","","2590","100","","Course Fees","2590","OUTPUT","AUTHORISED","4f99182f-0d5c-4470-9244-859b3a86dce8"
"2017-04-13","RECEIVE","ULearn Limited Current account","ULearn-Student","","6845","100","","Course Fees","6845","OUTPUT","AUTHORISED","2f58e126-16c1-4aef-b494-122cd8eec4ec"
"2017-04-18","RECEIVE","ULearn Limited Current account","ULearn-Student","Valitor M2781566   GP","1519.06","100","","Valitor Merch A/C","1519.06","OUTPUT","AUTHORISED","fcdca304-b385-43ec-92bb-79247a85d83a"
"2017-04-18","RECEIVE","ULearn Limited Current account","ULearn-Student","","3890","100","","TUSHINA IRINA VA GP","3890","OUTPUT","AUTHORISED","c119e0d6-6ec2-45a8-9174-599a68c42e56"
"2017-04-19","RECEIVE","ULearn Limited Current account","ULearn-Student","","1281","100","","","1281","OUTPUT","AUTHORISED","815bc3d3-eb81-4be9-9802-7ac3d27ba44d"
"2017-04-19","SPEND","ULearn Limited Current account","Bank Charges","","0.19","B127","","Currency FX Charges","0.19","INPUT","AUTHORISED","f0ae27d6-9072-4d4f-8633-208ad8f496dd"
"2017-04-20","RECEIVE","ULearn Limited Current account","ULearn-Student","","3567","100","","","3567","OUTPUT","AUTHORISED","667dc9f4-4b4e-4ec7-9eb3-d8157fb3ef0b"
"2017-04-20","RECEIVE","ULearn Limited Current account","ULearn-Student","","1825","100","","CI TAINARA ZANLUCA GP","1825","OUTPUT","AUTHORISED","d4e10498-14ab-48b6-9dfa-65f57ac08d5f"
"2017-04-21","RECEIVE","ULearn Limited Current account","ULearn-Student","","300","100","","P2016290 ITALO","300","OUTPUT","AUTHORISED","e62f3734-06f0-4830-81a7-44a8b0e5ac81"
"2017-04-21","RECEIVE","ULearn Limited Current account","ULearn-Student","","1887.25","100","","P2016291 TIME2 TRA GP","1887.25","OUTPUT","AUTHORISED","a0163204-5b1e-4e8b-8d6a-8449d247d476"
"2017-04-21","RECEIVE","ULearn Limited Current account","ULearn-Student","","428","100","","FRANCISCO ALMEIDA","428","OUTPUT","AUTHORISED","fd156a33-c709-457e-938b-8471a52801b1"
"2017-04-21","RECEIVE","ULearn Limited Current account","ULearn-Student","Valitor M2811384   GP","1672.81","100","","Valitor Merch A/C","1672.81","OUTPUT","AUTHORISED","71b5115d-06fd-4871-b14c-bc762e1129b2"
"2017-04-24","RECEIVE","ULearn Limited Current account","ULearn-Student","Valitor M2816712   GP","2400.16","100","","Valitor Merch A/C","2400.16","OUTPUT","AUTHORISED","440faf16-504f-4190-bfea-164174b45bba"
"2017-04-24","SPEND","ULearn Limited Current account","BOI LIFE INSURANCE","OP/BoI LIFE   SEPA DD","51.03","B119","","Life Insurance BOI","51.03","INPUT","AUTHORISED","049cb459-c3d9-4e8b-aaf1-8081d99e2664"
"2017-04-24","RECEIVE","ULearn Limited Current account","ULearn-Student","","4115","100","","","4115","OUTPUT","AUTHORISED","3bebe9e2-657f-41b3-9dbe-33009fed4492"
"2017-04-24","SPEND","ULearn Limited Current account","Refunds & Rebates","","17.5","B127","","Yaroslavana Havryliuk","17.5","NONE","AUTHORISED","d0ca530c-8b6b-42dd-acf6-319f613f4377"
"2017-04-20","SPEND","ULearn Limited Current account","Dublin Tourism Office","","800","A104","","Transport","800","INPUT","AUTHORISED","93662ee4-1e66-40be-9fe4-72707875efb3"
"2017-04-20","SPEND","ULearn Limited Current account","Dublin Tourism Office","","360","A104","","Bus Tickets","360","INPUT","AUTHORISED","58ce1140-88cc-4c0e-be24-edcd8cfe0afa"
"2017-04-24","SPEND","ULearn Limited Current account","BOI LIFE INSURANCE","OP/BoI LIFE   SEPA DD","47.05","B119","","Life Insurance BOI","47.05","INPUT","AUTHORISED","15650cff-c92a-413c-90cf-d4ce90705375"
"2017-04-25","SPEND","ULearn Limited Current account","SOFTWARE","POS CHG USD       10","0.19","B106","","Misc Software / Hosting","0.19","INPUT","AUTHORISED","03d9598f-ec89-48d1-845e-a6ec0e67f14c"
"2017-04-25","RECEIVE","ULearn Limited Current account","ULearn-Student","Valitor M2822304   GP","284.13","100","","Valitor Merch A/C","284.13","OUTPUT","AUTHORISED","f6ff7031-8206-4ae4-b964-6226eec1e997"
"2017-04-25","RECEIVE","ULearn Limited Current account","ULearn-Student","","2383.24","100","","P2017054 MATHEUS","2383.24","OUTPUT","AUTHORISED","7cdd0009-dc49-4be2-be18-aa880fff9522"
"2017-04-25","RECEIVE","ULearn Limited Current account","ULearn-Student","LATM CR 900113 5435","3770","100","","Cash Drop","3770","NONE","AUTHORISED","9fbacbca-72da-4699-b474-f478e383e779"
"2017-04-25","RECEIVE","ULearn Limited Current account","ULearn-Student","","1045","100","","","1045","OUTPUT","AUTHORISED","a7a8c07f-b75d-45d5-b8a6-15fa3f59ee77"
"2017-04-25","SPEND","ULearn Limited Current account","SOFTWARE","POS22APR ADOBE  CREAT","30.74","B106","","Software / Hosting","30.74","INPUT","AUTHORISED","a9a16e92-79b0-45eb-83b5-75806124282b"
"2017-04-25","SPEND","ULearn Limited Current account","SOFTWARE","POS CHG USD       14","0.26","B106","","Misc Software / Hosting","0.26","INPUT","AUTHORISED","ffdaf894-da21-471e-9a46-bf3a8536df02"
"2017-04-25","SPEND","ULearn Limited Current account","Buffer - CARD","P2204US 10.00@1.06837","9.36","B106","","Buffer","9.36","INPUT","AUTHORISED","1a1d4f66-4d7c-406c-951e-6c61b6829e2f"
"2017-04-25","SPEND","ULearn Limited Current account","Zopim - CARD","P2004US 14.00@1.06788","13.11","B106","","Zopim Chat Module","13.11","INPUT","AUTHORISED","f4a0b097-7e58-43a9-ad51-8580073881cf"
"2017-04-26","SPEND","ULearn Limited Current account","PATRICK RYAN","","2203.91","B107","","April Pay","2203.91","NONE","AUTHORISED","fe2d5fa8-036f-49a9-ae54-7dbd5505ad36"
"2017-04-26","SPEND","ULearn Limited Current account","ROISIN MOORE","TO ROISIN MOORE","2420.82","B107","","Teacher Wages","2420.82","INPUT","AUTHORISED","e61c1e10-1fb9-4aae-be57-4b8925b81e3d"
"2017-04-26","SPEND","ULearn Limited Current account","DIEGO TAROCO","","2437.46","B108","","April Pay","2437.46","INPUT","AUTHORISED","dc9d5083-29e7-4db3-b0a3-6f9692391b05"
"2017-04-26","SPEND","ULearn Limited Current account","PATRICIA KELLETT","TO PATRICIA KELLETT","1739.93","B107","","Wages Teacher","1739.93","INPUT","AUTHORISED","e55fae4d-b857-487c-b99c-6d02c50f2ae4"
"2017-04-26","RECEIVE","ULearn Limited Current account","ULearn-Student","","3767","100","","","3767","OUTPUT","AUTHORISED","a05c0e69-92e0-4cf0-ab8b-02a2db40c223"
"2017-04-24","SPEND","ULearn Limited Current account","Dublin Tourism Office","","80","A104","","Bus Tickets","80","INPUT","AUTHORISED","f5a9b66c-38f5-46f7-8328-b0091028fdb5"
"2017-04-26","SPEND","ULearn Limited Current account","Paul Gill","TO PAUL GILL","2391.48","B107","","DOS Salary","2391.48","NONE","AUTHORISED","5bc8d781-ce08-49ee-a9a4-7b6cfa6f2d80"
"2017-04-27","SPEND","ULearn Limited Current account","Neil Mc Mahon","TO NEIL MCMAHON","5014.24","B107","","Neil Salary","5014.24","NONE","AUTHORISED","459e0a66-9c2e-44fd-bb0a-1672196db8ec"
"2017-04-27","SPEND","ULearn Limited Current account","NEILAN Govender","","2081.55","B107","","Pay April","2081.55","NONE","AUTHORISED","d2417386-2162-4473-9a6d-ca1d559d39b8"
"2017-04-27","SPEND","ULearn Limited Current account","THE HR COMPANY - DD","The HR Compan SEPA DD","110.7","B118","","HR Company Consult","110.7","INPUT","AUTHORISED","ece112a2-5610-4feb-b971-3d459142b921"
"2017-04-27","SPEND","ULearn Limited Current account","JOANNE SCANLON","","1478.02","100","","April Pay","1478.02","OUTPUT","AUTHORISED","3e759b3a-b34f-4ab2-aa89-d62c905e60d2"
"2017-04-27","SPEND","ULearn Limited Current account","Ciaran Mc Mahon","","2496.49","B107","","Pay","2496.49","NONE","AUTHORISED","9614ddfa-9f4a-42c2-803c-22b15cf29a4c"
"2017-04-27","SPEND","ULearn Limited Current account","KYLE HIGGINS","","571.32","B107","","April Pay","571.32","NONE","AUTHORISED","52c45b77-b6a5-4eb1-927d-4f5fffff07a3"
"2017-04-27","RECEIVE","ULearn Limited Current account","ULearn-Student","Valitor M2840856   GP","2200.22","100","","Valitor Merch A/C","2200.22","OUTPUT","AUTHORISED","854dd865-6444-42e6-9654-9e5e4ac1b880"
"2017-04-27","SPEND","ULearn Limited Current account","SARAH GIFNEY","","742.8","B107","","April Pay","742.8","NONE","AUTHORISED","b3caaaf4-3298-45c6-93c6-c1a5d29efd9e"
"2017-04-27","SPEND","ULearn Limited Current account","CORMAC Basquille","","1747.43","B107","","April Pay","1747.43","NONE","AUTHORISED","1a37e52c-8882-48f5-b59b-03b139f002fa"
"2017-04-27","SPEND","ULearn Limited Current account","DORANCELIS CORDONES","TO DORANCELIS CORDONE","1218.62","B107","","Admin Wages","1218.62","NONE","AUTHORISED","3f46bffc-fef2-47ed-bdcb-a6fd4ce030b7"
"2017-04-27","SPEND","ULearn Limited Current account","Caimin Dunne","","2126.36","B108","","Wages April ","2126.36","INPUT","AUTHORISED","107b71a9-7644-4cfd-8614-8d4cf7b6d0c1"
"2017-04-27","SPEND","ULearn Limited Current account","MARGARET WOODS","","318.4","B107","","Teacher Wages","318.4","NONE","AUTHORISED","de367a02-db57-40f2-9549-c909ce25003e"
"2017-04-27","SPEND","ULearn Limited Current account","DANIEL DELANEY","TO DANIEL DELANEY","235.32","B107","","Teacher pay","235.32","NONE","AUTHORISED","823c6318-f2f6-4f51-ac91-27a963b53955"
"2017-04-27","SPEND","ULearn Limited Current account","THERESA Fee","","732.32","B107","","April Pay","732.32","NONE","AUTHORISED","67d245f9-7e2d-48fb-b017-8187b790c944"
"2017-04-19","SPEND","ULearn Limited Current account","SOFTWARE","POS15APR LETSHOST.IE","35.66","B106","","Software / Hosting","35.66","INPUT","AUTHORISED","4e8fd5a3-8e37-4623-83cc-05ee355b45a2"
"2017-04-27","SPEND","ULearn Limited Current account","JANE O'BRIEN - TEACHER","TO JANE O'BRIEN TEACH","495.35","B107","","April Pay","495.35","TAX004","AUTHORISED","535ef382-f5a5-4946-9f15-6e7ecd186c1d"
"2017-04-27","SPEND","ULearn Limited Current account","Emily Looney","TO EMILY LOONEY","507.26","B107","","April Pay","507.26","TAX004","AUTHORISED","90496087-f49d-430d-83f8-3b57df4fa4a2"
"2017-04-27","SPEND","ULearn Limited Current account","David Mac Redmond","TO DAVID MAC REDMOND","1475.8","B107","","April Pay","1475.8","TAX004","AUTHORISED","0cdf0e8c-f31f-471a-ac96-7286750253fb"
"2017-04-27","SPEND","ULearn Limited Current account","Julio Viana","TO JULIO VIANA","1413.07","B107","","April Pay","1413.07","TAX004","AUTHORISED","e9ffaf0b-aec4-4a16-a744-f14702b18110"
"2017-04-27","SPEND","ULearn Limited Current account","Cathryn Bennet","TO CATHRYN BENNETT","798.45","B107","","April Pay","798.45","TAX004","AUTHORISED","c98d9716-d05e-4ec7-91d8-a66426dcf14a"
"2017-04-27","SPEND","ULearn Limited Current account","Fintan Carney","TO FINTAN CARNEY","2035.7","B107","","April Pay","2035.7","TAX004","AUTHORISED","92650a05-1b4d-4039-ab25-1035b2443049"
"2017-04-28","SPEND","ULearn Limited Current account","ELECTRIC IRELAND","ELECTRIC IREL SEPA DD","914.05","B105","","Electricity","914.05","INPUT","AUTHORISED","206bcd69-d61e-4c75-b953-d84fa6f42373"
"2017-04-28","RECEIVE","ULearn Limited Current account","ULearn-Student","Valitor M2845966   GP","828.08","100","","Valitor Merch A/C","828.08","OUTPUT","AUTHORISED","12ae5eba-1812-4533-8a67-a5f3a67f62e8"
"2017-04-28","SPEND","ULearn Limited Current account","SOFTWARE","POS CHG USD       30","0.55","B106","","Misc Software / Hosting","0.55","INPUT","AUTHORISED","0d685191-56c9-44b7-8a09-f68e9d3c35a0"
"2017-04-28","SPEND","ULearn Limited Current account","BOI BOL","BOI BOL CHARGE","10","B127","","Banking Online","10","NONE","AUTHORISED","1767318b-3d49-4da8-86f7-1938d18f79a9"
"2017-04-26","SPEND","ULearn Limited Current account","IFI","","31.2","B115","","Food Meeting","31.2","INPUT","AUTHORISED","746a490f-c302-49fb-8da4-a73c5f55385b"
"2017-04-28","SPEND","ULearn Limited Current account","Payment Sense","","36.01","B127","","Paymnt Sense Mthly Charge","36.01","NONE","AUTHORISED","21068533-d5a5-4f02-b09e-c14bfc769b2b"
"2017-04-28","SPEND","ULearn Limited Current account","Virgin Media","","83.99","A101","","Internet & TV Apartments","83.99","INPUT","AUTHORISED","9a5bf615-c886-44a2-bbcc-90dde2d33fcd"
"2017-04-27","RECEIVE","ULearn Limited Current account","ULearn-Student","","65","B107","","","65","NONE","AUTHORISED","84d51b5c-d843-4671-86fb-f8d6c08d885d"
"2017-04-28","SPEND","ULearn Limited Current account","Irene Carretero","","150","B107","","intern wages","150","NONE","AUTHORISED","0c569ed6-7928-42ab-b6b9-3d622c81cfef"
"2017-04-28","RECEIVE","ULearn Limited Current account","ULearn-Student","","2150","B107","","","2150","NONE","AUTHORISED","cfcce03b-9db5-4315-a20a-6fc03770e94e"
"2017-04-26","SPEND","ULearn Limited Current account","Google - CARD","POS24APR GOOGLE *ADWS","500","B110","","Google Adwords","500","INPUT","AUTHORISED","add82abe-e787-41f0-b2d8-ca52f1cd632f"
"2017-05-05","RECEIVE","ULearn Limited Current account","ULearn-Student","LATM CR 900113 0292","35","100","","Cash Drop","35","NONE","AUTHORISED","8ab053ec-fd7a-40cb-90b9-ecc14ac9a566"
"2017-05-05","RECEIVE","ULearn Limited Current account","ULearn-Student","LATM CR 900113 0292","3285","100","","Cash Drop","3285","NONE","AUTHORISED","f13532bf-c3e3-4902-902e-f13957fa0a73"
"2017-05-05","RECEIVE","ULearn Limited Current account","ULearn-Student","Valitor M2877019   GP","1014.88","100","","Valitor Merch A/C","1014.88","OUTPUT","AUTHORISED","c9d08f86-10b7-4d02-970e-0487a2d54865"
"2017-05-05","SPEND","ULearn Limited Current account","MAILCHIMP - DD","POS03MAY MAILCHIMP","55.67","B106","","MailChimp Email Marketing","55.67","INPUT","AUTHORISED","201504f6-2e24-4342-b31b-fadecefac1da"
"2017-05-03","SPEND","ULearn Limited Current account","ToutApp - CARD","P3004US 30.00@1.08577","27.63","B106","","ToutApp Email Software","27.63","INPUT","AUTHORISED","7e052900-425e-4d3d-93aa-724eddf16f73"
"2017-05-03","SPEND","ULearn Limited Current account","Google - CARD","POS29APR GOOGLE *ADWS","500","B110","","Google Adwords","500","INPUT","AUTHORISED","da12ffeb-22ae-4252-b4f1-8218b18bb19f"
"2017-05-03","SPEND","ULearn Limited Current account","MAILCHIMP - DD","POS28APR MAILCHIMP","93.09","B106","","MailChimp Email Marketing","93.09","INPUT","AUTHORISED","55b18638-890e-4508-89f9-4631c3365b84"
"2017-05-03","SPEND","ULearn Limited Current account","FLYEFIT","POS28APR FLYEFIT GROU","32","B122","","FLYEFIT Dir Member Fee","32","INPUT","AUTHORISED","121d1984-f8e5-4aea-b4d5-15108b92f480"
"2017-04-27","SPEND","ULearn Limited Current account","Dublin Tourism Office","","920","A104","","Group Bus Tickets","920","INPUT","AUTHORISED","0e2ceccd-60cc-4a5c-af8b-02f076a805d4"
"2017-05-02","RECEIVE","ULearn Limited Current account","ULearn-Student","LATM CR 900113 5435","1400","100","","Cash Drop","1400","NONE","AUTHORISED","16e07f9e-6600-4c18-a814-c43f6ebe450b"
"2017-05-02","SPEND","ULearn Limited Current account","Airport Taxi","POS27APR AIRPORT TAXI","38","A104","","Airport Transfer","38","INPUT","AUTHORISED","f6f70c3c-8863-4412-89fb-894c3c3e5d72"
"2017-05-02","RECEIVE","ULearn Limited Current account","ULearn-Student","Valitor M2851477   GP","161.62","100","","Valitor Merch A/C","161.62","OUTPUT","AUTHORISED","123ed627-bf8a-4e00-b3df-762f4b1e6a3b"
"2017-05-02","SPEND-TRANSFER","ULearn Limited Current account","","","3810.72","ACC1","","Bank Transfer to ULearn Term Loan.","-3810.72","","AUTHORISED","03470fc8-377a-43f8-91ee-3251ab9ae67f"
"2017-05-02","SPEND","ULearn Limited Current account","First Data","","45.39","B127","","Gateway Merchant","45.39","INPUT","AUTHORISED","539d6fab-0edc-4ce1-8c48-3facc4b2ea06"
"2017-04-19","SPEND","ULearn Limited Current account","Just Eat","","37.5","B115","","","37.5","INPUT","AUTHORISED","61acb0ab-4be4-48a1-99d7-543aa74457d3"
"2017-05-02","SPEND","ULearn Limited Current account","Liga Berzina","","1813.29","B107","","","1813.29","NONE","AUTHORISED","905ecbf2-60ef-4eb9-8c05-00c1099bf88b"
"2017-05-03","RECEIVE","ULearn Limited Current account","ULearn-Student","","2040.23","100","","13868 BRUNA","2040.23","OUTPUT","AUTHORISED","8d121300-179e-422f-95d9-6fadc6a83756"
"2017-05-03","RECEIVE","ULearn Limited Current account","ULearn-Student","Valitor M2857005   GP","1202.02","100","","Valitor Merch A/C","1202.02","OUTPUT","AUTHORISED","16fa7e66-b3b6-45a2-b65e-ebdfb5491e0e"
"2017-05-03","SPEND","ULearn Limited Current account","SOFTWARE","POS CHG USD       30","0.55","B106","","Misc Software / Hosting","0.55","INPUT","AUTHORISED","2c5d8381-c5ed-4923-8ebc-ede42463be78"
"2017-05-03","SPEND","ULearn Limited Current account","Facebook - CARD","","297.52","B110","","","297.52","INPUT","AUTHORISED","e28c49c1-1e34-4ad0-944a-38a9fa2fec70"
"2017-05-03","SPEND","ULearn Limited Current account","Netflix","","9.99","A108","","School A/C","9.99","INPUT","AUTHORISED","da15ed88-56c3-45ab-b705-f3b98be470d0"
"2017-05-03","SPEND","ULearn Limited Current account","Facebook - CARD","","2.47","B110","","","2.47","INPUT","AUTHORISED","f02c7728-a164-427d-9917-3aae001e329f"
"2017-05-04","RECEIVE","ULearn Limited Current account","ULearn-Student","","535","100","","","535","OUTPUT","AUTHORISED","c4b2696b-50c4-4abd-b5e7-8fa62a248ad8"
"2017-05-04","RECEIVE","ULearn Limited Current account","ULearn-Student","Valitor M2862384   GP","749.5","100","","Valitor Merch A/C","749.5","OUTPUT","AUTHORISED","6366e4e4-c6ee-4a4c-a985-2f66727640d2"
"2017-05-04","SPEND","ULearn Limited Current account","SOFTWARE","POS CHG USD        7","0.13","B106","","Misc Software / Hosting","0.13","INPUT","AUTHORISED","55a2e877-9b68-40e2-9938-285c4fe21297"
"2017-05-04","SPEND","ULearn Limited Current account","Github - CARD","P0205US  7.00@1.08864","6.43","B106","","Github Repos","6.43","INPUT","AUTHORISED","52776508-7c0e-4a03-b810-bdce76e75998"
"2017-05-04","SPEND","ULearn Limited Current account","Google - CARD","POS02MAY GOOGLE *SVCS","82.82","B106","","Google Apps Bus","82.82","INPUT","AUTHORISED","2c914817-731a-46fa-ac17-9fb407a36fd5"
"2017-05-05","RECEIVE","ULearn Limited Current account","ULearn-Student","","6557","100","","","6557","OUTPUT","AUTHORISED","86d8a16c-8417-40d2-a888-7bc220129409"
"2017-05-05","SPEND","ULearn Limited Current account","Virgin Media","","109.98","A101","","Internet & TV Apartments","109.98","INPUT","AUTHORISED","c362a77c-ade7-401f-96dc-9baddf5e3971"
"2017-05-08","RECEIVE","ULearn Limited Current account","ULearn-Student","Valitor M2882417   GP","4576.96","100","","Valitor Merch A/C","4576.96","OUTPUT","AUTHORISED","c1b1bf9e-51d6-4e3e-983a-5c61e558e037"
"2017-05-08","RECEIVE","ULearn Limited Current account","ULearn-Student","","2532","100","","","2532","OUTPUT","AUTHORISED","93902247-3eb2-4ccc-bf14-8268a0b996f4"
"2017-05-08","SPEND","ULearn Limited Current account","PARCEL MOTEL","","3.95","B130","","Parcel motel delivery UK","3.95","INPUT","AUTHORISED","f59227aa-789b-4b9c-9154-719b41d4fc1f"
"2017-05-09","RECEIVE","ULearn Limited Current account","ULearn-Student","Valitor M2888051   GP","1698.83","100","","Valitor Merch A/C","1698.83","OUTPUT","AUTHORISED","031838ae-89d3-472b-89a7-8af04d0cc157"
"2017-05-09","SPEND","ULearn Limited Current account","SOFTWARE","POS CHG USD       19","0.37","B106","","Misc Software / Hosting","0.37","INPUT","AUTHORISED","3dd7116a-0026-458e-ad76-f8317fe688a5"
"2017-05-09","SPEND","ULearn Limited Current account","Google - CARD","POS05MAY GOOGLE *ADWS","500","B110","","Google Adwords","500","INPUT","AUTHORISED","e272dfcd-f455-4d04-8dd5-702798d9e9df"
"2017-05-09","RECEIVE","ULearn Limited Current account","ULearn-Student","","4013","100","","","4013","OUTPUT","AUTHORISED","1aaa1b2f-2ef0-43d5-8ce6-0ab1de4c3cbb"
"2017-05-10","SPEND","ULearn Limited Current account","Bank Charges","","0.19","B127","","Currency FX Charges","0.19","INPUT","AUTHORISED","9f41f9ed-7fb0-4739-bc0b-19a40f379fda"
"2017-05-10","RECEIVE","ULearn Limited Current account","ULearn-Student","Valitor M2893525   GP","6308.99","100","","Valitor Merch A/C","6308.99","OUTPUT","AUTHORISED","ec168b05-d83e-40fe-9ef9-1ef94afaee61"
"2017-05-10","RECEIVE","ULearn Limited Current account","ULearn-Student","","13189","100","","","13189","OUTPUT","AUTHORISED","e52523b8-ef91-40b6-a0bc-20f8ff4ffc2e"
"2017-05-11","RECEIVE","ULearn Limited Current account","ULearn-Student","","7402","100","","","7402","OUTPUT","AUTHORISED","4004200d-9722-4681-9e9a-dd99535ee666"
"2017-05-11","RECEIVE","ULearn Limited Current account","ULearn-Student","Valitor M2907024   GP","1543.41","100","","Valitor Merch A/C","1543.41","OUTPUT","AUTHORISED","5e15d773-11bc-4d30-b93b-c2d7acea50a2"
"2017-05-09","SPEND","ULearn Limited Current account","GoDaddy.com, LLC - CARD","","12.03","B106","","","12.03","INPUT","AUTHORISED","9b510294-b4ee-43f4-9ad0-413db6b63d1b"
"2017-05-10","SPEND","ULearn Limited Current account","GoDaddy.com, LLC - CARD","","76.26","B106","","","76.26","INPUT","AUTHORISED","918f4fe6-f355-4d5f-bd87-c158d7b58003"
"2017-05-09","SPEND","ULearn Limited Current account","GoDaddy.com, LLC - CARD","","6.14","B106","","","6.14","INPUT","AUTHORISED","f23f757f-e9ea-4bc1-b243-cae90c1aa91f"
"2017-05-09","SPEND","ULearn Limited Current account","GoDaddy.com, LLC - CARD","","74.95","B106","","","74.95","INPUT","AUTHORISED","fa36e1ec-8a3b-47fb-8868-2de057924802"
"2017-05-05","SPEND","ULearn Limited Current account","Express Tech","","20","B102","","Scbool Mobile Phone Cover","20","INPUT","AUTHORISED","d7deea10-1442-44bd-9208-a197dbeb097e"
"2017-05-15","SPEND","ULearn Limited Current account","EIRCOM","EIRCOM        SEPA DD","199.75","B104","","Telephone & Internet","199.75","INPUT","AUTHORISED","61bbd660-23f5-40aa-96d2-41b0868d6c40"
"2017-05-16","SPEND","ULearn Limited Current account","EIRCOM","EIRCOM TIS    SEPA DD","62.42","B104","","Telephone & Internet","62.42","INPUT","AUTHORISED","c8675bef-1b6b-4d21-9543-275a86da5fb4"
"2017-05-12","SPEND","ULearn Limited Current account","Airport Taxi","POS10MAY AIRPORT TAXI","52","A104","","Airport Transfer","52","INPUT","AUTHORISED","31291195-8bcd-475d-91cf-cd918794efeb"
"2017-05-03","SPEND","ULearn Limited Current account","Food, Coffees, Newsagents","POS28APR FRESH GOOD F","49.45","B102","","Coffees, Food, Newsagents","49.45","INPUT","AUTHORISED","c7b4ca49-54ee-43d9-9ddd-a6b5b67def96"
"2017-05-03","SPEND","ULearn Limited Current account","Food, Coffees, Newsagents","POS28APR FRESH GOOD F","19.5","B102","","Coffees, Food, Newsagents","19.5","INPUT","AUTHORISED","9210075a-963a-44bf-80f2-37d8deb63d43"
"2017-05-16","SPEND","ULearn Limited Current account","SOFTWARE","POS CHG USD      480","8.84","B106","","Misc Software / Hosting","8.84","INPUT","AUTHORISED","a1aafc69-3551-46ff-bfff-05fa4d7ffd82"
"2017-05-15","SPEND","ULearn Limited Current account","SOFTWARE","POS CHG USD      197","3.64","B106","","Misc Software / Hosting","3.64","INPUT","AUTHORISED","6409e987-8459-4cba-b6dd-01f591b5d649"
"2017-05-16","SPEND","ULearn Limited Current account","SOFTWARE","POS CHG GBP        7","0.19","B106","","Misc Software / Hosting","0.19","INPUT","AUTHORISED","e4e445f1-b0a3-4e9a-8f30-90b0d1fe7577"
"2017-05-16","RECEIVE","ULearn Limited Current account","Refunds & Rebates","POS CHG USD      197","3.6","104","","Bank charges reversed ","3.6","OUTPUT","AUTHORISED","6cde7046-3d98-4c04-a5c9-b6f6bcad92cf"
"2017-04-21","RECEIVE","ULearn Limited Current account","Refunds & Rebates","POS CHG USD     1875","11.43","104","","Bank charges reversed ","11.43","OUTPUT","AUTHORISED","407771c7-837a-48c5-94ba-edcf276ac411"
"2017-05-16","RECEIVE","ULearn Limited Current account","ULearn-Student","P1205US197.00@1.09359","180.14","100","","Student Payment","180.14","OUTPUT","AUTHORISED","6c1dd5aa-2e36-4e39-8e7e-10a43d7c2768"
"2017-05-17","RECEIVE","ULearn Limited Current account","ULearn-Student","DSC REC/170517","228.57","100","","Student Payment ","228.57","OUTPUT","AUTHORISED","0ed0b68d-e0b6-4391-bb1e-eb7d2a36db74"
"2017-05-16","RECEIVE","ULearn Limited Current account","ULearn-Student","ULS2017 05 16      GP","275","100","","student payment","275","OUTPUT","AUTHORISED","c3e5b1a5-2799-426c-bfa3-d0c5e49bb341"
"2017-05-17","RECEIVE","ULearn Limited Current account","NICAHI LTD","NICHIAI LTD        GP","457.16","100","","Partner Pay In","457.16","NONE","AUTHORISED","bec963f3-e789-4774-9966-dd0f24274bcc"
"2017-05-17","RECEIVE","ULearn Limited Current account","ULearn-Student","Valitor M2928331   GP","534.05","100","","Valitor Merch A/C","534.05","OUTPUT","AUTHORISED","c6637e13-102d-40fa-ba7c-a50aed46c3d5"
"2017-05-16","RECEIVE","ULearn Limited Current account","ULearn-Student","Valitor M2923070   GP","534.15","100","","Valitor Merch A/C","534.15","OUTPUT","AUTHORISED","9bb048bb-13bb-48c3-8ce5-bb64838f94a3"
"2017-05-12","RECEIVE","ULearn Limited Current account","ULearn-Student","ULS2017 05 12      GP","565","100","","Course Payments","565","OUTPUT","AUTHORISED","76604eb0-9936-4a1e-9d24-01e0e1094936"
"2017-05-02","RECEIVE","ULearn Limited Current account","ULearn-Student","ULS2017 05 02      GP","580","100","","Course Payments","580","OUTPUT","AUTHORISED","41788d73-93ce-4fae-9998-b9ab9f1208fa"
"2017-05-17","RECEIVE","ULearn Limited Current account","ULearn-Student","FAKTURA 15149/1515 GP","2130","100","","Course Payments","2130","OUTPUT","AUTHORISED","0f78a5dc-9c45-4129-a6a6-6adc01c4d7c7"
"2017-05-16","RECEIVE","ULearn Limited Current account","ULearn-Student","2X BLUE CONSULTORIA","4956","100","","Course Payments","4956","OUTPUT","AUTHORISED","efe8ccd2-df12-4992-8811-5cc6f2c79b53"
"2017-05-17","RECEIVE","ULearn Limited Current account","ULearn-Student","ULS2017 05 17      GP","9089","100","","Course Payments","9089","OUTPUT","AUTHORISED","5c7c35b5-9bde-405b-9088-c0d633138d00"
"2017-05-16","RECEIVE","ULearn Limited Current account","Refunds & Rebates","87977 Reversal CBA GP","10000","104","","Rejected CoinBase Payment BitCoin","10000","OUTPUT","AUTHORISED","dfa200a0-4bdd-4472-8d24-74d4cac18141"
"2017-05-15","RECEIVE","ULearn Limited Current account","ULearn-Student","ULS2017 05 15      GP","15400","100","","Course Payments","15400","OUTPUT","AUTHORISED","f1ac239c-415a-4d9c-857d-3f2aff6db630"
"2017-05-18","RECEIVE","ULearn Limited Current account","ULearn-Student","Valitor M2941978   GP","296.34","100","","Valitor Merch A/C","296.34","OUTPUT","AUTHORISED","02a2139c-137a-4d42-b22f-c83c4a7d3001"
"2017-05-11","SPEND","ULearn Limited Current account","Camden Exchange","","38.2","A109","","Food","38.2","INPUT","AUTHORISED","4bd6f6f8-ce97-43a6-abff-23313e4e12e1"
"2017-05-19","SPEND","ULearn Limited Current account","EIRCOM","EIRCOM TIS    SEPA DD","179.81","B104","","Telephone & Internet","179.81","INPUT","AUTHORISED","4ea939cc-f4e7-4a6d-937d-ab4f2b6430b6"
"2017-05-18","RECEIVE","ULearn Limited Current account","ULearn-Student","","6941","100","","Course fees payment","6941","OUTPUT","AUTHORISED","d962ff06-7544-462e-b802-02f1d4339665"
"2017-05-19","RECEIVE","ULearn Limited Current account","ULearn-Student","Valitor M2947260   GP","3437.72","100","","Valitor Merch A/C","3437.72","OUTPUT","AUTHORISED","e27771a1-8b02-467d-b75d-eb7e4323777b"
"2017-05-16","SPEND","ULearn Limited Current account","Google - CARD","POS12MAY GOOGLE *ADWS","500","B110","","Google Adwords","500","INPUT","AUTHORISED","519d4dc3-aa54-4b58-9098-68e93068247e"
"2017-05-26","RECEIVE","ULearn Limited Current account","ULearn-Student","","1900","100","","PEDRO DA SILVA","1900","OUTPUT","AUTHORISED","1c744feb-bb6f-4293-a62c-526a8c401f54"
"2017-05-22","SPEND","ULearn Limited Current account","Google - CARD","POS18MAY GOOGLE *ADWS","500","B110","","Google Adwords","500","INPUT","AUTHORISED","b475283b-054b-48ec-972a-39e48c999b2e"
"2017-04-24","SPEND","ULearn Limited Current account","UPS","020171305418","52.9","B130","","Duty on import of computers ","52.9","INPUT","AUTHORISED","2150564d-62f0-49c5-8b05-155e39f6e295"
"2017-04-21","SPEND","ULearn Limited Current account","UPS","020171305419","371.53","B130","","Duty on import of computers ","371.53","INPUT","AUTHORISED","4fde51c7-931b-4a8b-89f6-b8d4e59b0908"
"2017-05-09","SPEND","ULearn Limited Current account","Receipt Bank - CARD","POS05MAY RECEIPT BANK","12.99","B106","","Automates Receipts to Bills (Xero)","12.99","INPUT","AUTHORISED","ee527710-daa0-4d74-8917-e596ccc71eb8"
"2017-05-22","SPEND","ULearn Limited Current account","BOI LIFE INSURANCE","OP/BoI LIFE   SEPA DD","51.03","B119","","Life Insurance BOI","51.03","INPUT","AUTHORISED","a24c67af-b5dc-41c4-92a0-3975318b1a09"
"2017-05-22","RECEIVE","ULearn Limited Current account","ULearn-Student","","2583","100","","","2583","OUTPUT","AUTHORISED","322ad7b9-d70f-4ad0-843c-80624d903260"
"2017-05-22","RECEIVE","ULearn Limited Current account","ULearn-Student","Valitor M2952711   GP","257.89","100","","Valitor Merch A/C","257.89","OUTPUT","AUTHORISED","09768d71-eae3-4f14-9d5f-3b21bb728684"
"2017-05-23","SPEND","ULearn Limited Current account","SOFTWARE","POS CHG USD       14","0.25","B106","","Misc Software / Hosting","0.25","INPUT","AUTHORISED","a0dae7cd-7565-4660-acf2-7ff6b516e1ef"
"2017-05-22","SPEND","ULearn Limited Current account","SOFTWARE","POS CHG USD       49","0.89","B106","","Misc Software / Hosting","0.89","INPUT","AUTHORISED","b46d3032-eb90-410d-97cc-0a73270b5f72"
"2017-05-22","SPEND","ULearn Limited Current account","SOFTWARE","","0.1","B106","","Misc Software / Hosting (+FX)","0.1","INPUT","AUTHORISED","860b777f-7829-4404-9a29-22aa8fb394bb"
"2017-05-22","SPEND","ULearn Limited Current account","HighRise - CARD","P1805US 49.00@1.10734","44.25","B106","","HighRise CRM Software","44.25","INPUT","AUTHORISED","9d7aace2-e993-481a-acb4-db2ae5f61351"
"2017-05-23","RECEIVE","ULearn Limited Current account","ULearn-Student","Valitor M2958496   GP","119.43","100","","Valitor Merch A/C","119.43","OUTPUT","AUTHORISED","c3b1955e-9858-4ee5-a79d-8a9f73fc8bce"
"2017-05-23","RECEIVE","ULearn Limited Current account","ULearn-Student","","3285","100","","","3285","OUTPUT","AUTHORISED","ca744c94-411c-4f62-ac84-96e2ee740e8c"
"2017-05-19","SPEND","ULearn Limited Current account","Cracked Nut","","11.6","B115","","Food for Meeting","11.6","INPUT","AUTHORISED","bd72c4aa-1cd0-4a90-9ae9-1e154119e21d"
"2017-05-23","SPEND","ULearn Limited Current account","BOI LIFE INSURANCE","OP/BoI LIFE   SEPA DD","47.05","B119","","Life Insurance BOI","47.05","INPUT","AUTHORISED","d9a1ba1d-41a1-4b73-8d51-1b45bcf0de00"
"2017-05-19","SPEND","ULearn Limited Current account","Fresh","","51.57","A108","","Social","51.57","INPUT","AUTHORISED","d659ce6c-2c45-4512-93df-d7d2443cd554"
"2017-06-15","RECEIVE","ULearn Limited Current account","ULearn-Student","Valitor M3082508   GP","926.04","100","","Valitor Merch A/C","926.04","OUTPUT","AUTHORISED","c9e687d9-2912-40dd-b7a3-22e5fffdf291"
"2017-06-14","SPEND","ULearn Limited Current account","EIRCOM","EIRCOM        SEPA DD","86.73","B104","","Telephone & Internet","86.73","INPUT","AUTHORISED","047aace1-f4f0-470d-a29c-e5f72306b929"
"2017-06-14","SPEND","ULearn Limited Current account","EIRCOM","EIRCOM TIS    SEPA DD","62.42","B104","","Telephone & Internet","62.42","INPUT","AUTHORISED","b336c78c-6866-4a46-8118-651845b60ffc"
"2017-05-25","RECEIVE","ULearn Limited Current account","ULearn-Student","Valitor M2977806   GP","4344.69","100","","Valitor Merch A/C","4344.69","OUTPUT","AUTHORISED","0c820fd8-c2e3-4094-8fbf-bf878255b9ae"
"2017-05-25","RECEIVE","ULearn Limited Current account","ULearn-Student","","4594","100","","Ulearn ","4594","OUTPUT","AUTHORISED","f2eca03a-fee7-469f-ba57-3a52bf4d2783"
"2017-05-24","RECEIVE","ULearn Limited Current account","ULearn-Student","Valitor M2964087   GP","117.51","100","","Valitor Merch A/C","117.51","OUTPUT","AUTHORISED","0f10f35f-289e-43e8-a9ed-49664640a26a"
"2017-05-26","RECEIVE","ULearn Limited Current account","ULearn-Student","Valitor M2983189   GP","174.24","100","","Valitor Merch A/C","174.24","OUTPUT","AUTHORISED","17e25f0c-08cf-4c48-99e3-33400673e549"
"2017-05-29","SPEND","ULearn Limited Current account","Virgin Media","","83.99","A101","","Internet & TV Apartments","83.99","INPUT","AUTHORISED","d329d6a6-7bad-4600-8c14-b89e03cc3501"
"2017-05-22","SPEND","ULearn Limited Current account","Keywaste - DD","","54.48","B102","","Trash Bags, Containers & Collection","54.48","INPUT","AUTHORISED","9ef8ff31-9b85-49c8-9233-4b31a93fe9a3"
"2017-05-26","SPEND","ULearn Limited Current account","Airport Taxi","POS24MAY AIRPORT TAXI","49","A104","","Airport Transfer","49","INPUT","AUTHORISED","3b10736c-5f38-4712-af10-e92304a0e17c"
"2017-05-30","RECEIVE","ULearn Limited Current account","ULearn-Student","Valitor M2993244   GP","703.49","100","","Valitor Merch A/C","703.49","OUTPUT","AUTHORISED","2d1fc254-d20a-4201-a707-f38734f18f37"
"2017-05-30","RECEIVE","ULearn Limited Current account","ULearn-Student","LATM CR 900113 5435","970","100","","Cash Drop","970","NONE","AUTHORISED","aa2ac693-f295-4842-beb3-4bdd91aa6663"
"2017-05-31","RECEIVE","ULearn Limited Current account","ULearn-Student","Valitor M2998544   GP","2922.56","100","","Valitor Merch A/C","2922.56","OUTPUT","AUTHORISED","1efed1f6-a242-4c89-b61c-d55a3843f012"
"2017-06-01","RECEIVE","ULearn Limited Current account","ULearn-Student","Valitor M3011625   GP","1539.88","100","","Valitor Merch A/C","1539.88","OUTPUT","AUTHORISED","67285ed8-6312-4b6e-87d3-39d0a6e5e6b6"
"2017-06-02","RECEIVE","ULearn Limited Current account","ULearn-Student","Valitor M3017121   GP","1425.95","100","","Valitor Merch A/C","1425.95","OUTPUT","AUTHORISED","143041e6-90e6-4a45-8ae1-5698dd332585"
"2017-06-02","SPEND","ULearn Limited Current account","Airport Taxi","POS31MAY AIRPORT TAXI","33","A104","","Airport Transfer","33","INPUT","AUTHORISED","578b8f00-dd8a-45ea-9b11-8fb25b7c4b01"
"2017-06-06","SPEND","ULearn Limited Current account","Virgin Media","","109.98","A101","","Internet & TV Apartments","109.98","INPUT","AUTHORISED","3567ec6b-5e36-40b0-a15b-b746cbb7bf49"
"2017-06-06","RECEIVE","ULearn Limited Current account","ULearn-Student","Valitor M3028826   GP","8179.32","100","","Valitor Merch A/C","8179.32","OUTPUT","AUTHORISED","a03dd032-34f8-4d0f-93b8-a246629e1262"
"2017-06-06","SPEND","ULearn Limited Current account","Airport Taxi","POS01JUN AIRPORT TAXI","39","A104","","Airport Transfer","39","INPUT","AUTHORISED","91323d3e-e691-45ca-ae9e-ac4c3c319de0"
"2017-06-07","RECEIVE","ULearn Limited Current account","ULearn-Student","Valitor M3034480   GP","2735.61","100","","Valitor Merch A/C","2735.61","OUTPUT","AUTHORISED","62a75a12-d00d-4e3e-8d3c-da9ead4d700a"
"2017-06-16","RECEIVE","ULearn Limited Current account","ULearn-Student","Valitor M3087997   GP","4584.56","100","","Valitor Merch A/C","4584.56","OUTPUT","AUTHORISED","ecf607e0-73df-4f4b-a0b3-0afb944c46c0"
"2017-06-16","SPEND","ULearn Limited Current account","Airport Taxi","POS14JUN AIRPORT TAXI","36","A104","","Airport Transfer","36","INPUT","AUTHORISED","79ce3cdb-bf31-4a0b-94a2-5587573a8aa9"
"2017-06-01","SPEND","ULearn Limited Current account","EIRCOM","EIRCOM        SEPA DD","95.63","B104","","Telephone & Internet","95.63","INPUT","AUTHORISED","b89ec94c-d41b-4905-ba20-1450ce18a138"
"2017-06-01","RECEIVE","ULearn Limited Current account","ULearn-Student","","9178.6","100","","Ulearn","9178.6","OUTPUT","AUTHORISED","82a6de2f-0a05-4761-8538-19aa163498bc"
"2017-06-14","RECEIVE","ULearn Limited Current account","ULearn-Student","Valitor M3068605   GP","1968.93","100","","Valitor Merch A/C","1968.93","OUTPUT","AUTHORISED","3982d21b-4f60-432f-9e0e-cc94e42bb372"
"2017-06-09","RECEIVE","ULearn Limited Current account","ULearn-Student","Valitor M3051248   GP","4838.15","100","","Valitor Merch A/C","4838.15","OUTPUT","AUTHORISED","b0475718-6408-4432-8461-458161a2bfda"
"2017-06-12","RECEIVE","ULearn Limited Current account","ULearn-Student","","2783","100","","Ulearn","2783","OUTPUT","AUTHORISED","63778ada-24f7-4ed4-a158-e96211a03403"
"2017-06-12","RECEIVE","ULearn Limited Current account","ULearn-Student","Valitor M3056835   GP","146.92","100","","Valitor Merch A/C","146.92","OUTPUT","AUTHORISED","9cf44ee4-2d81-4034-9f3c-99611a96f899"
"2017-06-08","RECEIVE","ULearn Limited Current account","ULearn-Student","","5079.25","100","","Ulearn ","5079.25","OUTPUT","AUTHORISED","41a2ea2f-2212-40ae-9091-4d6ff9122af3"
"2017-06-07","RECEIVE","ULearn Limited Current account","ULearn-Student","","6891.35","100","","Ulearn ","6891.35","OUTPUT","AUTHORISED","6f415616-e795-473c-a30a-2c4068353124"
"2017-05-26","RECEIVE","ULearn Limited Current account","ULearn-Student","","5043","100","","Ulearn ","5043","OUTPUT","AUTHORISED","0935eba6-8ba9-40f4-9ae4-0d53f5746ef2"
"2017-05-29","RECEIVE","ULearn Limited Current account","ULearn-Student","","6304","100","","Ulearn ","6304","OUTPUT","AUTHORISED","ac904067-d806-4839-b02c-c3c62916fdf5"
"2017-05-24","RECEIVE","ULearn Limited Current account","ULearn-Student","","2772.87","100","","Ulearn ","2772.87","OUTPUT","AUTHORISED","f635e23b-bf41-499f-9a64-02fc93de7fb5"
"2017-05-30","RECEIVE","ULearn Limited Current account","ULearn-Student","","6100","100","","Ulearn ","6100","OUTPUT","AUTHORISED","0ca2ba34-2975-4f57-aef6-9f1099159cc9"
"2017-05-31","RECEIVE","ULearn Limited Current account","ULearn-Student","","2222","100","","Ulearn ","2222","OUTPUT","AUTHORISED","fabc9262-fa4b-49e2-bbbc-b6617b79e7e2"
"2017-06-02","RECEIVE","ULearn Limited Current account","ULearn-Student","","6719.1","100","","Ulearn ","6719.1","OUTPUT","AUTHORISED","c1a9904d-9f03-43e8-aadf-9703c37636ba"
"2017-06-06","RECEIVE","ULearn Limited Current account","ULearn-Student","","6423.5","100","","Ulearn ","6423.5","OUTPUT","AUTHORISED","6d612fed-bce9-4c0d-b982-10a6408feb06"
"2017-06-06","RECEIVE","ULearn Limited Current account","ULearn-Student","","1377.2","100","","Ulearn","1377.2","OUTPUT","AUTHORISED","aa732cf9-6880-4619-970a-599fbb05b1fd"
"2017-06-08","SPEND","ULearn Limited Current account","The Fruit People Limited","TO THE FRUIT PEOPLE","100","B102","","Office Staff Fruit","100","INPUT","AUTHORISED","227313fb-afe6-4505-9241-8c188322acb0"
"2017-06-09","RECEIVE","ULearn Limited Current account","ULearn-Student","","4896","100","","Ulearn ","4896","OUTPUT","AUTHORISED","dcd3abf9-7a2f-4309-8022-a166879f7541"
"2017-06-12","SPEND","ULearn Limited Current account","Airport Taxi","POS08JUN AIRPORT TAXI","34","A104","","Airport Transfer","34","INPUT","AUTHORISED","d6c3666b-28fd-482b-8fda-eaabdf181de0"
"2017-06-12","RECEIVE","ULearn Limited Current account","ULearn-Student","LATM CR 900113 6468","1420","100","","Cash Drop","1420","NONE","AUTHORISED","64de7285-1504-4aa5-b8e3-be5dc053e2b4"
"2017-06-13","RECEIVE","ULearn Limited Current account","ULearn-Student","","2418.76","100","","Ulearn ","2418.76","OUTPUT","AUTHORISED","7e421233-e25b-49b6-84ba-e9a2b42de28c"
"2017-06-14","RECEIVE","ULearn Limited Current account","ULearn-Student","","2637","100","","Ulearn ","2637","OUTPUT","AUTHORISED","5d73f56b-3eff-40d4-b9b0-9f3351944204"
"2017-05-26","SPEND","ULearn Limited Current account","Airport Taxi","POS24MAY AIRPORT TAXI","59","A104","","Airport Transfer","59","INPUT","AUTHORISED","c2f27ab7-7a39-4649-8a7b-cc8d5470736a"
"2017-06-09","RECEIVE","ULearn Limited Current account","ULearn-Student","","210","100","","WEI JINKE","210","OUTPUT","AUTHORISED","7531eccc-3e2e-45e7-8b35-ab8ec12a4cb4"
"2017-05-25","SPEND","ULearn Limited Current account","John Gunn Camera Shop","","59","B102","","Camera Battery Charger","59","INPUT","AUTHORISED","a4bc3630-6abe-4caa-a0a4-d9a509b81cfb"
"2017-05-31","SPEND","ULearn Limited Current account","DublinBikes","POS29MAY DUBLINBIKES","1.5","B112A","","DUBLINBIKES","1.5","INPUT","AUTHORISED","3a43b9f9-9c98-47e0-8aac-0e8c0a915a5b"
"2017-06-07","SPEND","ULearn Limited Current account","ULearn-Student","","12.5","B127","","WEI JINKE","12.5","NONE","AUTHORISED","00b0a94a-a020-4419-8ddf-19cc64edf8a2"
"2017-06-07","RECEIVE","ULearn Limited Current account","ULearn-Student","","3005","100","","WEI JINKE","3005","OUTPUT","AUTHORISED","ea1212f3-caab-41e9-b903-a90feec57ab2"
"2017-06-15","SPEND","ULearn Limited Current account","Google - CARD","POS13JUN GOOGLE *ADWS","500","B110","","Google Adwords","500","INPUT","AUTHORISED","45827838-dd8d-49a9-8b5e-faa87aa77f26"
"2017-06-13","SPEND","ULearn Limited Current account","Google - CARD","","99.99","B110","","Ulearn ","99.99","INPUT","AUTHORISED","98a23d05-f203-4f68-86ca-34003b51f266"
"2017-04-21","SPEND","ULearn Limited Current account","JANE O'BYRNE","TO JANE O&#39;BYRNE","330","A100","","Accomm Host JANE O'BYRNE","330","INPUT","AUTHORISED","a955c74e-e5d0-475f-a0d8-c98b50ddc640"
"2017-04-25","SPEND","ULearn Limited Current account","Payzone Park","","20","B112A","","Airport Trip","20","INPUT","AUTHORISED","da563dbf-05d3-42cd-b55c-e573472c31c0"
"2017-05-03","SPEND","ULearn Limited Current account","Indeed - CARD","","14.72","B110","","HR Adverts (staff / teachers) ","14.72","INPUT","AUTHORISED","33a3180f-ef17-4358-9845-dce29fcda79d"
"2017-06-08","SPEND","ULearn Limited Current account","Di Lucca","","9","B115","","Coffee","9","INPUT","AUTHORISED","d5dad846-dc60-4d0a-a96c-1601b2a76b38"
"2017-04-13","SPEND-TRANSFER","ULearn Limited Current account","","","30","ACC1","","Bank Transfer to Credit Card - Neil.","-30","","AUTHORISED","596bf772-8d31-4f56-8d86-0111382d883c"
"2017-04-13","RECEIVE-TRANSFER","Credit Card - Neil","","","30","AC-CC-NM","","Bank Transfer from ULearn Limited Current account.","30","","AUTHORISED","898e806b-85fd-48a3-b8b4-c213d72637f8"
"2017-05-03","SPEND","ULearn Limited Current account","GoDaddy.com, LLC - CARD","","9.35","B106","","Hosting Domains","9.35","INPUT","AUTHORISED","5fee68c7-d750-4bfc-95ca-b92a4e8a56f4"
"2017-05-23","SPEND","ULearn Limited Current account","Zopim - CARD","P2005US 14.00@1.10935","12.62","B106","","Zopim Chat Module","12.62","INPUT","AUTHORISED","a6a22e98-1007-4a84-a59c-489483dde0a6"
"2017-05-24","SPEND","ULearn Limited Current account","SOFTWARE","POS CHG USD       10","0.18","B106","","Misc Software / Hosting","0.18","INPUT","AUTHORISED","01c2afb2-f1da-49af-9a44-34a688f022c6"
"2017-05-24","SPEND","ULearn Limited Current account","SOFTWARE","POS22MAY ADOBE  CREAT","30.74","B106","","Software / Hosting","30.74","INPUT","AUTHORISED","5677f7ec-e6a0-4a06-ba7d-e686fabff059"
"2017-05-24","SPEND","ULearn Limited Current account","Buffer - CARD","P2205US 10.00@1.11607","8.96","B106","","Buffer","8.96","INPUT","AUTHORISED","1e6c0de7-04ca-4dfa-bad0-6e5a1de85f15"
"2017-05-25","SPEND","ULearn Limited Current account","PAYROLL","CONTRA            CTO","41740.31","B107","","Payroll Bulk ","41740.31","NONE","AUTHORISED","4bb55090-e0dd-4de8-a08a-7053247bc7b0"
"2017-05-26","SPEND","ULearn Limited Current account","THE HR COMPANY - DD","The HR Compan SEPA DD","110.7","B118","","HR Company Consult","110.7","INPUT","AUTHORISED","fb89be9a-cb8a-4c7e-919c-d94a40177b5e"
"2017-05-29","SPEND","ULearn Limited Current account","BOI BOL","BOI BOL CHARGE","10","B127","","Banking Online","10","NONE","AUTHORISED","bfb112c0-b78a-4560-9e50-e6cc173776e1"
"2017-05-30","SPEND","ULearn Limited Current account","FLYEFIT","POS28MAY FLYEFIT GROU","32","B122","","FLYEFIT Dir Member Fee","32","INPUT","AUTHORISED","ba43e2d0-1aaf-4c59-8b74-4eafd5ce7c9f"
"2017-05-30","SPEND","ULearn Limited Current account","SOFTWARE","POS CHG USD       30","0.54","B106","","Misc Software / Hosting","0.54","INPUT","AUTHORISED","fd4a8b2f-b34d-4170-9385-a635def2d142"
"2017-05-30","SPEND","ULearn Limited Current account","SOFTWARE","POS CHG USD      397","7.12","B106","","Misc Software / Hosting","7.12","INPUT","AUTHORISED","14ed6307-7195-4b0a-9016-627541dceb24"
"2017-06-01","SPEND","ULearn Limited Current account","ToutApp - CARD","P3005US 30.00@1.11111","27","B106","","ToutApp Email Software","27","INPUT","AUTHORISED","b5dba355-32ec-4bc1-b8df-9fea3948e511"
"2017-06-01","SPEND","ULearn Limited Current account","SOFTWARE","POS CHG USD       30","0.54","B106","","Misc Software / Hosting","0.54","INPUT","AUTHORISED","b9482009-61f9-4311-b6c0-47606d307a8f"
"2017-06-02","SPEND","ULearn Limited Current account","SOFTWARE","POS CHG USD       30","0.54","B106","","Misc Software / Hosting","0.54","INPUT","AUTHORISED","6ab7b9af-799f-487a-bff8-61470f1e7692"
"2017-06-02","SPEND","ULearn Limited Current account","ToutApp - CARD","P3105US 30.00@1.11648","26.87","B106","","ToutApp Email Software","26.87","INPUT","AUTHORISED","4da7e154-d4ab-443f-94be-5a80bf1fc4be"
"2017-06-06","SPEND","ULearn Limited Current account","Hailo","POS01JUN Hailo Networ","8.8","A104","","Taxi (Airport / Transfer)","8.8","INPUT","AUTHORISED","23d5824b-300c-4b8b-a1ce-4691f50c1e74"
"2017-06-06","SPEND","ULearn Limited Current account","Google - CARD","POS01JUN GOOGLE *SVCS","88.56","B106","","Google Apps Bus","88.56","INPUT","AUTHORISED","98797f82-c5d0-42e6-9fd4-af4e7f390318"
"2017-06-07","SPEND","ULearn Limited Current account","SOFTWARE","POS CHG USD        7","0.13","B106","","Misc Software / Hosting","0.13","INPUT","AUTHORISED","70ac7e92-b8ec-4ccf-b483-e35742f7e96f"
"2017-06-07","SPEND","ULearn Limited Current account","Github - CARD","P0206US  7.00@1.12000","6.25","B106","","Github Repos","6.25","INPUT","AUTHORISED","987dfff0-e575-481e-828c-88e30b72f31d"
"2017-06-07","SPEND","ULearn Limited Current account","MAILCHIMP - DD","POS02JUN MAILCHIMP","90.17","B106","","MailChimp Email Marketing","90.17","INPUT","AUTHORISED","e17fb41f-4f91-4aae-92a0-b4373b75fcd3"
"2017-06-08","SPEND","ULearn Limited Current account","SOFTWARE","POS CHG USD       19","0.36","B106","","Misc Software / Hosting","0.36","INPUT","AUTHORISED","5286910f-2ed9-4381-87c1-68c88e604bbb"
"2017-06-09","SPEND","ULearn Limited Current account","SOFTWARE","POS CHG USD       54","0.98","B106","","Misc Software / Hosting","0.98","INPUT","AUTHORISED","856fb43e-6441-43a1-9842-86602bef8323"
"2017-06-09","SPEND","ULearn Limited Current account","Receipt Bank - CARD","POS05JUN RECEIPT BANK","12.99","B106","","Automates Receipts to Bills (Xero)","12.99","INPUT","AUTHORISED","92da65c3-e5fe-446b-ac7e-5ddae8842960"
"2017-06-15","SPEND","ULearn Limited Current account","SOFTWARE","POS CHG USD      342","6.12","B106","","Misc Software / Hosting","6.12","INPUT","AUTHORISED","2e8f68c7-6244-41e1-ba8b-48c4f5b14cff"
"2017-05-30","SPEND","ULearn Limited Current account","Right Price Tiles","POS28MAY Right Price","1698.84","A101","","tiles apartment replace leak","1698.84","INPUT","AUTHORISED","ddc4e8ed-2874-493c-9c76-3158f2d00ca3"
"2017-06-06","SPEND","ULearn Limited Current account","Facebook - CARD","POS31MAY PAYPAL *FACE","301.44","B110","","facebook ads","301.44","NONE","AUTHORISED","0d8998a0-04af-45f6-8cd9-7914b96aac72"
"2017-06-08","SPEND","ULearn Limited Current account","Just Eat","POS06JUN Just Eat","33.5","B115","","food ","33.5","INPUT","AUTHORISED","5aeeb0e9-1682-457e-ae21-d65ed650050e"
"2017-05-03","SPEND","ULearn Limited Current account","Payzone Park","POS27APR PAYZONE PARK","20","B112A","","Dublin Aiport  Pickup","20","INPUT","AUTHORISED","136ba3cc-36bb-4323-a116-f809dcc17a0b"
"2017-05-26","SPEND","ULearn Limited Current account","Food, Coffees, Newsagents","POS24MAY Camden Caske","20","B102","","Coffees, Food, Newsagents","20","INPUT","AUTHORISED","bc24a8b5-0341-4279-895f-e9fa333fa29f"
"2017-06-06","SPEND","ULearn Limited Current account","GoDaddy.com, LLC - CARD","POS01JUN PAYPAL *GODA","14.27","B106","","hosting","14.27","NONE","AUTHORISED","4915bcd8-5c20-438e-adc0-736fc30cb440"
"2017-05-22","SPEND","ULearn Limited Current account","GoDaddy.com, LLC - CARD","POS18MAY PAYPAL *GODA","9.99","B106","","hosting","9.99","NONE","AUTHORISED","aafc3f39-f2ca-4db9-ac6a-82846b3be5f2"
"2017-05-30","SPEND","ULearn Limited Current account","GoDaddy.com, LLC - CARD","POS28MAY PAYPAL *GODA","9.11","B106","","hosting","9.11","NONE","AUTHORISED","5c3f3857-fd8e-4cd9-90a2-01c72dc369f5"
"2017-05-26","SPEND","ULearn Limited Current account","An Post","POSC23MAY AN POST-OFF","4.25","B130","","postal charges","4.25","INPUT","AUTHORISED","0e603ad0-46bb-4100-bab4-58c022dd93cb"
"2017-05-18","SPEND","ULearn Limited Current account","PARCEL MOTEL","POS16MAY PARCEL MOTEL","3.95","B130","","parcel motel","3.95","INPUT","AUTHORISED","0e7b9966-38dd-427d-9f0f-82cd2c17206e"
"2017-06-06","SPEND","ULearn Limited Current account","Facebook - CARD","POS31MAY PAYPAL *FACE","3.26","B110","","facebook ads","3.26","NONE","AUTHORISED","ccbda0c4-5d29-4819-8f3f-d763bf5f78e2"
"2017-05-26","RECEIVE","ULearn Limited Current account","ULearn-Student","P2017456 SERGIO P2 GP","7","100","","","7","OUTPUT","AUTHORISED","0b67e7c1-60ae-4979-baea-65f8e61d99bd"
"2017-05-24","RECEIVE","ULearn Limited Current account","ULearn-Student","Classes week 15th  GP","150","100","","","150","OUTPUT","AUTHORISED","5118b070-47e5-4647-8c00-a7c9e8eba855"
"2017-06-13","RECEIVE","ULearn Limited Current account","ULearn-Student","SARA FERREIRA","917.5","100","","","917.5","OUTPUT","AUTHORISED","5d032805-7b11-45b8-86d2-8c2bd305cde0"
"2017-05-26","RECEIVE","ULearn Limited Current account","ULearn-Student","SACBREF1094384367 CTO","1886","100","","","1886","OUTPUT","AUTHORISED","c59f6f18-56cb-460d-a62e-2a7aa61f570c"
"2017-05-26","RECEIVE","ULearn Limited Current account","ULearn-Student","P2017456 SERGIO P2 GP","1929.76","100","","","1929.76","OUTPUT","AUTHORISED","3cb9a061-2b57-4684-9a6d-ad5919c33e62"
"2017-06-06","RECEIVE","ULearn Limited Current account","ULearn-Student","LIUZUOSHU P2017546 GP","3200","100","","","3200","OUTPUT","AUTHORISED","686270c0-796d-4fc0-87c3-2a96d8ea05cb"
"2017-06-15","RECEIVE","ULearn Limited Current account","ULearn-Student","1/SAS-KORPOREYSHN  GP","3566","100","","","3566","OUTPUT","AUTHORISED","0d9ae5a3-599d-4322-8f34-e68387ba9649"
"2017-06-07","RECEIVE","ULearn Limited Current account","Refunds & Rebates","POS22MAY WWW.ALIEXPRE","5170.62","104","","Aliexpress refund","5170.62","OUTPUT","AUTHORISED","42deae44-762b-4f4d-a444-43ffaa76c252"
"2017-06-15","SPEND","ULearn Limited Current account","Websummit","POS13JUN WEBSUMMIT","112.13","B113","","Websummit networking 2018","112.13","INPUT","AUTHORISED","14439f96-c620-420d-afab-bae9a800d724"
"2017-06-13","SPEND","ULearn Limited Current account","HMA","POS10JUN PAYPAL *HMA","72.72","B106","","Hide My Ass Proxy ","72.72","INPUT","AUTHORISED","a7122fed-9452-4902-a5e8-bff2dd3d637b"
"2017-06-01","SPEND","ULearn Limited Current account","Di Luca","POS30MAY Di Lucca","70.5","B115","","Staff meal (Neelan course director)","70.5","INPUT","AUTHORISED","c9cef242-7045-41cb-86c6-903c8b9c8149"
"2017-06-01","SPEND","ULearn Limited Current account","First Data","FIRST DATA GL SEPA DD","45.39","B127","","gateway cr crd","45.39","NONE","AUTHORISED","f2950381-8ab9-4e44-b44d-bdb6233eb505"
"2017-05-04","SPEND","ULearn Limited Current account","TubePress","POS02MAY PAYPAL *TUBE","37.94","B106","","youtube syndication software","37.94","NONE","AUTHORISED","f6386a49-b89d-4a43-9580-339890e180fe"
"2017-05-26","SPEND","ULearn Limited Current account","Payment Sense","GC re PmSense SEPA DD","35.34","B127","","","35.34","NONE","AUTHORISED","f0545208-da05-4819-a8e1-cd4c6de8b34c"
"2017-06-12","SPEND","ULearn Limited Current account","LastPass","POS08JUN GOOGLE *Last","13.99","B106","","lastpass ","13.99","INPUT","AUTHORISED","d41d1a69-c247-42b7-9ff8-8b9679a66c3c"
"2017-05-18","SPEND","ULearn Limited Current account","Spotify","POS15MAY PAYPAL *SPOT","9.99","B106","","Spotify","9.99","INPUT","AUTHORISED","bcd3b0bd-69b7-4d68-83f2-a0a95405bd78"
"2017-06-06","SPEND","ULearn Limited Current account","Netflix","POS01JUN PAYPAL *NETF","9.99","B115","","netflix","9.99","INPUT","AUTHORISED","b3a23ac5-78c4-4057-8ec3-a329e58a79b0"
"2017-05-19","SPEND","ULearn Limited Current account","Blacknight","POS17MAY BLACKNIGHT I","6.09","B106","","Blacknight","6.09","INPUT","AUTHORISED","e665b7df-a781-401d-b8e6-7907e66c2f37"
"2017-05-04","SPEND","ULearn Limited Current account","Ikea","","15","B115","","ikea food","15","INPUT","AUTHORISED","94448baf-c89a-4adb-b412-8f5c443d409b"
"2017-06-07","SPEND","ULearn Limited Current account","Ciaran Mc Mahon","","500","B107","","Pay Bonus","500","NONE","AUTHORISED","2be4048b-1b39-4255-b754-e84f97af1128"
"2017-06-02","SPEND","ULearn Limited Current account","Whelan's Pub","","11.8","A109","","Social Event","11.8","INPUT","AUTHORISED","23013825-a550-4c08-900c-2c56d64423ec"
"2017-06-02","SPEND","ULearn Limited Current account","Whelan's Pub","","86.4","A109","","Social Event","86.4","INPUT","AUTHORISED","df6ab065-842d-46b5-9aef-2898e11fa4c9"
"2017-06-02","SPEND","ULearn Limited Current account","Whelan's Pub","","24.6","A109","","Social Event","24.6","INPUT","AUTHORISED","be4b01d7-993c-4d8b-8961-39391151dbf5"
"2017-06-02","SPEND","ULearn Limited Current account","Whelan's Pub","","23.1","A109","","Social Event","23.1","INPUT","AUTHORISED","7c5f696e-a329-48cd-a969-a53238ed9a74"
"2017-06-12","SPEND","ULearn Limited Current account","SOFTWARE","","0.18","B106","","Misc Software / Hosting","0.18","INPUT","AUTHORISED","12d4b2e6-64e5-4b30-a6fa-d84d1dcd0e8d"
"2017-05-31","SPEND","ULearn Limited Current account","Google - CARD","POS29MAY GOOGLE *ADWS","500","B110","","Google Adwords","500","INPUT","AUTHORISED","71ff8223-25c8-4557-bdb2-f561c414c120"
"2017-05-31","SPEND","ULearn Limited Current account","RDS","","9.6","B115","","Food","9.6","INPUT","AUTHORISED","076220ad-0cf5-4935-82a6-327bb9f4f8e2"
"2017-06-07","SPEND","ULearn Limited Current account","SOFTWARE","","0.14","B106","","Software / Hosting Misc","0.14","INPUT","AUTHORISED","02dda1db-673a-43ed-8ee8-2dcc75e45035"
"2017-06-02","SPEND","ULearn Limited Current account","Odeon","","20.2","B115","","Food","20.2","INPUT","AUTHORISED","ebbc7236-9ad2-4af5-8ea6-e64e534909a4"
"2017-06-07","SPEND","ULearn Limited Current account","Google - CARD","POS05JUN GOOGLE *ADWS","500","B110","","Google Adwords","500","INPUT","AUTHORISED","55a6b2e1-c13c-4658-9480-27cd0daec5e2"
"2017-05-26","SPEND","ULearn Limited Current account","Google - CARD","POS23MAY GOOGLE *ADWS","500","B110","","Google Adwords","500","INPUT","AUTHORISED","da75f108-1a99-4f82-8ba3-ec2926de64d9"
"2017-05-25","SPEND","ULearn Limited Current account","Caffe Nero","","10.95","B102","","Food","10.95","INPUT","AUTHORISED","8d2e81b3-08f1-4672-8043-20026479996d"
"2017-05-30","SPEND-TRANSFER","ULearn Limited Current account","","","3810.72","ACC1","","Bank Transfer to ULearn Term Loan.","-3810.72","","AUTHORISED","240567b8-cdcd-4d59-8031-e95fdaa6c0e1"
"2017-05-28","SPEND","ULearn Limited Current account","Ikea","","6.75","B115","","Food","6.75","INPUT","AUTHORISED","842e0091-6ad3-4477-a320-faf247cf66cb"
"2017-05-23","RECEIVE","ULearn Limited Current account","Refunds & Rebates","","190.09","104","","Refunded - not available","190.09","OUTPUT","AUTHORISED","cc7d79bc-be9b-4af3-9d4c-c65a76c85c9a"
"2017-06-09","SPEND","ULearn Limited Current account","ULearn-Student","","7.5","B127","","WEI JINKE","7.5","NONE","AUTHORISED","c0d83ee8-2a17-407e-8e13-995b29ebe5de"
"2017-06-19","SPEND","ULearn Limited Current account","Airport Taxi","POS15JUN AIRPORT TAXI","29","A104","","Airport Transfer","29","INPUT","AUTHORISED","f89bfe82-605c-493a-aecc-3d495202e0a0"
"2017-06-19","RECEIVE","ULearn Limited Current account","ULearn-Student","Valitor M3093616   GP","5162.72","100","","Valitor Merch A/C","5162.72","OUTPUT","AUTHORISED","27c9e437-5a6e-4444-b5bf-d49aa8dd7fa6"
"2017-06-22","RECEIVE","ULearn Limited Current account","ULearn-Student","Valitor M3119366   GP","1306.19","100","","Valitor Merch A/C","1306.19","OUTPUT","AUTHORISED","fc81f2e0-ea2b-4a29-8b70-44d954329e45"
"2017-06-22","SPEND","ULearn Limited Current account","PAYROLL","CONTRA            CTO","38093.61","B107","","Payroll Bulk ","38093.61","NONE","AUTHORISED","facb605d-e01d-437f-8b3c-190582473459"
"2017-06-22","SPEND","ULearn Limited Current account","Keywaste - DD","","48.81","B102","","Trash Bags, Containers & Collection","48.81","INPUT","AUTHORISED","1e94b5de-b09f-4e24-9c67-759f1d117981"
"2017-06-22","SPEND","ULearn Limited Current account","BOI LIFE INSURANCE","OP/BoI LIFE   SEPA DD","51.03","B119","","Life Insurance BOI","51.03","INPUT","AUTHORISED","b2269d96-4341-4f12-9bbe-c4b97f303b84"
"2017-06-21","RECEIVE","ULearn Limited Current account","ULearn-Student","Valitor M3105239   GP","2402.99","100","","Valitor Merch A/C","2402.99","OUTPUT","AUTHORISED","8b52da09-7ae9-4438-a4f3-d6bcd07760f3"
"2017-06-20","RECEIVE","ULearn Limited Current account","ULearn-Student","Valitor M3099496   GP","7360.46","100","","Valitor Merch A/C","7360.46","OUTPUT","AUTHORISED","01909d7a-2733-455d-b4c7-54270ca38700"
"2017-06-20","SPEND","ULearn Limited Current account","Google - CARD","POS18JUN GOOGLE *ADWS","500","B110","","Google Adwords","500","INPUT","AUTHORISED","cf347ffe-c0fb-4308-9683-47c7c7c4a1fa"
"2017-06-20","RECEIVE","ULearn Limited Current account","ULearn-Student","","2893.5","100","","ULearn-Student","2893.5","OUTPUT","AUTHORISED","510105ef-6bbe-4edb-b058-c26bafdeb908"
"2017-06-20","SPEND","ULearn Limited Current account","Airport Taxi","POS18JUN AIRPORT TAXI","29","A104","","Airport Transfer","29","INPUT","AUTHORISED","59a67b49-3c92-4f88-b910-a8dedee0207a"
"2017-06-21","RECEIVE","ULearn Limited Current account","ULearn-Student","","2460","100","","ULearn-Student","2460","OUTPUT","AUTHORISED","c08b08e4-ff1f-41fa-99c1-4e226968f6aa"
"2017-06-22","RECEIVE","ULearn Limited Current account","ULearn-Student","","2040","100","","ULearn-Student","2040","OUTPUT","AUTHORISED","d01a0971-e88a-4ce8-ab83-41c6db3523da"
"2017-06-07","SPEND","ULearn Limited Current account","LE THI TIN","","37.5","B127","","Refund Visa Refusal","37.5","NONE","AUTHORISED","d9f606f3-7cf0-498f-9314-14943506645b"
"2017-06-07","SPEND","ULearn Limited Current account","Nguyen Cong Lich","","17.5","B127","","Visa refusal refund","17.5","NONE","AUTHORISED","a3bc683e-10c5-462a-84a1-13f29013f36c"
"2017-06-23","RECEIVE","ULearn Limited Current account","ULearn-Student","","4963.4","100","","Ulearn","4963.4","OUTPUT","AUTHORISED","033df806-47c6-45ec-b69d-7ad1cea8b332"
"2017-06-23","RECEIVE","ULearn Limited Current account","ULearn-Student","Valitor M3125133   GP","2494.26","100","","Valitor Merch A/C","2494.26","OUTPUT","AUTHORISED","51df4810-db13-47d8-9fed-829197872f15"
"2017-06-23","SPEND","ULearn Limited Current account","Panda Waste","","85.13","B102","","","85.13","INPUT","AUTHORISED","a67a0c1a-1a34-44c6-ab2f-8773ddf2e9ff"
"2017-06-19","RECEIVE","ULearn Limited Current account","ULearn-Student","","1243.4","100","","Ulearn","1243.4","OUTPUT","AUTHORISED","6b657347-c6a8-4d9b-9533-b8b9217e68a5"
"2017-06-20","SPEND","ULearn Limited Current account","Coinbase","","4159.6","C105","","Ulearn","4159.6","NONE","AUTHORISED","526fde7d-cd3d-4e4c-93cb-d2493a3bff1a"
"2017-06-20","SPEND","ULearn Limited Current account","Coinbase","","519.95","C105","","Ulearn","519.95","NONE","AUTHORISED","d3ade173-ac0b-426e-9690-dc39b0a538de"
"2017-06-23","RECEIVE","ULearn Limited Current account","ULearn-Student","","492.5","104","","Ulearn ","492.5","OUTPUT","AUTHORISED","470faa67-6081-463a-9df2-3c49ec560a0a"
"2017-05-17","SPEND","ULearn Limited Current account","Bank Charges","","7.87","B127","","Ulearn ","7.87","NONE","AUTHORISED","636ddc50-94c5-4ed1-aec8-2827427ff753"
"2017-06-23","SPEND","ULearn Limited Current account","BOI","","200.21","B127","","Bank Charges","200.21","INPUT","AUTHORISED","089ae3b2-85d3-4299-b481-58bdc174156a"
"2017-06-23","SPEND","ULearn Limited Current account","BOI LIFE INSURANCE","OP/BoI LIFE   SEPA DD","47.05","B119","","Life Insurance BOI","47.05","INPUT","AUTHORISED","c9cff4de-71d2-46d8-b320-48e206c95d8e"
"2017-04-21","SPEND","ULearn Limited Current account","Express Tech","","230","B103","","School Phone - Screen Repairs","230","INPUT","AUTHORISED","bfa60cc7-4b62-47b8-9319-48227ad101f0"
"2017-06-27","SPEND","ULearn Limited Current account","Jervis Shopping","","6","A104","","Carpark to buy desks","6","INPUT","AUTHORISED","b10c71f2-7bb1-4daa-b17f-1f8f7e2526f5"
"2017-06-27","RECEIVE","ULearn Limited Current account","ULearn-Student","Valitor M3136714   GP","250.41","100","","Valitor Merch A/C","250.41","OUTPUT","AUTHORISED","ad2f41ba-5a77-408d-b027-19c71fd2367e"
"2017-06-26","RECEIVE","ULearn Limited Current account","ULearn-Student","Valitor M3130789   GP","871.61","100","","Valitor Merch A/C","871.61","OUTPUT","AUTHORISED","06b62acb-8be4-4ff6-afd0-faef1500155f"
"2017-06-26","SPEND","ULearn Limited Current account","Batrakov Jambulat","","17.5","B123","","Visa refused - Bank fees","17.5","INPUT","AUTHORISED","12db2e91-0cc4-42c1-870a-2bc12aee51e4"
"2017-06-26","RECEIVE","ULearn Limited Current account","ULearn-Student","","1442","100","","ULearn-Student","1442","OUTPUT","AUTHORISED","4a440969-da1d-4060-8182-bc10b7baaac4"
"2017-06-26","SPEND","ULearn Limited Current account","Airport Taxi","POS22JUN AIRPORT TAXI","57","A104","","Airport Transfer","57","INPUT","AUTHORISED","67c417bf-30f4-4eed-adf2-d4ec3aa59798"
"2017-06-27","RECEIVE","ULearn Limited Current account","ULearn-Student","","12822","100","","ULearn-Student","12822","OUTPUT","AUTHORISED","40d99980-a092-4784-a62d-7f37e8fdebdf"
"2017-06-28","RECEIVE","ULearn Limited Current account","ULearn-Student","","3033","100","","ULearn-Student","3033","OUTPUT","AUTHORISED","99631746-f3ab-44ca-bbb6-e02807b1023f"
"2017-06-28","RECEIVE","ULearn Limited Current account","ULearn-Student","Valitor M3142369   GP","1876.21","100","","Valitor Merch A/C","1876.21","OUTPUT","AUTHORISED","5e73f749-3741-4270-a170-2624d872f78b"
"2017-06-28","SPEND","ULearn Limited Current account","Virgin Media","","83.99","A101","","Internet & TV Apartments","83.99","INPUT","AUTHORISED","b1be50be-a370-49b0-be53-c5e98b174045"
"2017-06-28","SPEND","ULearn Limited Current account","ELECTRIC IRELAND","ELECTRIC IREL SEPA DD","920.5","B105","","Electricity","920.5","INPUT","AUTHORISED","121c8cc7-095d-4719-a0c9-cdff6ffb70c3"
"2017-06-28","SPEND","ULearn Limited Current account","Julio Viana","","225","B107","","April Pay","225","TAX004","AUTHORISED","447c61e5-0b8c-4679-be76-1c7effa577b7"
"2017-06-28","SPEND","ULearn Limited Current account","JESLYN REYNANTE SEGISMUNDO","","17.5","B123","","Visa refused - Bank fees","17.5","INPUT","AUTHORISED","d588afca-5e7e-4f73-b45a-a0df4786470e"
"2017-06-29","SPEND","ULearn Limited Current account","THE HR COMPANY - DD","The HR Compan SEPA DD","110.7","B118","","HR Company Consult","110.7","INPUT","AUTHORISED","684e3017-4f1b-4d24-96a4-0e454dcdfc8d"
"2017-06-29","RECEIVE","ULearn Limited Current account","ULearn-Student","","3593","100","","ULearn-Student","3593","OUTPUT","AUTHORISED","4b82ab1b-29ff-4772-b52b-e50b2ce96da2"
"2017-06-22","SPEND","ULearn Limited Current account","Argos","","104.98","B102","","Furniture Office","104.98","INPUT","AUTHORISED","1aabf39a-9403-4c17-81a5-eeee8c1ddd48"
"2017-06-22","SPEND","ULearn Limited Current account","Dublin Tourism Office","","1040","A104","","Bus Tickets","1040","INPUT","AUTHORISED","ed20d3e1-17fb-4b5d-bbf6-bfddc6e1aaa0"
"2017-06-28","SPEND","ULearn Limited Current account","Ikea","","29","A104","","Transport","29","INPUT","AUTHORISED","feb01f18-6425-439c-8edc-40975624ac32"
"2017-06-28","SPEND","ULearn Limited Current account","Ikea","","23.1","B102","","Food","23.1","INPUT","AUTHORISED","5c1438d7-dee1-440f-ab5c-5552799fab94"
"2017-06-30","RECEIVE","ULearn Limited Current account","ULearn-Student","Valitor M3162112   GP","2358.77","100","","Valitor Merch A/C","2358.77","OUTPUT","AUTHORISED","fde73786-1b81-480a-94a7-50908fb4dbf3"
"2017-04-20","SPEND","ULearn Limited Current account","Centre of English Studies","","201.93","A107","","Exams","201.93","INPUT","AUTHORISED","290a96f2-0dcc-47df-8aaf-3c90fb9e4824"
"2017-05-31","SPEND","ULearn Limited Current account","LYRECO","TO LYRECO","224.77","B116","","Stationery ","224.77","INPUT","AUTHORISED","a2851129-4337-43e0-8ae0-c1c888e728e9"
"2017-06-08","SPEND","ULearn Limited Current account","LYRECO","TO LYRECO","492.5","B116","","Stationery ","492.5","INPUT","AUTHORISED","d99d191c-dfbe-4a91-b944-836b1a7583c0"
"2017-06-26","SPEND","ULearn Limited Current account","SOFTWARE","POS22JUN ADOBE  CREAT","30.74","B106","","Software / Hosting","30.74","INPUT","AUTHORISED","fa2b60c0-cb3d-4749-b154-04495d05bd4a"
"2017-06-26","SPEND","ULearn Limited Current account","Zopim - CARD","P2106US 14.00@1.11376","12.57","B106","","Zopim Chat Module","12.57","INPUT","AUTHORISED","3a022829-bf9c-4ca4-b694-7cd0d02a9ee3"
"2017-06-26","SPEND","ULearn Limited Current account","SOFTWARE","POS CHG USD       14","0.25","B106","","Misc Software / Hosting","0.25","INPUT","AUTHORISED","c3722c5d-034f-438f-8053-d5f3389b4f61"
"2017-06-28","SPEND","ULearn Limited Current account","SOFTWARE","POS CHG USD       10","0.18","B106","","Misc Software / Hosting","0.18","INPUT","AUTHORISED","31d0684e-b1bb-4f00-b185-90b8631c786a"
"2017-06-28","SPEND","ULearn Limited Current account","Buffer - CARD","P2606US 10.00@1.11731","8.95","B106","","Buffer","8.95","INPUT","AUTHORISED","8b09686b-3201-46a9-a352-da0124cbfb57"
"2017-06-29","SPEND","ULearn Limited Current account","SOFTWARE","POS CHG USD       49","0.88","B106","","Misc Software / Hosting","0.88","INPUT","AUTHORISED","a4bfba6e-e60f-49f3-8c94-f466512f3db6"
"2017-06-29","SPEND","ULearn Limited Current account","HighRise - CARD","P2706US 49.00@1.11770","43.84","B106","","HighRise CRM Software","43.84","INPUT","AUTHORISED","4d64a5ef-072b-45cf-9caa-898dca5b9b0e"
"2017-06-30","SPEND","ULearn Limited Current account","EIRCOM","EIRCOM        SEPA DD","262.7","B104","","Telephone & Internet","262.7","INPUT","AUTHORISED","af26856b-7f50-46a6-b135-47fa1ceb490e"
"2017-06-30","SPEND","ULearn Limited Current account","SOFTWARE","POS CHG USD       30","0.53","B106","","Misc Software / Hosting","0.53","INPUT","AUTHORISED","41318846-9b5a-4cc7-a001-7b0dca03985b"
"2017-06-30","SPEND","ULearn Limited Current account","DublinBikes","POS28JUN DUBLINBIKES","8","B112A","","DUBLINBIKES","8","INPUT","AUTHORISED","e03bfbde-d147-4982-aa9c-2051a89144bb"
"2017-06-30","SPEND","ULearn Limited Current account","Airport Taxi","POS28JUN AIRPORT TAXI","52","A104","","Airport Transfer","52","INPUT","AUTHORISED","31b77e6f-34e6-40e7-ad7f-68c18c3202b9"
"2017-06-19","RECEIVE","ULearn Limited Current account","Refunds & Rebates","114084 Reversal CB GP","40000","104","","reversal","40000","OUTPUT","AUTHORISED","b763c1a7-7320-474e-907e-3ec5a380140a"
"2017-06-26","RECEIVE","ULearn Limited Current account","Refunds & Rebates","121824 Reversal CB GP","1","104","","reversal of test pay","1","OUTPUT","AUTHORISED","75b8b66d-5086-4fc1-a157-0cabbec1c837"
"2017-06-19","SPEND","ULearn Limited Current account","Coinbase","365 Online  Coinbase","1","C105","","test a/c payment","1","NONE","AUTHORISED","cab4f5e3-39e4-4137-a699-ca500d4af466"
"2017-06-27","SPEND","ULearn Limited Current account","Now TV","POS24JUN NOW TV ROI","10","A108","","Now TV","10","INPUT","AUTHORISED","d1c2d035-e0af-4c7c-a9ed-d939478f0c21"
"2017-05-15","SPEND-TRANSFER","ULearn Limited Current account","","","229.26","ACC1","","Bank Transfer to Credit Card - Ciaran.","-229.26","","AUTHORISED","199a00d5-1f4a-4c89-9e12-ccd08ab0d59c"
"2017-07-03","RECEIVE","ULearn Limited Current account","ULearn-Student","Valitor M3167856   GP","223.32","100","","Valitor Merch A/C","223.32","OUTPUT","AUTHORISED","6d1146e7-38dc-4ae0-b969-c2fbd51e2e1c"
"2017-06-29","SPEND","ULearn Limited Current account","Conrad Hotel","","27","B115","","Food","27","INPUT","AUTHORISED","57db6e96-de24-4dd3-9310-7e87a8bc3df5"
"2017-07-03","SPEND","ULearn Limited Current account","Airport Taxi","POS29JUN AIRPORT TAXI","38","A104","","Airport Transfer","38","INPUT","AUTHORISED","46b7aea9-d4d2-4d97-ad15-53384b8471b6"
"2017-07-03","SPEND","ULearn Limited Current account","Airport Taxi","POS29JUN AIRPORT TAXI","49","A104","","Airport Transfer","49","INPUT","AUTHORISED","2e9e1abf-1318-43ba-afbf-68a9fdd297e1"
"2017-06-30","SPEND","ULearn Limited Current account","Dublin Tourism Office","","280","A104","","Transport","280","INPUT","AUTHORISED","2b0ba974-f04d-4986-a8d1-9bf0eb3dd42a"
"2017-06-30","SPEND","ULearn Limited Current account","Fresh","","6.25","B102","","Food","6.25","INPUT","AUTHORISED","6edb629a-e183-4041-b069-024a07ecfd62"
"2017-07-04","RECEIVE","ULearn Limited Current account","ULearn-Student","LATM CR 900113 6468","3610","100","","Cash Drop","3610","NONE","AUTHORISED","2ef9ff3d-4ca4-46e4-a3fa-0c0d29017be1"
"2017-06-29","SPEND","ULearn Limited Current account","Dublin Tourism Office","","280","A104","","Transport Tickets ","280","INPUT","AUTHORISED","b962ed08-9828-4071-acdf-5ba7cc0192d5"
"2017-06-30","SPEND","ULearn Limited Current account","Argos","","97.96","B102","","Lamps","97.96","INPUT","AUTHORISED","573655f1-922e-4613-8752-aa9bb468e96f"
"2017-07-05","SPEND","ULearn Limited Current account","Virgin Media","","109.98","A101","","Internet & TV Apartments","109.98","INPUT","AUTHORISED","a1ced5c1-530b-486e-a6a8-97d943ce8149"
"2017-07-06","RECEIVE","ULearn Limited Current account","ULearn-Student","Valitor M3194278   GP","1028.2","100","","Valitor Merch A/C","1028.2","OUTPUT","AUTHORISED","064665dd-c016-4f3c-b390-15146bf5aad8"
"2017-04-21","RECEIVE","ULearn Limited Current account","Refunds & Rebates","","1746.39","104","","Ali Express out of stock - refunded","1746.39","OUTPUT","AUTHORISED","71fbaf34-0974-4eb4-8bdf-04fba1c257ec"
"2017-05-22","SPEND","ULearn Limited Current account","Carmel Hennessy","","228.57","A100","","THIS IS A DUPLICATE PAYMENT! NM","228.57","INPUT","AUTHORISED","82b4f27b-b757-4d30-b9df-9dad37074bb6"
"2017-05-26","SPEND","ULearn Limited Current account","Centre of English Studies","","201.93","A107","","","201.93","INPUT","AUTHORISED","c37c8b54-66a2-4e75-baec-9be4899f922a"
"2017-05-03","SPEND","ULearn Limited Current account","Etsy","1196646471","220.33","B102","","Hat stand","220.33","INPUT","AUTHORISED","026c19e7-bf49-48c9-92db-e3312fa2561b"
"2017-05-03","SPEND","ULearn Limited Current account","Freight","","63.26","B130","","Transport costs","63.26","INPUT","AUTHORISED","b9be26db-8ee9-4e61-b5e6-a288b8da6922"
"2017-05-03","SPEND","ULearn Limited Current account","Freight","","13.59","B130","","Transport costs","13.59","INPUT","AUTHORISED","84b2bdbb-01e8-4304-b32a-ad8d9b54e2ba"
"2017-05-03","SPEND","ULearn Limited Current account","Neil Patel SEO","","161.44","B111","","","161.44","INPUT","AUTHORISED","100de3bf-1758-4238-811d-caa4aade63cb"
"2017-05-22","SPEND","ULearn Limited Current account","Freight","","5.22","B130","","shipping","5.22","INPUT","AUTHORISED","03cff6c2-c440-43a9-b4de-bc1ad55c4f57"
"2017-05-30","SPEND","ULearn Limited Current account","August","","355.76","B102","","New smart lock downstairs (QRY)","355.76","INPUT","AUTHORISED","d175da95-0a2a-4712-85b4-71b2585fc115"
"2017-05-09","SPEND","ULearn Limited Current account","Cazoomi - SyncApps - CARD","P0605US 19.98@1.09479","18.25","B106","","Sync Apps Recurring Subscription","18.25","INPUT","AUTHORISED","b982b236-c02e-4cc3-a5c8-63e4d4a56dc4"
"2017-04-10","SPEND","ULearn Limited Current account","Cazoomi - SyncApps - CARD","P0604US 19.98@1.06276","18.8","B106","","Sync Apps Recurring Subscription","18.8","INPUT","AUTHORISED","c674e66c-f6d6-478d-841a-473d3077bff2"
"2017-06-07","SPEND","ULearn Limited Current account","Deadline Couriers","","100","B130","","Sending Apartment keys","100","INPUT","AUTHORISED","4adc11c0-47fe-4c76-9cbe-a88da0383484"
"2017-06-08","SPEND","ULearn Limited Current account","Cazoomi - SyncApps - CARD","P0606US 19.98@1.12373","17.78","B106","","Sync Apps Recurring Subscription","17.78","INPUT","AUTHORISED","c9efca37-76d2-438d-b28e-d8fcf4b89ef5"
"2017-06-20","SPEND","ULearn Limited Current account","Spotify","POS15JUN PAYPAL *SPOT","9.99","A108","","School Spotify Sub","9.99","INPUT","AUTHORISED","6f141cce-8584-42e0-b21d-df8e9ebe7bea"
"2017-06-21","SPEND","ULearn Limited Current account","GoDaddy.com, LLC - CARD","","62.47","B106","","Domain renewals","62.47","INPUT","AUTHORISED","0c2bd25d-7c11-4cf4-befd-4763305af3bf"
"2017-06-23","SPEND","ULearn Limited Current account","Blacknight","","6.09","B106","","","6.09","INPUT","AUTHORISED","55a863f8-f591-495d-b70e-b3e69dc82637"
"2017-06-23","SPEND","ULearn Limited Current account","Freight","","9.53","B130","","Pitney Bowes","9.53","INPUT","AUTHORISED","00fd4477-097a-4552-af21-71ea478d2f53"
"2017-06-27","SPEND","ULearn Limited Current account","Google - CARD","POS23JUN GOOGLE *ADWS","500","B110","","Google Adwords","500","INPUT","AUTHORISED","cc66ec95-0b62-4fac-b384-d9becda35300"
"2017-06-28","SPEND-TRANSFER","ULearn Limited Current account","","","764.16","ACC1","","Bank Transfer to School Bookings.","-764.16","","AUTHORISED","a1187271-eb10-4b6a-9632-db03918fb53b"
"2017-05-17","SPEND","ULearn Limited Current account","FedEx","94249376","393.45","B130","","FedEx Transaction - computer QRY","393.45","INPUT","AUTHORISED","55ef7a90-c3c4-4219-923c-ccd36bff52cd"
"2017-05-15","SPEND","ULearn Limited Current account","Neil Patel SEO","","181.75","B111","","SEO service (later REFUNDED) QRY","181.75","INPUT","AUTHORISED","00f5f8ce-403f-40e8-a572-7c0babcc152f"
"2017-05-16","SPEND","ULearn Limited Current account","Unknown","","442.19","B124","","No ID on this payment QRY","442.19","INPUT","AUTHORISED","150b2471-efa9-4149-a7f5-5a866c9a34fa"
"2017-07-07","SPEND","ULearn Limited Current account","Airport Taxi","POS05JUL AIRPORT TAXI","38","A104","","Airport Transfer","38","INPUT","AUTHORISED","2f960d52-af34-4cdf-9c83-c33702b89e72"
"2017-07-05","SPEND","ULearn Limited Current account","Dunnes Stores","","90","A101","","6 Duvets ","90","INPUT","AUTHORISED","7552a8f9-22ad-44a7-ad08-0835ebd544c8"
"2017-07-07","RECEIVE","ULearn Limited Current account","ULearn-Student","Valitor M3200014   GP","1097.27","100","","Valitor Merch A/C","1097.27","OUTPUT","AUTHORISED","b87df052-3aa9-4959-a073-45cff28deb98"
"2017-07-03","RECEIVE","ULearn Limited Current account","ULearn-Student","2XBLUE CONSULTORIA E","3131.44","100","","","3131.44","OUTPUT","AUTHORISED","c186651b-b757-437d-b009-25e090d84ceb"
"2017-07-03","RECEIVE","ULearn Limited Current account","ULearn-Student","365  0001","2126.36","100","","","2126.36","OUTPUT","AUTHORISED","662cf19a-5ff4-4163-81a0-ca3b9005b711"
"2017-07-03","SPEND","ULearn Limited Current account","Bank of Ireland","BOI BOL CHARGE","10","B127","","Banking Online","10","NONE","AUTHORISED","b31e71e4-3d68-4ab5-8693-c10745657a46"
"2017-07-03","SPEND","ULearn Limited Current account","First Data","FIRST DATA GL SEPA DD","45.39","B127","","Gateway charges","45.39","NONE","AUTHORISED","c842ce09-a9ac-4571-ad77-334d6f3891e2"
"2017-06-30","SPEND","ULearn Limited Current account","Payment Sense","GC re PmSense SEPA DD","69.62","B127","","Gateway Charges","69.62","NONE","AUTHORISED","654d4610-79d3-4c9c-9df9-6595c430de6d"
"2017-07-03","SPEND","ULearn Limited Current account","GRENKE LIMITED","Grenke Limite SEPA DD","922.5","B102","","Fingerprint & Camera Security","922.5","INPUT","AUTHORISED","de0a2fe6-b8de-481e-aa23-22bd8e0cff63"
"2017-07-05","RECEIVE","ULearn Limited Current account","ULearn-Student","LATM CR 900113 6468","2130","100","","Cash Drop","2130","OUTPUT","AUTHORISED","1fdd6c2a-cb66-43c9-b11f-4c46f3f7693f"
"2017-07-05","SPEND","ULearn Limited Current account","Github - CARD","P0307US  7.00@1.13452","6.17","B106","","Github Repos","6.17","INPUT","AUTHORISED","f81f9545-c88d-40f7-bf90-0cd3a8cecb0c"
"2017-06-29","RECEIVE","ULearn Limited Current account","ULearn-Student","P2017718 EDUARDO","420.5","100","","","420.5","OUTPUT","AUTHORISED","880fdf83-47ff-482b-a5ea-2f3ef870ee8a"
"2017-07-04","SPEND","ULearn Limited Current account","ToutApp - CARD","P3006US 30.00@1.13895","26.34","B106","","ToutApp Email Software","26.34","INPUT","AUTHORISED","b03bcd60-19f1-43e1-86c5-bbb4d7d7491f"
"2017-07-04","RECEIVE","ULearn Limited Current account","ULearn-Student","PEDRO/THALIZZY/201","220","100","","","220","OUTPUT","AUTHORISED","d7d034b8-279d-4f4f-ad8f-1b28e64c409c"
"2017-07-04","SPEND","ULearn Limited Current account","Google - CARD","POS01JUL GOOGLE *SVCS","88.56","B106","","Google Apps Bus","88.56","INPUT","AUTHORISED","5025728d-7b1b-47e0-a24a-6f9624c60d56"
"2017-07-04","SPEND","ULearn Limited Current account","GoDaddy.com, LLC - CARD","POS01JUL PAYPAL *GODA","33.44","B106","","Hosting","33.44","INPUT","AUTHORISED","1a11595e-0549-4887-a6a1-81323bf99863"
"2017-07-04","SPEND","ULearn Limited Current account","Netflix","POS01JUL PAYPAL *NETF","9.99","B115","","School Social Netflix A/C","9.99","INPUT","AUTHORISED","c8948b7e-8d35-4246-b324-2e935050fc3b"
"2017-07-07","SPEND","ULearn Limited Current account","FLYEFIT","POS05JUL FLYEFIT GROU","32","B122","","FLYEFIT Dir Member Fee","32","INPUT","AUTHORISED","e072259e-24a8-48cc-9d02-cf1a6d8f5c21"
"2017-06-29","SPEND","ULearn Limited Current account","GoDaddy.com, LLC - CARD","POS27JUN PAYPAL *GODA","27.04","B106","","Hosting","27.04","INPUT","AUTHORISED","350706d5-219c-4e70-8151-cb0818400217"
"2017-06-30","SPEND","ULearn Limited Current account","ULearn-Student","POS28JUN PAYPAL *GODA","8.94","B106","","Hosting","8.94","INPUT","AUTHORISED","04823041-1621-4474-9048-201b5624e24d"
"2017-07-04","SPEND","ULearn Limited Current account","Fresh","POS30JUN FRESH GOOD F","36","B102","","Coffees, Food, Newsagents","36","INPUT","AUTHORISED","c672f002-5b83-4928-8a0a-cc1c2a48b2cf"
"2017-07-04","SPEND","ULearn Limited Current account","Facebook - CARD","POS30JUN PAYPAL *FACE","1.73","B110","","Facebook Ads","1.73","INPUT","AUTHORISED","e528c1da-847c-4c3f-85df-8aafc270ceea"
"2017-07-04","SPEND","ULearn Limited Current account","Facebook - CARD","POS30JUN PAYPAL *FACE","247.8","B110","","Facebook Ads","247.8","INPUT","AUTHORISED","61c5a6d0-7520-4ba0-849c-20d20124d1ea"
"2017-07-07","SPEND","ULearn Limited Current account","Green 19","POSC05JUL GREEN 19","21.5","B113","","Marketing - Partner Meets Meals","21.5","INPUT","AUTHORISED","09b7b160-5daa-4a3d-ba51-f13685c58054"
"2017-07-04","RECEIVE","ULearn Limited Current account","ULearn-Student","Valitor M3173829   GP","1633.85","100","","Valitor Merch A/C","1633.85","OUTPUT","AUTHORISED","d7cda480-b783-4479-b792-581309823cf8"
"2017-07-05","RECEIVE","ULearn Limited Current account","ULearn-Student","Valitor M3179663   GP","254.73","100","","Valitor Merch A/C","254.73","OUTPUT","AUTHORISED","125ca80f-2c6c-4fdc-8eb9-5ece10b29989"
"2017-07-03","RECEIVE","ULearn Limited Current account","ULearn-Student","CAROLINE DE SOUSA","1975","100","","","1975","OUTPUT","AUTHORISED","02acae59-d0e0-49d4-8c72-9be6621309f9"
"2017-06-30","SPEND","ULearn Limited Current account","Listons","POSC28JUN Listons Foo","5.05","B102","","Coffee","5.05","INPUT","AUTHORISED","b376f320-d985-4e19-b159-d2d2ef0914da"
"2017-06-23","SPEND","ULearn Limited Current account","Mark Mane","7MV9265512165001N","14.6","B102","","computer fan duct (BTC) ","14.6","INPUT","AUTHORISED","2250f442-40b7-40d7-bced-0e0266cb0842"
"2017-06-30","SPEND","ULearn Limited Current account","Coinbase","","4159.6","C105","","purchase of BTC","4159.6","NONE","AUTHORISED","e9f6a8de-dabb-40bd-b3df-d5316f2638f9"
"2017-06-30","SPEND","ULearn Limited Current account","River Bar","8996","34.5","A109","","Beers - Social Activities","34.5","INPUT","AUTHORISED","38bc3d35-d3fa-4ceb-9e39-e65e7934ca7d"
"2017-06-30","SPEND-TRANSFER","ULearn Limited Current account","","","3810.72","ACC1","","Bank Transfer to ULearn Term Loan.","-3810.72","","AUTHORISED","414677e4-715a-49b5-aa8a-deeeb5c706f0"
"2017-06-30","RECEIVE","ULearn Limited Current account","ULearn-Student","","3887.5","100","","","3887.5","OUTPUT","AUTHORISED","761f0b96-5aa7-4f76-b4f7-eacc0e04c9fb"
"2017-06-30","SPEND","ULearn Limited Current account","River Bar","6456","6","A109","","Beer - Social Activities","6","INPUT","AUTHORISED","36641075-b00c-469a-81f8-37f822d21ad7"
"2017-06-30","SPEND","ULearn Limited Current account","River Bar","6482","6","A109","","Beer - Social Activities","6","INPUT","AUTHORISED","44902f4a-2eb6-46a9-8183-3d993cdbaa82"
"2017-06-30","SPEND","ULearn Limited Current account","River Bar","022742","17.5","A109","","Beers - Social Activities ","17.5","INPUT","AUTHORISED","070ef6c8-ca06-4f2c-8155-fcd6b328eda7"
"2017-06-30","SPEND","ULearn Limited Current account","River Bar","6468","12.5","A109","","Beers - Social Activities","12.5","INPUT","AUTHORISED","a5c8119f-5b58-4e7f-bf7b-3a567b9329e5"
"2017-07-05","SPEND","ULearn Limited Current account","Argos","","202.93","B102","","7 Pedestals Fan","202.93","INPUT","AUTHORISED","719712c8-f79b-4295-a59c-45795eaf3690"
"2017-07-01","SPEND","ULearn Limited Current account","Argos","","31.99","B121","","JBL Go Black","31.99","INPUT","AUTHORISED","bd2d18f1-b667-4c4d-8555-fc4c6fbc8313"
"2017-07-02","SPEND","ULearn Limited Current account","Argos","","31.99","B121","","JBL Go Black","31.99","INPUT","AUTHORISED","5c5a9eec-d0fc-425f-8e67-8e354d738d14"
"2017-07-02","SPEND","ULearn Limited Current account","Argos","","31.99","B121","","JBL Go Black","31.99","INPUT","AUTHORISED","806cb6dd-e239-4fa2-b85b-38eb450a36a1"
"2017-07-01","SPEND","ULearn Limited Current account","MacXChange","","59","B102","","Computers supplies","59","INPUT","AUTHORISED","7905084a-4087-4c83-8444-a8ac078f9f02"
"2017-07-03","RECEIVE","ULearn Limited Current account","ULearn-Student","","2030.61","100","","ULearn-Student","2030.61","OUTPUT","AUTHORISED","629a697b-b1c7-4bef-a1f9-288355c2e2cf"
"2017-07-04","RECEIVE","ULearn Limited Current account","ULearn-Student","","2905","100","","ULearn-Student","2905","OUTPUT","AUTHORISED","e9efcf46-4ee7-40db-99cb-7577067b818d"
"2017-07-05","RECEIVE","ULearn Limited Current account","ULearn-Student","","6394","100","","ULearn-Student","6394","OUTPUT","AUTHORISED","2e2397e8-9a83-48b7-80f2-14a97c96aca0"
"2017-06-22","SPEND","ULearn Limited Current account","Hartstown Heating & Plumbing","0297","130","A102A","","Repairs to two toilets","130","INPUT","AUTHORISED","a298ae62-1f67-43c0-9f1e-7d6158f8b27e"
"2017-07-07","RECEIVE","ULearn Limited Current account","ULearn-Student","","6212.5","100","","ULearn-Student","6212.5","OUTPUT","AUTHORISED","29dcbd9d-bb6d-4abf-8b94-c33c148cd6dd"
"2017-07-10","SPEND","ULearn Limited Current account","Airport Taxi","POS06JUL AIRPORT TAXI","49","A104","","Airport Transfer","49","INPUT","AUTHORISED","60c1eb70-fc4a-4663-9568-a2972d10c5dd"
"2017-07-06","SPEND","ULearn Limited Current account","MAILCHIMP - DD","MC06039713","133.66","B106","","7500 credits ","133.66","INPUT","AUTHORISED","bf109002-1e2d-4818-93e4-83f96f79a861"
"2017-07-10","RECEIVE","ULearn Limited Current account","ULearn-Student","","2364.75","100","","ULearn-Student","2364.75","OUTPUT","AUTHORISED","aef57d9e-4a66-46ce-a1ef-06b2b071ae23"
"2017-07-10","RECEIVE","ULearn Limited Current account","ULearn-Student","","414","100","","ULearn-Student","414","OUTPUT","AUTHORISED","d15fdb9a-15e9-4764-9382-ba873333ad23"
"2017-07-07","SPEND","ULearn Limited Current account","Tesco","","36.2","A109","","Beers - Social Activities","36.2","INPUT","AUTHORISED","e30421dc-d233-43bc-be06-3ea6c61e8467"
"2017-07-11","SPEND","ULearn Limited Current account","Airport Taxi","POS07JUL AIRPORT TAXI","42","A104","","Airport Transfer","42","INPUT","AUTHORISED","0eab6e03-120b-492a-b0a4-4dc87d99ba04"
"2017-07-07","SPEND","ULearn Limited Current account","Fresh","","30.42","A108","","Supplies - Social Activities","30.42","INPUT","AUTHORISED","d7d03362-46a0-474d-b775-ea28cb45a9d8"
"2017-07-07","SPEND","ULearn Limited Current account","Dublinia Limited","9765","36.75","A108","","Dublinias Tour - 7 students","36.75","INPUT","AUTHORISED","8b3b95e3-bde1-428d-8dfe-dd3ae1d7635e"
"2017-07-11","RECEIVE","ULearn Limited Current account","ULearn-Student","","2747.5","100","","ULearn-Student","2747.5","OUTPUT","AUTHORISED","6aaf6525-c5f4-488e-a3fa-b492384e53ba"
"2017-07-11","RECEIVE","ULearn Limited Current account","ULearn-Student","Valitor M3211930   GP","3495.14","100","","Valitor Merch A/C","3495.14","OUTPUT","AUTHORISED","1f059f08-002a-4c03-af67-58117f8149c8"
"2017-07-12","RECEIVE","ULearn Limited Current account","ULearn-Student","Valitor M3217785   GP","594.71","100","","Valitor Merch A/C","594.71","OUTPUT","AUTHORISED","85465b97-4cef-420a-8bc9-cb9b4f4ef773"
"2017-07-12","SPEND","ULearn Limited Current account","Food, Coffees, Newsagents","POSC10JUL FRESH GOOD","9.72","B102","","Coffees, Food, Newsagents","9.72","INPUT","AUTHORISED","17eb0b78-112e-4de8-8f9c-9d73ad94fef2"
"2017-07-12","RECEIVE","ULearn Limited Current account","ULearn-Student","","4998.7","100","","ULearn-Student","4998.7","OUTPUT","AUTHORISED","1676f13d-5213-4e0a-a9a4-21c37d184778"
"2017-07-13","SPEND","ULearn Limited Current account","Food, Coffees, Newsagents","POSC11JUL TESCO STORE","5.71","B102","","Coffees, Food, Newsagents","5.71","INPUT","AUTHORISED","c2e41e30-89ed-452d-a70b-cb67ceed4136"
"2017-07-13","RECEIVE","ULearn Limited Current account","ULearn-Student","Valitor M3232403   GP","2003.46","100","","Valitor Merch A/C","2003.46","OUTPUT","AUTHORISED","2bc2380c-2a03-4d09-a885-609560b19f84"
"2017-07-11","SPEND","ULearn Limited Current account","Fresh","","20.3","B102","","Food","20.3","INPUT","AUTHORISED","26215434-a226-4836-89ad-4ab14233f9d2"
"2017-07-13","SPEND","ULearn Limited Current account","EIRCOM","EIRCOM        SEPA DD","88.04","B104","","Telephone & Internet","88.04","INPUT","AUTHORISED","a78069e1-f96f-405d-8405-08c0f611dfcc"
"2017-07-13","RECEIVE","ULearn Limited Current account","ULearn-Student","","3418","100","","ULearn-Student","3418","OUTPUT","AUTHORISED","ff27c8f3-bf67-4fbd-8f8f-c95cb13b71ab"
"2017-07-13","RECEIVE","ULearn Limited Current account","ULearn-Student","","252.8","100","","ULearn-Student","252.8","OUTPUT","AUTHORISED","84646dde-31cb-4061-9e5d-23c353339fb2"
"2017-07-13","SPEND","ULearn Limited Current account","Google - CARD","POS11JUL GOOGLE *ADWS","500","B110","","Google Adwords","500","INPUT","AUTHORISED","76ad6e5a-97bb-43c2-bcc4-b7c6de484a26"
"2017-07-04","SPEND","ULearn Limited Current account","Google - CARD","POS30JUN GOOGLE *ADWS","500","B110","","Google Adwords","500","INPUT","AUTHORISED","8ac9aa9b-caae-40f7-ad0e-cdb90f659595"
"2017-07-07","SPEND","ULearn Limited Current account","Google - CARD","POS05JUL GOOGLE *ADWS","500","B110","","Google Adwords","500","INPUT","AUTHORISED","fdc87ad6-e3e5-47b2-9be3-f48de091cce8"
"2017-07-14","RECEIVE","ULearn Limited Current account","ULearn-Student","LATM CR 900113 6468","4790","100","","Cash Drop","4790","NONE","AUTHORISED","513bf00a-786a-4ff9-8b42-eceb6f160fee"
"2017-07-14","SPEND","ULearn Limited Current account","Airport Taxi","POS12JUL AIRPORT TAXI","34","A104","","Airport Transfer","34","INPUT","AUTHORISED","5a976618-7a08-459b-89ec-3a88ed533f3f"
"2017-07-14","RECEIVE","ULearn Limited Current account","ULearn-Student","Valitor M3238121   GP","388.02","100","","Valitor Merch A/C","388.02","OUTPUT","AUTHORISED","c7e42558-96b8-4e28-b71d-549c52eeff6e"
"2017-07-12","SPEND","ULearn Limited Current account","Insomnia","","6.05","B113","","Food","6.05","INPUT","AUTHORISED","a2e96774-ed00-43dc-9664-30836e3e6eef"
"2017-07-10","SPEND","ULearn Limited Current account","Cazoomi - SyncApps - CARD","P0607US 19.98@1.13265","17.64","B106","","Sync Apps Recurring Subscription","17.64","INPUT","AUTHORISED","e66b3dad-6636-4c7b-b696-4e9abbde86f7"
"2017-07-11","RECEIVE","ULearn Limited Current account","ULearn-Student","","3364.27","100","","Course / Accomm Fees","3364.27","INPUT","AUTHORISED","97728626-dd43-455f-a9b7-0bfaa6790d8b"
"2017-07-11","RECEIVE","ULearn Limited Current account","ULearn-Student","","105","100","","ULearn-Student","105","OUTPUT","AUTHORISED","e2a955a9-e299-4d6c-b72d-a73bf7ba6379"
"2017-07-14","SPEND","ULearn Limited Current account","MOHAMMED NASHAAT","","17.5","B127","","Bank fees - Student Refund","17.5","NONE","AUTHORISED","5a01bea1-f63d-461f-990e-929fad9a5681"
"2017-07-17","RECEIVE","ULearn Limited Current account","ULearn-Student","Valitor M3244021   GP","176.32","100","","Valitor Merch A/C","176.32","OUTPUT","AUTHORISED","3b88ba8e-157e-4dc2-ad7e-4a454c507127"
"2017-07-10","SPEND","ULearn Limited Current account","Cormac O'Malley","","500","B107","","Advanced July","500","NONE","AUTHORISED","6e62e35a-bc30-42d7-9e4f-f04891174be4"
"2017-07-17","SPEND","ULearn Limited Current account","BOI","EFT DD CHARGES","1.76","B127","","Bank Charges","1.76","INPUT","AUTHORISED","cbd550f6-73a2-4178-af37-ec687c4a8d11"
"2017-07-04","SPEND","ULearn Limited Current account","SOFTWARE","POS CHG USD       30","0.53","B106","","Misc Software / Hosting","0.53","INPUT","AUTHORISED","14eb8043-e1ab-4616-86b2-e993a23889d0"
"2017-07-05","SPEND","ULearn Limited Current account","SOFTWARE","POS CHG USD        7","0.12","B106","","Misc Software / Hosting","0.12","INPUT","AUTHORISED","4534243a-68c2-43f5-aee1-c7f2773c45b3"
"2017-07-10","SPEND","ULearn Limited Current account","SOFTWARE","POS CHG USD       19","0.35","B106","","Misc Software / Hosting","0.35","INPUT","AUTHORISED","035d86f2-9ccb-49ad-81f9-f9c2aeb1cf2b"
"2017-07-17","RECEIVE","ULearn Limited Current account","ULearn-Student","","2011.15","100","","Ulearn Student ","2011.15","OUTPUT","AUTHORISED","34b72227-62ba-4f48-b6d3-736ea8aaae36"
"2017-07-13","SPEND","ULearn Limited Current account","Right Click","100616","14.99","B102","","HDMI Cable","14.99","INPUT","AUTHORISED","3ce754c6-61d1-48f9-8912-245d9b6aeb94"
"2017-07-17","SPEND","ULearn Limited Current account","BOI","EFT DD CHARGES","1.92","B127","","Bank Charges","1.92","INPUT","AUTHORISED","5cf8f902-958d-4f21-99a8-e34865a0be0f"
"2017-07-13","SPEND","ULearn Limited Current account","Woodies","","30.96","B102","","Office supplies","30.96","INPUT","AUTHORISED","090e0ce8-3eea-4c5a-be87-8aacf0369c91"
"2017-07-18","SPEND","ULearn Limited Current account","Airport Taxi","POS14JUL AIRPORT TAXI","48","A104","","Airport Transfer","48","INPUT","AUTHORISED","40f2c3a3-4932-401e-9482-66c757fbedad"
"2017-07-17","SPEND","ULearn Limited Current account","Ministerium","","51.5","B112","","Food","51.5","INPUT","AUTHORISED","5fb237fa-9228-4cee-8062-5c07daa1ea0d"
"2017-07-22","SPEND","ULearn Limited Current account","Keywaste - DD","311884","32.92","B102","","General Waste Bin","32.92","INPUT","AUTHORISED","fc9b6c3a-7159-4498-b91b-8155e8d1193e"
"2017-07-06","SPEND","ULearn Limited Current account","Petty Cash Expns","","40","AC5","","Bank Transfer to Petty Cash.","40","NONE","AUTHORISED","cf165ac1-132f-41de-bf18-e03a6c78ea58"
"2017-07-06","SPEND","ULearn Limited Current account","Petty Cash Expns","","800","AC5","","Bank Transfer to Petty Cash.","800","NONE","AUTHORISED","5be9a7ca-4e5c-4e57-9f92-73a3e5ecd131"
"2017-07-18","RECEIVE","ULearn Limited Current account","ULearn-Student","","672.5","100","","ULearn-Student","672.5","OUTPUT","AUTHORISED","4be6c170-0dc0-4195-aadf-fed4dfe6092f"
"2017-07-18","RECEIVE","ULearn Limited Current account","ULearn-Student","","1415","100","","ULearn-Student","1415","OUTPUT","AUTHORISED","120a34c5-2390-444a-a136-5426e8e2dc3f"
"2017-07-18","SPEND","ULearn Limited Current account","EIRCOM","EIRCOM TIS    SEPA DD","62.42","B104","","Telephone & Internet","62.42","INPUT","AUTHORISED","fc811649-f493-4a9e-ad28-0d8568df1d81"
"2017-07-18","RECEIVE","ULearn Limited Current account","ULearn-Student","Valitor M3250105   GP","1397.51","100","","Valitor Merch A/C","1397.51","OUTPUT","AUTHORISED","dc9c66a0-210b-4d71-8b10-d5827ccf6cb6"
"2017-07-14","SPEND","ULearn Limited Current account","Di Luca","","9","B115","","Coffee","9","INPUT","AUTHORISED","7afc2d16-2850-4199-b9d3-9e604ba00751"
"2017-07-19","RECEIVE","ULearn Limited Current account","ULearn-Student","Valitor M3256055   GP","248.98","100","","Valitor Merch A/C","248.98","OUTPUT","AUTHORISED","7eba6ea6-0ab9-4ab7-a0a4-bcc65015db5d"
"2017-07-19","SPEND","ULearn Limited Current account","HECTOR RODOLFO GARCIA CHINCHILLA","","17.5","B127","","Refund","17.5","NONE","AUTHORISED","18b6c1ea-e911-48f5-98a7-20a524857b0c"
"2017-07-20","RECEIVE","ULearn Limited Current account","ULearn-Student","","9908","100","","ULearn-Student","9908","OUTPUT","AUTHORISED","730feac7-e164-4185-ab19-4f0d850bb58f"
"2017-07-20","RECEIVE","ULearn Limited Current account","ULearn-Student","Valitor M3270639   GP","1218.89","100","","Valitor Merch A/C","1218.89","OUTPUT","AUTHORISED","a11d7792-384c-4e6b-8b72-48143ceb8b2d"
"2017-07-20","SPEND","ULearn Limited Current account","PAYROLL","CONTRA            CTO","43185.32","B107","","Payroll Bulk ","43185.32","NONE","AUTHORISED","94cc088d-e8ec-4064-a293-84e160518a41"
"2017-07-21","RECEIVE","ULearn Limited Current account","ULearn-Student","Valitor M3276286   GP","3008.8","100","","Valitor Merch A/C","3008.8","OUTPUT","AUTHORISED","231214c4-12d5-4b36-bcd6-aaa1f2c123e5"
"2017-07-21","RECEIVE","ULearn Limited Current account","ULearn-Student","","5055.5","100","","ULearn-Student","5055.5","OUTPUT","AUTHORISED","17edcd92-1aea-4e45-9b85-b5be1e75e010"
"2017-07-19","SPEND","ULearn Limited Current account","Coinbase","","4159.6","C105","","Ulearn ","4159.6","NONE","AUTHORISED","77a2246d-fd56-48c9-a73e-31fbaa26a53b"
"2017-07-18","RECEIVE","ULearn Limited Current account","ULearn-Student","","2037.5","100","","ULearn-Student","2037.5","OUTPUT","AUTHORISED","8e4e538d-3ed9-4301-9f23-f99a06fa2ad8"
"2017-07-18","RECEIVE","ULearn Limited Current account","ULearn-Student","","2037.5","100","","ULearn-Student","2037.5","OUTPUT","AUTHORISED","726b364c-6ea5-4a02-8a2f-2b70fc9e0ca8"
"2017-07-21","SPEND","ULearn Limited Current account","Mirian Alix","","978.01","B107","","Salary July 2017","978.01","NONE","AUTHORISED","bcb33db5-0a51-4f0b-afe6-f8ea5a65b38a"
"2017-07-20","SPEND","ULearn Limited Current account","EOAN O DEA","","1008.67","B107","","Salary July 2017","1008.67","NONE","AUTHORISED","e2c10801-c58f-43da-9d00-c138676371f6"
"2017-07-21","RECEIVE","ULearn Limited Current account","ULearn-Student","","1987.5","100","","ULearn-Student","1987.5","OUTPUT","AUTHORISED","e637b22b-5035-4b4b-bb7d-d14915f8295f"
"2017-07-19","SPEND","ULearn Limited Current account","Google - CARD","POS17JUL GOOGLE *ADWS","500","B110","","Google Adwords","500","INPUT","AUTHORISED","0ba4e666-6d85-447d-ba14-3fd4dcbf690d"
"2017-07-18","SPEND","ULearn Limited Current account","Spotify","POS15JUL PAYPAL *SPOT","9.99","A108","","School Spotify Sub","9.99","INPUT","AUTHORISED","5eeda5b0-d886-4f4c-a219-8c61070ae7be"
"2017-07-19","SPEND","ULearn Limited Current account","Bank Charges","","0.13","B127","","Bank fees","0.13","NONE","AUTHORISED","3f991dd3-7093-492c-b401-ed1f42cdd2e0"
"2017-07-13","SPEND","ULearn Limited Current account","GoDaddy.com, LLC - CARD","","49.19","B106","","Hosting ","49.19","INPUT","AUTHORISED","0f4f1871-3423-4470-9978-90c785d17ec8"
"2017-07-13","SPEND","ULearn Limited Current account","GoDaddy.com, LLC - CARD","","33.91","B106","","Hosting ","33.91","INPUT","AUTHORISED","4970b774-8392-442c-b653-4d53e625ddf3"
"2017-07-19","SPEND","ULearn Limited Current account","Travel Expenses","POS16JUL RYANAIR","456.94","B112","","Flights Marketing Trip","456.94","INPUT","AUTHORISED","5afb035f-35a9-471a-a998-9000cc97dadd"
"2017-07-18","SPEND","ULearn Limited Current account","SOFTWARE","","254.86","B106","","Hosting ","254.86","INPUT","AUTHORISED","7e68107c-bf54-4c69-bb1d-e3e66b261970"
"2017-07-24","SPEND","ULearn Limited Current account","BOI LIFE INSURANCE","OP/BoI LIFE   SEPA DD","47.05","B119","","Life Insurance BOI","47.05","INPUT","AUTHORISED","122dfaf4-3445-496c-b1e0-d7e2f291a177"
"2017-07-24","RECEIVE","ULearn Limited Current account","ULearn-Student","","1241","100","","ULearn-Student","1241","OUTPUT","AUTHORISED","38fedd85-8f55-438d-adc4-a0b47e278407"
"2017-07-19","SPEND","ULearn Limited Current account","An Post","","4.25","B102","","Postage","4.25","INPUT","AUTHORISED","98073d22-d5e8-42fc-ba9c-1faddad97c83"
"2017-07-24","SPEND","ULearn Limited Current account","BOI LIFE INSURANCE","OP/BoI LIFE   SEPA DD","51.03","B119","","Life Insurance BOI","51.03","INPUT","AUTHORISED","a78e4195-24d1-4dd9-ae66-123459c54ad5"
"2017-07-24","RECEIVE","ULearn Limited Current account","ULearn-Student","","1837.5","100","","ULearn-Student","1837.5","OUTPUT","AUTHORISED","2c5587c3-4f89-4949-a618-2d721036c44d"
"2017-07-25","RECEIVE","ULearn Limited Current account","ULearn-Student","Valitor M3288124   GP","20.48","100","","Valitor Merch A/C","20.48","OUTPUT","AUTHORISED","7dc8e1e6-ed98-40fc-8115-07d71f30c4c1"
"2017-07-21","SPEND","ULearn Limited Current account","KaraFun","KF 12470231","4.99","A109","","Karaoke","4.99","INPUT","AUTHORISED","f3963b6d-09fa-4b70-8d08-df7430c51c34"
"2017-07-25","RECEIVE","ULearn Limited Current account","ULearn-Student","","5186.6","100","","ULearn-Student","5186.6","OUTPUT","AUTHORISED","9418c9ed-8c42-4a71-9eed-3d97956b7c03"
"2017-07-25","SPEND","ULearn Limited Current account","Google - CARD","POS23JUL GOOGLE *ADWS","500","B110","","Google Adwords","500","INPUT","AUTHORISED","5d639958-b0a6-431c-a246-840349143326"
"2017-07-25","SPEND","ULearn Limited Current account","Airport Taxi","POS21JUL AIRPORT TAXI","39","A104","","Airport Transfer","39","INPUT","AUTHORISED","31be81ae-dbd5-41e2-9cf4-e33a7b6aff64"
"2017-07-25","SPEND","ULearn Limited Current account","SOFTWARE","POS22JUL ADOBE  CREAT","30.74","B106","","Software / Hosting","30.74","INPUT","AUTHORISED","5e24af5b-f10e-4a86-9c28-576767bf2767"
"2017-07-26","RECEIVE","ULearn Limited Current account","ULearn-Student","Valitor M3293986   GP","2811.2","100","","Valitor Merch A/C","2811.2","OUTPUT","AUTHORISED","241e6e92-ca18-40fa-9cd0-c6840598a1c0"
"2017-07-26","SPEND","ULearn Limited Current account","SOFTWARE","POS CHG USD       30","0.52","B106","","Misc Software / Hosting","0.52","INPUT","AUTHORISED","3373f66c-1d28-443a-822f-ee708ea393cd"
"2017-07-27","RECEIVE","ULearn Limited Current account","ULearn-Student","Valitor M3308493   GP","921.19","100","","Valitor Merch A/C","921.19","OUTPUT","AUTHORISED","d619927a-9737-44d4-ac48-85b6a10d9b9c"
"2017-07-25","SPEND","ULearn Limited Current account","Ikea","","208","B102","","Furniture","208","INPUT","AUTHORISED","9c27a3d3-c656-4381-a4e2-47b43fd3e605"
"2017-07-26","RECEIVE","ULearn Limited Current account","ULearn-Student","","295","100","","ULearn-Student","295","OUTPUT","AUTHORISED","b3211585-1210-4bef-a3ff-66a7cdc93ea0"
"2017-07-28","SPEND","ULearn Limited Current account","Payment Sense","","36.05","B127","","Gateway Charges","36.05","NONE","AUTHORISED","04355f60-9961-45a4-8c7d-a38cb4f8024d"
"2017-07-28","RECEIVE","ULearn Limited Current account","ULearn-Student","Valitor M3314201   GP","1371.36","100","","Valitor Merch A/C","1371.36","OUTPUT","AUTHORISED","c36a231d-a5ab-4837-94df-427bf6db000d"
"2017-07-28","RECEIVE","ULearn Limited Current account","ULearn-Student","LATM CR 900113 0292","3180","100","","Cash Drop","3180","NONE","AUTHORISED","bbb5d75b-0508-4101-88c6-4549e819dde4"
"2017-07-28","SPEND","ULearn Limited Current account","Virgin Media","","83.99","A101","","Internet & TV Apartments","83.99","INPUT","AUTHORISED","2ce510a3-d809-4dd1-b3e3-8892bacf9a2f"
"2017-07-25","SPEND","ULearn Limited Current account","SOFTWARE","POS CHG USD       10","0.17","B106","","Misc Software / Hosting","0.17","INPUT","AUTHORISED","f1eb90e5-6e35-4543-8900-32d6483b64d5"
"2017-07-25","SPEND","ULearn Limited Current account","SOFTWARE","POS CHG USD       12","0.22","B106","","Misc Software / Hosting","0.22","INPUT","AUTHORISED","fa17f80e-e2e2-4aed-b841-77469acb42d9"
"2017-07-25","SPEND","ULearn Limited Current account","SOFTWARE","POS CHG USD       14","0.24","B106","","Misc Software / Hosting","0.24","INPUT","AUTHORISED","d53bc453-62d2-46d7-ad59-1505c119c82c"
"2017-07-25","SPEND","ULearn Limited Current account","Zopim - CARD","P2007US 14.00@1.16182","12.05","B106","","Zopim Chat Module","12.05","INPUT","AUTHORISED","f112c94c-5da9-407f-9b8b-cf78c7756da1"
"2017-07-24","SPEND","ULearn Limited Current account","SOFTWARE","","0.18","B106","","Misc Software / Hosting","0.18","INPUT","AUTHORISED","d648aa1c-3d52-4f0a-b050-c1d3ec181beb"
"2017-07-25","SPEND","ULearn Limited Current account","Buffer - CARD","P2207US 10.00@1.16144","8.61","B106","","Buffer","8.61","INPUT","AUTHORISED","1717b246-b0ce-4d1c-9d05-bef0c7485f39"
"2017-07-26","RECEIVE","ULearn Limited Current account","ULearn-Student","","3520","100","","ULearn-Student","3520","OUTPUT","AUTHORISED","9ac746dc-4b0d-4cb4-8168-a31f0ed6ab86"
"2017-07-27","RECEIVE","ULearn Limited Current account","ULearn-Student","","591.12","100","","ULearn-Student","591.12","OUTPUT","AUTHORISED","c8f0d7b0-c94d-441e-a220-cff56046a331"
"2017-07-28","SPEND","ULearn Limited Current account","BOI BOL","BOI BOL CHARGE","10","B127","","Banking Online","10","NONE","AUTHORISED","f855bf8e-f07d-4191-ad42-5d2a248dc46e"
"2017-07-31","SPEND","ULearn Limited Current account","DublinBikes","POS27JUL DUBLINBIKES","7","B112A","","DUBLINBIKES","7","INPUT","AUTHORISED","772d599f-4a95-4d83-ba8a-3c80ed30068e"
"2017-07-31","RECEIVE","ULearn Limited Current account","ULearn-Student","Valitor M3320098   GP","2347.5","100","","Valitor Merch A/C","2347.5","OUTPUT","AUTHORISED","f0640d5c-fb9d-4ab8-b093-40363f65cc2e"
"2017-07-31","SPEND","ULearn Limited Current account","Airport Taxi","POS27JUL AIRPORT TAXI","33","A104","","Airport Transfer","33","INPUT","AUTHORISED","e77b8ca0-5499-4ef9-9fa7-448c393611b4"
"2017-07-31","SPEND","ULearn Limited Current account","HighRise - CARD","P2707US 49.00@1.16500","42.06","B106","","HighRise CRM Software","42.06","INPUT","AUTHORISED","e9ab8b0f-eeac-453b-bcd9-300eb222a661"
"2017-07-31","SPEND","ULearn Limited Current account","Airport Taxi","POS27JUL AIRPORT TAXI","33","A104","","Airport Transfer","33","INPUT","AUTHORISED","869b5013-9c7e-4f73-b55c-e6a970a53071"
"2017-07-07","SPEND","ULearn Limited Current account","Airport Taxi","POS05JUL AIRPORT TAXI","38","A104","","Airport Transfer","38","INPUT","AUTHORISED","2c510c43-9a4a-4ea6-b41f-0772d74e69dc"
"2017-07-13","SPEND","ULearn Limited Current account","Upwork - CARD","137304324","69.87","B106","","Software","69.87","INPUT","AUTHORISED","0fcd5e85-d834-4786-b71d-9b9de00ab030"
"2017-07-28","SPEND","ULearn Limited Current account","Whelan's Pub","20506","11.1","B115","","Staff entertainment ","11.1","INPUT","AUTHORISED","c15f93a8-a185-4c76-925b-2e5a4140496e"
"2017-08-01","RECEIVE","ULearn Limited Current account","ULearn-Student","Valitor M3326199   GP","195.92","100","","Valitor Merch A/C","195.92","OUTPUT","AUTHORISED","9e104df5-62a4-457a-888b-cc5d4bfa0d6d"
"2017-07-28","SPEND","ULearn Limited Current account","Whelan's Pub","","6","B115","","Staff Entertainment","6","INPUT","AUTHORISED","1921525b-43a9-4771-9e1f-d4570f30b435"
"2017-07-28","SPEND","ULearn Limited Current account","Whelan's Pub","12143","10.4","B115","","Staff entertainment ","10.4","INPUT","AUTHORISED","446c43e7-44ff-4b73-ae6b-e79cb2e0255e"
"2017-07-28","SPEND","ULearn Limited Current account","Whelan's Pub","","38.8","B115","","Staff Entertainment","38.8","INPUT","AUTHORISED","c8cc6919-9e10-4439-9d6a-e5bea876ed76"
"2017-07-28","SPEND","ULearn Limited Current account","Whelan's Pub","9549","15.6","B115","","Beers","15.6","INPUT","AUTHORISED","6167dfeb-e327-40bc-bdc9-4ed50df90001"
"2017-08-01","SPEND","ULearn Limited Current account","First Data","","45.39","B127","","Gateway charges","45.39","NONE","AUTHORISED","6e6ae8bb-134b-4c7f-8c1f-553806fce31b"
"2017-07-28","SPEND","ULearn Limited Current account","Whelan's Pub","","30","B115","","Staff Entertainment","30","INPUT","AUTHORISED","4ed85641-c83b-4df8-992b-81077a38dff2"
"2017-08-01","SPEND","ULearn Limited Current account","EIRCOM","EIRCOM        SEPA DD","499","B104","","Telephone & Internet","499","INPUT","AUTHORISED","40c997c0-eb61-4ace-841f-9ce0f199c914"
"2017-08-01","SPEND","ULearn Limited Current account","SOFTWARE","POS CHG USD       30","0.51","B106","","Misc Software / Hosting","0.51","INPUT","AUTHORISED","47e51db9-dd7a-4b55-b470-b1f917768108"
"2017-08-01","SPEND","ULearn Limited Current account","Google - CARD","POS29JUL GOOGLE *ADWS","500","B110","","Google Adwords","500","INPUT","AUTHORISED","33796437-96b8-48cf-ad45-6d079ee207e9"
"2017-07-28","SPEND","ULearn Limited Current account","Whelan's Pub","","79","B115","","Staff Entertainment","79","INPUT","AUTHORISED","4a071986-f8f5-4af4-b605-1f3f793eca05"
"2017-07-28","SPEND","ULearn Limited Current account","Whelan's Pub","9518","19.9","B115","","Staff Entertainment ","19.9","INPUT","AUTHORISED","532c42e3-c943-4aa0-9f11-b1ea922ad780"
"2017-07-28","SPEND","ULearn Limited Current account","Whelan's Pub","12155","22.4","B115","","Staff Entertainment ","22.4","INPUT","AUTHORISED","9f740ff0-7da9-4d54-a671-3b8f9c999839"
"2017-08-01","SPEND","ULearn Limited Current account","Airport Taxi","POS28JUL AIRPORT TAXI","33","A104","","Airport Transfer","33","INPUT","AUTHORISED","b3120182-e0c3-4577-9dec-93af7aff033c"
"2017-07-28","SPEND","ULearn Limited Current account","Whelan's Pub","","61.8","B115","","Staff Entertainment","61.8","INPUT","AUTHORISED","a2bf0cb9-95a7-4f34-b72c-15416ef1bcad"
"2017-08-01","SPEND","ULearn Limited Current account","FLYEFIT","POS28JUL FLYEFIT GROU","32","B122","","FLYEFIT Dir Member Fee","32","INPUT","AUTHORISED","0a73f690-9703-4aae-a4da-59c5d507016a"
"2017-08-01","SPEND","ULearn Limited Current account","Airport Taxi","POS28JUL AIRPORT TAXI","49","A104","","Airport Transfer","49","INPUT","AUTHORISED","45d69ed7-e37c-482c-b5f7-259ee5cb11dd"
"2017-08-02","RECEIVE","ULearn Limited Current account","ULearn-Student","Valitor M3332140   GP","127.31","100","","Valitor Merch A/C","127.31","OUTPUT","AUTHORISED","90e5fb62-cb20-45b2-a12a-9e4ca3686ba2"
"2017-06-15","RECEIVE","ULearn Limited Current account","ULearn-Student","","3179","100","","Ulearn ","3179","OUTPUT","AUTHORISED","b8a82558-7905-4390-9271-3e6ba2911d55"
"2017-06-16","RECEIVE","ULearn Limited Current account","ULearn-Student","","2071","100","","Ulearn ","2071","OUTPUT","AUTHORISED","c05220fb-d3b8-4923-9a34-48b2ab130461"
"2017-06-19","RECEIVE","ULearn Limited Current account","ULearn-Student","","338.29","100","","","338.29","OUTPUT","AUTHORISED","7ede0ca3-7108-4ede-aa35-42030bd0423a"
"2017-06-19","RECEIVE","ULearn Limited Current account","ULearn-Student","","2608.8","100","","Ulearn ","2608.8","OUTPUT","AUTHORISED","adacec09-bc12-4e4a-8ee9-ff084fee94db"
"2017-06-20","RECEIVE","ULearn Limited Current account","ULearn-Student","","300","100","","","300","OUTPUT","AUTHORISED","081624d9-dc14-4ab8-a6c3-fcffd40cba08"
"2017-06-20","RECEIVE","ULearn Limited Current account","ULearn-Student","","258","100","","","258","OUTPUT","AUTHORISED","f1597b74-78d5-42aa-b022-f46ecec40876"
"2017-07-31","RECEIVE","ULearn Limited Current account","ULearn-Student","","4248.5","100","","ULearn-Student","4248.5","OUTPUT","AUTHORISED","cd0f4921-74ef-4be7-96ea-c2e766f5d604"
"2017-08-03","RECEIVE","ULearn Limited Current account","ULearn-Student","Valitor M3346924   GP","1865.27","100","","Valitor Merch A/C","1865.27","OUTPUT","AUTHORISED","66052ec3-5b18-42b8-b012-ae01496c72cd"
"2017-08-03","RECEIVE","ULearn Limited Current account","ULearn-Student","","6867.8","100","","ULearn-Student","6867.8","OUTPUT","AUTHORISED","753e0863-1472-4e4c-85e8-309b90a1b1c5"
"2017-08-03","SPEND","ULearn Limited Current account","MAILCHIMP - DD","POS01AUG MAILCHIMP","129.25","B106","","MailChimp Email Marketing","129.25","INPUT","AUTHORISED","0af7fc09-4412-4712-9271-cc46c024ca42"
"2017-08-04","RECEIVE","ULearn Limited Current account","ULearn-Student","Valitor M3352782   GP","101.49","100","","Valitor Merch A/C","101.49","OUTPUT","AUTHORISED","02c2de7f-15b5-42a3-aaba-3139d9efa567"
"2017-08-04","SPEND","ULearn Limited Current account","Virgin Media","","109.98","A101","","Internet & TV Apartments","109.98","INPUT","AUTHORISED","44a0e308-13b3-4310-834b-88a23b67fa95"
"2017-08-04","SPEND","ULearn Limited Current account","Airport Taxi","POS02AUG AIRPORT TAXI","41","A104","","Airport Transfer","41","INPUT","AUTHORISED","47cb60a0-0d05-415f-85c3-33f20674bf71"
"2017-08-04","SPEND","ULearn Limited Current account","Google - CARD","POS02AUG GOOGLE *SVCS","88.56","B106","","Google Apps Bus","88.56","INPUT","AUTHORISED","f9dfe2ca-8cf7-4077-ba62-91ea1f1961b6"
"2017-07-13","SPEND","ULearn Limited Current account","SOFTWARE","","22.95","B106","","Cloud Software misc","22.95","INPUT","AUTHORISED","12625ed5-7353-4fb0-8105-abdc14fde573"
"2017-07-31","SPEND","ULearn Limited Current account","SOFTWARE","POS CHG USD       49","0.84","B106","","Misc Software / Hosting","0.84","INPUT","AUTHORISED","cc0dfe04-7285-4b11-a8f1-f3df3a7dc0cc"
"2017-08-01","SPEND","ULearn Limited Current account","Social","POS28JUL WHELANS","23.4","A104","","Social Outings & Expenses","23.4","INPUT","AUTHORISED","fd086b83-910f-47be-af2f-3feb5f05af6b"
"2017-08-03","SPEND","ULearn Limited Current account","Facebook - CARD","","44.06","B110","","Facebook adv","44.06","INPUT","AUTHORISED","7eb2a862-d1aa-448e-aefc-ed15563fed6c"
"2017-08-03","SPEND","ULearn Limited Current account","Facebook - CARD","","149.83","B110","","Facebook adv","149.83","INPUT","AUTHORISED","42cf1f6a-2c38-4f18-8734-e56827d9b427"
"2017-05-03","RECEIVE","ULearn Limited Current account","ULearn-Student","","3514","100","","ULS2017 05 03 GP","3514","OUTPUT","AUTHORISED","32bca254-4130-4cff-acb4-afb08cb70fd1"
"2017-07-14","SPEND","ULearn Limited Current account","GoDaddy.com, LLC - CARD","","39.68","B106","","Hosting","39.68","INPUT","AUTHORISED","962bbf33-7119-4bd2-b1af-d45c63bc331f"
"2017-07-18","SPEND","ULearn Limited Current account","GoDaddy.com, LLC - CARD","","68.13","B106","","Ulearn","68.13","INPUT","AUTHORISED","b25d442f-d994-44f6-964e-fd24ce30f81c"
"2017-08-01","RECEIVE","ULearn Limited Current account","ULearn-Student","","551","100","","ULearn-Student","551","OUTPUT","AUTHORISED","8423d0fe-34fe-4d9c-8e86-09e11c1aebb2"
"2017-08-01","SPEND","ULearn Limited Current account","ToutApp - CARD","P3007US 30.00@1.16686","25.71","B106","","ToutApp Email Software","25.71","INPUT","AUTHORISED","f5d3ed09-a2d5-458f-93f3-01f6661efa53"
"2017-08-03","SPEND","ULearn Limited Current account","Ablogg, LLC","","17.5","B127","","Commission (MS. Akiko Nishimura","17.5","NONE","AUTHORISED","f8cec678-072a-43dc-8548-1eb9d5b7377b"
"2017-07-27","RECEIVE","ULearn Limited Current account","ULearn-Student","","2190","100","","ULearn-Student","2190","OUTPUT","AUTHORISED","462bee5d-abab-4b68-a918-714e4ec73ec2"
"2017-08-04","SPEND","ULearn Limited Current account","D-two","","35.2","A109","","Drinks","35.2","INPUT","AUTHORISED","7a1da037-87b4-4cd5-b458-6a9cff96001c"
"2017-08-08","SPEND","ULearn Limited Current account","Joe's Coffee","","15.15","B115","","Coffee","15.15","INPUT","AUTHORISED","c4832be1-519b-45b6-9106-efaf9ddd8f87"
"2017-08-10","SPEND","ULearn Limited Current account","SOFTWARE","","0.18","B106","","Misc Software / Hosting","0.18","INPUT","AUTHORISED","69256c05-37c1-475c-8fa8-b9b08f294fd0"
"2017-08-04","SPEND","ULearn Limited Current account","D-two","","31.9","A109","","Drinks","31.9","INPUT","AUTHORISED","fab81415-4e65-4336-b042-9c8a58102cf2"
"2017-08-09","SPEND","ULearn Limited Current account","Cazoomi - SyncApps - CARD","P0608US 19.98@1.17253","17.04","B106","","Sync Apps Recurring Subscription","17.04","INPUT","AUTHORISED","260a7c84-98d3-4058-9424-6f1bb38f0b16"
"2017-08-04","SPEND","ULearn Limited Current account","D-two","","15.9","A109","","Drinks","15.9","INPUT","AUTHORISED","f70257af-7636-40b9-823e-7eff02032ea8"
"2017-08-04","SPEND","ULearn Limited Current account","D-two","","5.5","A109","","Drinks","5.5","INPUT","AUTHORISED","cd42bf51-b7cf-4c64-9b6f-a9cbd539b4dd"
"2017-08-04","SPEND","ULearn Limited Current account","D-two","","47.6","A109","","Drinks","47.6","INPUT","AUTHORISED","2a339865-8227-4992-aa96-cf82aca615f7"
"2017-08-09","RECEIVE","ULearn Limited Current account","ULearn-Student","Valitor M3370915   GP","5526.87","100","","Valitor Merch A/C","5526.87","OUTPUT","AUTHORISED","ca864c3e-cb0b-49a2-aad8-9b714458955b"
"2017-08-08","RECEIVE","ULearn Limited Current account","ULearn-Student","Valitor M3364942   GP","200.82","100","","Valitor Merch A/C","200.82","OUTPUT","AUTHORISED","37694d73-b54a-4266-b85f-005e2b26d43b"
"2017-08-08","RECEIVE","ULearn Limited Current account","ULearn-Student","Valitor M3358775   GP","5644.07","100","","Valitor Merch A/C","5644.07","OUTPUT","AUTHORISED","9eb22696-e777-42e9-906d-833439ea9932"
"2017-08-08","SPEND","ULearn Limited Current account","Airport Taxi","POS03AUG AIRPORT TAXI","35","A104","","Airport Transfer","35","INPUT","AUTHORISED","56efa375-ddea-4b36-b724-2010fabd5edf"
"2017-08-08","SPEND","ULearn Limited Current account","Github - CARD","P0308US  7.00@1.18243","5.92","B106","","Github Repos","5.92","INPUT","AUTHORISED","09d085c7-ed1d-419d-982f-c88691cdb484"
"2017-08-08","SPEND","ULearn Limited Current account","Airport Taxi","POS03AUG AIRPORT TAXI","52","A104","","Airport Transfer","52","INPUT","AUTHORISED","a95fc9d9-1814-4811-9b06-05b0bfeb152f"
"2017-08-04","SPEND","ULearn Limited Current account","D-two","","15.8","A109","","Drinks","15.8","INPUT","AUTHORISED","1e265799-0a2d-40be-91f8-a12d49f98327"
"2017-08-09","SPEND","ULearn Limited Current account","SOFTWARE","POS CHG USD       19","0.34","B106","","Misc Software / Hosting","0.34","INPUT","AUTHORISED","5d9bd31a-8fa7-41f2-8a5a-7ebc31cdee3f"
"2017-08-09","SPEND","ULearn Limited Current account","Google - CARD","POS05AUG GOOGLE *ADWS","500","B110","","Google Adwords","500","INPUT","AUTHORISED","c8409a63-3b8f-40b9-82d0-0cdd879c3cf4"
"2017-08-09","SPEND","ULearn Limited Current account","Airport Taxi","POS04AUG AIRPORT TAXI","57","A104","","Airport Transfer","57","INPUT","AUTHORISED","f66e1137-11d6-424e-a28e-865c986555ad"
"2017-07-26","SPEND","ULearn Limited Current account","Bank Charges","","0.22","B127","","Currency FX Charges","0.22","INPUT","AUTHORISED","ffe813e8-4975-42c6-be6c-084d595c58ed"
"2017-07-31","SPEND","ULearn Limited Current account","SOFTWARE","","0.18","B106","","Misc Software / Hosting","0.18","INPUT","AUTHORISED","b9485419-4241-4324-b6ee-e3c36933f1ab"
"2017-08-09","RECEIVE","ULearn Limited Current account","ULearn-Student","","845","100","","ULearn-Student","845","OUTPUT","AUTHORISED","1a89eac2-24e4-40a4-bc5f-820c2829c690"
"2017-08-08","SPEND","ULearn Limited Current account","SOFTWARE","POS CHG USD        7","0.12","B106","","Misc Software / Hosting","0.12","INPUT","AUTHORISED","64821916-d5a8-476f-ae63-4effec2f7e57"
"2017-08-11","SPEND","ULearn Limited Current account","EIRCOM","EIRCOM        SEPA DD","196.95","B104","","Telephone & Internet","196.95","INPUT","AUTHORISED","bb1a40fd-e723-49d3-9fa9-7a4547701b6a"
"2017-08-11","RECEIVE","ULearn Limited Current account","ULearn-Student","","925","100","","ULearn-Student","925","OUTPUT","AUTHORISED","188a172f-9aef-46c1-a376-d3affdc19f78"
"2017-07-17","SPEND","ULearn Limited Current account","Di Lucca","","5.6","B115","","Meeting Neilan CELT Course etc","5.6","INPUT","AUTHORISED","a9b69d26-c849-4088-81b3-ac42659d8a04"
"2017-07-18","RECEIVE","ULearn Limited Current account","ULearn-Student","","854","100","","","854","OUTPUT","AUTHORISED","fcb9e095-5b2e-489a-9abb-f5b767ec5fc2"
"2017-07-18","SPEND","ULearn Limited Current account","Trezor","","103","B117","","Trezor Wallet","103","INPUT","AUTHORISED","4f31795f-36d4-40dd-8252-ba49018e8562"
"2017-08-11","RECEIVE","ULearn Limited Current account","ULearn-Student","Valitor M3389661   GP","2567.76","100","","Valitor Merch A/C","2567.76","NONE","AUTHORISED","6d5f7c8d-ee66-4b5f-b42d-f4d7e32114b5"
"2017-08-10","RECEIVE","ULearn Limited Current account","ULearn-Student","","1727","100","","ULearn-Student","1727","NONE","AUTHORISED","345552d7-00e5-42c6-9e93-99c3a815b9d9"
"2017-07-19","SPEND","ULearn Limited Current account","Upwork - CARD","","16.27","B118","","Web engineer work","16.27","INPUT","AUTHORISED","cfafa24c-3f25-4722-8ed4-f8a5be0517dd"
"2017-07-31","SPEND-TRANSFER","ULearn Limited Current account","","","3810.72","ACC1","","Bank Transfer to ULearn Term Loan.","-3810.72","","AUTHORISED","64f0c127-0ef3-4a68-bbc7-5d80be20b4f2"
"2017-07-28","SPEND","ULearn Limited Current account","Uber","","2.5","A104","","Taxi Ride (Portugal)","2.5","INPUT","AUTHORISED","12dc9536-24da-44c4-9056-b3cfc488ea62"
"2017-07-31","RECEIVE","ULearn Limited Current account","Uber","","2.5","104","","Taxi Ride (Portugal) REFUND","2.5","OUTPUT","AUTHORISED","810f939c-d682-4b12-bf2b-c2ad2b8eb577"
"2017-08-01","SPEND","ULearn Limited Current account","Travel Expenses","POS27JUL RYANAIR","196.85","B112","","Flights Marketing Trip","196.85","INPUT","AUTHORISED","549c4985-0fea-4f85-a10a-d672edb60358"
"2017-02-01","SPEND-TRANSFER","ULearn Limited Current account","","","121.2","ACC1","","Bank Transfer to Petty Cash.","-121.2","","DELETED","0ab8b8fe-9ff6-4926-b57a-d6faa1b3808c"
"2017-02-03","SPEND-TRANSFER","ULearn Limited Current account","","","640","ACC1","","Bank Transfer to Petty Cash.","-640","","DELETED","d9ba4a4f-9ee4-41a1-9182-c405289be4cb"
"2017-03-01","SPEND-TRANSFER","ULearn Limited Current account","","","500","ACC1","","Bank Transfer to Petty Cash.","-500","","DELETED","a0749565-dd5d-475b-8053-850ac30b9510"
"2017-06-07","SPEND","ULearn Limited Current account","TIE EXAMINATIONS LTD T/A IELT","","210","A107","","Exam Fee (€10 too much - sent to Petty Cash)","210","INPUT","AUTHORISED","333b022c-e8c7-4a65-ad2c-4b885f802073"
"2017-07-13","SPEND","ULearn Limited Current account","Tolteca","","10.8","B115","","Lunch meet","10.8","INPUT","AUTHORISED","9247d494-4b3c-4458-be21-362d8d6826eb"
"2017-07-14","SPEND","ULearn Limited Current account","Yogism","","20","B115","","Meet ","20","INPUT","AUTHORISED","ac14e3b6-2a57-454b-9312-bf0266cb9b17"
"2017-07-14","SPEND","ULearn Limited Current account","Caffe Nero","","5.8","B102","","Coffees ","5.8","INPUT","AUTHORISED","70ab6f39-0afd-497b-bdf6-a911ded409b8"
"2017-07-18","SPEND","ULearn Limited Current account","TAP","","5007.58","B112B","","Marketing Brazil","5007.58","INPUT","AUTHORISED","2649a071-0660-40d4-af60-5709a01b0260"
"2017-07-19","SPEND","ULearn Limited Current account","Blacknight","","6.09","B106","","","6.09","INPUT","AUTHORISED","827191c3-9515-458a-8d54-861b40748bb6"
"2017-07-20","SPEND","ULearn Limited Current account","Americano Inn","","91","B112B","","Marketing Trip Brazil","91","INPUT","AUTHORISED","a4631efe-fd29-4f64-950a-8a8ffee74d75"
"2017-07-31","SPEND","ULearn Limited Current account","VIP Grand Lisboa","","90.1","B112B","","Trip (Brazil / Portugal)","90.1","INPUT","AUTHORISED","442a3289-6a6a-472e-b17e-858130173058"
"2017-07-28","SPEND","ULearn Limited Current account","VIP Grand Lisboa","","91.1","B112B","","Trip (Brazil / Portugal #1)","91.1","INPUT","AUTHORISED","9ff3e7fb-d396-4621-9fbc-85db2ecd885c"
"2017-07-31","SPEND","ULearn Limited Current account","VIP Grand Lisboa","","30.75","B112B","","Trip (Brazil / Portugal)","30.75","INPUT","AUTHORISED","f83f9f4b-c472-45e0-aca8-c41023daf6d3"
"2017-08-01","SPEND","ULearn Limited Current account","VIP Grand Lisboa","","21.25","B112B","","Trip (Brazil / Portugal)","21.25","INPUT","AUTHORISED","d9b3ac19-5c98-4e0b-8523-64f0974b4206"
"2017-06-07","SPEND","ULearn Limited Current account","TIE EXAMINATIONS LTD T/A IELT","","200","A107","","","200","INPUT","AUTHORISED","ed15b26c-7c7f-4b07-8a78-69fbdbe8c701"
"2017-08-10","SPEND","ULearn Limited Current account","Camden Palace","2393","10.5","A109","","Beers","10.5","INPUT","AUTHORISED","a5d056de-de56-4e4f-888b-d874c88c6f2f"
"2017-08-10","SPEND","ULearn Limited Current account","Camden Palace","2387","25.1","A109","","Social Activities ","25.1","INPUT","AUTHORISED","cb519a52-8b9a-448d-92fe-2e8e5ddbde7a"
"2017-08-14","RECEIVE","ULearn Limited Current account","ULearn-Student","Valitor M3395556   GP","239.01","100","","Valitor Merch A/C","239.01","OUTPUT","AUTHORISED","4e845f0f-0195-4c1c-ae9a-2f9e9f3c8670"
"2017-08-08","RECEIVE","ULearn Limited Current account","ULearn-Student","","2584","100","","ULearn-Student","2584","OUTPUT","AUTHORISED","25cf4251-8830-407b-9c20-364f0d1d93a3"
"2017-08-09","RECEIVE","ULearn Limited Current account","ULearn-Student","","5215","100","","ULearn-Student","5215","OUTPUT","AUTHORISED","ec4972a4-1094-466f-b11d-be5ec74fecd2"
"2017-08-09","RECEIVE","ULearn Limited Current account","ULearn-Student","","3638","100","","ULearn-Student","3638","OUTPUT","AUTHORISED","36716733-fbf7-4dc6-a618-87a0ab0bc787"
"2017-08-08","RECEIVE","ULearn Limited Current account","ULearn-Student","","2060","100","","ULearn-Student","2060","OUTPUT","AUTHORISED","a5605f94-3ec4-4b54-84bf-26216b057e3e"
"2017-08-04","RECEIVE","ULearn Limited Current account","ULearn-Student","","3607.2","100","","ULearn-Student","3607.2","OUTPUT","AUTHORISED","947a3485-0a38-402b-81d3-ed8d0a046eb8"
"2017-08-03","RECEIVE","ULearn Limited Current account","ULearn-Student","","260","100","","ULearn-Student","260","OUTPUT","AUTHORISED","c1e1cc7b-1124-4d14-939e-638d1f3dda58"
"2017-08-01","RECEIVE","ULearn Limited Current account","ULearn-Student","","4227","100","","ULearn-Student","4227","OUTPUT","AUTHORISED","446499db-6d0b-43e2-8796-411bfb1072b0"
"2017-07-31","RECEIVE","ULearn Limited Current account","ULearn-Student","","555.44","100","","ULearn-Student","555.44","OUTPUT","AUTHORISED","4917e4b0-64d9-4f37-bad8-4393384eb31b"
"2017-07-28","RECEIVE","ULearn Limited Current account","ULearn-Student","","3058","100","","ULearn-Student","3058","OUTPUT","AUTHORISED","975771b9-5bea-401e-aaf3-6067abee4e01"
"2017-07-27","RECEIVE","ULearn Limited Current account","ULearn-Student","","25000","100","","ULearn-Student","25000","OUTPUT","AUTHORISED","5e461b76-17ef-4414-841b-0a852095ce46"
"2017-07-27","RECEIVE","ULearn Limited Current account","ULearn-Student","","1403.5","100","","ULearn-Student","1403.5","OUTPUT","AUTHORISED","39d2c1f6-0158-4219-80ae-b4caab1282cc"
"2017-06-26","RECEIVE","ULearn Limited Current account","ULearn-Student","","510.2","100","","","510.2","OUTPUT","AUTHORISED","c4510e14-5fd0-4892-b053-9c24b5dfb778"
"2017-08-01","SPEND","ULearn Limited Current account","GoDaddy.com, LLC - CARD","","8.7","B106","","Ulearn ","8.7","INPUT","AUTHORISED","2bae10a0-a94d-4bd0-8804-2f96aee9cd97"
"2017-06-07","SPEND","ULearn Limited Current account","Unknown","","7.1","B124","","Possibly Software / Subscription? In £...","7.1","INPUT","AUTHORISED","adc80e6a-7dbf-4f43-8645-d8d24b4f8bdc"
"2017-06-09","SPEND","ULearn Limited Current account","Unknown","","49.08","B124","","Don't know what this is","49.08","INPUT","AUTHORISED","77664b14-f438-43ff-b694-bc0907623cb2"
"2017-08-15","RECEIVE","ULearn Limited Current account","ULearn-Student","Valitor M3401682   GP","542.85","100","","Valitor Merch A/C","542.85","OUTPUT","AUTHORISED","1ecfb556-1c39-4cf2-a173-d2b96f88ad1a"
"2017-08-11","SPEND","ULearn Limited Current account","Tesco","","60","B115B","","beers","60","INPUT","AUTHORISED","a0d59c0a-51cd-45fe-89de-5c2319cbe86a"
"2017-08-15","SPEND","ULearn Limited Current account","Google - CARD","POS11AUG GOOGLE *ADWS","500","B110","","Google Adwords","500","INPUT","AUTHORISED","071c7e9a-a31a-44a6-af3f-08083c009728"
"2017-08-11","SPEND","ULearn Limited Current account","KaraFun","KF12569596","4.99","B115B","","Staff Entertainment","4.99","INPUT","AUTHORISED","bc444868-14ae-4ce6-b83a-f90e8f04b6e9"
"2017-08-15","RECEIVE","ULearn Limited Current account","ULearn-Student","","315","100","","ULearn-Student","315","OUTPUT","AUTHORISED","b2fef8d7-07a2-4583-bc36-6110eb0574dd"
"2017-08-15","SPEND","ULearn Limited Current account","EIRCOM","EIRCOM TIS    SEPA DD","62.42","B104","","Telephone & Internet","62.42","INPUT","AUTHORISED","59b4987b-b52c-4866-9ec7-799cd0a56ef9"
"2017-08-15","SPEND","ULearn Limited Current account","Caimin Dunne","","365.76","B108","","Wages April ","365.76","INPUT","AUTHORISED","97d6bc6b-2b98-42cc-9556-95970d1231fa"
"2017-08-16","RECEIVE","ULearn Limited Current account","ULearn-Student","","1613","100","","ULearn-Student","1613","OUTPUT","AUTHORISED","287dda92-d875-4fe1-92b7-2a950512b7fb"
"2017-08-16","RECEIVE","ULearn Limited Current account","ULearn-Student","Valitor M3407688   GP","655.16","100","","Valitor Merch A/C","655.16","OUTPUT","AUTHORISED","a08584fd-bb92-4b5e-832c-79b7765c47bb"
"2017-08-17","RECEIVE","ULearn Limited Current account","ULearn-Student","Valitor M3422519   GP","1573.18","100","","Valitor Merch A/C","1573.18","OUTPUT","AUTHORISED","32f26d96-6fc8-4dfd-85fa-bf3e8c380d90"
"2017-08-17","RECEIVE","ULearn Limited Current account","ULearn-Student","LATM CR 900113 6468","11865","100","","Cash Drop","11865","NONE","AUTHORISED","fa29ff9f-1fe5-47ce-acc7-20c170bd4eed"
"2017-08-17","RECEIVE","ULearn Limited Current account","ULearn-Student","","1110","100","","ULearn-Student","1110","OUTPUT","AUTHORISED","2f946883-42ea-46ee-a375-07dd071b6fdb"
"2017-08-17","SPEND","ULearn Limited Current account","PAYROLL","CONTRA            CTO","46592.24","B107","","Payroll Bulk ","46592.24","NONE","AUTHORISED","8acfd390-22d6-49d8-b724-081d1f34ed99"
"2017-08-18","RECEIVE","ULearn Limited Current account","Unknown","ULS2017 08 18      GP","7577","100","","","7577","OUTPUT","AUTHORISED","60ed661d-1692-4277-b527-932003db50ce"
"2017-08-16","RECEIVE","ULearn Limited Current account","Unknown","INVOICE  P2017970  GP","2958","100","","","2958","OUTPUT","AUTHORISED","fa12d2c0-6567-46df-979f-5ef425b4ab85"
"2017-07-13","RECEIVE","ULearn Limited Current account","Unknown","PROGETTO YOUR FIRS GP","1620","102","","eu funding intern ","1620","OUTPUT","AUTHORISED","39ee7818-2893-4d26-8110-849d5dc3703e"
"2017-08-15","RECEIVE","ULearn Limited Current account","Unknown","P1807US 12.95@1.18481","10.93","104","","","10.93","OUTPUT","AUTHORISED","927f5b4f-9eab-4ddd-9053-c62c310ae09b"
"2017-08-15","RECEIVE","ULearn Limited Current account","Unknown","POS CHG USD       12","0.22","104","","","0.22","OUTPUT","AUTHORISED","b1168202-6140-4ba1-8884-965aa3e042f8"
"2017-08-18","SPEND","ULearn Limited Current account","Spotify","POS15AUG PAYPAL *SPOT","9.99","A108","","School Spotify Sub","9.99","OUTPUT","AUTHORISED","8008f19e-2ad1-4c50-8692-21c7af095e89"
"2017-08-18","SPEND","ULearn Limited Current account","Airport Taxi","POS16AUG AIRPORT TAXI","34","A104","","Airport Transfer","34","OUTPUT","AUTHORISED","30c37ffd-3171-456b-bf20-11a179194b6c"
"2017-08-18","SPEND","ULearn Limited Current account","Airport Taxi","POS16AUG AIRPORT TAXI","41","A104","","Airport Transfer","41","OUTPUT","AUTHORISED","f3543460-f10e-47fa-bf45-7873ad1b1d8a"
"2017-08-18","SPEND","ULearn Limited Current account","Flogas SEPA - DD","","101.09","B105","","Flogas","101.09","INPUT","AUTHORISED","5dff6b92-7956-4aa1-be6b-049fc9deb2c7"
"2017-08-18","SPEND","ULearn Limited Current account","Flogas SEPA - DD","","100.95","B105","","Flogas","100.95","INPUT","AUTHORISED","c25af030-b92f-4160-b75d-ffeac20d2391"
"2017-08-18","SPEND","ULearn Limited Current account","Flogas SEPA - DD","","174.02","B105","","Flogas","174.02","INPUT","AUTHORISED","075ae432-3939-4eed-a9a5-22ee2ef47611"
"2017-08-18","SPEND","ULearn Limited Current account","Flogas SEPA - DD","","135.71","B105","","Flogas","135.71","INPUT","AUTHORISED","1945555f-efa2-4fbf-8ea5-8d916fe4e4be"
"2017-08-18","SPEND","ULearn Limited Current account","Flogas SEPA - DD","","113.44","B105","","Flogas","113.44","INPUT","AUTHORISED","7fc88ecd-9ab1-454d-bca2-9f1063c0577e"
"2017-08-17","SPEND","ULearn Limited Current account","EIRCOM","","315.25","B104","","EIRCOM -mobile ","315.25","INPUT","AUTHORISED","0335b985-44f6-4102-95d1-b1820f0a7eb4"
"2017-08-15","SPEND","ULearn Limited Current account","GoDaddy.com, LLC - CARD","","5.38","B106","","Hosting ","5.38","INPUT","AUTHORISED","931cec5b-47fc-4f18-ab33-90c4295c419f"
"2017-08-16","SPEND","ULearn Limited Current account","GoDaddy.com, LLC - CARD","","16.37","B106","","Hosting ","16.37","INPUT","AUTHORISED","034f5635-befc-4592-af9e-a9012fc997ca"
"2017-08-15","SPEND","ULearn Limited Current account","GoDaddy.com, LLC - CARD","","65.4","B106","","Hosting ","65.4","INPUT","AUTHORISED","19740c4d-69f9-49d5-838b-5739ac4d580b"
"2017-08-21","RECEIVE","ULearn Limited Current account","ULearn-Student","Valitor M3434332   GP","2451.38","100","","Valitor Merch A/C","2451.38","OUTPUT","AUTHORISED","6c194c97-f114-4d6b-9d21-83173f47774d"
"2017-08-21","SPEND","ULearn Limited Current account","Google - CARD","POS17AUG GOOGLE *ADWS","500","B110","","Google Adwords","500","INPUT","AUTHORISED","a7b1c5b4-905a-41e3-86b4-3c91b75e3649"
"2017-08-21","RECEIVE","ULearn Limited Current account","ULearn-Student","","1191.2","100","","Ayako & Toyo","1191.2","OUTPUT","AUTHORISED","372cb43f-ebe5-4a9c-94fb-5e24f1c45615"
"2017-08-21","RECEIVE","ULearn Limited Current account","ULearn-Student","","3086.4","100","","ULearn-Student","3086.4","OUTPUT","AUTHORISED","7830934a-416b-453b-b107-1c1019c6701d"
"2017-08-21","SPEND","ULearn Limited Current account","Right Click","101492","39.99","B104","","Belkin HDMI To VG","39.99","INPUT","AUTHORISED","14765a9f-edb7-48e4-b890-0859caf3d9b4"
"2017-08-23","SPEND","ULearn Limited Current account","Tolteca","","9.3","B115","","Food","9.3","INPUT","AUTHORISED","c804c3e5-9588-4378-ad16-51e7fe5d6d0e"
"2017-08-25","SPEND","ULearn Limited Current account","Airport Taxi","POS23AUG AIRPORT TAXI","38","A104","","Airport Transfer","38","INPUT","AUTHORISED","e57fac72-543e-4349-a94b-68c6687c7676"
"2017-08-25","SPEND","ULearn Limited Current account","Food, Coffees, Newsagents","POS23AUG TESCO STORES","28.52","B102","","Coffees, Food, Newsagents","28.52","INPUT","AUTHORISED","42cf79d7-cebd-4d7e-92a7-b4e381673592"
"2017-08-23","SPEND","ULearn Limited Current account","Insomnia","","5.05","B102","","Coffee","5.05","INPUT","AUTHORISED","5465ee4b-b7ab-4ef4-bba2-dba4491652d9"
"2017-08-25","SPEND","ULearn Limited Current account","Airport Taxi","POS23AUG AIRPORT TAXI","39","A104","","Airport Transfer","39","INPUT","AUTHORISED","bec30238-9362-4b2a-9e89-ba8f456feb2e"
"2017-08-25","RECEIVE","ULearn Limited Current account","ULearn-Student","Valitor M3467232   GP","299.06","100","","Valitor Merch A/C","299.06","OUTPUT","AUTHORISED","43b4ad78-eace-41a7-a9c6-3cba6f0237bc"
"2017-08-25","RECEIVE","ULearn Limited Current account","ULearn-Student","","835","100","","ULearn-Student","835","OUTPUT","AUTHORISED","fa899790-d4c1-4c9a-b1bd-8dc3b08d70c7"
"2017-08-22","SPEND","ULearn Limited Current account","BOI LIFE INSURANCE","OP/BoI LIFE   SEPA DD","51.03","B119","","Life Insurance BOI","51.03","INPUT","AUTHORISED","eeed2e6e-0103-4059-ac20-82fc20df05ff"
"2017-08-18","SPEND","ULearn Limited Current account","The Bleeding Horse","","26.9","B115","","Staff Entertainment ","26.9","INPUT","AUTHORISED","85f84e1a-0a00-435a-a29b-41531767579b"
"2017-08-22","RECEIVE","ULearn Limited Current account","ULearn-Student","","5350","100","","ULearn-Student","5350","OUTPUT","AUTHORISED","3c8f1a29-634d-488d-aeaf-83b24132de0b"
"2017-08-22","RECEIVE","ULearn Limited Current account","ULearn-Student","Valitor M3440503   GP","50.87","100","","Valitor Merch A/C","50.87","OUTPUT","AUTHORISED","76cc45f1-74d6-412a-9c47-7ea92a45be49"
"2017-08-18","SPEND","ULearn Limited Current account","Damascus Gate","","430.22","B115","","Staff dinner","430.22","INPUT","AUTHORISED","6c891cfb-c2ff-4aa8-ac73-bb1f9f6fbb5a"
"2017-08-18","SPEND","ULearn Limited Current account","The Bleeding Horse","","56.6","B115","","Staff - Entertainment ","56.6","INPUT","AUTHORISED","732f11be-59a6-49f9-aa53-3d39e9366170"
"2017-08-18","SPEND","ULearn Limited Current account","Fresh","","81.55","B115","","Staff Entertainment ","81.55","INPUT","AUTHORISED","d93e50b1-b0ce-4c7a-a010-b100d2d474c8"
"2017-08-23","SPEND","ULearn Limited Current account","BOI LIFE INSURANCE","OP/BoI LIFE   SEPA DD","47.05","B119","","Life Insurance BOI","47.05","INPUT","AUTHORISED","4e15196a-31cf-47cb-8b14-858514586f74"
"2017-08-23","RECEIVE","ULearn Limited Current account","ULearn-Student","","529","100","","ULearn-Student","529","OUTPUT","AUTHORISED","9ef955a0-cf5b-4203-8d27-b152da78c4ae"
"2017-08-23","RECEIVE","ULearn Limited Current account","ULearn-Student","Valitor M3446505   GP","890.76","100","","Valitor Merch A/C","890.76","OUTPUT","AUTHORISED","1efc0b57-056d-4960-aa4d-be724642406b"
"2017-08-23","SPEND","ULearn Limited Current account","EOAN O DEA","","1204.65","B107","","Salary July 2017","1204.65","NONE","AUTHORISED","0cb048e7-75e6-4d9a-8789-438cee3a0934"
"2017-08-24","RECEIVE","ULearn Limited Current account","ULearn-Student","Valitor M3461434   GP","2418.79","100","","Valitor Merch A/C","2418.79","OUTPUT","AUTHORISED","d429138c-9859-47e0-be22-8e0d06f70cae"
"2017-08-22","SPEND","ULearn Limited Current account","SOFTWARE","POS CHG USD       14","0.24","B106","","Misc Software / Hosting","0.24","INPUT","AUTHORISED","6a9c2a8f-d018-4747-a672-1b0d52a72d0f"
"2017-08-08","SPEND","ULearn Limited Current account","APEX FIRE","Cheque 2169","553.5","B103","","Fire extinguisher maintenance 11","553.5","INPUT","AUTHORISED","16516905-aa31-4299-ba1f-59970761ea26"
"2017-08-24","SPEND","ULearn Limited Current account","THE HR COMPANY - DD","The HR Compan SEPA DD","110.7","B118","","HR Company Consult","110.7","INPUT","AUTHORISED","5f36c78f-1830-483e-994c-788d3c51197e"
"2017-08-24","RECEIVE","ULearn Limited Current account","ULearn-Student","","5625","100","","ULearn-Student","5625","OUTPUT","AUTHORISED","50c43b43-034d-4abb-8f7d-a32ef2be03e0"
"2017-08-21","SPEND","ULearn Limited Current account","Keywaste - DD","","91.94","B102","","General Waste Bin","91.94","INPUT","AUTHORISED","18feb3d2-f915-4d2a-80de-e81634d4ca3c"
"2017-08-24","SPEND","ULearn Limited Current account","SOFTWARE","POS CHG USD       10","0.17","B106","","Misc Software / Hosting","0.17","INPUT","AUTHORISED","55a4d773-8449-4d98-a438-82f6bae567c4"
"2017-08-24","SPEND","ULearn Limited Current account","SOFTWARE","POS CHG USD       30","0.51","B106","","Misc Software / Hosting","0.51","INPUT","AUTHORISED","eea4510a-44a5-4547-a478-1ed3ae78f28d"
"2017-08-18","SPEND","ULearn Limited Current account","The Bleeding Horse","","7.2","B115","","Staff Entertaniment ","7.2","INPUT","AUTHORISED","7198aed9-d952-4a42-b561-115d157633d9"
"2017-08-18","SPEND","ULearn Limited Current account","The Bleeding Horse","","53.8","B115","","Staff Entertaniment ","53.8","INPUT","AUTHORISED","0ae978a6-2933-45dc-a40a-9567c4142b10"
"2017-08-18","SPEND","ULearn Limited Current account","Micron Europe Ltd","604694239","75.24","B106","","Upgrade for a Dell Inspiron 3252 System 8GB","75.24","INPUT","AUTHORISED","a9634856-8bcd-4e98-87bd-6ffa7a3be5c1"
"2017-08-23","SPEND","ULearn Limited Current account","YUTA HANZAWA","","950.85","B107","","Payment 08/17","950.85","NONE","AUTHORISED","8f0996c9-541c-41e0-971a-73823dd33271"
"2017-08-25","SPEND","ULearn Limited Current account","Payment Sense","","35.65","B127","","Gateway Charges","35.65","NONE","AUTHORISED","b8e53800-2907-4bd3-9a91-4197210a06cb"
"2017-08-22","SPEND","ULearn Limited Current account","GoDaddy.com, LLC - CARD","","11.91","A100","","Hosting","11.91","INPUT","AUTHORISED","fa7c2052-85aa-4185-8e6d-82533e131ff4"
"2017-08-24","SPEND","ULearn Limited Current account","SOFTWARE","POS22AUG ADOBE  CREAT","30.74","B106","","Software / Hosting","30.74","INPUT","AUTHORISED","5a983b32-104a-41f7-a25c-e0c61a9e8af1"
"2017-08-22","SPEND","ULearn Limited Current account","Zopim - CARD","P2008US 14.00@1.17056","11.96","B106","","Zopim Chat Module","11.96","INPUT","AUTHORISED","0b518805-828d-43de-bc6d-1aa4d86a326a"
"2017-08-24","SPEND","ULearn Limited Current account","Buffer - CARD","P2208US 10.00@1.17508","8.51","B106","","Buffer","8.51","INPUT","AUTHORISED","84f4f0c7-8309-4781-956f-b98da87b438a"
"2017-08-24","SPEND","ULearn Limited Current account","Xero Subscription - CARD","P2308US 30.00@1.17462","25.54","B106","","Xero subscription Aug 2017","25.54","INPUT","AUTHORISED","d70c8eb8-e574-404e-afff-f90c783be0aa"
"2017-08-24","SPEND","ULearn Limited Current account","Lemon","","17.35","B115","","Food","17.35","INPUT","AUTHORISED","f950ed5e-0d1e-409e-8a5f-e5d188ec573f"
"2017-08-28","SPEND","ULearn Limited Current account","Virgin Media","","83.99","A101","","Internet & TV Apartments","83.99","INPUT","AUTHORISED","a2800995-7080-42ed-9edc-d00020f3a6db"
"2017-08-28","SPEND","ULearn Limited Current account","Google - CARD","POS24AUG GOOGLE *ADWS","500","B110","","Google Adwords","500","INPUT","AUTHORISED","25112fb9-dbd1-455d-85e6-14dcea6eb966"
"2017-08-28","SPEND","ULearn Limited Current account","BOI BOL","BOI BOL CHARGE","10","B127","","Banking Online","10","NONE","AUTHORISED","93abd3b4-b776-4405-bd9c-218e562b6dd1"
"2017-08-25","SPEND","ULearn Limited Current account","Caffe Nero","","13.55","B115","","Food","13.55","INPUT","AUTHORISED","bb118456-53f0-4136-a52c-c4b280d55325"
"2017-08-28","SPEND","ULearn Limited Current account","Centre of English Studies","5869781944","201.93","A107","","IELTS - Examination Fee 2017","201.93","INPUT","AUTHORISED","35b38c15-c0c4-4cab-89c4-d2a12f9653c2"
"2017-08-28","SPEND","ULearn Limited Current account","Centre of English Studies","5869780012","201.93","A107","","IELTS Examination Fee 2017","201.93","INPUT","AUTHORISED","0356ce45-a6e1-455b-97e6-e51af0c98eb8"
"2017-08-31","SPEND","ULearn Limited Current account","EIRCOM","EIRCOM        SEPA DD","477.97","B104","","Telephone & Internet","477.97","INPUT","AUTHORISED","bbd833e2-cb04-4f71-a27d-64b3c968bc03"
"2017-08-31","SPEND","ULearn Limited Current account","DublinBikes","POS29AUG DUBLINBIKES","5","B112A","","DUBLINBIKES","5","INPUT","AUTHORISED","5d6036cd-eff6-488e-9949-095ee5615c2f"
"2017-08-31","RECEIVE","ULearn Limited Current account","ULearn-Student","","1731","100","","ULearn-Student","1731","OUTPUT","AUTHORISED","9f8e7624-ff81-4f5d-a61a-0bf6a9907c8c"
"2017-08-29","SPEND","ULearn Limited Current account","Restaurants / Meals","POSC25AUG KC PEACHES","7.95","B113","","Marketing - Partner Meets Meals","7.95","INPUT","AUTHORISED","f2c3c9e0-7e3c-4b72-8fad-91e7ae021e22"
"2017-08-29","SPEND","ULearn Limited Current account","SOFTWARE","POS CHG USD       49","0.83","B106","","Misc Software / Hosting","0.83","INPUT","AUTHORISED","caa0cf44-0b34-4220-9b99-927958519f91"
"2017-08-29","SPEND","ULearn Limited Current account","SOFTWARE","","0.17","B106","","Misc Software / Hosting","0.17","INPUT","AUTHORISED","0610c669-3caf-4201-89c1-39911dc050d0"
"2017-08-29","SPEND","ULearn Limited Current account","Airport Taxi","POS25AUG AIRPORT TAXI","33","A104","","Airport Transfer","33","INPUT","AUTHORISED","dafa550d-4ceb-492d-94f9-ec492d1bca32"
"2017-08-29","SPEND","ULearn Limited Current account","HighRise - CARD","P2708US 49.00@1.17731","41.62","B106","","HighRise CRM Software","41.62","INPUT","AUTHORISED","9120b9f9-a2a1-473c-869d-fd21756673f4"
"2017-08-29","RECEIVE","ULearn Limited Current account","ULearn-Student","Valitor M3479364   GP","2562.41","100","","Valitor Merch A/C","2562.41","OUTPUT","AUTHORISED","d7b2b5cd-33fb-49c0-a791-158bf17f50ac"
"2017-08-29","RECEIVE","ULearn Limited Current account","ULearn-Student","","5155.02","100","","ULearn-Student","5155.02","OUTPUT","AUTHORISED","b1109a05-1cfc-4b4c-bc0a-b1a75a63a177"
"2017-08-30","RECEIVE","ULearn Limited Current account","ULearn-Student","","422","100","","ULearn-Student","422","OUTPUT","AUTHORISED","e29ab63f-1634-4c70-a16d-c5d6f7c62ff6"
"2017-08-30","RECEIVE","ULearn Limited Current account","ULearn-Student","Valitor M3485402   GP","4769.05","100","","Valitor Merch A/C","4769.05","OUTPUT","AUTHORISED","9332d996-4c1d-49fa-9107-bf7e9a8d6c8f"
"2017-08-30","SPEND","ULearn Limited Current account","FLYEFIT","POS28AUG FLYEFIT GROU","32","B122","","FLYEFIT Dir Member Fee","32","INPUT","AUTHORISED","30f81087-c28c-4bfc-9579-7bb83b424218"
"2017-09-01","SPEND","ULearn Limited Current account","Airport Taxi","POS30AUG AIRPORT TAXI","31","A104","","Airport Transfer","31","INPUT","AUTHORISED","0da6d52a-4721-4848-b2f8-8bd22a2372ee"
"2017-09-01","RECEIVE","ULearn Limited Current account","ULearn-Student","Valitor M3499472   GP","2173.83","100","","Valitor Merch A/C","2173.83","OUTPUT","AUTHORISED","34fe677d-e0a5-4864-8c2b-5c0051930ce4"
"2017-09-01","RECEIVE","ULearn Limited Current account","ULearn-Student","Valitor M3505313   GP","4196.25","100","","Valitor Merch A/C","4196.25","OUTPUT","AUTHORISED","1c4bbe8d-21d7-4782-bfdd-8564fe2961b5"
"2017-09-01","SPEND","ULearn Limited Current account","Bank Charges","","0.22","B127","","Currency FX Charges","0.22","INPUT","AUTHORISED","92e7a1f5-b001-4b1b-94be-ba8ae3a4de53"
"2017-09-01","SPEND","ULearn Limited Current account","Google - CARD","POS30AUG GOOGLE *ADWS","500","B110","","Google Adwords","500","INPUT","AUTHORISED","d32c288c-9fd1-426c-9a67-0c0460c4be80"
"2017-08-30","RECEIVE","ULearn Limited Current account","ULearn-Student","","2498","100","","ULearn-Student","2498","OUTPUT","AUTHORISED","5c562c10-f1f7-4f86-879f-f854960d0c99"
"2017-08-30","SPEND","ULearn Limited Current account","GoDaddy.com, LLC - CARD","","8.53","B106","","Hosting ","8.53","INPUT","AUTHORISED","b233a20d-b527-4d87-b80f-68381e77cb35"
"2017-09-01","SPEND","ULearn Limited Current account","First Data","","45.39","B127","","Gateway charges","45.39","NONE","AUTHORISED","220d4210-61c3-449c-b0ce-0e8821b1b3d8"
"2017-09-01","SPEND","ULearn Limited Current account","SOFTWARE","POS CHG USD       30","0.51","B106","","Misc Software / Hosting","0.51","INPUT","AUTHORISED","0e9c2bf8-b863-464c-981b-cf97f36b3dc1"
"2017-09-01","SPEND","ULearn Limited Current account","ToutApp - CARD","P3008US 30.00@1.18811","25.25","B106","","ToutApp Email Software","25.25","INPUT","AUTHORISED","86a8769d-7b9d-4d81-b135-566be026e7b8"
"2017-08-31","SPEND","ULearn Limited Current account","Kingstons","","18.98","B102","","Hardware","18.98","INPUT","AUTHORISED","ef4c44dc-e62b-4c45-b1d1-bb81dd76e5f4"
"2017-09-04","SPEND","ULearn Limited Current account","SILVIA CHRISTINA DOS SANTOS","","17.5","B123","","Bank fees","17.5","INPUT","AUTHORISED","9ab324e6-d2c6-4a7f-a0e7-3c8526db6440"
"2017-09-01","SPEND","ULearn Limited Current account","George Bernard Shaw","","31.5","B115","","Food","31.5","INPUT","AUTHORISED","36a270de-2df8-48ef-b7c9-6bd23040d171"
"2017-09-01","SPEND","ULearn Limited Current account","George Bernard Shaw","","29","B115","","Food","29","INPUT","AUTHORISED","d6406501-067c-4d3c-a9be-f0b521e75936"
"2017-09-06","RECEIVE","ULearn Limited Current account","ULearn-Student","LATM CR 900113 0845","12435","100","","Cash Drop","12435","NONE","AUTHORISED","3ea9db1f-a354-4a21-b54c-b97c05f0d05c"
"2017-09-01","SPEND","ULearn Limited Current account","George Bernard Shaw","","30.5","B115","","Food","30.5","INPUT","AUTHORISED","20aaeec2-07f3-4848-ad9b-0e753994a783"
"2017-09-07","SPEND","ULearn Limited Current account","Airport Taxi","POS05SEP AIRPORT TAXI","49","A104","","Airport Transfer","49","INPUT","AUTHORISED","b67d6765-c603-423b-8cff-2c017bd85661"
"2017-09-07","SPEND","ULearn Limited Current account","Airport Taxi","POS05SEP AIRPORT TAXI","39","A104","","Airport Transfer","39","INPUT","AUTHORISED","65048c04-1ee0-4575-a391-bac15169facf"
"2017-09-07","SPEND","ULearn Limited Current account","Airport Taxi","POS05SEP AIRPORT TAXI","50","A104","","Airport Transfer","50","INPUT","AUTHORISED","4942157d-c454-48fe-88fb-0b597350b617"
"2017-09-07","SPEND","ULearn Limited Current account","Airport Taxi","POS05SEP AIRPORT TAXI","38","A104","","Airport Transfer","38","INPUT","AUTHORISED","d8a8e928-9001-4c64-8c96-b6b979d8a093"
"2017-09-05","SPEND","ULearn Limited Current account","Green Bench","","7.3","B115","","Food","7.3","INPUT","AUTHORISED","ad5bda4c-27e0-4808-bd0e-615cb5354f7a"
"2017-09-07","RECEIVE","ULearn Limited Current account","ULearn-Student","Valitor M3538562   GP","757.13","100","","Valitor Merch A/C","757.13","OUTPUT","AUTHORISED","40d405da-e59a-4d1f-81d7-346f5df7f0e3"
"2017-09-05","RECEIVE","ULearn Limited Current account","ULearn-Student","Valitor M3517579   GP","2263.6","100","","Valitor Merch A/C","2263.6","OUTPUT","AUTHORISED","dad4fd27-504e-41da-b73d-b27744407fb8"
"2017-09-04","SPEND","ULearn Limited Current account","The Russell Court Hotel","","10","A108","","Social Activities","10","INPUT","AUTHORISED","ceb563c5-8f73-4384-aca9-ebc8d1aceb76"
"2017-09-04","SPEND","ULearn Limited Current account","The Russell Court Hotel","","12","A109","","Social activities","12","INPUT","AUTHORISED","2ffee02e-cce0-494b-9167-37b70b679fa2"
"2017-09-04","SPEND","ULearn Limited Current account","The Russell Court Hotel","","12","A109","","Social activities","12","INPUT","AUTHORISED","278d2533-c013-43a6-86db-d9fa67c18aa7"
"2017-09-04","SPEND","ULearn Limited Current account","The Russell Court Hotel","","16","A109","","Social Activities","16","INPUT","AUTHORISED","92a8f0c6-a0da-420d-b8a3-5f6558268a9d"
"2017-09-04","SPEND","ULearn Limited Current account","The Russell Court Hotel","","10","A109","","social activities","10","INPUT","AUTHORISED","a90c6ee1-6bba-45fd-bb5f-451bcf2b78aa"
"2017-09-04","SPEND","ULearn Limited Current account","The Russell Court Hotel","","17","A109","","Social activities","17","INPUT","AUTHORISED","fa19f38c-b3a0-4c83-9829-52c4a79951a7"
"2017-09-05","SPEND","ULearn Limited Current account","Google - CARD","POS01SEP GOOGLE *SVCS","88.56","B106","","Google Apps Bus","88.56","INPUT","AUTHORISED","18c82266-c57e-4653-b9a2-3279873360b4"
"2017-09-04","RECEIVE","ULearn Limited Current account","ULearn-Student","Valitor M3511324   GP","872.19","100","","Valitor Merch A/C","872.19","OUTPUT","AUTHORISED","60fabf3f-b75b-4802-b941-f8fb13862ed6"
"2017-09-04","SPEND","ULearn Limited Current account","Virgin Media","","109.98","A101","","Internet & TV Apartments","109.98","INPUT","AUTHORISED","477e64cd-e493-4555-a52a-6e471b8fee40"
"2017-09-05","SPEND","ULearn Limited Current account","GoDaddy.com, LLC - CARD","","13.92","B106","","Hosting ","13.92","INPUT","AUTHORISED","8d65859a-f6f7-45ca-85fb-5ef7cd3ae7d3"
"2017-09-04","SPEND","ULearn Limited Current account","Facebook - CARD","","8.23","B106","","Ulearn ","8.23","INPUT","AUTHORISED","3f29508e-78a1-4ed8-8a7b-9e3960ecf486"
"2017-08-03","SPEND","ULearn Limited Current account","Netflix","","9.99","B115A","","School Social Netflix A/C","9.99","INPUT","AUTHORISED","03e82294-7a76-4278-b672-52470b122f2c"
"2017-09-05","SPEND","ULearn Limited Current account","Netflix","","9.99","B115A","","School Social Netflix A/C	","9.99","INPUT","AUTHORISED","45e1f338-1caf-468d-903b-4ad312a5188a"
"2017-09-05","SPEND","ULearn Limited Current account","Github - CARD","P0309US  7.00@1.18443","5.91","B106","","Github Repos","5.91","INPUT","AUTHORISED","bc932d68-8bea-47cd-89c3-4fd12d184dfa"
"2017-09-05","SPEND","ULearn Limited Current account","SOFTWARE","POS CHG USD        7","0.12","B106","","Misc Software / Hosting","0.12","INPUT","AUTHORISED","c9eabff5-6413-4dcf-b137-c723b3a01126"
"2017-09-08","RECEIVE","ULearn Limited Current account","ULearn-Student","Valitor M3544302   GP","1042.6","100","","Valitor Merch A/C","1042.6","OUTPUT","AUTHORISED","7eef53a8-eeb2-4a8d-b16b-1cae6f512b40"
"2017-09-08","SPEND","ULearn Limited Current account","JAVA REPUBLIC","Java Republic SEPA DD","325.27","B102","","Java Republic Coffee Machine etc","325.27","INPUT","AUTHORISED","a8db87e8-77d4-4a95-9901-1cd8f2a6d659"
"2017-09-08","SPEND","ULearn Limited Current account","SOFTWARE","POS CHG USD       19","0.34","B106","","Misc Software / Hosting","0.34","INPUT","AUTHORISED","8c2d052f-3108-4f84-878b-dc1c31dca1d7"
"2017-09-08","SPEND","ULearn Limited Current account","Google - CARD","POS06SEP GOOGLE *ADWS","500","B110","","Google Adwords","500","INPUT","AUTHORISED","ea6e36d8-bb4c-48b1-b82f-b9706b561c93"
"2017-09-08","SPEND","ULearn Limited Current account","Cazoomi - SyncApps - CARD","P0609US 19.98@1.18999","16.79","B106","","Sync Apps Recurring Subscription","16.79","INPUT","AUTHORISED","67a25789-7e77-449c-9b21-5ba11e673761"
"2017-09-04","SPEND","ULearn Limited Current account","PAYPAL *GOOGLEADDON - DD","","25.24","B106","","Email Address Extractor (Users: Single User, Support: Email)  ","25.24","INPUT","AUTHORISED","29a4d129-33f5-4d16-a7da-8ced78c85491"
"2017-07-28","SPEND-TRANSFER","ULearn Limited Current account","","","2","ACC1","","Bank Transfer to Petty Cash.","-2","","DELETED","3fa438ca-a178-4d4d-bcd1-b4d253f30bb6"
"2017-07-28","SPEND-TRANSFER","ULearn Limited Current account","","","50","ACC1","","Bank Transfer to Petty Cash.","-50","","DELETED","624daec6-700a-4a61-aba7-1973a8b1f4a0"
"2017-07-27","SPEND-TRANSFER","ULearn Limited Current account","","","50","ACC1","","Bank Transfer to Petty Cash.","-50","","DELETED","ef3bf6b1-d6cf-448e-bab4-aa8354b3b05a"
"2017-07-24","SPEND-TRANSFER","ULearn Limited Current account","","","120","ACC1","","Bank Transfer to Petty Cash.","-120","","DELETED","c12a5e85-c8ae-4fbc-9d27-09b3acf42270"
"2017-07-24","SPEND-TRANSFER","ULearn Limited Current account","","","50","ACC1","","Bank Transfer to Petty Cash.","-50","","DELETED","c9a077db-4aa4-41e5-b86e-ad4ca405e3c2"
"2017-07-21","SPEND-TRANSFER","ULearn Limited Current account","","","15","ACC1","","Bank Transfer to Petty Cash.","-15","","DELETED","214167a6-064d-4faf-b39d-c103c9119179"
"2017-07-21","SPEND-TRANSFER","ULearn Limited Current account","","","20","ACC1","","Bank Transfer to Petty Cash.","-20","","DELETED","f8ba6015-103f-4b00-a04d-b8017bdc1220"
"2017-07-07","SPEND-TRANSFER","ULearn Limited Current account","","","20","ACC1","","Bank Transfer to Petty Cash.","-20","","DELETED","a2befb19-afc5-4d3c-8ee8-b62d7f273473"
"2017-07-07","SPEND-TRANSFER","ULearn Limited Current account","","","30","ACC1","","Bank Transfer to Petty Cash.","-30","","DELETED","2459c908-2aa4-422c-945a-fb4fe22fcb37"
"2017-07-06","SPEND-TRANSFER","ULearn Limited Current account","","","5","ACC1","","Bank Transfer to Petty Cash.","-5","","DELETED","9029f728-16a2-4735-8709-12ce6a5a60f3"
"2017-06-30","SPEND-TRANSFER","ULearn Limited Current account","","","25","ACC1","","Bank Transfer to Petty Cash.","-25","","DELETED","57a192f8-b18b-40e3-bc47-8a32e739b37f"
"2017-06-23","SPEND-TRANSFER","ULearn Limited Current account","","","45","ACC1","","Bank Transfer to Petty Cash.","-45","","DELETED","b75bca8f-7b35-44e5-9b84-42681a12d080"
"2017-06-16","SPEND-TRANSFER","ULearn Limited Current account","","","25","ACC1","","Bank Transfer to Petty Cash.","-25","","DELETED","889600b0-2495-42e7-b732-f62f466a4eec"
"2017-06-09","SPEND-TRANSFER","ULearn Limited Current account","","","45","ACC1","","Bank Transfer to Petty Cash.","-45","","DELETED","79853bde-e9e1-46f7-aa86-37fc4610f23a"
"2017-06-02","SPEND-TRANSFER","ULearn Limited Current account","","","30","ACC1","","Bank Transfer to Petty Cash.","-30","","DELETED","eaf63ff6-e277-442e-9427-5bd02d2867b9"
"2017-05-19","SPEND-TRANSFER","ULearn Limited Current account","","","10","ACC1","","Bank Transfer to Petty Cash.","-10","","DELETED","74b92f7b-4056-4b28-afcd-143d7a719afe"
"2017-05-12","SPEND-TRANSFER","ULearn Limited Current account","","","5","ACC1","","Bank Transfer to Petty Cash.","-5","","DELETED","4f79d9cc-48da-4da9-a705-30b81c89741c"
"2017-05-12","SPEND-TRANSFER","ULearn Limited Current account","","","105","ACC1","","Bank Transfer to Petty Cash.","-105","","DELETED","737d3738-59b7-498c-8895-166d04e4e311"
"2017-05-05","SPEND-TRANSFER","ULearn Limited Current account","","","11","ACC1","","Bank Transfer to Petty Cash.","-11","","DELETED","1985dd4a-fb0a-4964-9d6e-df6396377678"
"2017-04-28","SPEND-TRANSFER","ULearn Limited Current account","","","20","ACC1","","Bank Transfer to Petty Cash.","-20","","DELETED","a04346c9-9301-4cdf-b559-afdf97b1a01f"
"2017-04-13","SPEND-TRANSFER","ULearn Limited Current account","","","90","ACC1","","Bank Transfer to Petty Cash.","-90","","DELETED","f3f170bb-92bb-44ea-aee0-8004b7e6fb25"
"2017-04-06","SPEND-TRANSFER","ULearn Limited Current account","","","15","ACC1","","Bank Transfer to Petty Cash.","-15","","DELETED","0cd1a3f7-eaea-4a09-9b02-6c012cc4a5d4"
"2017-04-02","SPEND-TRANSFER","ULearn Limited Current account","","","18.8","ACC1","","Bank Transfer to Petty Cash.","-18.8","","DELETED","637fbcff-a0b3-407e-a4b3-75bec6aa1950"
"2017-02-01","SPEND-TRANSFER","ULearn Limited Current account","","","121.2","ACC1","","Bank Transfer to Petty Cash.","-121.2","","DELETED","7ea77236-cc0b-4255-a515-afc39770b542"
"2017-09-12","SPEND","ULearn Limited Current account","Thesis Centre","","62.8","B102","","Stationery Binding","62.8","INPUT","AUTHORISED","7ac5d5c2-ebac-480c-97a3-b5bcf4b38e58"
"2017-09-14","RECEIVE","ULearn Limited Current account","ULearn-Student","Valitor M3577486   GP","166.52","100","","Valitor Merch A/C","166.52","OUTPUT","AUTHORISED","19c290d6-0560-4e38-88a7-ac0a35f03401"
"2017-09-14","SPEND","ULearn Limited Current account","Google - CARD","POS12SEP GOOGLE *ADWS","500","B110","","Google Adwords","500","INPUT","AUTHORISED","4b125aa1-4c9d-41b3-923d-503bb64423ec"
"2017-09-13","RECEIVE","ULearn Limited Current account","ULearn-Student","Valitor M3562435   GP","4043.16","100","","Valitor Merch A/C","4043.16","OUTPUT","AUTHORISED","c79d1f91-4a62-4a95-b66d-76d098222cf0"
"2017-09-13","SPEND","ULearn Limited Current account","Bank of Ireland","","50","B127","","Overdraft Facility Fee","50","NONE","AUTHORISED","6e4f898a-5d48-42a8-bc12-ad6094839dd4"
"2017-09-12","RECEIVE","ULearn Limited Current account","ULearn-Student","Valitor M3556424   GP","697.4","100","","Valitor Merch A/C","697.4","OUTPUT","AUTHORISED","3c3b3533-94da-448c-94ca-f6e39051c307"
"2017-09-10","SPEND","ULearn Limited Current account","Dunnes Stores","","112.98","A101","","Apartment Utensils","112.98","INPUT","AUTHORISED","f276b4f1-ac59-483a-9405-859f9c0bca33"
"2017-09-07","SPEND","ULearn Limited Current account","Whelan's Pub","","37.8","A109","","Social activities","37.8","INPUT","AUTHORISED","9b37248d-3860-4cb4-ba9d-b6f6d9bed703"
"2017-09-07","SPEND","ULearn Limited Current account","Camden Palace","","21.2","A109","","Social activities","21.2","INPUT","AUTHORISED","9c0e48bb-ecaf-4619-a586-c9ebf2b5888b"
"2017-09-07","SPEND","ULearn Limited Current account","Camden Palace","","10","A109","","Social activities","10","INPUT","AUTHORISED","5fc593bb-e36a-4df0-8968-fa174d931fe2"
"2017-09-07","SPEND","ULearn Limited Current account","Camden bar","2263","16.2","A109","","Social activities","16.2","INPUT","AUTHORISED","bc84423a-d37d-4e68-a978-202ff7811909"
"2017-09-07","SPEND","ULearn Limited Current account","Camden Palace","","30","A109","","Social activities","30","INPUT","AUTHORISED","29ff8287-8c8f-4c87-a9d4-2698cb6b7200"
"2017-09-07","SPEND","ULearn Limited Current account","Camden Palace","","40","A109","","Social activities","40","INPUT","AUTHORISED","82e9b9a9-5b3e-4db9-9745-523bc3c66215"
"2017-09-11","RECEIVE","ULearn Limited Current account","ULearn-Student","Valitor M3550232   GP","489.95","100","","Valitor Merch A/C","489.95","OUTPUT","AUTHORISED","a12f7f62-d078-4a51-ad23-f2339ff88987"
"2017-09-12","SPEND","ULearn Limited Current account","SOFTWARE","","0.18","B106","","Misc Software / Hosting","0.18","INPUT","AUTHORISED","40683989-ba14-49f8-a769-be7b4b422570"
"2017-09-15","SPEND","ULearn Limited Current account","SOFTWARE","POS CHG USD      367","6.19","B106","","Misc Software / Hosting","6.19","INPUT","AUTHORISED","8bee55e9-608c-4b83-a556-cf2ef4aab475"
"2017-09-15","SPEND","ULearn Limited Current account","EIRCOM","EIRCOM TIS    SEPA DD","62.42","B104","","Telephone & Internet","62.42","INPUT","AUTHORISED","832781ee-3831-4337-b5b8-9a56c83f3c0e"
"2017-09-15","SPEND","ULearn Limited Current account","Airport Taxi","POS13SEP AIRPORT TAXI","35","A104","","Airport Transfer","35","INPUT","AUTHORISED","779bc66b-248c-40bc-afb6-c7c61c920612"
"2017-09-12","SPEND","ULearn Limited Current account","Coinbase","","836","C105","","Ulearn ","836","NONE","AUTHORISED","d405c8c1-3cab-486b-80c4-c049d0ca2ce4"
"2017-08-29","SPEND","ULearn Limited Current account","Cafe Nero","","3.05","B115","","Ulearn","3.05","INPUT","AUTHORISED","0fd6a344-5ce8-4b2a-a974-1711f1639863"
"2017-09-18","RECEIVE","ULearn Limited Current account","ULearn-Student","Valitor M3589160   GP","1476.76","100","","Valitor Merch A/C","1476.76","OUTPUT","AUTHORISED","30446981-a692-4dfa-8418-edee5871ed58"
"2017-09-18","SPEND","ULearn Limited Current account","Coinbase","","3510","C105","","Ulearn ","3510","NONE","AUTHORISED","b75b50f1-0335-4b08-bc5c-97a3c7d21d1d"
"2017-08-30","SPEND","ULearn Limited Current account","NEULION SKY","","24.95","B115B","","Ulearn ","24.95","INPUT","AUTHORISED","2333fe69-b34d-44f8-9c87-d57adf9b2566"
"2017-09-21","RECEIVE","ULearn Limited Current account","ULearn-Student","Valitor M3616666   GP","2989.3","100","","Valitor Merch A/C","2989.3","OUTPUT","AUTHORISED","f2938fc3-9fae-4b6d-831e-14d0cb00608f"
"2017-09-21","RECEIVE","ULearn Limited Current account","ULearn-Student","LATM CR 900113 0845","1810","100","","Cash Drop","1810","NONE","AUTHORISED","b3d74811-b0bc-468f-97f0-0950216892df"
"2017-09-20","RECEIVE","ULearn Limited Current account","ULearn-Student","Valitor M3601417   GP","99.5","100","","Valitor Merch A/C","99.5","OUTPUT","AUTHORISED","820ef38e-4746-4ba3-9c4c-670df60b5007"
"2017-09-20","SPEND","ULearn Limited Current account","Google - CARD","POS18SEP GOOGLE *ADWS","500","B110","","Google Adwords","500","INPUT","AUTHORISED","d0ada68d-667d-4c9c-ac93-2d8c884d20ad"
"2017-09-19","SPEND","ULearn Limited Current account","Flogas SEPA - DD","","117.59","B105","","Flogas","117.59","INPUT","AUTHORISED","6058adc8-f26c-4d66-b82a-e85fb9eff37f"
"2017-09-19","SPEND","ULearn Limited Current account","Flogas SEPA - DD","","100.56","B105","","Flogas","100.56","INPUT","AUTHORISED","8e9008ef-9952-414d-add3-d5a5815cdb79"
"2017-09-19","SPEND","ULearn Limited Current account","Spotify","POS15SEP PAYPAL *SPOT","9.99","A108","","School Spotify Sub","9.99","INPUT","AUTHORISED","4c46d3a0-2182-437e-880f-0a32c993784c"
"2017-09-19","SPEND","ULearn Limited Current account","Flogas SEPA - DD","","70.62","B105","","Flogas","70.62","INPUT","AUTHORISED","19f92a5b-0bc6-4746-8895-bce0c82d99da"
"2017-09-19","SPEND","ULearn Limited Current account","Flogas SEPA - DD","","77.86","B105","","Flogas","77.86","INPUT","AUTHORISED","e6555cc9-caa0-4993-a95b-f740afa238aa"
"2017-09-19","RECEIVE","ULearn Limited Current account","ULearn-Student","Valitor M3595305   GP","3666.62","100","","Valitor Merch A/C","3666.62","OUTPUT","AUTHORISED","98ee1a29-f156-40b7-8f4f-98f9bd0f28ae"
"2017-09-19","RECEIVE","ULearn Limited Current account","ULearn-Student","LATM CR 900113 0845","3000","100","","Cash Drop","3000","NONE","AUTHORISED","4412c7f7-0b64-4fd5-909d-555425cfdf95"
"2017-09-19","SPEND","ULearn Limited Current account","Airport Taxi","POS15SEP AIRPORT TAXI","33","A104","","Airport Transfer","33","INPUT","AUTHORISED","496875d6-e9ac-4140-b93a-12c0f1c615a0"
"2017-09-19","SPEND","ULearn Limited Current account","Flogas SEPA - DD","","72.76","B105","","Flogas","72.76","INPUT","AUTHORISED","22aa3d2b-b80a-4dbd-b4e9-16be599e6086"
"2017-09-19","SPEND","ULearn Limited Current account","SOFTWARE","","0.17","B106","","Misc Software / Hosting","0.17","INPUT","AUTHORISED","a90ec79d-b1e5-47a5-890e-ce0777c33ecb"
"2017-09-20","SPEND","ULearn Limited Current account","Keywaste - DD","","124.85","B102","","General Waste Bin","124.85","INPUT","AUTHORISED","6e2a8b1a-10a7-4234-aa89-a12b79884aa7"
"2017-09-22","SPEND","ULearn Limited Current account","Airport Taxi","POS20SEP AIRPORT TAXI","50","A104","","Airport Transfer","50","INPUT","AUTHORISED","ab9d0f90-664a-4612-b914-e06097488798"
"2017-09-22","SPEND","ULearn Limited Current account","Airport Taxi","POS20SEP AIRPORT TAXI","49","A104","","Airport Transfer","49","INPUT","AUTHORISED","2e9d5b5e-1097-4694-a725-1bac3bbb3625"
"2017-09-22","RECEIVE","ULearn Limited Current account","ULearn-Student","Valitor M3622416   GP","2808.23","100","","Valitor Merch A/C","2808.23","OUTPUT","AUTHORISED","69c08b9e-bc8f-4da6-8e0d-daa38f9d3a3f"
"2017-09-22","SPEND","ULearn Limited Current account","Airport Taxi","POS20SEP AIRPORT TAXI","50","A104","","Airport Transfer","50","INPUT","AUTHORISED","56f52936-665e-40a1-ba1b-e2ff3fc40519"
"2017-09-22","SPEND","ULearn Limited Current account","BOI LIFE INSURANCE","OP/BoI LIFE   SEPA DD","51.03","B119","","Life Insurance BOI","51.03","INPUT","AUTHORISED","fe3b230b-8103-4f46-ab73-1a04f5c24aae"
"2017-09-22","SPEND","ULearn Limited Current account","Airport Taxi","POS20SEP AIRPORT TAXI","34","A104","","Airport Transfer","34","INPUT","AUTHORISED","30968762-b0c5-4d22-a70e-686f77ee0432"
"2017-09-22","SPEND","ULearn Limited Current account","SOFTWARE","POS CHG USD       30","0.51","B106","","Misc Software / Hosting","0.51","INPUT","AUTHORISED","e5392d37-a209-4981-b34f-daf228d9f4e4"
"2017-09-22","SPEND","ULearn Limited Current account","BOI","","306.23","B127","","Bank Charges","306.23","INPUT","AUTHORISED","d5125316-c5a5-43d5-8982-df2929016b4c"
"2017-07-21","SPEND","ULearn Limited Current account","Bank Charges","","3.17","B127","","Bank charges","3.17","NONE","AUTHORISED","1fc9e214-aa85-42d7-88b6-e505120d2fd7"
"2017-06-29","SPEND","ULearn Limited Current account","PESHKOV OLYEKSIIY VOLODIMIROVICH PR","","17.5","B127","","Partner Payments","17.5","NONE","AUTHORISED","2c10260d-e032-4dfc-8740-93b013a5d2e4"
"2017-09-25","SPEND","ULearn Limited Current account","Zopim - CARD","P2009US 14.00@1.18644","11.8","B106","","Zopim Chat Module","11.8","INPUT","AUTHORISED","d0dbefb6-e217-4173-8ebe-3c3d16fcb714"
"2017-09-25","RECEIVE","ULearn Limited Current account","ULearn-Student","Valitor M3628384   GP","6124.43","100","","Valitor Merch A/C","6124.43","OUTPUT","AUTHORISED","0199a1ea-6be3-4b6f-b9ae-34894530342d"
"2017-09-25","SPEND","ULearn Limited Current account","BOI LIFE INSURANCE","OP/BoI LIFE   SEPA DD","47.05","B119","","Life Insurance BOI","47.05","INPUT","AUTHORISED","bc507d63-d170-4d99-992d-132d7167e12d"
"2017-09-25","SPEND","ULearn Limited Current account","SOFTWARE","POS CHG USD       14","0.24","B106","","Misc Software / Hosting","0.24","INPUT","AUTHORISED","7fc52bf3-6c69-43b2-9710-c45005c06f56"
"2017-09-26","SPEND","ULearn Limited Current account","Neil Mc Mahon","TO NEIL MCMAHON","1500","B107","","Neil Salary","1500","NONE","AUTHORISED","817193d4-2cb9-4875-8f47-10983ca5bc1e"
"2017-09-26","SPEND","ULearn Limited Current account","SOFTWARE","POS22SEP ADOBE  CREAT","30.74","B106","","Software / Hosting","30.74","INPUT","AUTHORISED","2f757006-cb52-4664-9cf8-bbd85cae78d3"
"2017-09-26","SPEND","ULearn Limited Current account","Buffer - CARD","P2209US 10.00@1.19331","8.38","B106","","Buffer","8.38","INPUT","AUTHORISED","449503b8-ba9d-4a23-a8e5-095b9135836f"
"2017-09-26","RECEIVE","ULearn Limited Current account","ULearn-Student","Valitor M3634627   GP","7067.19","100","","Valitor Merch A/C","7067.19","OUTPUT","AUTHORISED","b0d27a3c-a0d3-4649-80f1-54e9e9830558"
"2017-09-26","SPEND","ULearn Limited Current account","SOFTWARE","POS CHG USD       10","0.17","B106","","Misc Software / Hosting","0.17","INPUT","AUTHORISED","e158a00b-b930-49c0-98a7-4b5fa96b37e1"
"2017-09-27","RECEIVE","ULearn Limited Current account","ULearn-Student","Valitor M3640745   GP","4137.66","100","","Valitor Merch A/C","4137.66","OUTPUT","AUTHORISED","7d1ceb8d-5da5-43bb-b85e-27729fd1c501"
"2017-09-28","RECEIVE","ULearn Limited Current account","ULearn-Student","Valitor M3656139   GP","4638.45","100","","Valitor Merch A/C","4638.45","OUTPUT","AUTHORISED","f6d581ec-8c87-4613-9dd6-02f795106110"
"2017-09-28","SPEND","ULearn Limited Current account","KLYMYK ANTON","","17.5","B127","","Bank fees","17.5","NONE","AUTHORISED","38b4b746-11f5-4e5a-a549-7f45a3d88666"
"2017-09-26","SPEND","ULearn Limited Current account","Green Bench","","33","B115A","","Europass Lunch","33","INPUT","AUTHORISED","b005922c-5dcb-4e87-bc20-cd800174468c"
"2017-09-28","SPEND","ULearn Limited Current account","BOI BOL","BOI BOL CHARGE","10","B127","","Banking Online","10","NONE","AUTHORISED","27c8c434-8369-458b-a35c-03b0b9d7b59c"
"2017-09-28","SPEND","ULearn Limited Current account","Virgin Media","","83.99","A101","","Internet & TV Apartments","83.99","INPUT","AUTHORISED","6081a904-588f-4ee8-beb2-6a872b120370"
"2017-09-28","SPEND","ULearn Limited Current account","THE HR COMPANY - DD","The HR Compan SEPA DD","110.7","B118","","HR Company Consult","110.7","INPUT","AUTHORISED","addafcde-fb18-4c97-b77b-fd54fe7c961c"
"2017-09-27","SPEND","ULearn Limited Current account","Google - CARD","POS25SEP GOOGLE *ADWS","500","B110","","Google Adwords","500","INPUT","AUTHORISED","d12e0052-c7e7-4037-bdb2-7a34e31026e4"
"2017-09-28","RECEIVE","ULearn Limited Current account","ULearn-Student","LATM CR 900113 0845","1805","100","","Cash Drop","1805","NONE","AUTHORISED","49a0cec3-4814-442f-82ae-a00b5c023c29"
"2017-09-29","RECEIVE","ULearn Limited Current account","ULearn-Student","Valitor M3662010   GP","1189.85","100","","Valitor Merch A/C","1189.85","OUTPUT","AUTHORISED","951157a3-f4fd-4ad3-8187-cc229f4c7af7"
"2017-09-29","SPEND","ULearn Limited Current account","Payment Sense","","131.42","B127","","Gateway Charges","131.42","NONE","AUTHORISED","976ab50b-5c75-4ee3-bfcf-b1d42b269a69"
"2017-09-29","SPEND","ULearn Limited Current account","SOFTWARE","POS CHG USD       49","0.84","B106","","Misc Software / Hosting","0.84","INPUT","AUTHORISED","380e02a5-35ec-4dad-8947-34d7892bb270"
"2017-09-29","SPEND","ULearn Limited Current account","SOFTWARE","","0.18","B106","","Misc Software / Hosting","0.18","INPUT","AUTHORISED","0805dcf0-a91b-4515-b6ca-282862cc64b7"
"2017-09-27","SPEND","ULearn Limited Current account","Morton's","","5.3","B116","","Greeting Cards","5.3","INPUT","AUTHORISED","51db7083-25c0-4a06-89ee-59e3773ffb7a"
"2017-09-29","SPEND","ULearn Limited Current account","DublinBikes","POS27SEP DUBLINBIKES","1.5","B112A","","DUBLINBIKES","1.5","INPUT","AUTHORISED","b65096a3-3a80-4d58-976a-4453a9312826"
"2017-09-29","SPEND","ULearn Limited Current account","HighRise - CARD","P2709US 49.00@1.17168","41.82","B106","","HighRise CRM Software","41.82","INPUT","AUTHORISED","d90f7051-0afd-402f-b2ce-15b9b2656172"
"2017-09-26","RECEIVE","ULearn Limited Current account","Barbara Silveira","","500","B107","","Pay back to Ulearn (tax credits assistance)","500","NONE","AUTHORISED","40e6e6fd-cbe5-4cd8-a8c2-5f6e6e7559bd"
"2017-09-27","SPEND","ULearn Limited Current account","Taxi","ZMX6B","13.7","B102","","Taxi for Ciaran","13.7","INPUT","AUTHORISED","f70eab06-f6f1-4bb7-aa9f-d0eb8c036740"
"2017-09-29","SPEND","ULearn Limited Current account","JAVA REPUBLIC","Java Republic SEPA DD","49.66","B102","","Java Republic Coffee Machine etc","49.66","INPUT","AUTHORISED","2f1726ee-d213-4c82-bafb-24fd53dc9c65"
"2017-06-16","SPEND","ULearn Limited Current account","Green Bench","","5","B115","","Meal","5","INPUT","AUTHORISED","4ac023c6-b711-4dbd-af9e-a47fb18700fd"
"2017-06-19","SPEND","ULearn Limited Current account","Green Bench","","5.9","B115","","Meal","5.9","INPUT","AUTHORISED","9fa793b7-560d-4aa8-9ec4-8fabd8855d3e"
"2017-06-08","SPEND","ULearn Limited Current account","Ozo","","170.25","B102","","Bin Bags","170.25","INPUT","AUTHORISED","a1dc5346-5f84-4042-995b-6b095f549689"
"2017-10-02","SPEND","ULearn Limited Current account","First Data","","45.39","B127","","Gateway charges","45.39","NONE","AUTHORISED","178230f7-72b9-4b97-aed4-5486b007feaf"
"2017-10-02","RECEIVE","ULearn Limited Current account","ULearn-Student","Valitor M3668053   GP","3600.38","100","","Valitor Merch A/C","3600.38","OUTPUT","AUTHORISED","01a0a54b-841e-4447-8a42-91273d13336f"
"2017-10-02","SPEND","ULearn Limited Current account","EIRCOM","EIRCOM        SEPA DD","399.44","B104","","Telephone & Internet","399.44","INPUT","AUTHORISED","1a50d923-51e6-48d0-8d37-7f01aee2ffe6"
"2017-10-02","SPEND","ULearn Limited Current account","FLYEFIT","POS28SEP FLYEFIT GROU","32","B122","","FLYEFIT Dir Member Fee","32","INPUT","AUTHORISED","beae8098-ca13-4726-a00d-4c5afbbe0479"
"2017-10-02","SPEND","ULearn Limited Current account","GRENKE LIMITED","Grenke Limite SEPA DD","922.5","B102","","Fingerprint & Camera Security","922.5","INPUT","AUTHORISED","3eaed869-d287-4453-8e79-27c41c327c00"
"2017-09-27","SPEND","ULearn Limited Current account","Blacknight","","30.74","B106","","Ulearn - hosting","30.74","INPUT","AUTHORISED","06bdfbb3-203a-464e-bb9c-de6e29b10999"
"2017-10-02","SPEND","ULearn Limited Current account","GoDaddy.com, LLC - CARD","","8.66","B106","","Ulearn-hosting","8.66","INPUT","AUTHORISED","3dc31cdd-0692-44b3-88d6-fb0c82ecec6b"
"2017-07-13","SPEND","ULearn Limited Current account","STANLEYS NEWSAGENTS HARCOURT","","11.3","B115","","Ulearn","11.3","INPUT","AUTHORISED","0e475252-94ad-4fca-a0d8-cb7e59bebfd4"
"2017-07-05","SPEND","ULearn Limited Current account","Argos","","175.96","B102","","Ulearn","175.96","INPUT","AUTHORISED","214e741a-fa82-4ecb-a506-9aa3a724fa7d"
"2017-07-18","SPEND","ULearn Limited Current account","The Harcourt","","85","A109","","Ulearn","85","INPUT","AUTHORISED","7638c607-6945-484d-8a5b-70fc6eab9838"
"2017-08-21","SPEND","ULearn Limited Current account","Blacknight","","6.09","B106","","Ulearn-hosting","6.09","INPUT","AUTHORISED","784ca653-7473-42ad-8ec0-467eba40d32d"
"2017-09-19","SPEND","ULearn Limited Current account","Blacknight","","6.09","B106","","Ulearn-hosting","6.09","INPUT","AUTHORISED","6d1972bd-f898-41f6-a517-9c38ebb2039f"
"2017-10-03","SPEND","ULearn Limited Current account","Facebook - CARD","","3.3","B113","","Facebook ad / post boosting","3.3","INPUT","AUTHORISED","b77e9d8d-4e98-40f3-b57f-2381f46db300"
"2017-10-05","SPEND","ULearn Limited Current account","SOFTWARE","POS CHG USD        7","0.12","B106","","Misc Software / Hosting","0.12","INPUT","AUTHORISED","0a3d72be-aac2-42af-99ae-5680983b77a9"
"2017-10-05","RECEIVE","ULearn Limited Current account","ULearn-Student","Valitor M3696022   GP","1099.11","100","","Valitor Merch A/C","1099.11","OUTPUT","AUTHORISED","f7e6dab6-b6fd-4ab1-a4bd-b73098ebbbdb"
"2017-10-05","SPEND","ULearn Limited Current account","Github - CARD","P0310US  7.00@1.16861","5.99","B106","","Github Repos","5.99","INPUT","AUTHORISED","e633f39f-0026-452e-96a8-46a42edb9920"
"2017-10-04","RECEIVE","ULearn Limited Current account","ULearn-Student","Valitor M3680559   GP","5638.93","100","","Valitor Merch A/C","5638.93","OUTPUT","AUTHORISED","570cf30d-87ee-450b-8dda-fe3de5ffbee9"
"2017-10-04","SPEND","ULearn Limited Current account","Google - CARD","POS02OCT GOOGLE *ADWS","500","B110","","Google Adwords","500","INPUT","AUTHORISED","c702e2be-78a4-4778-b394-2048fac905c1"
"2017-09-29","SPEND","ULearn Limited Current account","Dunnes Stores","","54.97","B124","","Gifts","54.97","INPUT","AUTHORISED","c1c842ff-4565-41ad-91ad-13b71cd1af19"
"2017-10-03","SPEND","ULearn Limited Current account","Airport Taxi","POS29SEP AIRPORT TAXI","37","A104","","Airport Transfer","37","INPUT","AUTHORISED","be26fcc1-9493-4014-ad9d-4bfe5cf2f601"
"2017-10-03","SPEND","ULearn Limited Current account","Airport Taxi","POS29SEP AIRPORT TAXI","50","A104","","Airport Transfer","50","INPUT","AUTHORISED","4ae81f77-aee6-4594-814e-41220142ef91"
"2017-10-03","SPEND","ULearn Limited Current account","SOFTWARE","POS CHG USD       30","0.51","B106","","Misc Software / Hosting","0.51","INPUT","AUTHORISED","34673cc5-2ddc-4510-8c4d-1386ab1fe87c"
"2017-10-03","SPEND","ULearn Limited Current account","Airport Taxi","POS29SEP AIRPORT TAXI","50","A104","","Airport Transfer","50","INPUT","AUTHORISED","1480f70f-9c04-4cf8-b513-6313f8ef321c"
"2017-10-03","RECEIVE","ULearn Limited Current account","ULearn-Student","Valitor M3674329   GP","1231.43","100","","Valitor Merch A/C","1231.43","OUTPUT","AUTHORISED","ab04a2dc-c3de-4d03-9615-91d53d8bc241"
"2017-10-03","RECEIVE","ULearn Limited Current account","ULearn-Student","LATM CR 900113 0845","2110","100","","Cash Drop","2110","NONE","AUTHORISED","8be19200-00e0-4fe0-87f0-3deaf1f1bd2c"
"2017-10-04","SPEND","ULearn Limited Current account","Google - CARD","POS02OCT GOOGLE *SVCS","88.56","B106","","Google Apps Bus","88.56","INPUT","AUTHORISED","3304f8d0-1000-432d-90ae-4c70a9d5fa91"
"2017-10-05","SPEND","ULearn Limited Current account","Virgin Media","","109.98","A101","","Internet & TV Apartments","109.98","INPUT","AUTHORISED","0d0bc74b-54cd-4181-a076-915baefe16b0"
"2017-10-03","SPEND","ULearn Limited Current account","Netflix","","9.99","B115A","","School Social Netflix A/C","9.99","INPUT","AUTHORISED","54fb817b-dbb2-4662-a777-a64829113502"
"2017-10-03","SPEND","ULearn Limited Current account","Facebook - CARD","","491.83","B106","","Ulearn","491.83","INPUT","AUTHORISED","5b61325a-b99c-49ed-adc7-035db6030638"
"2017-10-03","SPEND","ULearn Limited Current account","ToutApp - CARD","P3009US 30.00@1.17739","25.48","B106","","ToutApp Email Software","25.48","INPUT","AUTHORISED","27115c56-fca2-404f-8133-75c10fedb2f6"
"2017-10-06","RECEIVE","ULearn Limited Current account","ULearn-Student","LATM CR 900113 0845","3735","100","","Cash Drop","3735","NONE","AUTHORISED","ce8588a8-2975-4145-9050-ab86e0288af9"
"2017-10-06","RECEIVE","ULearn Limited Current account","ULearn-Student","Valitor M3701918   GP","4220.43","100","","Valitor Merch A/C","4220.43","OUTPUT","AUTHORISED","d23dcb86-3cfd-4c34-93f3-5bc94cc1b7ad"
"2017-10-06","SPEND","ULearn Limited Current account","Zulfiia Gumerova","","17.5","B127","","Bank fees","17.5","NONE","AUTHORISED","b16a0325-69a1-420f-8d45-8d08f92958f5"
"2017-10-06","SPEND","ULearn Limited Current account","Airport Taxi","POS04OCT AIRPORT TAXI","59","A104","","Airport Transfer","59","INPUT","AUTHORISED","67295202-3c24-460d-8911-3f6db3098e53"
"2017-10-06","SPEND","ULearn Limited Current account","JAVA REPUBLIC","Java Republic SEPA DD","284.13","B102","","Java Republic Coffee Machine etc","284.13","INPUT","AUTHORISED","786a8134-c45e-4090-bd04-534f44365194"
"2017-08-25","SPEND","ULearn Limited Current account","Dunnes Stores","","22","B102","","Ulearn","22","INPUT","AUTHORISED","06c3a3d1-2bb2-4eef-a538-a4416e1472a3"
"2017-09-22","RECEIVE","ULearn Limited Current account","Unknown","","1500","E120","","Neils friend","1500","NONE","AUTHORISED","2c94cfe4-ba0c-4400-87e8-8ed1ecb89a28"
"2017-10-09","RECEIVE","ULearn Limited Current account","ULearn-Student","Valitor M3707956   GP","382.14","100","","Valitor Merch A/C","382.14","OUTPUT","AUTHORISED","3037673f-04c3-401c-bb68-accb62c601d8"
"2017-10-09","SPEND","ULearn Limited Current account","Bord Gais Energy - DD","BORD GAIS EIR SEPA DD","153.33","B105","","Gas ","153.33","INPUT","AUTHORISED","5cd7d7c1-a14c-4fdf-82a8-b58b012f670b"
"2017-10-10","RECEIVE","ULearn Limited Current account","ULearn-Student","LATM CR 900113 0845","945","100","","Cash Drop","945","NONE","AUTHORISED","4cf5c348-ba82-4a5b-8bbf-64322683d021"
"2017-10-10","RECEIVE","ULearn Limited Current account","ULearn-Student","Valitor M3714262   GP","4606.17","100","","Valitor Merch A/C","4606.17","OUTPUT","AUTHORISED","5f0f2ac2-f3ee-4c43-8cb1-8e3b8add7c24"
"2017-10-10","SPEND","ULearn Limited Current account","SOFTWARE","","0.18","B106","","Misc Software / Hosting","0.18","INPUT","AUTHORISED","9a2f85a1-d177-4760-a5a5-16a1542f1ce0"
"2017-10-10","SPEND","ULearn Limited Current account","Airport Taxi","POS06OCT AIRPORT TAXI","49","A104","","Airport Transfer","49","INPUT","AUTHORISED","c4ab6fba-17e0-4635-9702-34fa4feb667e"
"2017-10-06","SPEND","ULearn Limited Current account","The Bleeding Horse","SOCIAL ACT","27.6","A109","","Students Entertainment","27.6","INPUT","AUTHORISED","ee7d5e1b-2789-41e3-a697-52a49f98567b"
"2017-10-06","SPEND","ULearn Limited Current account","The Bleeding Horse","Social act","18.7","A109","","Students Entertainment","18.7","INPUT","AUTHORISED","58975ddb-1ce3-4634-806c-ae142e522ce7"
"2017-10-06","SPEND","ULearn Limited Current account","The Bleeding Horse","Social act","33.2","A109","","Students Entertainment","33.2","INPUT","AUTHORISED","aa728cb4-3422-493e-ba4f-1a6d88a818cb"
"2017-10-06","SPEND","ULearn Limited Current account","The Bleeding Horse","Social act","45.2","A108","","Students Entertainment","45.2","INPUT","AUTHORISED","13f83407-8d84-47ff-95db-100d10955636"
"2017-10-06","SPEND","ULearn Limited Current account","The Bleeding Horse","Social act","34.7","A109","","Students Entertainment","34.7","INPUT","AUTHORISED","84288768-fb7f-480a-972e-b66861835950"
"2017-10-10","SPEND","ULearn Limited Current account","Cazoomi - SyncApps - CARD","P0610US 19.98@1.16705","17.12","B106","","Sync Apps Recurring Subscription","17.12","INPUT","AUTHORISED","c88c4e24-30bd-4060-b025-39a522b4f01d"
"2017-10-11","RECEIVE","ULearn Limited Current account","ULearn-Student","Valitor M3720459   GP","996.35","100","","Valitor Merch A/C","996.35","OUTPUT","AUTHORISED","7a2d8c5b-a457-4606-bfb4-c97a801a305b"
"2017-10-11","SPEND","ULearn Limited Current account","Google - CARD","POS09OCT GOOGLE *ADWS","500","B110","","Google Adwords","500","INPUT","AUTHORISED","e6d18669-2e70-43c0-99a9-332464e695b7"
"2017-10-12","RECEIVE","ULearn Limited Current account","ULearn-Student","LATM CR 900113 0845","6840","100","","Cash Drop","6840","NONE","AUTHORISED","194fd69e-af5d-4235-a480-2ca33ded6424"
"2017-10-10","SPEND","ULearn Limited Current account","Di Luca","","5.5","B115","","Coffee","5.5","INPUT","AUTHORISED","4d99c186-7646-47d1-8008-aa3822631d94"
"2017-10-12","SPEND","ULearn Limited Current account","Felix Sanchez","","17.5","B123","","Bank fees","17.5","INPUT","AUTHORISED","5190256a-2ccf-4130-9c8c-64901234bcd6"
"2017-10-12","SPEND","ULearn Limited Current account","Yassin Alhanbarji","","17.5","B123","","Bank fees","17.5","INPUT","AUTHORISED","606b106a-ce1d-4b4a-b53a-3219283af1cd"
"2017-10-10","SPEND","ULearn Limited Current account","The Bleeding Horse","","130.5","A109","","Students Entertainment","130.5","INPUT","AUTHORISED","41ce8867-2e2c-4af8-a71a-9dabd1c11953"
"2017-10-10","SPEND","ULearn Limited Current account","SOFTWARE","POS CHG USD       19","0.34","B106","","Misc Software / Hosting","0.34","INPUT","AUTHORISED","c17f7428-def7-4bdc-a441-64485126fb90"
"2017-10-13","RECEIVE","ULearn Limited Current account","ULearn-Student","Valitor M3741895   GP","349.59","100","","Valitor Merch A/C","349.59","OUTPUT","AUTHORISED","647a9138-a611-41d5-91c2-d8ba995faeee"
"2017-10-11","SPEND","ULearn Limited Current account","Joe's Coffee","","6.8","B115","","Coffee","6.8","INPUT","AUTHORISED","b826e2f8-ac60-4588-8a67-606331abf2c5"
"2017-10-11","SPEND","ULearn Limited Current account","Di Luca","","5.9","B115","","Coffee","5.9","INPUT","AUTHORISED","ae8656fa-a862-43d3-bd30-54805f5b278f"
"2017-10-10","SPEND","ULearn Limited Current account","Coinbase","","5000","104","","Ulearn ","5000","OUTPUT","AUTHORISED","717ad2c3-423e-48f0-aa7e-86de9475afaa"
"2017-09-11","SPEND","ULearn Limited Current account","DRURY BUILDING","","35.2","B115","","ULEARN ","35.2","INPUT","AUTHORISED","877b8168-96ed-465d-bc03-0d0b8b15f9db"
"2017-07-27","SPEND","ULearn Limited Current account","Neil Mc Mahon","","32.02","B112","","trip to Brazil ","32.02","INPUT","AUTHORISED","d60dbee1-b1a2-461b-9d1f-07c36dba6161"
"2017-07-27","SPEND","ULearn Limited Current account","Neil Mc Mahon","","24.5","B112","","trip to Brazil ","24.5","INPUT","AUTHORISED","022e83e5-4bdf-4ca2-8a51-b1508a204e6c"
"2017-09-05","SPEND","ULearn Limited Current account","Pepper Finance","","693.39","E113","","House Payment","693.39","NONE","AUTHORISED","fccce624-2ba1-4b82-bc7e-29dec850b0fd"
"2017-09-22","SPEND","ULearn Limited Current account","Ticketsolve","","160","B106","","Ulearn software ","160","INPUT","AUTHORISED","36b9cf26-a857-4669-b60a-e6cbf126c5e5"
"2017-08-24","SPEND","ULearn Limited Current account","Bank Charges","","1.5","B127","","Charges for online transactions in pounds.","1.5","NONE","AUTHORISED","7e027a01-695b-4d2e-8021-0aeb1fe0b687"
"2017-07-27","SPEND","ULearn Limited Current account","Neil Mc Mahon","","0.49","B127","","Charges for transactions in reais","0.49","NONE","AUTHORISED","c8f61e0e-576d-43ae-88d3-f8239bedad4f"
"2017-07-27","SPEND","ULearn Limited Current account","Neil Mc Mahon","","0.64","B127","","Charges for transactions in reais","0.64","NONE","AUTHORISED","0a869c59-7ef9-43e6-abc9-a1fcd92b1922"
"2017-07-21","SPEND","ULearn Limited Current account","Neil Mc Mahon","","66.14","B112","","trip to Brazil ","66.14","INPUT","AUTHORISED","a36554fd-a5ce-48c2-bbf5-934289a11582"
"2017-08-30","SPEND-TRANSFER","ULearn Limited Current account","","","3810.72","ACC1","","Bank Transfer to ULearn Term Loan.","-3810.72","","AUTHORISED","570070f5-f5cc-4583-9e18-947ef5609bb7"
"2017-10-02","SPEND-TRANSFER","ULearn Limited Current account","","","3810.72","ACC1","","Bank Transfer to ULearn Term Loan.","-3810.72","","AUTHORISED","4c3cdaa8-b279-4c84-adfa-2f213334d6d8"
"2017-09-01","SPEND","ULearn Limited Current account","Unknown","","10.87","B124","","???","10.87","INPUT","AUTHORISED","fa4665d4-ff91-4227-a7ca-c67e0373440d"
"2017-09-15","SPEND","ULearn Limited Current account","Unknown","","309.58","B124","","???","309.58","INPUT","AUTHORISED","7bee4a4c-e308-410c-a98f-4f0ed262f17f"
"2017-09-19","SPEND","ULearn Limited Current account","Unknown","","8.65","B124","","???","8.65","INPUT","AUTHORISED","d8737b84-fcd8-4901-983e-c9f82cbc1d0c"
"2017-10-09","RECEIVE","ULearn Limited Current account","ULearn-Student","ULS2017 10 09 GP","1099","100","","ULearn Student","1099","OUTPUT","AUTHORISED","2d378315-0cda-4f5f-9ecf-ea10b48bfcef"
"2017-09-29","RECEIVE","ULearn Limited Current account","ULearn-Student","ULS2017 09 29 GP","2058","100","","Ulearn Student ","2058","OUTPUT","AUTHORISED","e825455f-174e-4c30-99b9-b38b760776ce"
"2017-10-03","RECEIVE","ULearn Limited Current account","ULearn-Student","20585371 P2017683 GP","1678.5","100","","Ulearn Student ","1678.5","OUTPUT","AUTHORISED","f35dbd6e-f79c-4d6e-8d1a-77c07f9624fc"
"2017-10-04","RECEIVE","ULearn Limited Current account","ULearn-Student","ULS2017 10 04 GP","2477.75","100","","Ulearn Student ","2477.75","OUTPUT","AUTHORISED","1738d159-7a6a-48b9-bc12-87090f6ea222"
"2017-10-05","RECEIVE","ULearn Limited Current account","ULearn-Student","ULS2017 10 05 GP","940","100","","Ulearn Student","940","OUTPUT","AUTHORISED","185f23f0-7bd7-4f19-bac8-41e3a9d9fc6f"
"2017-10-06","RECEIVE","ULearn Limited Current account","ULearn-Student","ULS2017 10 06 GP","5735.5","100","","Ulearn Student","5735.5","OUTPUT","AUTHORISED","ce2408ed-93b4-47db-acd1-f630b47f7dd0"
"2017-10-12","RECEIVE","ULearn Limited Current account","ULearn-Student","ULS2017 10 12 GP","1300","100","","Ulearn Student ","1300","OUTPUT","AUTHORISED","6147cf1a-8001-463d-9eb1-e4e84661b7f5"
"2017-10-12","RECEIVE","ULearn Limited Current account","ULearn-Student","365 Divina","330.8","100","","Ulearn Student ","330.8","OUTPUT","AUTHORISED","afa39560-5fb5-4c1f-bc89-b38231330f95"
"2017-10-12","RECEIVE","ULearn Limited Current account","ULearn-Student","P20171212 ERIKA RA GP","1435.44","100","","ULearn-Student","1435.44","OUTPUT","AUTHORISED","006ea4e5-391a-4308-8316-d016a4f179b6"
"2017-10-13","RECEIVE","ULearn Limited Current account","ULearn-Student","1/SAS-KORPOREYSHN GP","2918","100","","Ulearn Student ","2918","OUTPUT","AUTHORISED","78f7cfe3-7e9b-4479-a2f0-7f17cec0b1d9"
"2017-10-11","RECEIVE","ULearn Limited Current account","ULearn-Student","P20171231 RENATA","2075","100","","ULearn-Student","2075","OUTPUT","AUTHORISED","d3091985-94c6-4bae-b669-4ba5c9e80d5d"
"2017-10-09","RECEIVE","ULearn Limited Current account","ULearn-Student","summer payment dub GP","10000","100","","ULearn-Student","10000","OUTPUT","AUTHORISED","057d4efe-ed2b-4e13-a4fd-b8a4764e7de8"
"2017-10-10","RECEIVE","ULearn Limited Current account","ULearn-Student","ULS2017 10 10 GP","6069.75","100","","ULearn-Student","6069.75","OUTPUT","AUTHORISED","a48cd48a-f789-4c41-abf9-283958549f78"
"2017-10-11","RECEIVE","ULearn Limited Current account","ULearn-Student","ULS2017 10 11 GP","957.5","100","","ULearn-Student","957.5","OUTPUT","AUTHORISED","f927d4dd-494a-4d41-9b88-cf7f8372116f"
"2017-10-13","RECEIVE","ULearn Limited Current account","ULearn-Student","ULS2017-10-13","2936.25","100","","Ulearn Student","2936.25","NONE","AUTHORISED","dc16d598-d1dd-4389-b264-46d7ab8a3dfa"
"2017-10-16","RECEIVE","ULearn Limited Current account","ULearn-Student","Valitor M3747995   GP","3457.69","100","","Valitor Merch A/C","3457.69","OUTPUT","AUTHORISED","31cec66b-dd09-48e3-b4b1-a65919d22ef5"
"2017-10-16","SPEND","ULearn Limited Current account","BOI","EFT DD CHARGES","2.16","B127","","Bank Charges","2.16","INPUT","AUTHORISED","da12bdeb-3642-40cf-a987-e1ded7310a26"
"2017-10-16","SPEND","ULearn Limited Current account","BOI","EFT DD CHARGES","2.08","B127","","Bank Charges","2.08","INPUT","AUTHORISED","8e9e9d54-6847-4def-8a3d-bf0468bedfc0"
"2017-10-16","RECEIVE","ULearn Limited Current account","ULearn-Student","21080896TW0 D20171 GP ","2112.5","100","","Ulearn Student","2112.5","OUTPUT","AUTHORISED","ac73de2c-b57a-4ac2-b9c8-a310f775258c"
"2017-09-22","RECEIVE","ULearn Limited Current account","ULearn-Student","ULS2017-09-22","1205","100","","Ulearn Student","1205","NONE","AUTHORISED","17dbccd4-94ce-4530-86c5-ff19c8ae3bf7"
"2017-10-16","SPEND","ULearn Limited Current account","BOI","EFT DD CHARGES","2.16","B127","","Bank Charges","2.16","INPUT","AUTHORISED","d226b7a8-2790-41e5-b383-e6a8bee28c80"
"2017-10-16","SPEND","ULearn Limited Current account","GoDaddy.com, LLC - CARD","POS12OCT PAYPAL *GODA","21.07","B106","","Ulearn - Hosting ","21.07","INPUT","AUTHORISED","ff18a682-0322-4038-a65a-dbd5027ad05b"
"2017-10-17","RECEIVE","ULearn Limited Current account","ULearn-Student","linguaenglish Q3 GP","933.4","100","","ULearn-Student","933.4","OUTPUT","AUTHORISED","3eab2ee2-6b71-4fad-a358-bf8182690115"
"2017-10-17","SPEND","ULearn Limited Current account","EIRCOM","EIRCOM TIS    SEPA DD","62.42","B104","","Telephone & Internet","62.42","INPUT","AUTHORISED","26b24ef8-bfd9-469a-b55e-f5a892ad356b"
"2017-10-17","RECEIVE","ULearn Limited Current account","ULearn-Student","Valitor M3754287   GP","1041.38","100","","Valitor Merch A/C","1041.38","OUTPUT","AUTHORISED","28cd49d1-e263-4c43-9e24-faa9e40e7aab"
"2017-10-17","RECEIVE","ULearn Limited Current account","ULearn-Student","21130289TW0 P20171 GP","2112.5","100","","ULearn-Student","2112.5","OUTPUT","AUTHORISED","71ade6bb-db46-4858-9bb7-8794cd7f0693"
"2017-10-17","RECEIVE","ULearn Limited Current account","ULearn-Student","ULS2017 10 17 GP","3467","100","","ULearn-Student","3467","OUTPUT","AUTHORISED","14b43c6c-2667-44aa-82f7-3e82bc719eaa"
"2017-10-18","RECEIVE","ULearn Limited Current account","ULearn-Student","Valitor M3760534   GP","2129.87","100","","Valitor Merch A/C","2129.87","OUTPUT","AUTHORISED","a97d40e2-bd03-4a47-a83d-4ea030bee951"
"2017-10-18","RECEIVE","ULearn Limited Current account","ULearn-Student","13866 JONATHAN","300","100","","ULearn-Student","300","OUTPUT","AUTHORISED","49425080-71ba-407a-beab-0cca5f97dcfc"
"2017-10-18","SPEND","ULearn Limited Current account","Google - CARD","POS16OCT GOOGLE *ADWS","500","B110","","Google Adwords","500","INPUT","AUTHORISED","20c463fc-acfc-46da-a345-00d2b482a19c"
"2017-10-18","SPEND","ULearn Limited Current account","Spotify","POS15OCT PAYPAL *SPOT","9.99","A108","","School Spotify Sub","9.99","INPUT","AUTHORISED","393b6aac-c260-4f33-b869-98ebaaebe9db"
"2017-10-19","RECEIVE","ULearn Limited Current account","ULearn-Student","2XTIME 2 TRAVEL (T2T","4062.5","100","","Course Fees","4062.5","OUTPUT","AUTHORISED","b89a9fad-a28a-4626-be75-f977af0f9bc3"
"2017-10-18","RECEIVE","ULearn Limited Current account","ULearn-Student","ULS2017 10 18 GP","2888.5","100","","ULearn-Student","2888.5","OUTPUT","AUTHORISED","32bf80b0-1ae5-467f-8367-16fb0d32ec3d"
"2017-10-18","RECEIVE","ULearn Limited Current account","ULearn-Student","LATM CR 900113 0845","2815","100","","Cash Drop","2815","NONE","AUTHORISED","26d00007-3a75-4143-b56a-ac9d249e9070"
"2017-10-19","RECEIVE","ULearn Limited Current account","ULearn-Student","21238790 P20171270 GP","78","100","","ULearn-Student","78","OUTPUT","AUTHORISED","303776da-8893-49a4-a7f0-134ad1a3edd3"
"2017-10-17","SPEND","ULearn Limited Current account","GoDaddy.com, LLC - CARD","","39.93","B106","","Ulearn","39.93","INPUT","AUTHORISED","1dad2c8f-d569-4fb4-aca9-ecc640cae4a6"
"2017-10-20","RECEIVE","ULearn Limited Current account","ULearn-Student","Valitor M3780036   GP","1460.25","100","","Valitor Merch A/C","1460.25","OUTPUT","AUTHORISED","bcc18ffd-66f6-4dff-80fb-909f019344ad"
"2017-10-20","SPEND","ULearn Limited Current account","SOFTWARE","POS CHG USD       30","0.51","B106","","Misc Software / Hosting","0.51","INPUT","AUTHORISED","e96262cf-9f16-4c4d-a009-e21d53a08c25"
"2017-10-20","SPEND","ULearn Limited Current account","Ermek Anvar Uulu","","17.5","B126","","Bank Charge","17.5","INPUT","AUTHORISED","2779a43e-0196-46d7-8e31-2ed8f9acc983"
"2017-10-20","SPEND","ULearn Limited Current account","Keywaste - DD","Key Waste Man SEPA DD","64.7","B102","","General Waste Bin","64.7","INPUT","AUTHORISED","1b8c3ce2-b3fd-47ed-a233-07dc22aa9bec"
"2017-09-01","RECEIVE","ULearn Limited Current account","ULearn-Student","ULS2017 09 01 GP","2818","100","","ULearn-Student","2818","OUTPUT","AUTHORISED","08ba08d5-a63a-4080-a1cd-47ce80490f78"
"2017-09-04","RECEIVE","ULearn Limited Current account","ULearn-Student","ULS2017 09 04 GP","6493.4","100","","ULearn-Student","6493.4","OUTPUT","AUTHORISED","51fe6a87-d671-4606-a0e1-6748b037874e"
"2017-09-21","RECEIVE","ULearn Limited Current account","ULearn-Student","ULS2017 09 21 GP","70","100","","ULearn-Student","70","OUTPUT","AUTHORISED","a1641373-373e-4674-9131-55866843ddf0"
"2017-09-27","RECEIVE","ULearn Limited Current account","ULearn-Student","ULS2017 09 27 GP","5040","100","","ULearn-Student","5040","OUTPUT","AUTHORISED","66128a8a-67d4-4e97-8fb2-5983583fdcb9"
"2017-09-27","RECEIVE","ULearn Limited Current account","ULearn-Student","ROSE MARY","2498","100","","ULearn-Student","2498","OUTPUT","AUTHORISED","5e4f5c3a-7328-476f-8fbe-1148eca07ca4"
"2017-09-27","RECEIVE","ULearn Limited Current account","ULearn-Student","13849 NITCHELI","325","100","","ULearn-Student","325","OUTPUT","AUTHORISED","c0317624-7148-43dd-9a39-b39c963062d6"
"2017-10-19","SPEND","ULearn Limited Current account","Argos","","0.22","B127","","Transaction charges","0.22","NONE","AUTHORISED","0df7e7cc-18c4-4522-b475-62d8c45928e2"
"2017-10-20","RECEIVE","ULearn Limited Current account","ULearn-Student","ULS2017 10 20 GP","5723","100","","ULearn-Student","5723","OUTPUT","AUTHORISED","7078f60f-7c50-4502-91cf-1e8bd4817bc0"
"2017-10-19","SPEND","ULearn Limited Current account","Blacknight","","6.09","A109","","Ulearn","6.09","INPUT","AUTHORISED","e51a98ce-f00b-490c-b87f-88e01c1f81b1"
"2017-09-27","RECEIVE","ULearn Limited Current account","ULearn-Student","2XCASIL VIAGENS E TU","640","100","","Ulearn Student ","640","OUTPUT","AUTHORISED","e19faeac-e393-44b6-9b77-9e07134a0402"
"2017-09-04","RECEIVE","ULearn Limited Current account","ULearn-Student","KELLEN SILVANE COT","985","100","","ULearn-Student","985","OUTPUT","AUTHORISED","e5740579-3e49-40af-90b5-712ed171e0f3"
"2017-09-13","RECEIVE","ULearn Limited Current account","ULearn-Student","ULS2017 09 13 GP","6726","100","","ULearn-Student","6726","OUTPUT","AUTHORISED","4cc1af42-3747-4756-aac6-fb83fe073acf"
"2017-09-18","RECEIVE","ULearn Limited Current account","ULearn-Student","ULS2017 09 18 GP","1657","100","","ULearn-Student","1657","OUTPUT","AUTHORISED","80a50574-3c7f-4285-a7fc-cad8afec2edb"
"2017-09-19","RECEIVE","ULearn Limited Current account","ULearn-Student","ULS2017 09 19 GP","295","100","","ULearn-Student","295","OUTPUT","AUTHORISED","671b5439-05ea-43cc-880c-bb4f7245f299"
"2017-09-05","RECEIVE","ULearn Limited Current account","ULearn-Student","ULS2017 09 05 GP","10651.9","100","","ULearn-Student","10651.9","OUTPUT","AUTHORISED","957b24a6-68b3-44db-bef4-3dfd84a51713"
"2017-09-12","RECEIVE","ULearn Limited Current account","ULearn-Student","ULS2017 09 12 GP","1690","100","","ULearn-Student","1690","OUTPUT","AUTHORISED","f2d003ab-8f7a-4bf6-9f2f-8425435b6ea9"
"2017-09-15","RECEIVE","ULearn Limited Current account","ULearn-Student","P2017971 PEDRO","2362.5","100","","ULearn-Student","2362.5","OUTPUT","AUTHORISED","a93bd2a9-e990-4ece-b684-a5e534afb24f"
"2017-09-18","RECEIVE","ULearn Limited Current account","ULearn-Student","P20171033 MARIA ES GP","471.2","100","","ULearn-Student","471.2","OUTPUT","AUTHORISED","5d633212-f64e-4d2d-930c-5127a7b69311"
"2017-09-06","RECEIVE","ULearn Limited Current account","ULearn-Student","ULEARNP2017011","2487.5","100","","ULearn-Student","2487.5","OUTPUT","AUTHORISED","6ad6eba7-a832-4678-9a69-51f08b224e76"
"2017-09-07","RECEIVE","ULearn Limited Current account","ULearn-Student","3XTIME 2 TRAVEL (T2T","3309","100","","ULearn-Student","3309","OUTPUT","AUTHORISED","a1b53c1f-3878-48ce-996c-36d97d108852"
"2017-09-07","RECEIVE","ULearn Limited Current account","ULearn-Student","ULS2017 09 07 GP","2638","100","","ULearn-Student","2638","OUTPUT","AUTHORISED","20a6173c-fd7c-46e8-bfaa-5cabd5e70a70"
"2017-09-08","RECEIVE","ULearn Limited Current account","ULearn-Student","ULS2017 09 08 GP","2175","100","","ULearn-Student","2175","OUTPUT","AUTHORISED","321b9350-095c-4b04-b48e-bb7964a1c9c0"
"2017-09-12","RECEIVE","ULearn Limited Current account","ULearn-Student","19708957 D20171091 GP","3873.6","100","","ULearn-Student","3873.6","OUTPUT","AUTHORISED","32ead222-aab3-4ac0-895b-3ae1117ff63f"
"2017-09-12","RECEIVE","ULearn Limited Current account","ULearn-Student","19708961 P20171025 GP","2112.5","100","","ULearn-Student","2112.5","OUTPUT","AUTHORISED","07814ad8-ac63-46c1-bfa2-e1c1dcb28644"
"2017-09-13","RECEIVE","ULearn Limited Current account","ULearn-Student","CEI INV N P20171027","140","100","","ULearn-Student","140","OUTPUT","AUTHORISED","6f3e5781-122f-441b-bf75-a427d1ff0c0d"
"2017-09-14","RECEIVE","ULearn Limited Current account","ULearn-Student","P20171101 ULEARN P GP","1900","100","","ULearn-Student","1900","OUTPUT","AUTHORISED","9baebe2a-0652-432b-9da9-f095ae537faa"
"2017-09-14","RECEIVE","ULearn Limited Current account","ULearn-Student","ULS2017 09 14 GP","1821.8","100","","ULearn-Student","1821.8","OUTPUT","AUTHORISED","a7173537-6a87-4ddf-86c5-2922e2a71014"
"2017-07-19","SPEND","ULearn Limited Current account","Bank Charges","","6.59","B127","","Bank charges","6.59","NONE","AUTHORISED","92129964-42f5-4b51-b811-556d0d027af1"
"2017-07-25","SPEND","ULearn Limited Current account","Bank Charges","","11.15","B127","","Bank charges","11.15","NONE","AUTHORISED","74df2a9b-32d4-4c6a-b8d2-a05f5c30cd10"
"2017-07-26","SPEND","ULearn Limited Current account","Bank Charges","","11.2","B127","","Bank charges","11.2","NONE","AUTHORISED","fcfdb2b2-3468-47b6-bb28-030e6a21a1c5"
"2017-08-24","SPEND","ULearn Limited Current account","Bank Charges","","26.97","B127","","Bank charges","26.97","NONE","AUTHORISED","df07fa36-dda6-49af-94a6-e8c2be15b463"
"2017-01-10","SPEND","ULearn Limited Current account","Ciaran Mc Mahon","TO CIARAN MCMAHON","2500","E104B","","Pay","2500","NONE","AUTHORISED","6e4ff759-3e2e-4254-a555-1e6dacc4a06e"
"2017-01-30","SPEND","ULearn Limited Current account","PAYROLL","CONTRA            CTO","29830.28","E104B","","Payroll Bulk ","29830.28","NONE","AUTHORISED","73f0a843-c209-4070-9f61-60c9d259cbe5"
"2017-02-03","SPEND","ULearn Limited Current account","DORANCELIS CORDONES","TO DORANCELIS CORDONE","241","E104B","","Admin Wages","241","NONE","AUTHORISED","24905804-c627-49c8-a482-80bfd4c41345"
"2017-02-24","SPEND","ULearn Limited Current account","PAYROLL","CONTRA            CTO","37873.89","E104B","","Payroll Bulk ","37873.89","NONE","AUTHORISED","e4a09358-0fbb-4a52-8f50-f5acf76fee01"
"2017-03-01","SPEND","ULearn Limited Current account","Christian Wethered","","80","E104B","","Pay Teacher","80","NONE","AUTHORISED","338e51b0-04d1-4a6e-a397-c46ae2fa82e8"
"2017-03-10","SPEND","ULearn Limited Current account","DORANCELIS CORDONES","","280","E104B","","Greet expns","280","NONE","AUTHORISED","df45c2e7-11f4-4908-8145-70cda3c15591"
"2017-03-30","SPEND","ULearn Limited Current account","PAYROLL","CONTRA            CTO","36658.9","E104B","","Payroll Bulk ","36658.9","NONE","AUTHORISED","7a6432af-c668-4737-8b63-3d2af604ad58"
"2017-01-30","SPEND","ULearn Limited Current account","Dunnes Stores","","100","B124","","Bedding Capel","100","INPUT","AUTHORISED","e463ddba-bef2-491d-ba4b-c19ad425f204"
"2017-04-12","SPEND","ULearn Limited Current account","Ikea","","10","B124","","Food","10","INPUT","AUTHORISED","bd386cbc-36a7-471a-8555-ab4db1780e00"
"2017-04-18","SPEND","ULearn Limited Current account","Ikea","","29","B124","","Apartment furniture","29","INPUT","AUTHORISED","93f924d4-1653-4a71-876d-06f830ef9e51"
"2017-04-18","SPEND","ULearn Limited Current account","Ikea","","959","601","","Renovations - New furniture for apartments ","959","INPUT","AUTHORISED","0c8a71ce-bc66-4a70-82f0-9d61fd377c21"
"2017-04-24","SPEND","ULearn Limited Current account","Ikea","","29","B124","","Apartment Furtniture","29","INPUT","AUTHORISED","4081903f-77bb-4eba-b7a4-86ac6f278598"
"2017-04-24","SPEND","ULearn Limited Current account","Ikea","","1369.35","601","","furniture","1369.35","INPUT","AUTHORISED","a8f21dcb-7a88-4267-a954-6d33d0415a5c"
"2017-05-04","SPEND","ULearn Limited Current account","Ikea","","176.65","601","","IKEA Furniture","176.65","INPUT","AUTHORISED","39504e4f-12cc-40e4-9b90-d5f9fe3f18c6"
"2017-04-29","SPEND","ULearn Limited Current account","Argos","","203.45","601","","Fixtures Apartments","203.45","INPUT","AUTHORISED","55a11936-8135-4024-aa47-ef04235ad133"
"2017-05-17","SPEND","ULearn Limited Current account","Argos","","286","601","","Hoover","286","INPUT","AUTHORISED","8d44975f-52ce-46ca-9b4c-ece719d60409"
"2017-05-18","SPEND","ULearn Limited Current account","Argos","216861900 ","249.94","A102A","","dishwasher replace","249.94","INPUT","AUTHORISED","313c8b15-52e9-42df-b438-18a1b8ce9650"
"2017-05-23","SPEND","ULearn Limited Current account","Clearglass","","190.09","A102A","","Refunded - not available","190.09","INPUT","AUTHORISED","c6950b48-14ca-4a7e-90c8-8cf1121de493"
"2017-05-28","SPEND","ULearn Limited Current account","Ikea","","42.9","B124","","Furniture","42.9","INPUT","AUTHORISED","b542df2f-f32a-4e71-8f21-96dd399483d0"
"2017-01-19","SPEND","ULearn Limited Current account","DSE Foundation","","11750","104","","Purchase domain name dse.ie (will refund)","11750","OUTPUT","AUTHORISED","b2b9070e-d4ae-4da9-9786-489792991357"
"2017-03-14","SPEND","ULearn Limited Current account","Coinify","","10.3","B127","","","10.3","NONE","AUTHORISED","29e1b235-defc-43b1-ab0b-7be30dcfd117"
"2017-05-05","SPEND","ULearn Limited Current account","POS03MAY COINBASE B5Y","","1039.9","104","","bitcoin","1039.9","OUTPUT","AUTHORISED","c83881ac-0c7b-43ae-b13e-697cfe196546"
"2017-05-12","SPEND","ULearn Limited Current account","Coinbase","COINBASE UK LTD.   DD","10019","104","","Payment to Bitcoin Market","10019","OUTPUT","AUTHORISED","312a5ff7-89c6-4496-9714-6abc05d86da3"
"2017-05-23","SPEND","ULearn Limited Current account","Blockchain","","309","104","","Coinify payment","309","OUTPUT","AUTHORISED","c89923cc-655e-45c1-9a4a-ee4d8f7728b9"
"2017-05-24","SPEND","ULearn Limited Current account","Coinbase","","5000","104","","Ulearn ","5000","OUTPUT","AUTHORISED","c3dadede-b079-4776-809c-ff26d796e4af"
"2017-06-13","SPEND","ULearn Limited Current account","Coinbase","","5000","104","","Ulearn","5000","OUTPUT","AUTHORISED","1619be60-2295-4d61-98f1-cdde8ef976f9"
"2017-07-07","SPEND","ULearn Limited Current account","Buyitdirect","","222.91","601","","New monitors (2)- Samsung 22"" ","222.91","INPUT","AUTHORISED","11a48fd1-caeb-42e1-b1a5-0f0499a3de72"
"2017-04-27","SPEND","ULearn Limited Current account","CIARAN MAHER","","738.72","E104B","","April Pay","738.72","NONE","AUTHORISED","4b0f9818-ee6c-4530-83ed-d7e77436407b"
"2017-04-27","SPEND","ULearn Limited Current account","GERARD McDonald","","331.2","E104B","","Pay April","331.2","NONE","AUTHORISED","98c3dbbb-08a9-495e-88f0-3296a297521a"
"2017-02-24","SPEND","ULearn Limited Current account","Fixtures & Fittings","POS22FEB AMAZON.UK","75.31","A102A","","IT Equipment","75.31","INPUT","AUTHORISED","c675ae92-cddd-44ca-ad75-bec26b94647b"
"2017-04-18","SPEND","ULearn Limited Current account","Ali Exprs","","1771.1","104","","Computer (Later refunded)","1771.1","OUTPUT","AUTHORISED","08da33fd-65a3-4733-8662-d9d80108dbb0"
"2017-05-02","SPEND","ULearn Limited Current account","Express Tech","","18","104","","Phone Cover","18","OUTPUT","AUTHORISED","da4e33d9-cab1-48bd-b263-d4b02d94647d"
"2017-05-24","SPEND","ULearn Limited Current account","Aliexpress","POS22MAY WWW.ALIEXPRE","5170.62","104","","Antminers purchase (later refunded)","5170.62","OUTPUT","AUTHORISED","a780962f-2d49-4706-aa8c-d5a623ab4ff2"
"2017-07-07","SPEND","ULearn Limited Current account","Dell","573123692","1025.55","601","","Dell Wireless Keyboard and Mouse-KM636 - UK (QWERTY) - Black
Vostro Desktop 3268 
Order Level Freight SKU - System
","1025.55","INPUT","AUTHORISED","ef3fc1c0-2c13-43ea-bc38-8fa3723ea6de"
"2017-07-14","SPEND","ULearn Limited Current account","Harvey Norman","","1078.9","601","","TV Screen","1078.9","INPUT","AUTHORISED","403e1c68-a559-42f8-81cd-1bdb9eb85b50"
"2017-07-25","SPEND","ULearn Limited Current account","Curry's PC World","","339.95","601","","IT Equipment","339.95","INPUT","AUTHORISED","7d21c9cf-745b-4a90-a281-4257d1191d4a"
"2017-06-28","SPEND","ULearn Limited Current account","Ikea","","1278.5","601","","Tables & Chairs","1278.5","INPUT","AUTHORISED","2f78264b-3c42-4dc9-90e1-699ff9fd2c3a"
"2017-01-31","SPEND","ULearn Limited Current account","REVENUE COMMISSIONERS","Revenue Commi SEPA DD","17052.02","F101","","Revenue Tax Payment","17052.02","NONE","AUTHORISED","1dbdd00a-f8f0-4b83-820a-bdcfaf3f4db2"
"2017-02-27","SPEND","ULearn Limited Current account","REVENUE COMMISSIONERS","Revenue Commi SEPA DD","9896.04","F101","","Revenue Tax Payment","9896.04","NONE","AUTHORISED","2772dd6a-5cc6-484f-a84b-83bbcb02bab5"
"2017-03-21","SPEND","ULearn Limited Current account","REVENUE COMMISSIONERS","Revenue Commi SEPA DD","993","F101","","Revenue Tax Payment","993","NONE","AUTHORISED","c8487aa6-2946-4783-ae87-ddf9adaf11db"
"2017-03-27","SPEND","ULearn Limited Current account","REVENUE COMMISSIONERS","Revenue Commi SEPA DD","12831.21","F101","","Revenue Tax Payment","12831.21","NONE","AUTHORISED","d03e0351-a6b9-4e34-84b9-4f19ee30cc2d"
"2017-04-26","SPEND","ULearn Limited Current account","REVENUE COMMISSIONERS","Revenue Commi SEPA DD","12980.47","F101","","Revenue Tax Payment","12980.47","NONE","AUTHORISED","01ba2042-6017-4c45-9f73-5c89f59f9621"
"2017-05-25","SPEND","ULearn Limited Current account","REVENUE COMMISSIONERS","Revenue Commi SEPA DD","13519.74","F101","","Revenue Tax Payment","13519.74","NONE","AUTHORISED","ebe5c19d-8846-4cd9-9e4b-fae77592749d"
"2017-06-27","SPEND","ULearn Limited Current account","REVENUE COMMISSIONERS","Revenue Commi SEPA DD","12678.26","F101","","Revenue Tax Payment","12678.26","NONE","AUTHORISED","fbd81c6e-0d81-4c56-99a9-15b5dfc50074"
"2017-07-06","RECEIVE","ULearn Limited Current account","REVENUE COMMISSIONERS","RevCom0509713092L0 GP","860.3","F101","","Revenue","860.3","NONE","AUTHORISED","992a5209-355a-46b9-b287-160ac094357c"
"2017-07-26","SPEND","ULearn Limited Current account","REVENUE COMMISSIONERS","Revenue Commi SEPA DD","14865.09","F101","","Revenue Tax Payment","14865.09","NONE","AUTHORISED","47ca057c-0f64-46fe-96e6-a321a3e405fb"
"2017-08-25","SPEND","ULearn Limited Current account","REVENUE COMMISSIONERS","Revenue Commi SEPA DD","28190.33","F101","","Revenue Tax Payment","28190.33","NONE","AUTHORISED","8fb34c96-455e-4f8f-acca-29b5c1012fb4"
"2017-10-23","SPEND","ULearn Limited Current account","BOI LIFE INSURANCE","OP/BoI LIFE   SEPA DD","51.03","B119","","Life Insurance BOI","51.03","INPUT","AUTHORISED","596b0b0c-be6f-4f6c-b775-36a25b760cd7"
"2017-10-23","SPEND","ULearn Limited Current account","BOI LIFE INSURANCE","OP/BoI LIFE   SEPA DD","47.05","B119","","Life Insurance BOI","47.05","INPUT","AUTHORISED","7858fe6d-5daf-4af1-a2e2-6b251f9deee2"
"2017-10-23","RECEIVE","ULearn Limited Current account","ULearn-Student","Valitor M3786011   GP","561.99","100","","Valitor Merch A/C","561.99","OUTPUT","AUTHORISED","f1859875-d7a4-42e5-8293-87c3fb96d3ff"
"2017-10-23","RECEIVE","ULearn Limited Current account","ULearn-Student","21297187 P20171233 GP","3494.5","100","","ULearn-Student","3494.5","OUTPUT","AUTHORISED","a2a33761-cecb-4d14-ba4c-176046f8c6ba"
"2017-10-23","RECEIVE","ULearn Limited Current account","ULearn-Student","2XBLUE CONSULTORIA E","1210.2","100","","ULearn-Student","1210.2","OUTPUT","AUTHORISED","30d9db58-863c-4532-9b71-16c9597c39e3"
"2017-10-23","RECEIVE","ULearn Limited Current account","ULearn-Student","D20171424 ITALO","229.5","100","","ULearn-Student","229.5","OUTPUT","AUTHORISED","71cf6bf6-8a11-4db9-a907-3e7e533289f9"
"2017-10-17","SPEND","ULearn Limited Current account","Bank Charges","ATM CHG USD 103","3.17","B127","","ATM CHG USD 103","3.17","NONE","AUTHORISED","9c0c9d35-cba5-422d-9bc6-de46bb1830f1"
"2017-10-17","SPEND","ULearn Limited Current account","Bank Charges","ATM CHG USD 104","3.17","B127","","ATM CHG USD 104","3.17","NONE","AUTHORISED","fd0652f6-e4a1-41df-bc90-e35dec9bbb0e"
"2017-07-14","SPEND","ULearn Limited Current account","JAVA REPUBLIC","Java Republic SEPA DD","138.33","C106","","Java Republic Coffee Machine etc","138.33","NONE","AUTHORISED","4ed14575-4108-4478-9e77-20923eb79502"
"2017-07-28","SPEND","ULearn Limited Current account","JAVA REPUBLIC","Java Republic SEPA DD","144.89","C106","","Java Republic Coffee Machine etc","144.89","NONE","AUTHORISED","3b4f70ff-b2ee-41f6-a21d-eecd752edb1f"
"2017-02-13","SPEND","ULearn Limited Current account","TURLEY ASSOCS","CHEQUE           2148","10000","C103","","Deposit Payment for 11 Harcourt","10000","NONE","AUTHORISED","5e73e0ff-d126-4ed9-a15f-f3586ad1a6c2"
"2017-05-24","SPEND","ULearn Limited Current account","Camden Casket","","20","C106","","Lightbulbs","20","NONE","AUTHORISED","158fa07f-9abb-4f50-99ab-50b369cc283e"
"2017-06-30","SPEND","ULearn Limited Current account","JAVA REPUBLIC","Java Republic SEPA DD","284.13","C106","","Java Republic Coffee Machine etc","284.13","NONE","AUTHORISED","50a0cf9a-3dca-47b6-98ed-f0b910d4ba80"
"2017-07-13","SPEND","ULearn Limited Current account","Tesco","","21.18","C106","","Drinks- Wines ","21.18","NONE","AUTHORISED","b0ca89a4-7e14-41ea-8fa6-6c8d7788be08"
"2017-07-17","SPEND","ULearn Limited Current account","M&S","","9","C106","","Cookies - Shop","9","NONE","AUTHORISED","a0092817-b433-48d1-be11-d0ab685092ab"
"2017-08-04","SPEND","ULearn Limited Current account","JAVA REPUBLIC","Java Republic SEPA DD","427.48","C106","","Java Republic Coffee Machine etc","427.48","NONE","AUTHORISED","c5070c2f-76b9-4741-a918-c640a2018a17"
"2017-09-01","SPEND","ULearn Limited Current account","JAVA REPUBLIC","Java Republic SEPA DD","284.13","C106","","Java Republic Coffee Machine etc","284.13","NONE","AUTHORISED","eb5b7cbb-9b6c-4454-9b1d-da1fd64a8be9"
"2017-07-20","SPEND","ULearn Limited Current account","Maplin","","11.95","C106","","Shop Equipment","11.95","NONE","AUTHORISED","c88e024d-67d2-42e3-9600-218393b66555"
"2017-10-24","SPEND","ULearn Limited Current account","Flogas SEPA - DD","","53.6","B105","","Flogas","53.6","INPUT","AUTHORISED","eddd534f-31fa-4615-bbbf-2c1264c123e8"
"2017-10-24","SPEND","ULearn Limited Current account","Flogas SEPA - DD","","51.75","B105","","Flogas","51.75","INPUT","AUTHORISED","b3381a66-3b74-440a-a3c7-3de84a5e7448"
"2017-10-24","SPEND","ULearn Limited Current account","Flogas SEPA - DD","","93.18","B105","","Flogas","93.18","INPUT","AUTHORISED","520dda04-973b-40e2-a4e7-9eb246b73680"
"2017-10-24","SPEND","ULearn Limited Current account","Flogas SEPA - DD","","57.42","B105","","Flogas","57.42","INPUT","AUTHORISED","6d04916a-717a-450c-b7d4-8a5a7a7e48a8"
"2017-10-24","SPEND","ULearn Limited Current account","Flogas SEPA - DD","","76.15","B105","","Flogas","76.15","INPUT","AUTHORISED","0e5eaac4-ce85-4d8b-83fa-6433ba4b6849"
"2017-10-24","SPEND","ULearn Limited Current account","Google - CARD","POS22OCT GOOGLE *ADWS","500","B110","","Google Adwords","500","INPUT","AUTHORISED","20836e04-6c75-49bb-874a-9b45c7cfd389"
"2017-10-24","SPEND","ULearn Limited Current account","SOFTWARE","POS CHG USD       10","0.17","B106","","Misc Software / Hosting","0.17","INPUT","AUTHORISED","b86b9641-efbf-40f3-a02e-38007a976c3c"
"2017-10-24","SPEND","ULearn Limited Current account","SOFTWARE","POS CHG USD       14","0.24","B106","","Misc Software / Hosting","0.24","INPUT","AUTHORISED","737e786f-0944-486b-a57c-4fa0caf09001"
"2017-10-24","SPEND","ULearn Limited Current account","Buffer - CARD","P2210US 10.00@1.17647","8.5","B106","","Buffer","8.5","INPUT","AUTHORISED","db075ba7-27f7-4cf2-a4ec-ccd071f943da"
"2017-10-24","SPEND","ULearn Limited Current account","SOFTWARE","","0.01","B106","","Misc Software / Hosting (+FX)","0.01","INPUT","AUTHORISED","ae2980d3-4bfb-4e7e-8928-8e7d1c8add98"
"2017-10-23","SPEND","ULearn Limited Current account","Green Bench","","5","B115","","Coffee","5","INPUT","AUTHORISED","df7b7715-0fe5-49cf-a101-5c82b38ea126"
"2017-10-25","RECEIVE","ULearn Limited Current account","ULearn-Student","Valitor M3798424   GP","2269.15","100","","Valitor Merch A/C","2269.15","OUTPUT","AUTHORISED","182cfca9-5875-4a26-adf5-dd852378d06e"
"2017-10-25","SPEND","ULearn Limited Current account","Ermek Anvar Uulu","","17.5","B126","","Bank fees","17.5","INPUT","AUTHORISED","56d4ba6d-dcaa-4dd0-b44f-38e95b4cf2bb"
"2017-10-26","RECEIVE","ULearn Limited Current account","ULearn-Student","Valitor M3813996   GP","4793.95","100","","Valitor Merch A/C","4793.95","OUTPUT","AUTHORISED","7d5fca13-a5c4-40dd-8a8d-720ba2463b53"
"2017-10-26","SPEND","ULearn Limited Current account","THE HR COMPANY - DD","The HR Compan SEPA DD","110.7","B118","","HR Company Consult","110.7","INPUT","AUTHORISED","94478b1d-f69f-414c-b8e2-7da147c8c773"
"2017-10-26","SPEND","ULearn Limited Current account","SOFTWARE","","0.18","B106","","Misc Software / Hosting","0.18","INPUT","AUTHORISED","db4bf38e-b239-4111-bebc-6d6ee23162e0"
"2017-10-27","RECEIVE","ULearn Limited Current account","ULearn-Student","LATM CR 900113 0845","1110","100","","Cash Drop","1110","NONE","AUTHORISED","0d0c0183-b95b-4f94-a4ca-fd47407c34f2"
"2017-10-27","SPEND","ULearn Limited Current account","Zulfiia Gumerova","","17.5","B126","","Bank fees","17.5","INPUT","AUTHORISED","7ebb8746-4fa8-4b58-b8f3-838b4836bb10"
"2017-10-27","SPEND","ULearn Limited Current account","Payment Sense","","35.81","B127","","Gateway Charges","35.81","NONE","AUTHORISED","217ac313-a55b-4043-b1ef-ba37c54787cc"
"2017-10-27","SPEND","ULearn Limited Current account","Airport Taxi","POS25OCT AIRPORT TAXI","33","A104","","Airport Transfer","33","INPUT","AUTHORISED","b69c9616-c321-42cd-911a-51f42a3fbcfa"
"2017-10-25","SPEND","ULearn Limited Current account","Tesco","","20.33","B115B","","Ulearn Staff Entertainment ","20.33","INPUT","AUTHORISED","345a0d08-744f-4308-915d-424450112e39"
"2017-10-27","RECEIVE","ULearn Limited Current account","ULearn-Student","Valitor M3819957   GP","482.29","100","","Valitor Merch A/C","482.29","OUTPUT","AUTHORISED","3f25a2d4-2594-42df-85eb-b698c69df6b4"
"2017-10-27","SPEND","ULearn Limited Current account","Airport Taxi","POS25OCT AIRPORT TAXI","52","A104","","Airport Transfer","52","INPUT","AUTHORISED","7fe5e600-e69d-4f53-a246-4b268eb1da45"
"2017-10-27","SPEND","ULearn Limited Current account","Airport Taxi","POS25OCT AIRPORT TAXI","37","A104","","Airport Transfer","37","INPUT","AUTHORISED","527fbdb9-62b0-43fc-825a-bda197a9719a"
"2017-10-24","RECEIVE","ULearn Limited Current account","ULearn-Student","Valitor M3792198   GP","299.81","100","","Valitor Merch A/C","299.81","OUTPUT","AUTHORISED","fc2a3cba-baee-4677-a7f6-f5ece88a9389"
"2017-10-24","SPEND","ULearn Limited Current account","Zopim - CARD","P2010US 14.00@1.17647","11.9","B106","","Zopim Chat Module","11.9","INPUT","AUTHORISED","a80d450d-5cc8-454f-b852-454f624c6d9b"
"2017-10-25","SPEND","ULearn Limited Current account","SOFTWARE","POS23OCT ADOBE  CREAT","30.74","B106","","Software / Hosting","30.74","INPUT","AUTHORISED","6a602183-6b89-4edd-9aca-10cbfb6b1a96"
"2017-10-25","RECEIVE","ULearn Limited Current account","ULearn-Student","ULS2017 10 25 GP","10380.5","100","","ULearn-Student","10380.5","OUTPUT","AUTHORISED","fb673033-ed06-488d-ab8f-b761ee0144c1"
"2017-10-26","RECEIVE","ULearn Limited Current account","ULearn-Student","ULS2017 10 26 GP","2722.5","100","","ULearn-Student","2722.5","OUTPUT","AUTHORISED","b6a99008-5441-4302-a946-9c1c603caff1"
"2017-10-27","RECEIVE","ULearn Limited Current account","ULearn-Student","ULS2017 10 27 GP","260","100","","ULearn-Student","260","OUTPUT","AUTHORISED","8a42371a-0f3d-48d9-85fb-fc9f2f43dad2"
"2017-10-24","SPEND","ULearn Limited Current account","Keywaste - DD","","261.05","B102","","General Waste Bin","261.05","INPUT","AUTHORISED","35d8ddd2-4c0c-46e6-9d76-d246edc27e41"
"2017-10-25","RECEIVE","ULearn Limited Current account","BiG SMOKE BIG SMOK","","700","102","","They were Renting a classroom from us","700","NONE","AUTHORISED","bfc82a0f-22d4-4076-bfcd-fda50f03ef84"
"2017-10-27","RECEIVE","ULearn Limited Current account","ULearn-Student","ULEARN LIMITERD PE GP","1050","100","","ULearn-Student","1050","OUTPUT","AUTHORISED","dc64a991-11f2-41cf-ade8-8ae6d0b1f8c9"
"2017-10-27","SPEND","ULearn Limited Current account","JAVA REPUBLIC","Java Republic SEPA DD","276.31","B102","","Java Republic Coffee Machine etc","276.31","INPUT","AUTHORISED","79ab26d8-bea4-401c-a05a-62a22d5c8c2c"
"2017-03-29","RECEIVE","ULearn Limited Current account","ULearn-Student","","1355","101","","","1355","OUTPUT","AUTHORISED","31018309-8b28-4cb0-89d5-5e06ea352d13"
"2017-02-03","SPEND","ULearn Limited Current account","ULearn-Student","","100","101","","Noemi Martinez","100","OUTPUT","AUTHORISED","64f25b5a-4459-4d3d-9edc-b51cbb180672"
"2017-10-31","RECEIVE","ULearn Limited Current account","ULearn-Student","Valitor M3832531   GP","639.88","100","","Valitor Merch A/C","639.88","OUTPUT","AUTHORISED","85c10a44-bc01-415e-9d52-26fe4d52df65"
"2017-11-03","SPEND","ULearn Limited Current account","Airport Taxi","POS01NOV AIRPORT TAXI","33","A104","","Airport Transfer","33","INPUT","AUTHORISED","4297fc2c-4c3a-46f7-b6bf-16ae17a54e14"
"2017-10-31","RECEIVE","ULearn Limited Current account","ULearn-Student","ULS2017 10 31 GP","455","100","","ULearn-Student","455","OUTPUT","AUTHORISED","a5f3038d-03fe-47cc-8aed-a9928a0792c2"
"2017-10-31","RECEIVE","ULearn Limited Current account","ULearn-Student","Valitor M3826122   GP","3063.54","100","","Valitor Merch A/C","3063.54","OUTPUT","AUTHORISED","224ab62a-1357-43fd-b5bd-f7fcf1edc4eb"
"2017-10-31","SPEND","ULearn Limited Current account","Virgin Media","","83.99","A101","","Internet & TV Apartments","83.99","INPUT","AUTHORISED","4f36f5e5-fff4-493d-92ee-6fca26a9455a"
"2017-10-31","RECEIVE","ULearn Limited Current account","ULearn-Student","ULS2017 10 30 GP","1766","100","","ULearn-Student","1766","OUTPUT","AUTHORISED","f1c44696-3f75-4573-ac91-838b489f544f"
"2017-10-26","SPEND","ULearn Limited Current account","Camden Casket","","39","B115","","Ulearn ","39","INPUT","AUTHORISED","0535f543-8504-4d57-8f28-1c31a7f5c515"
"2017-10-26","SPEND","ULearn Limited Current account","Fresh","12569","203.45","B115B","","Ulearn entertainment ","203.45","INPUT","AUTHORISED","9c78ef3c-e563-4a57-b053-a44e96714436"
"2017-10-31","SPEND","ULearn Limited Current account","BOI BOL","BOI BOL CHARGE","10","B127","","Banking Online","10","NONE","AUTHORISED","55233fd8-568f-4d76-b49e-8f83f25871bf"
"2017-11-01","RECEIVE","ULearn Limited Current account","ULearn-Student","ULS2017 11 01 GP","7333","100","","ULearn-Student","7333","OUTPUT","AUTHORISED","d147e861-3679-4c99-a79f-ea32fbfaeb66"
"2017-11-01","RECEIVE","ULearn Limited Current account","ULearn-Student","Valitor M3838850   GP","4482.27","100","","Valitor Merch A/C","4482.27","OUTPUT","AUTHORISED","a05114ef-7e5f-4b6b-82c8-a59b525470c3"
"2017-11-01","SPEND","ULearn Limited Current account","SOFTWARE","POS CHG USD       30","0.52","B106","","Misc Software / Hosting","0.52","INPUT","AUTHORISED","06d33bed-0591-4b39-bc33-cf5b607963be"
"2017-10-27","SPEND","ULearn Limited Current account","4 Dame Lane","","1476","A109","","Student Party","1476","INPUT","AUTHORISED","72dbf913-fe95-45ad-b8f5-f197b0c5d0d0"
"2017-11-01","SPEND","ULearn Limited Current account","SOFTWARE","","0.18","B106","","Misc Software / Hosting","0.18","INPUT","AUTHORISED","c14848c9-f887-4863-a46b-818f4c271e72"
"2017-10-27","SPEND","ULearn Limited Current account","Fresh","","72","B113","","Drinks","72","INPUT","AUTHORISED","2a0fde42-7815-42fc-b8c4-4805ebc1d5a6"
"2017-11-02","SPEND","ULearn Limited Current account","EIRCOM","EIRCOM        SEPA DD","377.95","B104","","Telephone & Internet","377.95","INPUT","AUTHORISED","8d018219-9587-46ea-837a-906aed209b35"
"2017-11-01","SPEND","ULearn Limited Current account","GoDaddy.com, LLC - CARD","OS28OCT PAYPAL *GODA","8.79","B106","","Ulearn ","8.79","INPUT","AUTHORISED","7a172417-8e3b-4baa-9407-c7d8edfa6524"
"2017-11-01","SPEND","ULearn Limited Current account","HighRise - CARD","P3010US 49.00@1.15921","42.27","B106","","HighRise CRM Software","42.27","INPUT","AUTHORISED","c5b8a336-ff1f-4cc7-8ffb-0b2b55a3b087"
"2017-11-03","RECEIVE","ULearn Limited Current account","ULearn-Student","LATM CR 900113 0845","1395","100","","Cash Drop","1395","NONE","AUTHORISED","5108930d-7a59-4232-8e5b-50d1e9846da6"
"2017-11-03","RECEIVE","ULearn Limited Current account","ULearn-Student","Valitor M3853540 M GP","2468.46","100","","Valitor Merch A/C","2468.46","OUTPUT","AUTHORISED","445db4b6-d310-4398-b41b-8d941d3b4848"
"2017-11-03","SPEND","ULearn Limited Current account","LEIDY CAROLINA CASTILLO PATIÑO","","17.5","B126","","Bank feees","17.5","INPUT","AUTHORISED","c737f358-7f3c-44d6-b78d-f0a693d05cef"
"2017-11-01","SPEND","ULearn Limited Current account","SOFTWARE","POS CHG USD       49","0.85","B106","","Misc Software / Hosting","0.85","INPUT","AUTHORISED","f0f8b111-a705-4d6d-906d-94203d8b2bef"
"2017-11-01","SPEND","ULearn Limited Current account","First Data","","45.39","B127","","Gateway charges","45.39","NONE","AUTHORISED","3e18322d-ecf3-48d0-ab51-676170eedf25"
"2017-11-01","SPEND","ULearn Limited Current account","ToutApp - CARD","P3010US 30.00@1.15919","25.88","B106","","ToutApp Email Software","25.88","INPUT","AUTHORISED","00c9d7b4-5555-4099-bd72-ceca6dfe419f"
"2017-11-02","RECEIVE","ULearn Limited Current account","ULearn-Student","BRUNO ARAUJO BRUNO GP","2386.6","100","","ULearn-Student","2386.6","OUTPUT","AUTHORISED","7c1dbcef-9f50-4187-bf9f-59782406dec0"
"2017-11-03","RECEIVE","ULearn Limited Current account","ULearn-Student","ULS2017 11 03 GP","4441.5","100","","ULearn-Student","4441.5","OUTPUT","AUTHORISED","cdb70add-4653-46f9-8d9a-c9a41c7e3c2f"
"2017-11-02","SPEND","ULearn Limited Current account","Facebook - CARD","","362.36","B106","","Ulearn ","362.36","INPUT","AUTHORISED","690ef446-cac5-48a5-a73c-fcc4768fcf2f"
"2017-11-02","SPEND","ULearn Limited Current account","GoDaddy.com, LLC - CARD","","19.84","B106","","Ulearn","19.84","INPUT","AUTHORISED","ab30f368-d4b6-48e4-8bb5-3212562b2275"
"2017-11-03","RECEIVE","ULearn Limited Current account","ULearn-Student","P2016236 TAYNARA","300","100","","ULearn-Student","300","OUTPUT","AUTHORISED","07a0798f-f9c5-4320-9887-8da324694227"
"2017-11-03","SPEND","ULearn Limited Current account","JAVA REPUBLIC","Java Republic SEPA DD","284.13","B102","","Java Republic Coffee Machine etc","284.13","INPUT","AUTHORISED","d7b96fbe-dd08-49f8-995f-5c832ae97bdb"
"2017-11-02","RECEIVE","ULearn Limited Current account","ULearn-Student","ULS2017 11 02 GP","374","100","","ULearn-Student","374","OUTPUT","AUTHORISED","bcd16983-e166-4c0b-b82f-2fc854a11460"
"2017-10-31","SPEND-TRANSFER","ULearn Limited Current account","","","3810.72","ACC1","","Bank Transfer to ULearn Term Loan.","-3810.72","","AUTHORISED","4046e78a-909a-4ca4-9fa3-23dfc9cf45a9"
"2017-11-06","RECEIVE","ULearn Limited Current account","ULearn-Student","Valitor M3865057   GP","213.19","100","","Valitor Merch A/C","213.19","OUTPUT","AUTHORISED","367cb389-5df0-41b4-960c-7f554580db0f"
"2017-11-06","SPEND","ULearn Limited Current account","Google - CARD","POS02NOV GOOGLE *ADWS","500","B110","","Google Adwords","500","INPUT","AUTHORISED","6e6c1bfd-0197-4d83-a4ec-9e18b0be8216"
"2017-11-06","SPEND","ULearn Limited Current account","Virgin Media","","109.98","A101","","Internet & TV Apartments","109.98","INPUT","AUTHORISED","c52a067c-c9cc-49e7-8fd7-a9beb461a32b"
"2017-11-06","SPEND","ULearn Limited Current account","Google - CARD","POS02NOV GOOGLE *SVCS","88.56","B106","","Google Apps Bus","88.56","INPUT","AUTHORISED","a735c4f0-887c-4661-a029-eee8c8b432f9"
"2017-11-06","RECEIVE","ULearn Limited Current account","ULearn-Student","ULS2017 11 06 GP","2114.29","100","","ULearn-Student","2114.29","OUTPUT","AUTHORISED","b15d67af-71a3-4f9e-b538-b2a6b1a01caf"
"2017-11-06","RECEIVE","ULearn Limited Current account","ULearn-Student","TAYNARA DIAS TAYNA GP","300","100","","ULearn-Student","300","OUTPUT","AUTHORISED","52695a3c-aa84-4f52-ab9d-498ea2e24e18"
"2017-11-07","RECEIVE","ULearn Limited Current account","ULearn-Student","Valitor M3871515   GP","1846.97","100","","Valitor Merch A/C","1846.97","OUTPUT","AUTHORISED","b844cd0e-82d4-430c-9ba0-720137ef6568"
"2017-11-07","SPEND","ULearn Limited Current account","SOFTWARE","POS CHG USD        7","0.12","B106","","Misc Software / Hosting","0.12","INPUT","AUTHORISED","385c34b1-7acc-4d49-82e9-49180d43e1c1"
"2017-11-07","SPEND","ULearn Limited Current account","Github - CARD","P0311US  7.00@1.15894","6.04","B106","","Github Repos","6.04","INPUT","AUTHORISED","07226c5a-d980-4d9a-87ff-1d0da2df7026"
"2017-11-07","RECEIVE","ULearn Limited Current account","ULearn-Student","ULS2017 11 07 GP","3702","100","","ULearn-Student","3702","OUTPUT","AUTHORISED","a7be1eff-01a6-46cf-9a8e-25bc40c3b589"
"2017-11-08","RECEIVE","ULearn Limited Current account","ULearn-Student","Valitor M3877901   GP","2060.55","100","","Valitor Merch A/C","2060.55","OUTPUT","AUTHORISED","3e3fc14e-5866-4705-9947-a07bb26eb742"
"2017-11-08","SPEND","ULearn Limited Current account","Google - CARD","POS06NOV GOOGLE *ADWS","500","B110","","Google Adwords","500","INPUT","AUTHORISED","3dab3335-3881-43a3-ba1f-8a05ebbae00b"
"2017-11-09","RECEIVE","ULearn Limited Current account","ULearn-Student","Valitor M3893779   GP","3382.09","100","","Valitor Merch A/C","3382.09","OUTPUT","AUTHORISED","f6a334f3-23f3-4a80-86ca-c9493f15bc4b"
"2017-11-09","RECEIVE","ULearn Limited Current account","ULearn-Student","ULS2017 11 09 GP","2621.87","100","","ULearn-Student","2621.87","OUTPUT","AUTHORISED","3533ec70-e7fe-438d-80c5-fbe8376fbf8d"
"2017-11-10","RECEIVE","ULearn Limited Current account","ULearn-Student","Valitor M3899816   GP","135.38","100","","Valitor Merch A/C","135.38","OUTPUT","AUTHORISED","37e19b5a-326b-494f-9b89-0aafbf2c0aac"
"2017-11-10","SPEND","ULearn Limited Current account","Netflix","","9.99","B115A","","Ulearn","9.99","INPUT","AUTHORISED","de56aeee-635f-40c5-b73b-758839e88c1b"
"2017-11-03","SPEND","ULearn Limited Current account","Green Bench","","12.6","B115","","Coffee","12.6","INPUT","AUTHORISED","966d11d4-9e40-4738-b3eb-fb634c48f2d3"
"2017-11-08","SPEND","ULearn Limited Current account","SOFTWARE","POS CHG USD       19","0.35","B106","","Misc Software / Hosting","0.35","INPUT","AUTHORISED","f5f325db-87a9-424e-b6fe-08d6cfd8963f"
"2017-11-10","SPEND","ULearn Limited Current account","Akramkhodjaev Elyor","","17.5","B126","","Bank fees","17.5","INPUT","AUTHORISED","369beff0-bca9-4693-9f36-d2ef134cd2ce"
"2017-11-10","RECEIVE","ULearn Limited Current account","ULearn-Student","ULS2017 11 10 GP","805","100","","ULearn-Student","805","OUTPUT","AUTHORISED","ab71baf0-a21f-4736-918d-c3c50dea3911"
"2017-11-08","RECEIVE","ULearn Limited Current account","ULearn-Student","ULS2017 11 08 GP","162.5","100","","ULearn-Student","162.5","OUTPUT","AUTHORISED","e82380a5-7350-4da5-a156-1d6fe701fcd9"
"2017-11-08","SPEND","ULearn Limited Current account","Neil Mc Mahon","","10000","E113","","Neil Loan","10000","NONE","AUTHORISED","187ceb89-f23f-41ca-96ba-4140b4dae9dc"
"2017-11-09","SPEND","ULearn Limited Current account","Taxi","","15.4","A104","","Ulearn ","15.4","INPUT","AUTHORISED","586f6d41-183f-4ef6-9138-e912ff4074a4"
"2017-11-08","SPEND","ULearn Limited Current account","Cazoomi - SyncApps - CARD","P0611US 19.98@1.15758","17.26","B106","","Sync Apps Recurring Subscription","17.26","INPUT","AUTHORISED","a36ab805-0e58-4bbc-8166-8b96721247e9"
"2017-11-07","RECEIVE","ULearn Limited Current account","Yassin Alhanbarji","","2390","B123","","Return the money - Wrong beneficiary ","2390","INPUT","AUTHORISED","dddebe97-168b-4ec2-b0e9-c5283dc0436e"
"2017-11-10","SPEND","ULearn Limited Current account","Yassin Alhanbarji","RAOAA ABD AL SAMAD DD","2390","B123","","Refund for Yassin ","2390","INPUT","AUTHORISED","5e660b0a-426c-44a4-9cb7-dc23e8362b13"
"2017-11-10","RECEIVE","ULearn Limited Current account","ULearn-Student","P2017065 BRUNO","74","100","","ULearn-Student","74","OUTPUT","AUTHORISED","dceeb9d2-0722-479e-9427-79cd0752f516"
"2017-11-13","RECEIVE","ULearn Limited Current account","ULearn-Student","Valitor M3905982   GP","3264.41","100","","Valitor Merch A/C","3264.41","OUTPUT","AUTHORISED","d1dc30f4-e64d-4ed6-9dbb-270bd870231f"
"2017-11-14","RECEIVE","ULearn Limited Current account","ULearn-Student","Valitor M3912367   GP","368.66","100","","Valitor Merch A/C","368.66","OUTPUT","AUTHORISED","b1c7aaa4-c3f3-431d-92c5-7e8c373fa539"
"2017-11-15","SPEND","ULearn Limited Current account","EIRCOM","EIRCOM TIS    SEPA DD","62.42","B104","","Telephone & Internet","62.42","INPUT","AUTHORISED","19a9a1cf-19bf-4719-ae23-f0d85902733f"
"2017-11-14","SPEND","ULearn Limited Current account","Google - CARD","POS12NOV GOOGLE *ADWS","500","B110","","Google Adwords","500","INPUT","AUTHORISED","5bf457ae-c9f2-48d9-b7ee-3f4635b7286c"
"2017-11-15","RECEIVE","ULearn Limited Current account","ULearn-Student","Valitor M3918714   GP","2890.7","100","","Valitor Merch A/C","2890.7","OUTPUT","AUTHORISED","c5140bee-c671-4e6a-a82e-4617a902b4e0"
"2017-11-17","RECEIVE","ULearn Limited Current account","ULearn-Student","Valitor M3940574   GP","388.43","100","","Valitor Merch A/C","388.43","OUTPUT","AUTHORISED","43585bf1-3c98-4872-aed1-94b1e9618808"
"2017-11-16","RECEIVE","ULearn Limited Current account","ULearn-Student","Valitor M3934592   GP","2842.77","100","","Valitor Merch A/C","2842.77","OUTPUT","AUTHORISED","633272de-82a2-43a9-9eec-c5f0ec9bb66d"
"2017-11-17","RECEIVE","ULearn Limited Current account","ULearn-Student","LATM CR 900113 0845","1090","100","","Cash Drop","1090","NONE","AUTHORISED","0a9b8b0a-e1af-4ea9-87a4-7d574d9ba28e"
"2017-11-14","RECEIVE","ULearn Limited Current account","ULearn-Student","LATM CR 900113 0845","1545","100","","Cash Drop","1545","NONE","AUTHORISED","fc664a55-4bc7-43d6-8673-bd2591a97ef7"
"2017-11-09","SPEND","ULearn Limited Current account","PAYROLL","CONTRA            CTO","43817.77","E104B","","Payroll Bulk ","43817.77","NONE","AUTHORISED","91bc71b5-559e-4a6b-a564-0db7f112bb6a"
"2017-11-15","RECEIVE","ULearn Limited Current account","ULearn-Student","ULS2017 11 15 GP","5736.5","100","","ULearn-Student","5736.5","OUTPUT","AUTHORISED","3b434d52-0669-4385-bfec-b1daeb79adef"
"2017-11-16","RECEIVE","ULearn Limited Current account","ULearn-Student","ULS2017 11 16 GP","6884","100","","ULearn-Student","6884","OUTPUT","AUTHORISED","795119f5-7196-4db9-ab35-c2087506f306"
"2017-11-14","RECEIVE","ULearn Limited Current account","ULearn-Student","ULS2017 11 14 GP","2475","100","","ULearn-Student","2475","OUTPUT","AUTHORISED","0e0233e5-e089-4ce9-bfdc-0a3b0355919c"
"2017-11-14","RECEIVE","ULearn Limited Current account","ULearn-Student","22283518 P20171320 GP","90","100","","ULearn-Student","90","OUTPUT","AUTHORISED","a2c8a04b-1f43-401d-8009-6624a7421f47"
"2017-11-17","RECEIVE","ULearn Limited Current account","ULearn-Student","ULS2017 11 17 GP","657.5","100","","ULearn-Student","657.5","OUTPUT","AUTHORISED","7ec3e160-0707-4881-8606-40e3f21fc9a1"
"2017-10-24","RECEIVE","ULearn Limited Current account","ULearn-Student","ULS2017-10-24","8433.65","100","","Ulearn Student (7 payments)","8433.65","NONE","AUTHORISED","e300971f-f934-4af6-92db-a51974135b39"
"2017-11-13","RECEIVE","ULearn Limited Current account","ULearn-Student","ULS2017-11-13","4975","100","","Ulearn Student","4975","NONE","AUTHORISED","6c259229-fec6-4e0c-bf19-ff530b0fc0a1"
"2017-11-20","RECEIVE","ULearn Limited Current account","ULearn-Student","Valitor M3946811   GP","176.32","100","","Valitor Merch A/C","176.32","OUTPUT","AUTHORISED","eab8fa77-7d07-45e1-8603-565b23b2005f"
"2017-11-20","SPEND","ULearn Limited Current account","Keywaste - DD","Key Waste Man SEPA DD","5.68","B102","","General Waste Bin","5.68","INPUT","AUTHORISED","88044780-9572-43c5-8421-dc4a1070dee3"
"2017-11-20","SPEND","ULearn Limited Current account","MAILCHIMP - DD","POS16NOV MAILCHIMP","214.29","B106","","MailChimp Email Marketing","214.29","INPUT","AUTHORISED","4c508b7d-0dec-42f5-af09-8cd7af2d8a18"
"2017-11-20","SPEND","ULearn Limited Current account","Spotify","POS15NOV PAYPAL *SPOT","9.99","A108","","School Spotify Sub","9.99","INPUT","AUTHORISED","0d2f63f3-08d6-4321-b04d-120d27f9bb74"
"2017-11-20","RECEIVE","ULearn Limited Current account","ULearn-Student","ULS2017-11-20","2463","100","","Ulearn Student","2463","NONE","AUTHORISED","f22c939d-f0bc-4bd2-a9f0-a7224bf2ada1"
"2017-10-02","RECEIVE","ULearn Limited Current account","ULearn-Student","ULS2017-10-02","230","100","","Ulearn Student","230","NONE","AUTHORISED","0fb79fe5-3281-4212-86aa-7d4efde621af"
"2017-11-22","SPEND","ULearn Limited Current account","Di Luca","","8.6","B115","","Coffee","8.6","INPUT","AUTHORISED","ae0c96d9-26e0-4633-9edb-59e70892ad87"
"2017-11-24","SPEND","ULearn Limited Current account","SOFTWARE","POS22NOV ADOBE  CREAT","30.74","B106","","Software / Hosting","30.74","INPUT","AUTHORISED","7d056d52-0d00-4e2d-95bf-de00d1cf0ca2"
"2017-11-24","SPEND","ULearn Limited Current account","Airport Taxi","POS22NOV AIRPORT TAXI","48.13","A104","","Airport Transfer","48.13","INPUT","AUTHORISED","acfe59d4-b418-4d4b-b19b-70914d3b4023"
"2017-11-24","RECEIVE","ULearn Limited Current account","BiG SMOKE BIG SMOK","","700","102","","They were Renting a classroom from us","700","NONE","AUTHORISED","ff3871f4-d3a9-4c83-943d-a9cf8bb2092f"
"2017-11-24","SPEND","ULearn Limited Current account","SOFTWARE","POS CHG USD       14","0.24","B106","","Misc Software / Hosting","0.24","INPUT","AUTHORISED","ab92b6f4-d0c1-4420-a93d-c43eaa4a9058"
"2017-11-24","RECEIVE","ULearn Limited Current account","ULearn-Student","Valitor M3981588   GP","2445.25","100","","Valitor Merch A/C","2445.25","OUTPUT","AUTHORISED","277fc895-a94a-4e03-9c36-68b7ef81f4f3"
"2017-11-21","RECEIVE","ULearn Limited Current account","ULearn-Student","Valitor M3953290   GP","1369.42","100","","Valitor Merch A/C","1369.42","OUTPUT","AUTHORISED","5cfb19a1-1bf5-4359-8801-26e8cd6f066e"
"2017-11-22","SPEND","ULearn Limited Current account","BOI LIFE INSURANCE","OP/BoI LIFE   SEPA DD","51.03","B119","","Life Insurance BOI","51.03","INPUT","AUTHORISED","547a5f45-1c3a-427d-98d5-8d941ba6bdab"
"2017-11-23","RECEIVE","ULearn Limited Current account","ULearn-Student","LATM CR 900113 0845","2080","100","","Cash Drop","2080","NONE","AUTHORISED","e14a3381-b11d-43f0-b908-701335e3471b"
"2017-11-23","RECEIVE","ULearn Limited Current account","ULearn-Student","LATM CR 900113 0845","2000","100","","Cash Drop","2000","NONE","AUTHORISED","23a90358-928d-423c-904c-0acc8e8afb6b"
"2017-11-21","RECEIVE","ULearn Limited Current account","ULearn-Student","LUCAS MIRANDA","455","100","","ULearn-Student","455","OUTPUT","AUTHORISED","78eb77d7-7063-4330-bddd-d1b890e393a6"
"2017-11-22","RECEIVE","ULearn Limited Current account","ULearn-Student","ULS2017 11 22 GP","893","100","","ULearn-Student","893","OUTPUT","AUTHORISED","fca80cad-f6b7-48c7-80d7-e3fea268ce78"
"2017-11-23","RECEIVE","ULearn Limited Current account","ULearn-Student","P20171404 TIME2 TR","2075","100","","ULearn-Student","2075","OUTPUT","AUTHORISED","5b773db8-470d-446a-8a26-7766f08d84ca"
"2017-11-23","RECEIVE","ULearn Limited Current account","ULearn-Student","ULS2017 11 23 GP","5669","100","","ULearn-Student","5669","OUTPUT","AUTHORISED","989b5434-7058-4855-801b-f5a49cffcdfb"
"2017-11-23","RECEIVE","ULearn Limited Current account","ULearn-Student","Valitor M3975580   GP","3650.77","100","","Valitor Merch A/C","3650.77","OUTPUT","AUTHORISED","316cde9d-575c-46bb-a8a8-16d33abcee64"
"2017-11-23","RECEIVE","ULearn Limited Current account","ULearn-Student","CRISTIAN","305","100","","ULearn-Student","305","OUTPUT","AUTHORISED","3ce7463f-1f2b-411e-b188-35f74544ad5a"
"2017-11-23","SPEND","ULearn Limited Current account","BOI LIFE INSURANCE","OP/BoI LIFE   SEPA DD","47.05","B119","","Life Insurance BOI","47.05","INPUT","AUTHORISED","0a08fbaf-6e95-44ad-afe8-cb50f3800536"
"2017-11-23","SPEND","ULearn Limited Current account","SOFTWARE","POS CHG USD       30","0.51","B106","","Misc Software / Hosting","0.51","INPUT","AUTHORISED","2d337a10-7665-4457-8738-9496e84aa867"
"2017-11-23","SPEND","ULearn Limited Current account","THE HR COMPANY - DD","The HR Compan SEPA DD","110.7","B118","","HR Company Consult","110.7","INPUT","AUTHORISED","7f46d269-9251-4d7d-ac91-609ce5983892"
"2017-11-24","RECEIVE","ULearn Limited Current account","ULearn-Student","LATM CR 900113 0845","4250","100","","Cash Drop","4250","NONE","AUTHORISED","c6c7acad-7f36-487c-9ec9-b77168c11d51"
"2017-11-21","SPEND","ULearn Limited Current account","Flogas SEPA - DD","","78.7","B105","","Flogas","78.7","INPUT","AUTHORISED","ee423315-c120-479f-94c8-ab2d757b51f3"
"2017-11-21","SPEND","ULearn Limited Current account","Flogas SEPA - DD","","130.64","B105","","Flogas","130.64","INPUT","AUTHORISED","277d4727-7c7f-45ef-9aa9-f94d79cc03ca"
"2017-11-21","SPEND","ULearn Limited Current account","Flogas SEPA - DD","","76.24","B105","","Flogas","76.24","INPUT","AUTHORISED","fc62a4f6-b2f4-4b9f-a682-416a97c0eb26"
"2017-11-21","SPEND","ULearn Limited Current account","Flogas SEPA - DD","","83.92","B105","","Flogas","83.92","INPUT","AUTHORISED","f154b27a-371d-4b61-8d69-57a701f34bd9"
"2017-11-21","SPEND","ULearn Limited Current account","Flogas SEPA - DD","","109.75","B105","","Flogas","109.75","INPUT","AUTHORISED","75147367-1c85-455e-9a03-8225f3398972"
"2017-11-24","SPEND","ULearn Limited Current account","Zopim - CARD","P2111US 14.00@1.17351","11.93","B106","","Zopim Chat Module","11.93","INPUT","AUTHORISED","5e6b3849-9e52-4526-8893-a503287c9123"
"2017-11-24","RECEIVE","ULearn Limited Current account","ULearn-Student","ULS2017 11 24 GP","1525","100","","ULearn-Student","1525","OUTPUT","AUTHORISED","93f7aafd-3a88-483f-bea1-36d26d8e3510"
"2017-11-23","SPEND","ULearn Limited Current account","Companies Registration Office","9098786","3.5","B118A","","Document for admin","3.5","INPUT","AUTHORISED","fa7dc81f-92bf-45ca-9a29-d4e080fdb546"
"2017-11-24","SPEND","ULearn Limited Current account","Hartstown Heating & Plumbing","Invoice 0300 - cheque 2172","160","B103","","Fitted WC Ulearn nº13 ","160","INPUT","AUTHORISED","af8c44d5-951c-4157-a252-d1969033a731"
"2017-11-27","RECEIVE","ULearn Limited Current account","ULearn-Student","Valitor M3987868   GP","1244.63","100","","Valitor Merch A/C","1244.63","OUTPUT","AUTHORISED","d0df50c4-5aa2-4828-9bc4-f0bb86ed0d41"
"2017-11-27","RECEIVE","ULearn Limited Current account","ULearn-Student","ULS2017 11 27 GP","3421.6","100","","ULearn-Student","3421.6","OUTPUT","AUTHORISED","8bc763e9-803d-4778-a15c-1bfd447dc9ce"
"2017-11-28","RECEIVE","ULearn Limited Current account","ULearn-Student","Valitor M3994373   GP","4324.53","100","","Valitor Merch A/C","4324.53","OUTPUT","AUTHORISED","0003183d-699f-4655-953d-eb294e2f112d"
"2017-11-24","SPEND","ULearn Limited Current account","The Jar","","17.2","B115","","Drinks","17.2","INPUT","AUTHORISED","472e1abe-ea42-4e32-a4de-30bae7e93ad9"
"2017-11-24","SPEND","ULearn Limited Current account","The Jar","","33.6","B115","","Drinks","33.6","INPUT","AUTHORISED","51d3536c-45d4-4328-876a-2f3aeef1aa4b"
"2017-11-24","SPEND","ULearn Limited Current account","The Jar","","34.1","B115","","Drinks","34.1","INPUT","AUTHORISED","9aaea976-d9f1-4068-bd2e-c8458c71a5dd"
"2017-11-24","SPEND","ULearn Limited Current account","The Jar","","28.2","B115","","Drinks","28.2","INPUT","AUTHORISED","594eb091-cf3d-4db2-907d-8ab83610fd02"
"2017-11-24","SPEND","ULearn Limited Current account","The Jar","","11","B115","","Drinks","11","INPUT","AUTHORISED","7b594238-48bb-46a4-8805-f54108938dfd"
"2017-11-24","SPEND","ULearn Limited Current account","The Jar","","17.2","B115","","Drinks","17.2","INPUT","AUTHORISED","cdb18e48-0e47-4269-bfce-b0c6811d106d"
"2017-11-24","SPEND","ULearn Limited Current account","The Jar","","28.6","B115","","Drinks","28.6","INPUT","AUTHORISED","379ef83e-f7ea-4315-a012-f1d35d557d05"
"2017-11-24","SPEND","ULearn Limited Current account","The Jar","","33.6","B115","","Drinks","33.6","INPUT","AUTHORISED","a60391ad-6789-41b5-9880-5079edab0308"
"2017-11-28","SPEND","ULearn Limited Current account","BOI BOL","BOI BOL CHARGE","10","B127","","Banking Online","10","NONE","AUTHORISED","ce0475d6-4eed-40a3-ab13-e4f6c0efc905"
"2017-11-28","SPEND","ULearn Limited Current account","SOFTWARE","POS CHG USD       48","0.81","B106","","Misc Software / Hosting","0.81","INPUT","AUTHORISED","440bebad-763d-4337-89f3-1157643238d8"
"2017-11-29","SPEND","ULearn Limited Current account","SOFTWARE","","0.18","B106","","Misc Software / Hosting","0.18","INPUT","AUTHORISED","34e7d685-4e5f-4112-81fd-4300474ba56e"
"2017-11-29","RECEIVE","ULearn Limited Current account","ULearn-Student","Valitor M4000557   GP","8463.56","100","","Valitor Merch A/C","8463.56","OUTPUT","AUTHORISED","b4bfecc6-baa5-4250-a884-23c4ca7d1ebf"
"2017-11-27","SPEND","ULearn Limited Current account","Dylan Hotel","120927","400","B115","","Staff - Christmas Dinner","400","INPUT","AUTHORISED","80460150-ccbd-4f39-a3f8-caec2b2289bb"
"2017-11-30","SPEND-TRANSFER","ULearn Limited Current account","","","3810.72","ACC1","","Bank Transfer to ULearn Term Loan.","-3810.72","","AUTHORISED","59360e31-6fb9-437c-bb8c-50b3134f4330"
"2017-11-30","SPEND","ULearn Limited Current account","SOFTWARE","POS CHG USD       49","0.83","B106","","Misc Software / Hosting","0.83","INPUT","AUTHORISED","d6ca1f8d-2c3c-4f28-950b-881ab013d367"
"2017-11-30","RECEIVE","ULearn Limited Current account","ULearn-Student","LATM CR 900113 0845","670","100","","Cash Drop","670","NONE","AUTHORISED","6d6190da-e54d-4234-87da-611387f28516"
"2017-11-30","RECEIVE","ULearn Limited Current account","ULearn-Student","Valitor M4016454   GP","1858.31","100","","Valitor Merch A/C","1858.31","OUTPUT","AUTHORISED","58302564-ce3b-4f9e-a592-81200116dbbc"
"2017-12-01","SPEND","ULearn Limited Current account","Payment Sense","","36.21","B127","","Gateway Charges","36.21","NONE","AUTHORISED","c8452b43-467e-4584-91a0-38f46b7d8644"
"2017-12-01","RECEIVE","ULearn Limited Current account","ULearn-Student","Valitor M4022581   GP","401.74","100","","Valitor Merch A/C","401.74","OUTPUT","AUTHORISED","882757f9-6d1f-4719-8b02-d4c6aa257d98"
"2017-12-01","SPEND","ULearn Limited Current account","First Data","","45.39","B127","","Gateway charges","45.39","NONE","AUTHORISED","d8d7f460-83e8-4fb7-9254-395bef5cbde8"
"2017-12-01","RECEIVE","ULearn Limited Current account","ULearn-Student","P20171389 ROGERIO GP","709","100","","ULearn-Student","709","OUTPUT","AUTHORISED","32f5e546-90ce-42e3-beff-b27264d6c09d"
"2017-11-30","SPEND","ULearn Limited Current account","HighRise - CARD","P2811US 49.00@1.18271","41.43","B106","","HighRise CRM Software","41.43","INPUT","AUTHORISED","5e47d818-d7bb-4c71-a01b-e7e1faac39c9"
"2017-11-30","SPEND","ULearn Limited Current account","GoDaddy.com, LLC - CARD","","8.54","B106","","Ulearn ","8.54","INPUT","AUTHORISED","368cfd95-89bf-4d2f-8498-9d631336347b"
"2017-11-30","RECEIVE","ULearn Limited Current account","ULearn-Student","ULS2017 11 30 GP","108.75","100","","ULearn-Student","108.75","OUTPUT","AUTHORISED","16c8433a-af9a-4080-a566-3593d6da30c5"
"2017-12-01","RECEIVE","ULearn Limited Current account","ULearn-Student","ULS2017 12 01 GP","6797.5","100","","ULearn-Student","6797.5","OUTPUT","AUTHORISED","3573d10b-0332-4ba5-908b-6c804e2143c1"
"2017-11-30","SPEND","ULearn Limited Current account","EIRCOM","","253.79","B104","","Ulearn ","253.79","INPUT","AUTHORISED","cb28da80-ac0b-48ed-913a-66416bc18fb5"
"2017-11-28","SPEND","ULearn Limited Current account","Google - CARD","POS25NOV GOOGLE *ADWS","500","B110","","Google Adwords","500","INPUT","AUTHORISED","f8f665f2-a2a6-4cf5-94cb-8c43c89fb763"
"2017-11-28","SPEND","ULearn Limited Current account","Virgin Media","","83.99","A101","","Internet & TV Apartments","83.99","INPUT","AUTHORISED","ed714132-cb03-4b71-955d-11b50225f493"
"2017-11-29","RECEIVE","ULearn Limited Current account","ULearn-Student","ULS2017 11 29 GP","701","100","","ULearn-Student","701","OUTPUT","AUTHORISED","ffa8faac-fd54-440f-97aa-9c621d2f5adc"
"2017-11-28","RECEIVE","ULearn Limited Current account","ULearn-Student","ULS2017 11 28 GP","8546","100","","ULearn-Student","8546","OUTPUT","AUTHORISED","bbd59cec-e9a7-4b13-a9b8-3716664b2c1e"
"2017-12-04","RECEIVE","ULearn Limited Current account","ULearn-Student","Valitor M4028922   GP","3554.23","100","","Valitor Merch A/C","3554.23","OUTPUT","AUTHORISED","26b28fbd-c480-4b50-915d-93ed89f4d78d"
"2017-12-04","RECEIVE","ULearn Limited Current account","ULearn-Student","ULS2017 12 04 GP","1940","100","","ULearn-Student","1940","OUTPUT","AUTHORISED","aa65682f-aed3-4a08-9663-b8d3f4c465d0"
"2017-12-04","SPEND","ULearn Limited Current account","SOFTWARE","POS CHG USD       30","0.51","B106","","Misc Software / Hosting","0.51","INPUT","AUTHORISED","d2108c2e-ab02-48c3-818b-79cf2fcf0702"
"2017-12-04","SPEND","ULearn Limited Current account","ToutApp - CARD","P3011US 30.00@1.18063","25.41","B106","","ToutApp Email Software","25.41","INPUT","AUTHORISED","11f20a45-4d45-4195-9b06-1a7e46cc96c5"
"2017-12-01","SPEND","ULearn Limited Current account","JAVA REPUBLIC","Java Republic SEPA DD","284.13","B102","","Java Republic Coffee Machine etc","284.13","INPUT","AUTHORISED","29565e64-b2da-496b-9a32-ef9c68b705cb"
"2017-12-07","RECEIVE","ULearn Limited Current account","ULearn-Student","Valitor M4058461   GP","1871.9","100","","Valitor Merch A/C","1871.9","OUTPUT","AUTHORISED","6b489d6a-1043-44ca-b287-9f4728529242"
"2017-12-07","SPEND","ULearn Limited Current account","Bord Gais Energy - DD","BORD GAIS EIR SEPA DD","414.99","B105","","Gas ","414.99","INPUT","AUTHORISED","47df47fc-ef99-491d-8e4a-e886ddb79852"
"2017-12-07","RECEIVE","ULearn Limited Current account","ULearn-Student","ULS2017 12 07 GP","3633.5","100","","ULearn-Student","3633.5","OUTPUT","AUTHORISED","73f1b077-223c-4a90-85b1-b953f6c97ccf"
"2017-12-05","SPEND","ULearn Limited Current account","Google - CARD","POS02DEC GOOGLE *ADWS","500","B110","","Google Adwords","500","INPUT","AUTHORISED","0000237f-c421-4ceb-a34a-385c356ae256"
"2017-12-05","SPEND","ULearn Limited Current account","Facebook - CARD","","86.76","B110","","","86.76","INPUT","AUTHORISED","ef13582d-a088-4724-9e16-de1cb1d8daa1"
"2017-12-05","SPEND","ULearn Limited Current account","Github - CARD","P0312US  7.00@1.18443","5.91","B106","","Github Repos","5.91","INPUT","AUTHORISED","18a23d13-26b5-46a7-acfc-f9f07c8df4a8"
"2017-12-05","SPEND","ULearn Limited Current account","Virgin Media","","109.98","A101","","Internet & TV Apartments","109.98","INPUT","AUTHORISED","22a734fa-f4d7-4a9a-84a4-e7a2792af850"
"2017-12-06","RECEIVE","ULearn Limited Current account","ULearn-Student","Valitor M4042214   GP","824.32","100","","Valitor Merch A/C","824.32","OUTPUT","AUTHORISED","1141f633-c1d0-4b06-b4e2-f620c59d881a"
"2017-12-04","SPEND","ULearn Limited Current account","Dublin Bus","","1680","A104","","Bus Tickets","1680","INPUT","AUTHORISED","209b50c2-8226-42de-abac-cc9088bfc662"
"2017-12-05","SPEND","ULearn Limited Current account","Netflix","","10.99","B115A","","Ulearn","10.99","INPUT","AUTHORISED","2dd1aab7-b731-47a9-b751-73636f4dacf5"
"2017-12-05","RECEIVE","ULearn Limited Current account","ULearn-Student","Valitor M4035600   GP","258.73","100","","Valitor Merch A/C","258.73","OUTPUT","AUTHORISED","60379196-f145-445d-ae78-10884a9b3a95"
"2017-12-05","SPEND","ULearn Limited Current account","Google - CARD","POS02DEC GOOGLE *SVCS","88.56","B106","","Google Apps Bus","88.56","INPUT","AUTHORISED","69c87142-bbf7-4652-a968-3ab4535230f9"
"2017-12-05","RECEIVE","ULearn Limited Current account","ULearn-Student","","4150","100","","Course Fees","4150","OUTPUT","AUTHORISED","feddd2b5-a9ec-415d-89b0-e173269cdadd"
"2017-12-05","RECEIVE","ULearn Limited Current account","ULearn-Student","ULS2017 12 05 GP","3200","100","","ULearn-Student","3200","OUTPUT","AUTHORISED","6ce17a65-a7b8-4e9c-a1a9-4aa3356923e6"
"2017-12-05","SPEND","ULearn Limited Current account","SOFTWARE","POS CHG USD        7","0.12","B106","","Misc Software / Hosting","0.12","INPUT","AUTHORISED","15639751-6506-410b-9cd7-75c0ca6526f7"
"2017-12-05","SPEND","ULearn Limited Current account","Facebook - CARD","","55.87","B110","","","55.87","INPUT","AUTHORISED","91aa6207-2ad2-453e-8346-f72f768a486f"
"2017-12-06","RECEIVE","ULearn Limited Current account","ULearn-Student","ULS2017 12 06 GP","432.5","100","","ULearn-Student","432.5","OUTPUT","AUTHORISED","21bfdeaa-9584-4f9f-804d-795670b3b245"
"2017-12-06","SPEND","ULearn Limited Current account","Google - CARD","","3.99","B106","","Ulearn ","3.99","INPUT","AUTHORISED","ea86a220-73b6-430f-9008-2565a902dee8"
"2017-11-21","SPEND","ULearn Limited Current account","Google - CARD","POS17NOV PAYPAL *GOOG","2.99","B106","","Ulearn ","2.99","INPUT","AUTHORISED","c064c46e-7dba-4846-9c63-262a32e65b6b"
"2017-11-21","SPEND","ULearn Limited Current account","Google - CARD","POS18NOV GOOGLE*ADWS1","500","B106","","Ulearn","500","INPUT","AUTHORISED","39ec6608-9f07-411e-ae4f-4efbfa8bf418"
"2017-12-06","SPEND","ULearn Limited Current account","Google - CARD","POS03DEC PAYPAL *GOOG","3.99","B106","","Ulearn ","3.99","INPUT","AUTHORISED","8c25f76f-1ee5-421e-99c2-927efade4668"
"2017-12-06","SPEND","ULearn Limited Current account","Martin Services - CARD","1100000144","47.6","B102","","Ulearn - Supplies ","47.6","TAX005","AUTHORISED","c2aa1baf-4d3c-460d-80a3-7a6a7177d99d"
"2017-12-08","RECEIVE","ULearn Limited Current account","ULearn-Student","Valitor M4064810   GP","3750.15","100","","Valitor Merch A/C","3750.15","OUTPUT","AUTHORISED","2a503859-9cc6-4e73-8859-22f578494623"
"2017-12-08","SPEND","ULearn Limited Current account","SOFTWARE","POS CHG USD       19","0.34","B106","","Misc Software / Hosting","0.34","INPUT","AUTHORISED","110f780c-4c99-475d-b608-ce2c4a1b6f2c"
"2017-12-08","RECEIVE","ULearn Limited Current account","ULearn-Student","ULS2017 12 08 GP","975","100","","ULearn-Student","975","OUTPUT","AUTHORISED","f1a56bc5-88e7-4b97-a352-d12e464f8c51"
"2017-12-08","SPEND","ULearn Limited Current account","Cazoomi - SyncApps - CARD","P0612US 19.98@1.17806","16.96","B106","","Sync Apps Recurring Subscription","16.96","INPUT","AUTHORISED","6113260d-b312-447d-95e5-6c883376195c"
"2017-11-21","SPEND","ULearn Limited Current account","click a courier","D284550","6.39","B102","","Deliver to 16 Castle st","6.39","TAX005","AUTHORISED","50f7aa52-ed80-44b4-bc9d-bd6d291f2b87"
"2017-12-07","SPEND","ULearn Limited Current account","Fresh","Christmas Party","235.75","B115A","","Christmas Party - students","235.75","INPUT","AUTHORISED","1f1aa5f6-a61f-4364-bdfd-69af4676d8d4"
"2017-12-11","SPEND","ULearn Limited Current account","Google - CARD","POS07DEC GOOGLE *ADWS","500","B110","","Google Adwords","500","INPUT","AUTHORISED","11b3f17f-229b-4803-9640-798516a915c0"
"2017-12-11","RECEIVE","ULearn Limited Current account","ULearn-Student","LATM CR 900113 0845","2745","100","","Cash Drop","2745","NONE","AUTHORISED","96081456-73b6-4a1a-ba4e-22c00da2c7f4"
"2017-12-11","RECEIVE","ULearn Limited Current account","ULearn-Student","ULS2017 12 11 GP","2935","100","","ULearn-Student","2935","OUTPUT","AUTHORISED","11287c88-340f-4576-90ae-93d6b3ea9e28"
"2017-12-11","RECEIVE","ULearn Limited Current account","ULearn-Student","ULEARN16792","2287.5","100","","ULearn-Student","2287.5","OUTPUT","AUTHORISED","00330f46-db07-4f6e-9b4b-b14a548fe229"
"2017-12-13","RECEIVE","ULearn Limited Current account","ULearn-Student","Valitor M4082999   GP","2387.76","100","","Valitor Merch A/C","2387.76","OUTPUT","AUTHORISED","caa9d27b-0206-477f-a70a-56b5e3a10eda"
"2017-12-14","RECEIVE","ULearn Limited Current account","ULearn-Student","Valitor M4099374   GP","1268.33","100","","Valitor Merch A/C","1268.33","OUTPUT","AUTHORISED","920716ca-2b3e-45c0-a597-308d3fd9b1ba"
"2017-12-14","RECEIVE","ULearn Limited Current account","ULearn-Student","CAROLINA BORIM","35","100","","ULearn-Student","35","OUTPUT","AUTHORISED","f3d6692b-abf9-4532-b2bc-447ebad151ab"
"2017-12-13","RECEIVE","ULearn Limited Current account","ULearn-Student","ULS2017 12 13 GP","2717","100","","ULearn-Student","2717","OUTPUT","AUTHORISED","96c12909-c85f-4951-92cd-e6e546d2a361"
"2017-12-12","RECEIVE","ULearn Limited Current account","ULearn-Student","Valitor M4076184   GP","2217.38","100","","Valitor Merch A/C","2217.38","OUTPUT","AUTHORISED","7988c0f2-acfd-4e7d-871e-97c3b91a2a57"
"2017-12-08","SPEND","ULearn Limited Current account","Whelan's Pub","","900","A109","","Xmas students party","900","INPUT","AUTHORISED","b798ee06-5ae9-4f34-9f8d-550bec29e743"
"2017-12-12","RECEIVE","ULearn Limited Current account","ULearn-Student","LATM CR 900113 0845","788","100","","Cash Drop","788","NONE","AUTHORISED","0b84c652-4c07-4709-9c1a-2ca7207875ee"
"2017-12-12","RECEIVE","ULearn Limited Current account","ULearn-Student","ULS2017 12 12 GP","1710","100","","ULearn-Student","1710","OUTPUT","AUTHORISED","8f8247b0-6681-47f6-9d33-a472ec222228"
"2017-12-12","RECEIVE","ULearn Limited Current account","ULearn-Student","","455","100","","ULearn-Student","455","OUTPUT","AUTHORISED","71778f24-9b44-4af3-ad95-f25f2f6832ad"
"2017-12-12","RECEIVE","ULearn Limited Current account","GAMZE İNCİ","","107.5","B123","","Return the money - Wrong beneficiary","107.5","INPUT","AUTHORISED","d5c5c47e-f749-443f-bf7e-6d8898a0e80d"
"2017-12-15","RECEIVE","ULearn Limited Current account","ULearn-Student","Valitor M4105756   GP","33.63","100","","Valitor Merch A/C","33.63","OUTPUT","AUTHORISED","01adcdbd-965e-4e50-b776-3fff5a77c97b"
"2017-12-15","RECEIVE","ULearn Limited Current account","ULearn-Student","ULS2017 12 15 GP","6448.76","100","","ULearn-Student","6448.76","OUTPUT","AUTHORISED","f42afbee-5fb0-49fb-99f8-138e6b01145b"
"2017-12-15","SPEND","ULearn Limited Current account","Ciaran Mc Mahon","","399","104","","Ikea - refund (Ciaran paid with his card)","399","OUTPUT","AUTHORISED","6c235b02-a12d-4080-aa85-2ac1fc439673"
"2017-12-15","RECEIVE","ULearn Limited Current account","ULearn-Student","LINGUATRIP INC. GP","608","100","","Ulearn Student","608","OUTPUT","AUTHORISED","9713ce8f-0cc0-4610-94b2-aa72f146fb20"
"2017-11-21","RECEIVE","ULearn Limited Current account","ULearn-Student","ULS944367871","845","100","","Ulearn Student","845","NONE","AUTHORISED","60e2904c-7ffb-43ee-ac5c-ff840bfb0818"
"2017-12-15","SPEND","ULearn Limited Current account","Argos","","24.99","B102","","Ulearn","24.99","INPUT","AUTHORISED","00693313-da83-480c-bac9-37a784a61be1"
"2017-12-18","RECEIVE","ULearn Limited Current account","ULearn-Student","Valitor M4112367   GP","1998.25","100","","Valitor Merch A/C","1998.25","OUTPUT","AUTHORISED","2598dfaa-4344-427f-bc71-203dd889ff1f"
"2017-12-18","RECEIVE","ULearn Limited Current account","ULearn-Student","LATM CR 900113 0845","1030","100","","Cash Drop","1030","NONE","AUTHORISED","315a5a90-0ea0-429f-8c4a-4daa78f4955b"
"2017-12-18","RECEIVE","ULearn Limited Current account","ULearn-Student","ULS2017 12 18 GP","2107","100","","ULearn-Student","2107","OUTPUT","AUTHORISED","795e0343-7959-426a-924d-9ba91bdebbf4"
"2017-12-18","RECEIVE","ULearn Limited Current account","ULearn-Student","VINICIUS P R","509","100","","ULearn-Student","509","OUTPUT","AUTHORISED","30001e14-8372-4d18-95f6-bed9dc0e5c5c"
"2017-12-19","SPEND","ULearn Limited Current account","Flogas SEPA - DD","","128.37","B105","","Flogas","128.37","INPUT","AUTHORISED","f0371f95-8a56-4abd-b1c8-2d26e474869c"
"2017-12-19","SPEND","ULearn Limited Current account","SOFTWARE","POS CHG USD       30","0.51","B106","","Misc Software / Hosting","0.51","INPUT","AUTHORISED","8a5445dc-9ff8-44ab-b78f-45594394522e"
"2017-12-19","SPEND","ULearn Limited Current account","Flogas SEPA - DD","","70.38","B105","","Flogas","70.38","INPUT","AUTHORISED","7e7f6dcb-f4d9-412b-bd82-8d4b266db1cd"
"2017-12-17","SPEND","ULearn Limited Current account","Xero Subscription - CARD","IN-836956","25.54","B106","","ULearn. Monthly Subscription, Standard Price Plan, 17 Nov 2017 to 16 Dec 2017. ","25.54","INPUT","AUTHORISED","0266483d-16ab-402c-9ffc-06057e3db32c"
"2017-12-15","SPEND","ULearn Limited Current account","Dylan Hotel","","2658.99","B115","","Staff Xmas Party","2658.99","INPUT","AUTHORISED","be0074f5-80e0-4127-9881-a76deae4c6eb"
"2017-12-19","SPEND","ULearn Limited Current account","Spotify","POS15DEC PAYPAL *SPOT","9.99","A108","","School Spotify Sub","9.99","INPUT","AUTHORISED","9a55237b-3012-4a34-bae3-138e3c7e6d2c"
"2017-12-19","RECEIVE","ULearn Limited Current account","ULearn-Student","Valitor M4119240   GP","434.82","100","","Valitor Merch A/C","434.82","OUTPUT","AUTHORISED","f03a3c63-8bd4-477e-bca4-d5c89e2f637f"
"2017-12-19","RECEIVE","ULearn Limited Current account","ULearn-Student","ULS2017 12 19 GP","4537.5","100","","ULearn-Student","4537.5","OUTPUT","AUTHORISED","8fcb4a45-ec26-47e3-87c2-acc55ce78ce7"
"2017-12-19","RECEIVE","ULearn Limited Current account","ULearn-Student","2XTIME 2 TRAVEL (T2T","4895","100","","ULearn-Student","4895","OUTPUT","AUTHORISED","95337237-265d-456a-9bf2-4aa1059888ba"
"2017-12-19","SPEND","ULearn Limited Current account","Flogas SEPA - DD","","105.98","B105","","Flogas","105.98","INPUT","AUTHORISED","33091a7c-0eda-4900-b4a8-51718ce3fd3d"
"2017-12-19","SPEND","ULearn Limited Current account","Flogas SEPA - DD","","79.02","B105","","Flogas","79.02","INPUT","AUTHORISED","cc3c8490-1f7d-4430-a9eb-aad601e46a8a"
"2017-12-19","SPEND","ULearn Limited Current account","EIRCOM","EIRCOM TIS    SEPA DD","62.42","B104","","Telephone & Internet","62.42","INPUT","AUTHORISED","691a95ae-3cb7-4982-89ee-5200ac282f48"
"2017-12-19","SPEND","ULearn Limited Current account","Flogas SEPA - DD","","72.87","B105","","Flogas","72.87","INPUT","AUTHORISED","c1b0c146-9b6c-4cd5-b48e-d788d7d12415"
"2017-12-20","SPEND","ULearn Limited Current account","Google - CARD","POS18DEC GOOGLE *ADWS","500","B110","","Google Adwords","500","INPUT","AUTHORISED","8a58f104-30d9-45cb-b29b-f85bd4077aeb"
"2017-12-20","RECEIVE","ULearn Limited Current account","ULearn-Student","Valitor M4125993   GP","1292.99","100","","Valitor Merch A/C","1292.99","OUTPUT","AUTHORISED","79548e2e-b53b-4510-a0d3-417d988746e5"
"2017-12-22","RECEIVE","ULearn Limited Current account","ULearn-Student","LATM CR 900113 0845","1725","100","","Cash Drop","1725","NONE","AUTHORISED","faed81ea-a5ad-4436-9a8f-7be4bf60592b"
"2017-12-22","RECEIVE","ULearn Limited Current account","ULearn-Student","Valitor M4143765   GP","4312.34","100","","Valitor Merch A/C","4312.34","OUTPUT","AUTHORISED","d61387b1-ed57-4d42-b2b6-8bfd26d61a87"
"2017-12-22","SPEND","ULearn Limited Current account","SOKOLOV NIKITA","","17.5","B126","","Bank charge","17.5","INPUT","AUTHORISED","d4b7e06d-e04c-44b3-aaf8-91abe429acd5"
"2017-12-22","RECEIVE","ULearn Limited Current account","ULearn-Student","4XVITAL LANGUAGE B","3922.5","100","","ULearn-Student","3922.5","OUTPUT","AUTHORISED","aa089eb2-a50a-485e-b6e2-d5e7c0338f5c"
"2017-12-22","RECEIVE","ULearn Limited Current account","ULearn-Student","ULS2017 12 22 GP","7961.71","100","","ULearn-Student","7961.71","OUTPUT","AUTHORISED","ade2f536-896f-4fd6-b806-e7f69d420866"
"2017-12-21","SPEND","ULearn Limited Current account","PAYROLL","CONTRA            CTO","41267.27","E104B","","Payroll Bulk ","41267.27","NONE","AUTHORISED","d9e4aca6-cee2-4fd4-b92a-52ebf79f22b7"
"2017-12-22","SPEND","ULearn Limited Current account","Airport Taxi","POS20DEC AIRPORT TAXI","33","A104","","Airport Transfer","33","INPUT","AUTHORISED","fe1570f6-c19a-41fd-a5c0-0b109024479b"
"2017-12-22","SPEND","ULearn Limited Current account","BOI LIFE INSURANCE","OP/BoI LIFE   SEPA DD","51.03","B119","","Life Insurance BOI","51.03","INPUT","AUTHORISED","ce6ed378-90c2-4b2d-b689-21fec81f9961"
"2017-12-21","RECEIVE","ULearn Limited Current account","ULearn-Student","ULS2017 12 21 GP","8872","100","","ULearn-Student","8872","OUTPUT","AUTHORISED","0d008e2c-8a1f-4991-a352-1000e219f793"
"2017-12-19","SPEND","ULearn Limited Current account","GoDaddy.com, LLC - CARD","","13.53","B106","","Ulearn","13.53","INPUT","AUTHORISED","5f28b2fc-9e49-485a-a748-79cd2c6a3e2c"
"2017-12-20","RECEIVE","ULearn Limited Current account","ULearn-Student","ULS2017 12 20 GP","4170.62","100","","ULearn-Student","4170.62","OUTPUT","AUTHORISED","17ac328d-9e61-4b01-9f1b-5bbd03a50b2f"
"2017-12-21","RECEIVE","ULearn Limited Current account","ULearn-Student","P20171407 ANDRESSA","1974","100","","ULearn-Student","1974","OUTPUT","AUTHORISED","3a146024-bc9b-4022-a2f3-3cc44f7590ad"
"2017-12-21","RECEIVE","ULearn Limited Current account","ULearn-Student","KELLY PEREIRA","738.5","100","","ULearn-Student","738.5","OUTPUT","AUTHORISED","30f96471-9817-42b5-82c5-f4a6a6ec698a"
"2017-12-19","RECEIVE","ULearn Limited Current account","SOKOLOV NIKITA","","1294.7","B123","","Return the money - Wrong bank account","1294.7","INPUT","AUTHORISED","cb2c8af9-b76c-40a5-8372-d434b9fa0844"
"2017-12-21","RECEIVE","ULearn Limited Current account","ULearn-Student","LIU LIEN HUI GP","4895","100","","ULearn-Student","4895","OUTPUT","AUTHORISED","4c6229a6-eacb-4c0b-b7cc-5d8dd83906d5"
"2017-12-21","SPEND","ULearn Limited Current account","ULearn-Student","LIU LIEN HUI CHRG GP","12.5","100","","LIU LIEN HUI GP Charge","12.5","OUTPUT","AUTHORISED","229b451c-64a1-4816-a3f3-12cc32106628"
"2017-12-22","SPEND","ULearn Limited Current account","JAVA REPUBLIC","Java Republic SEPA DD","291.3","B102","","Java Republic Coffee Machine etc","291.3","INPUT","AUTHORISED","58c17914-11eb-4bf1-a5d9-6fd882bb82a0"
"2017-12-29","SPEND","ULearn Limited Current account","BOI","","324.48","B127","","Bank Charges","324.48","INPUT","AUTHORISED","4694937f-9c89-4373-973b-4ab005df1eee"
"2017-12-29","SPEND","ULearn Limited Current account","SOFTWARE","","0.18","B106","","Misc Software / Hosting","0.18","INPUT","AUTHORISED","d666ba59-e5cc-4053-94b0-edbf640ccd30"
"2017-12-29","SPEND","ULearn Limited Current account","Google - CARD","POS24DEC GOOGLE *ADWS","500","B110","","Google Adwords","500","INPUT","AUTHORISED","a391eef5-46a7-4240-afe3-274528ae810a"
"2017-12-29","SPEND","ULearn Limited Current account","SOFTWARE","POS22DEC ADOBE  CREAT","30.74","B106","","Software / Hosting","30.74","INPUT","AUTHORISED","dc867d95-37c8-47a1-847a-4bc8fcd67855"
"2017-12-29","RECEIVE","ULearn Limited Current account","ULearn-Student","LATM CR 900113 0845","2480","100","","Cash Drop","2480","NONE","AUTHORISED","79ce7420-4d1f-4d15-ae2a-1db16b4db67c"
"2017-12-29","RECEIVE","ULearn Limited Current account","ULearn-Student","Valitor M4171515   GP","4610.36","100","","Valitor Merch A/C","4610.36","OUTPUT","AUTHORISED","163101ec-4853-49c1-bbdd-0c8c555d7834"
"2017-12-28","SPEND","ULearn Limited Current account","SOFTWARE","POS CHG USD       14","0.24","B106","","Misc Software / Hosting","0.24","INPUT","AUTHORISED","e1779e16-3150-464b-bef1-1ea7e0630b48"
"2017-12-28","SPEND","ULearn Limited Current account","Zopim - CARD","P2012US 14.00@1.18443","11.82","B106","","Zopim Chat Module","11.82","INPUT","AUTHORISED","c946d98e-f356-4bf6-81fe-f1b92dca7004"
"2017-12-28","SPEND","ULearn Limited Current account","BOI BOL","BOI BOL CHARGE","10","B127","","Banking Online","10","NONE","AUTHORISED","05aa3151-4884-40db-9569-e286011128a1"
"2017-12-28","SPEND","ULearn Limited Current account","BOI LIFE INSURANCE","OP/BoI LIFE   SEPA DD","47.05","B119","","Life Insurance BOI","47.05","INPUT","AUTHORISED","1213b262-d837-4dc6-83c6-c982f55d479d"
"2017-12-28","SPEND","ULearn Limited Current account","THE HR COMPANY - DD","The HR Compan SEPA DD","129.2","B118","","HR Company Consult","129.2","INPUT","AUTHORISED","097cd5ac-c48d-4574-8b83-4f20f6858c50"
"2017-12-28","SPEND","ULearn Limited Current account","Virgin Media","","83.99","A101","","Internet & TV Apartments","83.99","INPUT","AUTHORISED","e89fb5b3-eb8a-4174-8881-52b6f5c6dfeb"
"2017-12-28","RECEIVE","ULearn Limited Current account","ULearn-Student","Valitor M4164916   GP","2948.18","100","","Valitor Merch A/C","2948.18","OUTPUT","AUTHORISED","d62fcd68-7171-4ae4-bd1b-e16057b72e1f"
"2017-12-28","RECEIVE","ULearn Limited Current account","ULearn-Student","Valitor M4157808   GP","2288.43","100","","Valitor Merch A/C","2288.43","OUTPUT","AUTHORISED","52689f16-91f3-42dd-9afd-64538a54c1dc"
"2017-12-28","RECEIVE","ULearn Limited Current account","ULearn-Student","ULS2017 12 26 GP","3210","100","","ULearn-Student","3210","OUTPUT","AUTHORISED","621fb03e-c1b0-4286-925f-9ff796bcc42e"
"2017-12-29","RECEIVE","ULearn Limited Current account","ULearn-Student","ULS2017 12 29 GP","5240.25","100","","ULearn-Student","5240.25","OUTPUT","AUTHORISED","67871afd-4f38-4b00-9809-f15ee0de342c"
"2017-12-28","RECEIVE","ULearn Limited Current account","ULearn-Student","ULS2017 12 27 GP","11486","100","","ULearn-Student","11486","OUTPUT","AUTHORISED","47a4191d-857c-48cc-8c06-062c1565c9b8"
"2017-12-28","RECEIVE","ULearn Limited Current account","ULearn-Student","ULS2017 12 28 GP","3585","100","","ULearn-Student","3585","OUTPUT","AUTHORISED","b631f129-708d-45ec-bcfc-5ad55395382b"
"2017-12-21","SPEND","ULearn Limited Current account","Irish Copyright License Authority","POS19DEC IRISH DOMAIN","184.19","B124","","Ulearn","184.19","INPUT","AUTHORISED","128e39e7-a232-49c8-b696-1e074ccc54a1"
"2017-12-29","SPEND","ULearn Limited Current account","Google - CARD","","5.49","B106","","Ulearn","5.49","INPUT","AUTHORISED","20ef7ca4-5b30-4fc8-ba4f-048bb5db7c96"
"2017-12-29","RECEIVE","ULearn Limited Current account","ULearn-Student","LUIZE M RESENDE","2075","100","","ULearn-Student","2075","OUTPUT","AUTHORISED","6f5b288a-67c7-4183-b1cb-ffd373b11644"
"2017-11-14","SPEND","ULearn Limited Current account","Coinbase","","272.31","C105","","Ulearn","272.31","NONE","AUTHORISED","92d1a99d-f652-42df-9eab-a0ff2da0d619"
"2017-11-13","SPEND","ULearn Limited Current account","Dept of jobs","","1000","B102","","Ulearn","1000","INPUT","AUTHORISED","9ab67bf0-719b-4ca6-82cd-dfeebf5dda97"
"2017-11-22","RECEIVE","ULearn Limited Current account","ULearn-Student","Valitor M3959667   GP","2091.49","100","","Valitor Merch A/C","2091.49","OUTPUT","AUTHORISED","1e891960-964f-431e-8902-d0c7b62fdfdc"
"2017-12-13","SPEND","ULearn Limited Current account","Unknown","","155.89","B102","","I couldn't identify that payment. (MA)","155.89","INPUT","AUTHORISED","382b49b1-c364-4ceb-b4db-2854f2a91e3e"
"2017-09-14","SPEND","ULearn Limited Current account","PAYROLL","CONTRA            CTO","46445.18","E104B","","Payroll Bulk ","46445.18","NONE","AUTHORISED","d4aac55c-a6d9-42c3-a355-77107d595109"
"2017-10-13","SPEND","ULearn Limited Current account","PAYROLL","CONTRA            CTO","48306.26","E104B","","Payroll Bulk ","48306.26","NONE","AUTHORISED","3dedaf1d-243d-44b8-a59c-6baaf44b3df9"
"2017-10-17","SPEND","ULearn Limited Current account","IT Subscriptions","","59.4","B106","","IT Subscription","59.4","INPUT","AUTHORISED","4cc51189-aa40-4a28-b79f-c68bc5c97ef2"
"2017-10-17","SPEND","ULearn Limited Current account","IT Subscriptions","","87.68","B106","","IT Subscription","87.68","INPUT","AUTHORISED","907bce09-3d5d-4448-baa1-4a0f1d421fc0"
"2017-10-17","SPEND","ULearn Limited Current account","IT Subscriptions","","88.1","B106","","IT Subscription","88.1","INPUT","AUTHORISED","f1006cdc-8a84-4d1c-8e70-85a39c2b39ee"
"2017-10-24","SPEND","ULearn Limited Current account","IT Subscriptions","","0.49","B106","","IT Subscription","0.49","INPUT","AUTHORISED","a472b8bb-e734-498d-8538-90a51682bf7f"
"2017-10-24","SPEND","ULearn Limited Current account","Easons","","50","B124","","Book Token Gift","50","INPUT","AUTHORISED","f74a59f4-7cb8-4206-8aab-113e4e636c22"
"2017-10-24","SPEND","ULearn Limited Current account","Easons","","6","B102","","Thank You Cards","6","INPUT","AUTHORISED","43147cb6-0b64-4470-b4f5-b28acd010610"
"2017-11-21","SPEND","ULearn Limited Current account","IT Subscriptions","","83.53","B106","","IT Subscription","83.53","INPUT","AUTHORISED","5d3f9224-fc85-42cf-a485-6ed52bdbfc62"
"2017-11-28","SPEND","ULearn Limited Current account","IT Subscriptions","","40.55","B106","","IT Subscription","40.55","INPUT","AUTHORISED","28324b0c-5d41-4d5e-9dbd-af97c65cbe09"
"2017-09-14","SPEND","ULearn Limited Current account","Ciaran Mc Mahon","","3560.38","E104B","","Salary September 2017","3560.38","NONE","AUTHORISED","ffb5d952-305b-47e8-88c6-04da125272d9"
"2017-10-17","SPEND","ULearn Limited Current account","Argos","","43.99","A102A","","Kitchenware","43.99","INPUT","AUTHORISED","331fa2ce-f1e1-4c7b-91e2-07d79053d2fa"
"2017-10-19","SPEND","ULearn Limited Current account","Arnotts","","67.12","A102A","","Frying Pans","67.12","INPUT","AUTHORISED","1e46d44a-e828-4eef-b57c-b1c73ada9e72"
"2017-09-05","SPEND","ULearn Limited Current account","Fixtures & Fittings","POS02SEP Amazon *Mktp","13.47","A102A","","IT Equipment","13.47","INPUT","AUTHORISED","4a4e2990-041e-48fc-881d-539440bfd82d"
"2017-12-04","SPEND","ULearn Limited Current account","Unknown","","86.39","A102A","","I couldn't identify that payment. (MA)","86.39","INPUT","AUTHORISED","fd97ddd6-04fb-4845-9918-5782831f632d"
"2017-12-22","SPEND","ULearn Limited Current account","An Post","","2475","B115C","","Bonusses","2475","INPUT","AUTHORISED","37a7e400-28ae-450b-98f1-e4f2f87b6c0d"
"2017-09-27","SPEND","ULearn Limited Current account","REVENUE COMMISSIONERS","Revenue Commi SEPA DD","19051.65","F101","","P30 Declaration","19051.65","NONE","AUTHORISED","95dc711f-d676-4e6d-b4c5-973efd7909de"
"2017-10-25","SPEND","ULearn Limited Current account","REVENUE COMMISSIONERS","Revenue Commi SEPA DD","14918.75","F101","","P30 Declaration","14918.75","NONE","AUTHORISED","786f7939-bccc-443a-934d-5e1cfcc503d6"
"2017-12-15","SPEND","ULearn Limited Current account","MEGHAN ROBERTS","","754","E104B","","Dec-salary 2017","754","NONE","AUTHORISED","ab9cbf2f-3196-4ad8-9478-991d8c21a515"
"2017-12-22","RECEIVE","ULearn Limited Current account","MEGHAN ROBERTS","365 Emergency tax","91.6","E104B","","Ulearn paid more for her, Meghan gave us the money back.","91.6","NONE","AUTHORISED","e9985690-47d7-4a67-8214-fea60a3adcb0"
"2017-12-07","SPEND","ULearn Limited Current account","Julio Viana","","2000","E104B","","December Pay","2000","NONE","AUTHORISED","68fbeb58-2f63-4edd-b013-50276e90c3a8"
"2017-12-07","SPEND","ULearn Limited Current account","Paula Martins","","320","E104B","","December pay","320","NONE","AUTHORISED","9a9a3ad1-b5a8-42da-9ee0-024249bb9db4"
"2017-12-07","SPEND","ULearn Limited Current account","NEILAN Govender","","2200","E104B","","December pay","2200","NONE","AUTHORISED","a6228276-08a0-42d8-a198-5c7df1ce06ce"
"2017-12-07","SPEND","ULearn Limited Current account","CORMAC Basquille","","1260","E104B","","December Pay","1260","NONE","AUTHORISED","05efc3b9-1677-45c3-8b33-a3835fa1042a"
"2017-12-07","SPEND","ULearn Limited Current account","JANE O'BRIEN - TEACHER","","770","E104B","","December Pay","770","NONE","AUTHORISED","2e4479d2-314b-4d6d-84ca-184050e7df70"
"2017-12-07","SPEND","ULearn Limited Current account","Fintan Carney","","2200","E104B","","December Pay","2200","NONE","AUTHORISED","4b9b9c37-870c-4532-96f4-5bb3f5d12d8e"
"2017-12-07","SPEND","ULearn Limited Current account","KIAN BEATTY","","1100","E104B","","December pay","1100","NONE","AUTHORISED","cd343095-3bb1-4298-a83b-c483cd2bb31b"
"2017-12-07","SPEND","ULearn Limited Current account","KYLE HIGGINS","","2100","E104B","","December Pay","2100","NONE","AUTHORISED","25ec8be7-37f8-44dc-b7be-409613382c9d"
"2017-12-07","SPEND","ULearn Limited Current account","DAVID O'BRIEN","","1100","E104B","","December pay","1100","NONE","AUTHORISED","97540501-bcd4-4d63-9e3c-b3e3a9e29df1"
"2017-12-07","SPEND","ULearn Limited Current account","DIEGO TAROCO","","1300","E104B","","December Pay","1300","NONE","AUTHORISED","31a04ef2-eb86-42ee-99de-bbcf77305a42"
"2017-12-07","SPEND","ULearn Limited Current account","Barbara Silveira","","1500","E104B","","December pay","1500","NONE","AUTHORISED","26a09aa7-e64f-42e2-88ba-5394fa0d8947"
"2017-12-07","SPEND","ULearn Limited Current account","Liga Berzina","","2627.43","E104B","","December pay","2627.43","NONE","AUTHORISED","1d2bec5e-9149-47b2-8539-c951d85df81e"
"2017-12-07","SPEND","ULearn Limited Current account","DERICK SMITH","","1500","E104B","","December pay","1500","NONE","AUTHORISED","61cde673-0a44-4957-aa39-2bee722184f8"
"2017-12-07","SPEND","ULearn Limited Current account","David Mac Redmond","","1000","E104B","","December Pay","1000","NONE","AUTHORISED","9c251511-2a7a-4975-bfb1-b93b639b1926"
"2017-12-07","SPEND","ULearn Limited Current account","SARAH WALSH","","2500","E104B","","December pay","2500","NONE","AUTHORISED","d75258c3-e836-4cff-9972-d50c86a481ba"
"2017-12-12","SPEND","ULearn Limited Current account","AOIFE NI RATHAILLE","","2500","E104B","","Salary December 2017","2500","NONE","AUTHORISED","e7c9c4d2-b392-4132-b83a-0357754e446f"
"2017-12-11","SPEND","ULearn Limited Current account","Paul Gill","TO PAUL GILL","500","E104B","","DOS Salary","500","NONE","AUTHORISED","0d914d3f-4788-4952-8a1e-45b35243a6a9"
"2017-12-08","SPEND","ULearn Limited Current account","DORANCELIS CORDONES","TO DORANCELIS CORDONE","1000","E104B","","Admin Wages","1000","NONE","AUTHORISED","56f16268-c7de-42c3-8415-f7712fd27767"
"2017-12-07","SPEND","ULearn Limited Current account","ROISIN MOORE","TO ROISIN MOORE","2500","E104B","","Teacher Wages","2500","NONE","AUTHORISED","bef569b0-11f7-420b-8f60-895bf3f4d2ab"
"2017-12-07","SPEND","ULearn Limited Current account","PATRICIA KELLETT","TO PATRICIA KELLETT","2100","E104B","","Wages Teacher","2100","NONE","AUTHORISED","3743b656-edfc-48ea-aa40-d53de24b2568"
"2017-12-06","SPEND","ULearn Limited Current account","Paul Gill","TO PAUL GILL","1000","E104B","","DOS Salary","1000","NONE","AUTHORISED","fa85c1f4-5d2a-4d42-b8a0-df9618dc0238"
"2017-12-08","SPEND","ULearn Limited Current account","Mirian Alix","","1000","E104B","","Salary December 2017","1000","NONE","AUTHORISED","67e3049b-e6f4-4de0-a1fe-272a0162624e"
"2017-10-17","RECEIVE","ULearn Limited Current account","Argos","Kitchenware-apt","11","A102A","","Changed Pan set for a cheap 
 one - Refund","11","NONE","AUTHORISED","44eb877b-dbe6-43f2-a732-e76e1a875fcd"
"2017-09-14","SPEND","ULearn Limited Current account","EOAN O DEA","","1102.27","C106","","Salary September 2017","1102.27","NONE","AUTHORISED","d1ef890f-6305-4825-aa7c-7591bb05c51b"
"2017-12-07","SPEND","ULearn Limited Current account","MARGARET WOODS","","420","E104B","","December Pay","420","NONE","AUTHORISED","c5d0c48c-78e7-4f84-8bbb-e1ddc8f84151"
"2017-06-27","SPEND","ULearn Limited Current account","An Post","","17","B102","","Postage","17","INPUT","AUTHORISED","6a23edfd-c19b-49e8-882b-db539260dd6b"
"2017-10-09","SPEND","ULearn Limited Current account","EIRCOM","","89.64","B104","","Phone","89.64","INPUT","AUTHORISED","00ad0bd7-7017-483f-a5c8-4edba3025b1c"
"2017-07-14","SPEND","ULearn Limited Current account","Hartstown Heating & Plumbing","Cheque 2127","320","B103","","Taps - School Building ","320","INPUT","AUTHORISED","58b51ce3-0874-479d-a20a-1d70f040c791"
"2017-07-31","SPEND","ULearn Limited Current account","Lenehans","","19.85","A102A","","Lightbulbs Capel St","19.85","INPUT","AUTHORISED","fd278b04-f073-4144-841d-38670900bbac"
"2017-09-22","SPEND","ULearn Limited Current account","Xero Subscription - CARD","P2109US 30.00@1.18623","25.29","B106","","ToutApp Email Software","25.29","INPUT","AUTHORISED","effa1f57-927c-4765-8e40-e8c87d21402d"
"2017-07-26","SPEND","ULearn Limited Current account","Xero Subscription - CARD","P2507US 30.00@1.16234","25.81","B106","","ToutApp Email Software","25.81","INPUT","AUTHORISED","0f5f896f-378d-4fbb-8b29-a973add5f6d5"
"2017-06-30","SPEND","ULearn Limited Current account","Xero Subscription - CARD","P2906US 30.00@1.12909","26.57","B106","","ToutApp Email Software","26.57","INPUT","AUTHORISED","cfa8137f-c542-4b3f-bb46-4ec1051cbc4a"
"2017-05-30","SPEND","ULearn Limited Current account","Xero Subscription - CARD","P2705US 30.00@1.11607","26.88","B106","","ToutApp Email Software","26.88","INPUT","AUTHORISED","f369f385-8f5f-440d-a583-23091e9956d1"
"2017-04-28","SPEND","ULearn Limited Current account","Xero Subscription - CARD","P2704US 30.00@1.08577","27.63","B106","","ToutApp Email Software","27.63","INPUT","AUTHORISED","a0825aed-83ac-4075-984f-2be7f2bee5d7"
"2017-03-28","SPEND","ULearn Limited Current account","Xero Subscription - CARD","P2703US 30.00@1.07604","27.88","B106","","ToutApp Email Software","27.88","INPUT","AUTHORISED","e1d05246-eaf4-470f-a450-fe9af976209e"
"2017-03-29","SPEND","ULearn Limited Current account","JAVA REPUBLIC","Java Republic SEPA DD","510.95","C106","","Java Republic Coffee Machine etc","510.95","NONE","AUTHORISED","2b4c3837-3901-449a-8858-c5ffa15fff8b"
"2017-05-05","SPEND","ULearn Limited Current account","JAVA REPUBLIC","Java Republic SEPA DD","284.13","C106","","Java Republic Coffee Machine etc","284.13","NONE","AUTHORISED","0166d678-05e9-4c65-817e-ce7c3268ebec"
"2017-05-12","SPEND","ULearn Limited Current account","JAVA REPUBLIC","Java Republic SEPA DD","317.19","C106","","Java Republic Coffee Machine etc","317.19","NONE","AUTHORISED","ff09980e-bcf3-4054-b339-fa161f4c1a8f"
"2017-06-02","SPEND","ULearn Limited Current account","JAVA REPUBLIC","Java Republic SEPA DD","284.13","C106","","Java Republic Coffee Machine etc","284.13","NONE","AUTHORISED","eea8208f-c9d9-453b-aebd-69fb03dddf5c"
"2017-06-09","SPEND","ULearn Limited Current account","JAVA REPUBLIC","Java Republic SEPA DD","196.95","C106","","Java Republic Coffee Machine etc","196.95","NONE","AUTHORISED","f4d678cb-785d-459c-8980-bfd63a38bea1"
"2017-06-16","SPEND","ULearn Limited Current account","JAVA REPUBLIC","Java Republic SEPA DD","18.85","C106","","Java Republic Coffee Machine etc","18.85","NONE","AUTHORISED","518b887e-ad77-4f44-85d0-7e823abd954d"
"2017-01-03","SPEND","ULearn Limited Current account","GRENKE LIMITED","GRENKE LIMITE SEPA DD","123","B102A","","Fingerprint & Camera Security","123","INPUT","AUTHORISED","d64972bf-74eb-483f-ac36-ce69bd62a8eb"
"2017-01-03","SPEND","ULearn Limited Current account","GRENKE LIMITED","GRENKE LIMITE SEPA DD","1150.87","B102A","","Fingerprint & Camera Security","1150.87","INPUT","AUTHORISED","bb973ba1-d53f-411c-b6a2-8f3f427de760"
"2017-02-01","SPEND","ULearn Limited Current account","GRENKE LIMITED","GRENKE LIMITE SEPA DD","123","B102A","","Fingerprint & Camera Security","123","INPUT","AUTHORISED","cfdeb522-ab4e-4f08-b31b-bcd1de327b05"
"2017-03-01","SPEND","ULearn Limited Current account","GRENKE LIMITED","GRENKE LIMITE SEPA DD","123","B102A","","Fingerprint & Camera Security","123","INPUT","AUTHORISED","721af7dc-25d5-445c-8f23-a30ca56d1560"
"2017-04-03","SPEND","ULearn Limited Current account","GRENKE LIMITED","GRENKE LIMITE SEPA DD","922.5","B102A","","Fingerprint & Camera Security","922.5","INPUT","AUTHORISED","d42d88eb-46aa-4a75-863a-acd4f75a552b"
"2017-05-02","SPEND","ULearn Limited Current account","GRENKE LIMITED","GRENKE LIMITE SEPA DD","123","B102A","","Fingerprint & Camera Security","123","INPUT","AUTHORISED","4062e943-3e79-4bf3-9d1b-4abf5cd24592"
"2017-06-01","SPEND","ULearn Limited Current account","GRENKE LIMITED","GRENKE LIMITE SEPA DD","123","B102A","","Fingerprint & Camera Security","123","INPUT","AUTHORISED","58c02b4d-fa58-4964-b4ca-9342ee98b84d"
"2017-04-13","SPEND","ULearn Limited Current account","ITUP LLC","POS11APR PAYPAL *ITUP","2051.44","D101","","Antminer R4 ","2051.44","INPUT","AUTHORISED","c9b6ce0d-8ded-418e-8787-06552d01fa5f"
"2017-01-03","SPEND","ULearn Limited Current account","ELECTRIC IRELAND","ELECTRIC IREL SEPA DD","879.53","B105A","","Electricity","879.53","INPUT","AUTHORISED","fd4b25a9-0fe2-4256-96b0-44ae5dd260cd"
"2017-01-17","SPEND","ULearn Limited Current account","PREPAYPOWER","POS13JAN PREPAYPOWER","100","B105A","","Electricity Prepaid","100","INPUT","AUTHORISED","068b2bc4-ead9-4e3c-a6b9-84ad38d2e05e"
"2017-02-02","SPEND","ULearn Limited Current account","PREPAYPOWER","POS31JAN PREPAYPOWER","100","B105A","","Electricity Prepaid","100","INPUT","AUTHORISED","663e97aa-5abf-4c42-ac07-9f3c0925080d"
"2017-02-03","SPEND","ULearn Limited Current account","PREPAYPOWER","B8S Flogas Na SEPA DD","976.5","B105A","","Gas","976.5","INPUT","AUTHORISED","49c03c06-f8ce-4616-89f7-7e0385b3a09b"
"2017-02-07","SPEND","ULearn Limited Current account","Bord Gais Energy - DD","BORD GAIS EIR SEPA DD","344.3","B105A","","Gas ","344.3","INPUT","AUTHORISED","44ed17df-cec3-40aa-b2fc-9e8808b0af08"
"2017-02-09","SPEND","ULearn Limited Current account","PREPAYPOWER","POS07FEB PREPAYPOWER","100","B105A","","Electricity Prepaid","100","INPUT","AUTHORISED","dfba4b49-73f9-49df-8583-ce8d798d2e1a"
"2017-02-14","SPEND","ULearn Limited Current account","PREPAYPOWER","POS11FEB PREPAYPOWER","100","B105A","","Electricity Prepaid","100","INPUT","AUTHORISED","55e0e017-0a61-441d-a5cb-2b9abae97244"
"2017-02-15","SPEND","ULearn Limited Current account","PREPAYPOWER","POS13FEB PREPAYPOWER","100","B105A","","Electricity Prepaid","100","INPUT","AUTHORISED","28f80923-31b2-4f70-8eca-ace46e9d159b"
"2017-03-01","SPEND","ULearn Limited Current account","PREPAYPOWER","POS27FEB PREPAYPOWER","100","B105A","","Electricity Prepaid","100","INPUT","AUTHORISED","986882ea-741f-4f96-9071-3f42b004eb47"
"2017-03-03","SPEND","ULearn Limited Current account","PREPAYPOWER","POS28FEB PREPAYPOWER","100","B105A","","Electricity Prepaid","100","INPUT","AUTHORISED","a68db8d7-af73-49a4-b42b-15a80d9e56e5"
"2017-03-14","SPEND","ULearn Limited Current account","PREPAYPOWER","POS10MAR PREPAYPOWER","100","B105A","","Electricity Prepaid","100","INPUT","AUTHORISED","8fe75b76-11f6-427c-8645-4319e3709548"
"2017-03-21","SPEND","ULearn Limited Current account","PREPAYPOWER","POS17MAR PREPAYPOWER","100","B105A","","Electricity Prepaid","100","INPUT","AUTHORISED","b2916cb0-69ef-4bb7-97c6-26eaa35821ca"
"2017-03-24","SPEND","ULearn Limited Current account","PREPAYPOWER","POS22MAR PREPAYPOWER","100","B105A","","Electricity Prepaid","100","INPUT","AUTHORISED","e183f605-272f-4687-80d8-7b0dd8c14154"
"2017-04-04","SPEND","ULearn Limited Current account","PREPAYPOWER","POS02APR PREPAYPOWER","100","B105A","","Electricity Prepaid","100","INPUT","AUTHORISED","8bf10509-9eae-4a60-b5c7-1c6f40979b96"
"2017-04-05","SPEND","ULearn Limited Current account","PREPAYPOWER","POS03APR PREPAYPOWER","90","B105A","","Electricity Prepaid","90","INPUT","AUTHORISED","8556d377-8790-4ab0-9737-710dcbee046e"
"2017-04-05","SPEND","ULearn Limited Current account","PREPAYPOWER","POS03APR PREPAYPOWER","100","B105A","","Electricity Prepaid","100","INPUT","AUTHORISED","ceb84a57-9cec-42b5-a619-36e196d51a8e"
"2017-04-11","SPEND","ULearn Limited Current account","PREPAYPOWER","B8S Flogas Na SEPA DD","1017.71","B105A","","Gas","1017.71","INPUT","AUTHORISED","3a18e002-7043-4d8e-861a-e609d3550b16"
"2017-04-12","SPEND","ULearn Limited Current account","Bord Gais Energy - DD","BORD GAIS EIR SEPA DD","348.04","B105A","","Gas ","348.04","INPUT","AUTHORISED","de0262fe-7990-4aa7-bfbe-34f405417dfa"
"2017-04-19","SPEND","ULearn Limited Current account","PREPAYPOWER","POS17APR PREPAYPOWER","100","B105A","","Electricity Prepaid","100","INPUT","AUTHORISED","c207d511-feb7-41e8-8199-8a9b9d79d0df"
"2017-04-19","SPEND","ULearn Limited Current account","PREPAYPOWER","POS14APR PREPAYPOWER","100","B105A","","Electricity Prepaid","100","INPUT","AUTHORISED","f5a27c7e-98ef-401c-915f-e3de63776946"
"2017-05-03","SPEND","ULearn Limited Current account","PREPAYPOWER","POS28APR PREPAYPOWER","100","B105A","","Electricity Prepaid","100","INPUT","AUTHORISED","6b9fe62c-45cc-4065-aba1-da578bd55d5e"
"2017-05-24","SPEND","ULearn Limited Current account","PREPAYPOWER","POS22MAY PREPAYPOWER","100","B105A","","Electricity Prepaid","100","INPUT","AUTHORISED","aaa1ec90-7381-48c9-b84e-b5ca29296c08"
"2017-06-07","SPEND","ULearn Limited Current account","PREPAYPOWER","B8S Flogas Na SEPA DD","370.75","B105A","","Gas","370.75","INPUT","AUTHORISED","4150d973-8603-486e-8079-0f2cb3bbcc20"
"2017-06-09","SPEND","ULearn Limited Current account","Bord Gais Energy - DD","BORD GAIS EIR SEPA DD","169.1","B105A","","Gas ","169.1","INPUT","AUTHORISED","c4b48312-bc9c-484e-9954-78e2fbd46576"
"2017-06-12","SPEND","ULearn Limited Current account","PREPAYPOWER","POS08JUN PREPAYPOWER","100","B105A","","Electricity Prepaid","100","INPUT","AUTHORISED","66a5660b-4a10-474a-89ff-b3686833832d"
"2017-06-19","SPEND","ULearn Limited Current account","PREPAYPOWER","POS15JUN PREPAYPOWER","100","B105A","","Electricity Prepaid","100","INPUT","AUTHORISED","71bd742d-58af-484e-9011-37e8f3f3a5ce"
"2017-06-29","SPEND","ULearn Limited Current account","PREPAYPOWER","POS27JUN PREPAYPOWER","100","B105A","","Electricity Prepaid","100","INPUT","AUTHORISED","e8da8364-5087-4cc1-b2a0-aa474330b8f8"
"2017-07-18","SPEND","ULearn Limited Current account","PREPAYPOWER","POS15JUL PREPAYPOWER","100","B105A","","Electricity Prepaid","100","INPUT","AUTHORISED","5dff02b9-e7a6-45bd-ac41-a0ae9ef40421"
"2017-07-25","SPEND","ULearn Limited Current account","PREPAYPOWER","POS21JUL PREPAYPOWER","100","B105A","","Electricity Prepaid","100","INPUT","AUTHORISED","f836665e-2efa-497c-b555-700fa4eed160"
"2017-07-25","SPEND","ULearn Limited Current account","PREPAYPOWER","POS21JUL PREPAYPOWER","100","B105A","","Electricity Prepaid","100","INPUT","AUTHORISED","2c04d342-44ad-4688-b14b-03f77c166ad9"
"2017-07-28","SPEND","ULearn Limited Current account","ELECTRIC IRELAND","ELECTRIC IREL SEPA DD","260.76","B105A","","Electricity","260.76","INPUT","AUTHORISED","86634978-b55b-4d49-a150-7df5883a79cf"
"2017-08-08","SPEND","ULearn Limited Current account","PREPAYPOWER","POS03AUG PREPAYPOWER","100","B105A","","Electricity Prepaid","100","INPUT","AUTHORISED","0ed948c6-d0e2-4220-853f-7140b47e1dec"
"2017-08-09","SPEND","ULearn Limited Current account","Bord Gais Energy - DD","BORD GAIS EIR SEPA DD","187.56","B105A","","Gas ","187.56","INPUT","AUTHORISED","8af21b36-136c-4056-be2b-3e0d7e35941c"
"2017-08-22","SPEND","ULearn Limited Current account","PREPAYPOWER","POS18AUG PREPAYPOWER","100","B105A","","Electricity Prepaid","100","INPUT","AUTHORISED","682069db-a7d1-4b91-9e8e-48aca7d12e8b"
"2017-08-28","SPEND","ULearn Limited Current account","PREPAYPOWER","POS24AUG PREPAYPOWER","100","B105A","","Electricity Prepaid","100","INPUT","AUTHORISED","8ab24ab7-3b44-4330-9f86-a844fc56288b"
"2017-05-23","SPEND","ULearn Limited Current account","PREPAYPOWER","POS19MAY PREPAYPOWER","100","B105A","","Electricity Prepaid","100","INPUT","AUTHORISED","3d77628b-c376-4ad9-896f-5660232e09f2"
"2017-01-31","SPEND","ULearn Limited Current account","PREPAYPOWER","POS28JAN PREPAYPOWER","100","B105A","","Electricity Prepaid","100","INPUT","AUTHORISED","54e3543a-2259-4b2d-8287-578a6fd1e1e4"
"2017-09-08","SPEND","ULearn Limited Current account","PREPAYPOWER","POS06SEP PREPAYPOWER","100","B105A","","Electricity Prepaid","100","INPUT","AUTHORISED","20a86dec-5a27-4f51-9d40-45cb586aa9cf"
"2017-09-25","SPEND","ULearn Limited Current account","PREPAYPOWER","POS21SEP PREPAYPOWER","100","B105A","","Electricity Prepaid","100","INPUT","AUTHORISED","10bac7a6-dcda-4195-891d-93e4c4d99d97"
"2017-09-26","SPEND","ULearn Limited Current account","PREPAYPOWER","POS23SEP PREPAYPOWER","100","B105A","","Electricity Prepaid","100","INPUT","AUTHORISED","5d0a0ee4-3c80-48b5-9e18-bd3cbee08320"
"2017-10-02","SPEND","ULearn Limited Current account","PREPAYPOWER","POS28SEP PREPAYPOWER","100","B105A","","Electricity Prepaid","100","INPUT","AUTHORISED","bbfbdd13-2c09-4782-b822-e312e19a5a79"
"2017-10-03","SPEND","ULearn Limited Current account","PREPAYPOWER","B8S Flogas Na SEPA DD","109.29","B105A","","Gas","109.29","INPUT","AUTHORISED","ed9af0c9-a343-4b4d-9b7b-568abaa64607"
"2017-10-19","SPEND","ULearn Limited Current account","PREPAYPOWER","POS17OCT PREPAYPOWER","100","B105A","","Electricity Prepaid","100","INPUT","AUTHORISED","3c611ff0-a269-49aa-8ae4-748a1e8d63ad"
"2017-10-26","SPEND","ULearn Limited Current account","PREPAYPOWER","POS24OCT PREPAYPOWER","100","B105A","","Electricity Prepaid","100","INPUT","AUTHORISED","9c9c880c-9e67-42b5-98ec-3b5be2f733f4"
"2017-11-03","SPEND","ULearn Limited Current account","PREPAYPOWER","POS01NOV PREPAYPOWER","100","B105A","","Electricity Prepaid","100","INPUT","AUTHORISED","422fa450-5c20-4481-a2a9-e8e0c37410a1"
"2017-11-10","SPEND","ULearn Limited Current account","PREPAYPOWER","POS08NOV PREPAYPOWER","100","B105A","","Electricity Prepaid","100","INPUT","AUTHORISED","b3a91522-cf60-42d4-a565-b18240882923"
"2017-11-15","SPEND","ULearn Limited Current account","PREPAYPOWER","POS13NOV PREPAYPOWER","100","B105A","","Electricity Prepaid","100","INPUT","AUTHORISED","19dd4bf2-208f-4c8a-a292-d79c878caaa8"
"2017-11-24","SPEND","ULearn Limited Current account","PREPAYPOWER","POS22NOV PREPAYPOWER","100","B105A","","Electricity Prepaid","100","INPUT","AUTHORISED","2fbd2a77-9229-48ae-bed3-8b42ee78b18c"
"2017-11-28","SPEND","ULearn Limited Current account","PREPAYPOWER","POS25NOV PREPAYPOWER","100","B105A","","Electricity Prepaid","100","INPUT","AUTHORISED","44c64e06-12bd-42e6-96a5-8652646c4941"
"2017-12-01","SPEND","ULearn Limited Current account","PREPAYPOWER","B8S Flogas Na SEPA DD","321.1","B105A","","Gas","321.1","INPUT","AUTHORISED","594fbaa8-21d8-42eb-90c7-eca1e358f07b"
"2017-12-20","SPEND","ULearn Limited Current account","PREPAYPOWER","POS18DEC PREPAYPOWER","100","B105A","","Electricity Prepaid","100","INPUT","AUTHORISED","c14dd1d6-a7e5-4eba-9b17-a2ce278cfb25"
"2017-12-14","SPEND","ULearn Limited Current account","PREPAYPOWER","POS12DEC PREPAYPOWER","100","B105A","","Electricity Prepaid","100","INPUT","AUTHORISED","b2d8a74a-8047-476b-866c-c596848cdbc2"
"2017-12-06","SPEND","ULearn Limited Current account","PREPAYPOWER","POS04DEC PREPAYPOWER","100","B105A","","Electricity Prepaid","100","INPUT","AUTHORISED","b1ea25cb-3b4f-4930-991e-f04413f9a2c7"
"2017-12-06","SPEND","ULearn Limited Current account","PREPAYPOWER","POS04DEC PREPAYPOWER","100","B105A","","Electricity Prepaid","100","INPUT","AUTHORISED","f5a6e9b0-d745-45b9-89d5-2596573ceaa1"
"2017-11-28","SPEND","ULearn Limited Current account","PREPAYPOWER","POS25NOV PREPAYPOWER","100","B105A","","Electricity Prepaid","100","INPUT","AUTHORISED","c50e5f0a-9b52-41e9-b83a-abcaf78a4e5c"
"2017-01-05","SPEND","ULearn Limited Current account","PACHARO KIBOMBWE","TO PACHARO KIBOMBWE","1065.4","B129A","","Cleaning Apartments","1065.4","TAX004","AUTHORISED","abbd932e-22bf-4b7b-b72a-91a8b7087ba9"
"2017-02-14","SPEND","ULearn Limited Current account","PACHARO KIBOMBWE","TO PACHARO KIBOMBWE","416","B129A","","Cleaning Apartments","416","TAX004","AUTHORISED","15f55873-2e63-4295-9726-327d95718d5d"
"2017-08-11","RECEIVE","ULearn Limited Current account","Unknown","","2220","100","","Coffee Machine","2220","NONE","AUTHORISED","5712ecca-163e-47e8-9cef-4e4ca99db580"
"2017-11-01","SPEND","ULearn Limited Current account","Audible - CARD","P2710GB  7.99@.882872","9.05","B121","","Audio Books School","9.05","TAX003","AUTHORISED","2da7656a-de23-4c89-bbce-007b883b6609"
"2017-04-11","SPEND","ULearn Limited Current account","Audible - CARD","P0804GB  7.99@.852721","9.37","B121","","Audio Books School","9.37","TAX003","AUTHORISED","1196fb58-d1a9-4d98-82ae-2d48decdecc8"
"2017-07-31","SPEND","ULearn Limited Current account","Audible - CARD","P2707GB  7.99@.888765","8.99","B121","","Audio Books School","8.99","TAX003","AUTHORISED","cbd42baf-ccc1-4f54-b42b-428e2c6d8617"
"2017-09-12","SPEND","ULearn Limited Current account","Audible - CARD","P0809GB  7.99@.911060","8.77","B121","","Audio Books School","8.77","TAX003","AUTHORISED","e9006edb-3b3f-47ea-885f-2630d173d2ca"
"2017-10-10","SPEND","ULearn Limited Current account","Audible - CARD","P0810GB  7.99@.892737","8.95","B121","","Audio Books School","8.95","TAX003","AUTHORISED","55d0f67d-2c9f-4099-80b5-3b39a4548705"
"2017-04-19","SPEND","ULearn Limited Current account","Audible - CARD","P1304GB  7.99@.847295","9.43","B121","","Audio Books School","9.43","TAX003","AUTHORISED","9839c248-dbc2-4ba5-a7e2-9a3c7753137b"
"2017-05-16","SPEND","ULearn Limited Current account","Audible - CARD","P1305GB  7.99@.842827","9.48","B121","","Audio Books School","9.48","TAX003","AUTHORISED","cdb9fd74-2edb-4163-8642-5c8645f9bd1f"
"2017-06-12","SPEND","ULearn Limited Current account","Audible - CARD","P0806GB  7.99@.864718","9.24","B121","","Audio Books School","9.24","TAX003","AUTHORISED","39494a72-9fc3-43cb-ac82-8171c3236692"
"2017-08-10","SPEND","ULearn Limited Current account","Audible - CARD","P0808GB  7.99@.903846","8.84","B121","","Audio Books School","8.84","TAX003","AUTHORISED","68a6c69e-9bbd-4304-8905-4c5fa003907e"
"2017-08-29","SPEND","ULearn Limited Current account","Audible - CARD","P2708GB  7.99@.919447","8.69","B121","","Audio Books School","8.69","TAX003","AUTHORISED","4a8c820b-ad6e-4b46-90c2-67f48037a08a"
"2017-10-26","SPEND","ULearn Limited Current account","Audible - CARD","P2310GB  7.99@.889755","8.98","B121","","Audio Books School","8.98","TAX003","AUTHORISED","14a0f299-766a-467a-bf2c-5c79c1fe9baa"
"2017-11-29","SPEND","ULearn Limited Current account","Audible - CARD","P2711GB  7.99@.892737","8.95","B121","","Audio Books School","8.95","TAX003","AUTHORISED","107d41c7-3d38-492e-996d-71665c355ad9"
"2017-05-10","SPEND","ULearn Limited Current account","Audible - CARD","P0805GB  7.99@.843717","9.47","B121","","Audio Books School","9.47","TAX003","AUTHORISED","bd966445-4a79-466d-94ef-bb57e54e36bc"
"2017-07-24","SPEND","ULearn Limited Current account","Audible - CARD","P2007GB  7.99@.882872","9.05","B121","","Audio Books School","9.05","TAX003","AUTHORISED","56b1b807-6517-4453-bc6a-dc8f53515e75"
"2017-09-29","SPEND","ULearn Limited Current account","Audible - CARD","P2709GB  7.99@.874179","9.14","B121","","Audio Books School","9.14","TAX003","AUTHORISED","31fd3183-c59b-45ca-932f-e1363e535149"
"2017-12-29","SPEND","ULearn Limited Current account","Audible - CARD","P2712GB  7.99@.885809","9.02","B121","","Audio Books School","9.02","TAX003","AUTHORISED","cd641ccb-af98-4f2c-a8ca-c577d7b60744"
"2017-08-11","SPEND","ULearn Limited Current account","Old Jameson","","176","A109B","","Tour Old Jameson ","176","INPUT","AUTHORISED","093ad6c7-12e2-44e1-abee-0695cf90475d"
"2017-06-26","SPEND","ULearn Limited Current account","Epic Ireland Exhibitions","","96","A109B",""," EPIC The Irish Emigration Museum
@12 students € 8pp","96","INPUT","AUTHORISED","7245f424-5431-4b3a-9342-07bd43f9285f"
"2017-07-14","SPEND","ULearn Limited Current account","Dublin Castle","8315","24","A109B","","Guided tour
6 child - Guide","24","INPUT","AUTHORISED","3bba6759-d3c8-48f6-81fe-1a19a1ccc086"
"2017-07-07","SPEND","ULearn Limited Current account","Croke Park tour","14120","126","A109B",""," 
27/06 12 students
11/07 6 students","126","INPUT","AUTHORISED","6e62b59a-3c6c-40cb-a1c4-29b29c06e193"
"2017-07-11","SPEND","ULearn Limited Current account","Phoenix Park Bikes","Cheque 2166","100","A109B","","Bikes","100","INPUT","AUTHORISED","e07f1362-92e9-4218-b686-31f7203ac79e"
"2017-04-03","SPEND","ULearn Limited Current account","Dublinia Limited","","120.75","A109B","","","120.75","INPUT","AUTHORISED","e42e1345-c2b4-4a41-ac20-4adbdf4476dd"
"2017-06-19","SPEND","ULearn Limited Current account","BOOK OF KELLS - CARD","58125","108","A109B","","The book of Kells and Old Library Exhibition. (06/07/17) 12 students ","108","INPUT","AUTHORISED","e3361262-73a5-4173-97f2-8987542ff07e"
"2017-06-29","SPEND","ULearn Limited Current account","Epic Ireland Exhibitions","","48","A109B","","EPIC The Irish Emigration Museum
@6 students € 8pp","48","INPUT","AUTHORISED","b0d82a36-702a-47e7-ac25-6913c713b7c3"
"2017-06-29","SPEND","ULearn Limited Current account","Trinity College","","54","A109B","","Group Activity - Library tour","54","INPUT","AUTHORISED","7c8502ec-e224-4567-aace-8dfe5df66d2b"
"2017-06-28","SPEND","ULearn Limited Current account","Jeanie Johnston","Ch 2165","210","A109B","","Juniors Social Activities  ","210","INPUT","AUTHORISED","efd2d11a-ef56-4fd1-aba1-799c448f90a7"
"2017-07-26","SPEND","ULearn Limited Current account","Guinness Storehouse","668","15","A109B","","Tour - Guinness Storehouse
Eoan ticket ","15","INPUT","AUTHORISED","3029ab34-10c8-4454-a176-781f9e47c739"
"2017-08-25","SPEND","ULearn Limited Current account","Patrick - Excursion","5917","460","A109B","","Excursion ","460","INPUT","AUTHORISED","50de15b7-68a4-4f6e-b1e7-51d9035f11e8"
"2017-12-06","SPEND","ULearn Limited Current account","Mercantile","POS04DEC MERCANTILE G","300","A109B","","Ulearn","300","INPUT","AUTHORISED","50ceb266-eb69-4493-ae43-60b7555e9597"
"2017-03-08","SPEND","ULearn Limited Current account","Trinity College","","57","A109B","","Book of Kells","57","INPUT","AUTHORISED","3a6e1e41-74f9-4d49-b6fb-a6f4b32f2078"
"2017-04-03","SPEND","ULearn Limited Current account","Trinity College","","69","A109B","","Book Kells","69","INPUT","AUTHORISED","0b473efb-fef3-43b5-a93a-fba93a3c5855"
"2017-06-26","SPEND","ULearn Limited Current account","Dublinia Limited","7081","63","A109B","","Dublinia - 12 students ","63","INPUT","AUTHORISED","5667e22e-0476-4ced-8004-f30397d6bcc8"
"2017-06-30","SPEND","ULearn Limited Current account","Dublin Castle","2715161","66","A109B","","Self Guided Tour - 12 students","66","INPUT","AUTHORISED","a96bd303-09f5-4a8e-8b5c-c7525e9201ab"
"2017-07-07","SPEND","ULearn Limited Current account","Kilmainham Gaol Museum Visitor Centre"," 168142","33","A109B","","Kilmainham Gaol Museum
1 adult and 7 students","33","INPUT","AUTHORISED","688aead5-ddcb-4c5c-8463-b1e8a5df1091"
"2017-07-11","SPEND","ULearn Limited Current account","Martin Services - CARD","160432","47.6","B102","","","47.6","INPUT","AUTHORISED","8c9d5e79-8bf3-4af3-83dd-98ba661d7048"
"2017-04-05","RECEIVE","ULearn Limited Current account","ULearn-Student","","175.72","100","","","175.72","OUTPUT","AUTHORISED","2637b22e-b7c0-48c3-b01b-455eb2921ad5"
"2017-10-12","RECEIVE","ULearn Limited Current account","ULearn-Student","","114.58","100","","","114.58","OUTPUT","AUTHORISED","4b8439ba-f0bd-40f9-82ad-3423172b9505"
"2017-05-19","RECEIVE","ULearn Limited Current account","ULearn-Student","","1679","100","","","1679","OUTPUT","AUTHORISED","127decaa-65c1-414c-9a3a-ce3c9aadb6df"
"2017-04-04","RECEIVE","ULearn Limited Current account","ULearn-Student","","560","100","","","560","OUTPUT","AUTHORISED","eafc9177-f448-4bf5-a9a4-9d66ff0d80de"
"2017-06-29","RECEIVE","ULearn Limited Current account","ULearn-Student","","588.43","100","","","588.43","OUTPUT","AUTHORISED","a03cdb8f-590c-4a06-a99b-2f4651d1dfa6"
"2017-08-02","RECEIVE","ULearn Limited Current account","ULearn-Student","","1150","100","","","1150","OUTPUT","AUTHORISED","568dbb40-b792-4341-9587-6d76b9394c36"
"2017-07-06","RECEIVE","ULearn Limited Current account","ULearn-Student","","2490","100","","","2490","OUTPUT","AUTHORISED","532a6243-7b58-48d0-8084-e68957768bb1"
"2017-07-14","RECEIVE","ULearn Limited Current account","ULearn-Student","","280","100","","","280","OUTPUT","AUTHORISED","8031bd7f-819d-477f-a54f-6046933435be"
"2017-07-13","RECEIVE","ULearn Limited Current account","ULearn-Student","","345","100","","","345","OUTPUT","AUTHORISED","380b8989-ae06-4c7d-89fd-926a9ed2510e"
"2017-09-28","RECEIVE","ULearn Limited Current account","ULearn-Student","","8893.6","100","","","8893.6","OUTPUT","AUTHORISED","0c0a3891-2c01-46cd-aa23-e3197b99610e"
"2017-08-14","RECEIVE","ULearn Limited Current account","ULearn-Student","","7866.5","100","","","7866.5","OUTPUT","AUTHORISED","e3c34e0a-90c6-4ba6-88cf-83a46bdba233"
"2017-09-20","RECEIVE","ULearn Limited Current account","ULearn-Student","","4743","100","","","4743","OUTPUT","AUTHORISED","ebc83e9e-7377-42ca-a8f0-a3af0c8cf579"
"2017-12-31","SPEND","ULearn Term Loan","Long term loan","JNL-17-001","41917.92","E130","","Re-clasify loan repayments","41917.92","NONE","AUTHORISED","d39a9930-c5ca-4468-bc31-5cba4c051f34"
"2017-11-30","RECEIVE-TRANSFER","ULearn Term Loan","","","3810.72","AC3","","Bank Transfer from ULearn Limited Current account.","3810.72","","AUTHORISED","4bbcdd6b-c88f-414b-acef-b75c2fe3dc80"
"2017-10-31","RECEIVE-TRANSFER","ULearn Term Loan","","","3810.72","AC3","","Bank Transfer from ULearn Limited Current account.","3810.72","","AUTHORISED","d1c0fd90-451f-43be-8547-8c3d26b2a2f4"
"2017-10-02","RECEIVE-TRANSFER","ULearn Term Loan","","","3810.72","AC3","","Bank Transfer from ULearn Limited Current account.","3810.72","","AUTHORISED","2bde850c-2beb-4571-a061-88f04259a4ef"
"2017-08-30","RECEIVE-TRANSFER","ULearn Term Loan","","","3810.72","AC3","","Bank Transfer from ULearn Limited Current account.","3810.72","","AUTHORISED","3d2f29b0-e6ac-4d88-92fe-e9c54e319642"
"2017-07-31","RECEIVE-TRANSFER","ULearn Term Loan","","","3810.72","AC3","","Bank Transfer from ULearn Limited Current account.","3810.72","","AUTHORISED","2808320a-678a-4eb1-977d-6011168478cf"
"2017-06-30","RECEIVE-TRANSFER","ULearn Term Loan","","","3810.72","AC3","","Bank Transfer from ULearn Limited Current account.","3810.72","","AUTHORISED","db1a1c09-30f0-4866-8d91-b1e666a5a439"
"2017-05-30","RECEIVE-TRANSFER","ULearn Term Loan","","","3810.72","AC3","","Bank Transfer from ULearn Limited Current account.","3810.72","","AUTHORISED","7fe21b64-fab7-4e9e-b408-d13f63054339"
"2017-05-02","RECEIVE-TRANSFER","ULearn Term Loan","","","3810.72","AC3","","Bank Transfer from ULearn Limited Current account.","3810.72","","AUTHORISED","1c1cc25c-55ea-4d6a-a46b-611000bcc64d"
"2017-03-30","RECEIVE-TRANSFER","ULearn Term Loan","","","3810.72","AC3","","Bank Transfer from ULearn Limited Current account.","3810.72","","AUTHORISED","9fc0fe61-6c33-43d1-aede-e549ee99edbc"
"2017-03-01","RECEIVE-TRANSFER","ULearn Term Loan","","","3810.72","AC3","","Bank Transfer from ULearn Limited Current account.","3810.72","","AUTHORISED","aabf0255-1f67-454b-9b96-68afd34d06ba"
"2017-01-30","RECEIVE-TRANSFER","ULearn Term Loan","","","3810.72","AC3","","Bank Transfer from ULearn Limited Current account.","3810.72","","AUTHORISED","084fdda1-77fc-4f0b-a5e3-f8b2f81c2265"
"2017-05-15","RECEIVE-TRANSFER","Credit Card - Ciaran","","","229.26","AC-CC-CM","","Bank Transfer from ULearn Limited Current account.","229.26","","AUTHORISED","59af50e8-8617-4613-b9b2-58999218612d"
"2017-04-28","SPEND","Credit Card - Ciaran","Express Tech","","230","104","","Phone Repair","230","OUTPUT","AUTHORISED","9daa440d-fe58-4740-adba-6f0d8b2283d7"
"2017-04-01","SPEND","Credit Card - Ciaran","BOI","","30","B127","","Government Stamp Duty","30","NONE","AUTHORISED","60a83064-b6c7-4066-b3d1-ae4a34fb77f5"
"2017-02-16","SPEND","Credit Card - Ciaran","O'Briens Fine Wines","","52.75","B113","","Present for Jake (Korean Agent)","52.75","INPUT","AUTHORISED","ee0708a8-c605-4f13-bdfb-dd671766ecfa"
"2017-02-16","RECEIVE","Credit Card - Ciaran","Refunds & Rebates","944-4457025","83.49","104","","JDI MYPCBACKUP.COM Refund","83.49","NONE","AUTHORISED","0a28be53-7359-4336-92be-4e8e700ca59b"
"2017-01-24","SPEND","ULearn Limited Current account","Neil Mc Mahon","","158.09","E113","","Neil - Credit Card (Repay)","158.09","NONE","AUTHORISED","aae5141b-17b7-4a59-a2a7-460a68f5ad43"