Date,Type,BankAccount,ContactName,Reference,Total,AccountCode,AccountName,Description,LineAmount,TaxType,Status,BankTransactionID
"2018-01-02","SPEND-TRANSFER","ULearn Limited Current account","","","3810.72","ACC1","","Bank Transfer to ULearn Term Loan.","-3810.72","","AUTHORISED","9fc89f10-a02f-4426-9ee7-f777a517bf92"
"2018-01-02","SPEND","ULearn Limited Current account","First Data","","45.39","B127","","Gateway charges","45.39","NONE","AUTHORISED","1196908b-e102-49e3-b226-731523e5a8ff"
"2018-01-02","SPEND","ULearn Limited Current account","Payment Sense","","71.04","B127","","Gateway Charges","71.04","NONE","AUTHORISED","65d4ea8c-197e-42d9-9888-47e6d53d5882"
"2018-01-17","SPEND","ULearn Limited Current account","Danilova Olga Vladimirovna","","17.5","B127","","Bank charges","17.5","NONE","AUTHORISED","17c3b357-dd31-418e-bc80-0c649436a3cc"
"2018-01-17","RECEIVE","ULearn Limited Current account","BiG SMOKE BIG SMOK","","700","102","","They were Renting a classroom from us","700","NONE","AUTHORISED","a78ec705-e2b1-4aa6-a593-2462515f81ce"
"2018-01-15","SPEND","ULearn Limited Current account","Paul Gill","TO PAUL GILL","400","B107","","DOS Salary","400","NONE","AUTHORISED","4f871a7e-3591-4fde-a6e1-000abce05a6e"
"2018-01-16","RECEIVE","ULearn Limited Current account","ULearn-Student","ULS2018-01-16","9734.4","100","","Ulearn Student","9734.4","NONE","AUTHORISED","423021df-3a0e-4d96-bdfc-e45735d58f5e"
"2018-01-25","SPEND","ULearn Limited Current account","Barbara Silveira","","700","B107","","January pay","700","NONE","AUTHORISED","fc856374-f885-4355-b657-b15e0f79f9dd"
"2018-01-25","SPEND","ULearn Limited Current account","REVENUE COMMISSIONERS","R370109-Dec","35268.75","F101","","P30 Declaration ","35268.75","NONE","AUTHORISED","2a076b3b-4734-48c8-a513-e0e54008692d"
"2018-01-25","RECEIVE","ULearn Limited Current account","ULearn-Student","LATM CR 900113 0845","2055","100","","Cash Drop","2055","NONE","AUTHORISED","7bb0b76f-01c9-4a9c-83f2-cf9255604c0b"
"2018-01-25","SPEND","ULearn Limited Current account","PAYROLL","CONTRA            CTO","22184.45","E104B","","Payroll Bulk ","22184.45","NONE","AUTHORISED","6c841747-e90f-45e9-981b-0ea21b97e33b"
"2018-01-25","SPEND","ULearn Limited Current account","PAYROLL","CONTRA            CTO","16075.35","E104B","","Payroll Bulk ","16075.35","NONE","AUTHORISED","7ccd48fa-d5ae-434d-adcb-86229bb72610"
"2018-01-26","SPEND","ULearn Limited Current account","Payment Sense","","35.73","B127","","Gateway Charges","35.73","NONE","AUTHORISED","8945da58-f0ca-43a3-8a30-9cb23097d086"
"2018-01-29","RECEIVE","ULearn Limited Current account","BiG SMOKE BIG SMOK","","700","102","","They are Renting a classroom from us","700","NONE","AUTHORISED","de4104e6-47c3-4624-a6b1-b95c7072f4ec"
"2018-01-29","SPEND","ULearn Limited Current account","Ablogg, LLC","","17.5","B127","","Bank charges","17.5","NONE","AUTHORISED","5962c804-177d-44c4-8b34-14f39f51d384"
"2018-01-29","SPEND","ULearn Limited Current account","BOI BOL","BOI BOL CHARGE","10","B127","","Banking Online","10","NONE","AUTHORISED","a63c3ae3-fd53-4136-bb17-da24b42c3b0d"
"2018-02-01","SPEND","ULearn Limited Current account","First Data","","45.39","B127","","Gateway charges","45.39","NONE","AUTHORISED","a31ef492-d920-4501-b54a-fe852a31af87"
"2018-01-30","SPEND-TRANSFER","ULearn Limited Current account","","","3810.72","ACC1","","Bank Transfer to ULearn Term Loan.","-3810.72","","AUTHORISED","72f424fa-f84d-4e08-9215-c085efa7dfbc"
"2018-01-31","RECEIVE","ULearn Limited Current account","ULearn-Student","LATM CR 900113 0845","1545","100","","Cash Drop","1545","NONE","AUTHORISED","f19195fb-6a92-4574-925c-e1b2884ea918"
"2018-01-19","RECEIVE","ULearn Limited Current account","ULearn-Student","ULS362959945","515","100","","Ulearn - Student","515","NONE","AUTHORISED","116903ec-6173-48d0-b21a-632f096a6c5f"
"2018-01-29","RECEIVE","ULearn Limited Current account","ULearn-Student","ULS2018-01-29","5400","100","","Ulearn Student","5400","NONE","AUTHORISED","92116822-6d07-4570-b875-dadf36fd64a7"
"2018-02-07","SPEND","ULearn Limited Current account","BOI","","0.36","B127","","Bank Charges Gov Duty","0.36","NONE","AUTHORISED","3a0ee965-5e6f-4c7f-b826-3afeb758f4b9"
"2018-02-06","RECEIVE","ULearn Limited Current account","ULearn-Student","LATM CR 900113 0845","6815","100","","Cash Drop","6815","NONE","AUTHORISED","a6572327-fb8f-4b8f-89be-8373d81c6727"
"2018-02-06","RECEIVE","ULearn Limited Current account","ULearn-Student","ULS2018-02-06","754","100","","Ulearn Student","754","NONE","AUTHORISED","00c8aa4a-0491-4f58-a4bf-9b7c3bb26a09"
"2018-02-12","RECEIVE","ULearn Limited Current account","ULearn-Student","LATM CR 900113 0845","1310","100","","Cash Drop","1310","NONE","AUTHORISED","b1ba4a0e-6fd6-4db3-ab72-208c1d23bff2"
"2018-02-14","SPEND","ULearn Limited Current account","APEX International Education Centre","","17.5","B127","","Bank fees","17.5","NONE","AUTHORISED","886627d5-6e01-4d41-92ed-8ac3b2ce2e20"
"2018-02-16","RECEIVE","ULearn Limited Current account","ULearn-Student","LATM CR 900113 0845","765","100","","Cash Drop","765","NONE","AUTHORISED","1459ad36-eabd-4730-b27a-cb2b3b652fad"
"2018-02-14","RECEIVE","ULearn Limited Current account","ULearn-Student","LATM CR 900113 0845","3519","100","","Cash Drop","3519","NONE","AUTHORISED","d583afa2-4ade-4506-be44-192d1bf091e4"
"2018-02-14","SPEND-TRANSFER","ULearn Limited Current account","","","75","ACC1","","Bank Transfer to Credit Card - Neil.","-75","","DELETED","0d235009-2d43-4885-830b-6f49d5276280"
"2018-02-02","SPEND-TRANSFER","Credit Card - Neil","","","31","AC-CC-NM","","Bank Transfer to Credit Card - Ciaran.","-31","","DELETED","4d882169-fbc1-428c-9f62-080eaba52fc6"
"2018-02-14","SPEND-TRANSFER","ULearn Limited Current account","","","75","ACC1","","Bank Transfer to Credit Card - Neil.","-75","","DELETED","1b352d70-3bc4-4949-b981-cd8547dd05bb"
"2018-02-02","SPEND-TRANSFER","Credit Card - Neil","","","31","AC-CC-NM","","Bank Transfer to Credit Card - Ciaran.","-31","","DELETED","f641c7d0-c501-4afb-a082-1481848e3d17"
"2018-02-14","SPEND-TRANSFER","ULearn Limited Current account","","","75","ACC1","","Bank Transfer to Credit Card - Neil.","-75","","DELETED","03c86ed0-2f94-419e-989b-105e22520375"
"2018-02-14","RECEIVE-TRANSFER","Credit Card - Neil","","","44","AC-CC-NM","","Bank Transfer from ULearn Limited Current account.","44","","DELETED","21faf797-ed7f-481c-b1a9-91eb563ce65c"
"2018-02-14","SPEND-TRANSFER","ULearn Limited Current account","","","44","ACC1","","Bank Transfer to Credit Card - Neil.","-44","","AUTHORISED","6e8a4f79-c088-48c4-a979-63a3b99b107a"
"2018-02-14","SPEND-TRANSFER","ULearn Limited Current account","","","31","ACC1","","Bank Transfer to Credit Card - Ciaran.","-31","","AUTHORISED","b13927df-864e-419f-a0b1-9afad08b073c"
"2018-02-19","RECEIVE","ULearn Limited Current account","BiG SMOKE BIG SMOK","","700","102","","They are Renting a classroom from us","700","NONE","AUTHORISED","a878fdc6-9fba-49e5-85bd-f1fbfd5c837d"
"2018-02-22","SPEND","ULearn Limited Current account","PAYROLL","CONTRA            CTO","23481.01","E104B","","Payroll Bulk ","23481.01","NONE","AUTHORISED","4bba1ad6-fd97-416d-995f-db025daf2e01"
"2018-02-22","SPEND","ULearn Limited Current account","Barbara Silveira","","700","B107","","February wages","700","NONE","AUTHORISED","6fda88c8-c56b-40fd-92d2-79c8522c966a"
"2018-02-23","SPEND","ULearn Limited Current account","Riabinina Iullia Andreevna","","17.5","B127","","Bank fees","17.5","NONE","AUTHORISED","8c5ce69d-28d9-4272-84c6-2f1b0ea5bc47"
"2018-02-23","SPEND","ULearn Limited Current account","PAYROLL","CONTRA            CTO","18446.52","E104B","","Payroll Bulk ","18446.52","NONE","AUTHORISED","7aafcf94-d75e-4021-a4c0-6c5799cbcce0"
"2018-02-23","SPEND","ULearn Limited Current account","Larisa Kartoshkina","","17.5","B127","","bank fees","17.5","NONE","AUTHORISED","fb3df26b-0f73-4883-9e06-d2e3a41d912d"
"2018-02-23","SPEND","ULearn Limited Current account","Payment Sense","","36.32","B127","","Gateway Charges","36.32","NONE","AUTHORISED","741a135b-0cf8-4bb7-b78b-2aef04039411"
"2018-02-23","SPEND","ULearn Limited Current account","BookYourStudy.com","","17.5","B127","","Bank fees","17.5","NONE","AUTHORISED","85ae58ec-488c-4d10-b2e9-d39e8ebee26e"
"2018-02-21","SPEND","ULearn Limited Current account","Bank Charges","","10.61","B127","","Ulearn","10.61","NONE","AUTHORISED","4ce15d2b-ad58-496d-9032-ad38517aa9ef"
"2018-02-27","RECEIVE","ULearn Limited Current account","ULearn-Student","LATM CR 900113 0845","1770","100","","Cash Drop","1770","NONE","AUTHORISED","a7fdf0c2-faf5-4f3f-a3db-3ecc18e22a01"
"2018-03-01","SPEND","ULearn Limited Current account","First Data","","45.39","B127","","Gateway charges","45.39","NONE","AUTHORISED","1ba9c827-f5a3-415a-a785-ec2b5b839de9"
"2018-03-01","SPEND-TRANSFER","ULearn Limited Current account","","","3810.72","ACC1","","Bank Transfer to ULearn Term Loan.","-3810.72","","AUTHORISED","389a95ce-5c3f-4fe5-b563-ebfbf0b3d562"
"2018-03-06","SPEND","ULearn Limited Current account","BOI BOL","BOI BOL CHARGE","10","B127","","Banking Online","10","NONE","AUTHORISED","c61daf0a-9ffb-42d2-a3a4-71324f0e2ba1"
"2018-03-07","RECEIVE","ULearn Limited Current account","ULearn-Student","ULS2018-03-07 ","5231","100","","Ulearn Student","5231","NONE","AUTHORISED","b9ed9fdd-9826-42f6-983f-cd7a2f5a1826"
"2018-03-09","RECEIVE","ULearn Limited Current account","ULearn-Student","LATM CR 900113 0845","780","100","","Cash Drop","780","NONE","AUTHORISED","45bb1025-d491-4263-8b71-0a103a36a257"
"2018-02-02","SPEND","Credit Card - Neil","BOI","Annual fee","31","B127","","Annual Fee","31","NONE","AUTHORISED","de6fc495-38dd-4ec6-9657-2506ce42a325"
"2018-02-16","SPEND-TRANSFER","ULearn Limited Current account","","","44","ACC1","","Bank Transfer to Credit Card - Neil.","-44","","AUTHORISED","f723824c-4ac7-47eb-813e-ee4d5b25f58f"
"2018-02-16","RECEIVE-TRANSFER","Credit Card - Neil","","","44","AC-CC-NM","","Bank Transfer from ULearn Limited Current account.","44","","AUTHORISED","d3608ad8-46b5-412c-b736-a591459fbb75"
"2018-03-16","RECEIVE","ULearn Limited Current account","ULearn-Student","LATM CR 900113 0845","2100","100","","Cash Drop","2100","NONE","AUTHORISED","30945c49-8ec0-4fa3-b652-aa52f144615a"
"2018-03-13","RECEIVE","ULearn Limited Current account","ULearn-Student","LATM CR 900113 0845","2100","100","","Cash Drop","2100","NONE","AUTHORISED","19c82fc5-5f50-404f-9abc-57a27bbcf8f8"
"2018-03-16","SPEND","ULearn Limited Current account","FIRST VISA AGENCY","","17.5","B127","","Bank charge","17.5","NONE","AUTHORISED","71475f9f-c2da-4f79-a40c-05427d274d4a"
"2018-03-22","SPEND","ULearn Limited Current account","PAYROLL","CONTRA            CTO","30410.89","E104B","","Payroll Bulk ","30410.89","NONE","AUTHORISED","ca642c35-768c-44e9-bf94-b67bad649b46"
"2018-03-21","SPEND","ULearn Limited Current account","Olga Zoteva","","17.5","B127","","Bank fees","17.5","NONE","AUTHORISED","b900992e-11c7-4fd2-ad40-e2ef56f69bd4"
"2018-03-01","RECEIVE","ULearn Limited Current account","ULearn-Student","ULS2018-03-01","1870","100","","Ulearn Student","1870","NONE","AUTHORISED","203df0f7-252c-4981-a338-16ab519912f2"
"2018-03-23","RECEIVE","ULearn Limited Current account","ULearn-Student","ULS2018-03-23","3610","100","","Ulearn Student","3610","NONE","AUTHORISED","0413efe6-afbf-401d-b979-39983c39cda9"
"2018-03-21","SPEND","ULearn Limited Current account","Bank Charges","","0.32","B127","","Ulearn ","0.32","NONE","AUTHORISED","68bb8eaa-6fc6-4d6f-bfb9-896dccc609ab"
"2018-03-21","SPEND","ULearn Limited Current account","Bank Charges","","3.17","B127","","Ulearn ","3.17","NONE","AUTHORISED","8c8674da-b2e9-4b91-9ffe-992f4fea80be"
"2018-03-21","SPEND","ULearn Limited Current account","Bank Charges","","3.17","B127","","Ulearn ","3.17","NONE","AUTHORISED","9c616233-b6cb-4c54-88f2-5cf3b031ef8c"
"2018-03-21","SPEND","ULearn Limited Current account","Bank Charges","","3.17","B127","","Ulearn ","3.17","NONE","AUTHORISED","ade95aa3-8dba-4f8c-80d2-5d70638b5794"
"2018-03-26","SPEND","ULearn Limited Current account","PAYROLL","CONTRA            CTO","18398.75","E104B","","Payroll Bulk ","18398.75","NONE","AUTHORISED","b2fc012b-fff5-4c0f-887a-58d0a2b415de"
"2018-03-26","SPEND","ULearn Limited Current account","Bank Charges","","0.32","B127","","Ulearn ","0.32","NONE","AUTHORISED","befa51c1-cbcb-46a2-b7af-15ca702642ea"
"2018-03-26","SPEND","ULearn Limited Current account","Bank Charges","","0.81","B127","","Ulearn ","0.81","NONE","AUTHORISED","809e5218-8422-4bd7-9bf8-28f5bcbe639e"
"2018-03-28","SPEND","ULearn Limited Current account","BOI BOL","BOI BOL CHARGE","10","B127","","Banking Online","10","NONE","AUTHORISED","5029a244-70e7-43a3-a89d-e386015448aa"
"2018-03-29","RECEIVE","ULearn Limited Current account","BiG SMOKE BIG SMOK","","700","102","","They are Renting a classroom from us","700","NONE","AUTHORISED","9abcaa0e-c0b4-4fb2-89b6-401a7ccb3d4e"
"2018-03-29","RECEIVE","ULearn Limited Current account","ULearn-Student","LATM CR 900113 0845","2540","100","","Cash Drop","2540","NONE","AUTHORISED","278d361a-3135-454f-92aa-341987873647"
"2018-03-27","RECEIVE","ULearn Limited Current account","ULearn-Student","LATM CR 900113 0845","3595","100","","Cash Drop","3595","NONE","AUTHORISED","7e0e5f3a-26b8-486f-8ec7-b8c10281f8a2"
"2018-03-28","SPEND","ULearn Limited Current account","REVENUE COMMISSIONERS","Feb-18","15094.94","F101","","P30 Declaration","15094.94","NONE","AUTHORISED","cf6b3956-7130-4eea-9e0d-78602b8e6a73"
"2018-03-26","RECEIVE","ULearn Limited Current account","ULearn-Student","ULS2018-03-26 ","4165","100","","Ulearn - Student","4165","NONE","AUTHORISED","2a12f189-f1f0-4a20-a131-64275dc4d870"
"2018-03-21","SPEND","ULearn Limited Current account","CRAIG CASSELL","","298.5","B107","","Ciaran paid him separately his account is in Germany ","298.5","NONE","AUTHORISED","9f5482ab-557a-4315-9bff-35b22b8ec513"
"2018-04-04","SPEND","ULearn Limited Current account","Neil Mc Mahon","TO NEIL MCMAHON","3200","B107","","Neil Salary","3200","NONE","AUTHORISED","02921f0a-6ea8-4ab6-a267-52594bfd3934"
"2018-04-03","SPEND-TRANSFER","ULearn Limited Current account","","","3810.72","ACC1","","Bank Transfer to ULearn Term Loan.","-3810.72","","AUTHORISED","a2783aa6-2b45-4b61-a2a3-f719da9bad9b"
"2018-04-03","SPEND","ULearn Limited Current account","Payment Sense","","70.09","B127","","Gateway Charges","70.09","NONE","AUTHORISED","8a574b71-7ac9-4fcc-a91e-37ba87a47de1"
"2018-04-03","SPEND","ULearn Limited Current account","First Data","","45.39","B127","","Gateway charges","45.39","NONE","AUTHORISED","f35875b1-2407-4d89-ba9e-8880792c525f"
"2018-04-06","RECEIVE","ULearn Limited Current account","ULearn-Student","ULS2018-04-06","576.5","100","","Ulearn Student","576.5","NONE","AUTHORISED","85aaee9e-2992-4299-b9cf-64f792871fd2"
"2018-04-04","RECEIVE","ULearn Limited Current account","ULearn-Student","ULS2018-04-04 ","908","100","","Ulearn Student","908","NONE","AUTHORISED","4e1d7c69-4283-4c89-a4d9-01cd8eda2e1d"
"2018-04-09","RECEIVE","ULearn Limited Current account","ULearn-Student","ULS2018-04-09 ","11120","100","","Ulearn Student","11120","NONE","AUTHORISED","8aa477ac-ffbc-4815-bda5-e61b5dccadb5"
"2018-04-19","RECEIVE","ULearn Limited Current account","ULearn-Student","LATM CR 900113 0845","2935","100","","Cash Drop","2935","NONE","AUTHORISED","58337e55-79bb-48fa-98ca-3cc4b6ba36bc"
"2018-04-13","RECEIVE","ULearn Limited Current account","ULearn-Student","LATM CR 900113 0292","20","100","","Cash Drop","20","NONE","AUTHORISED","6c54aeaa-b2a5-44c5-beea-bed71e18441a"
"2018-04-19","SPEND","ULearn Limited Current account","PAYROLL","CONTRA            CTO","29279.11","E104B","","Payroll Bulk ","29279.11","NONE","AUTHORISED","6adb7e1c-725a-40bb-8cbf-5dd37864b532"
"2018-04-13","SPEND-TRANSFER","ULearn Limited Current account","","","30","ACC1","","Bank Transfer to Credit Card - Ciaran.","-30","","AUTHORISED","21e5c9df-5230-44d7-b00b-d554477cbb2a"
"2018-04-13","SPEND-TRANSFER","ULearn Limited Current account","","","30","ACC1","","Bank Transfer to Credit Card - Neil.","-30","","AUTHORISED","66ed7d81-d973-4b1a-827a-fc5d84cc178c"
"2018-04-13","RECEIVE-TRANSFER","Credit Card - Neil","","","30","AC-CC-NM","","Bank Transfer from ULearn Limited Current account.","30","","AUTHORISED","01b6a99d-79be-4ea0-9564-90f07452362e"
"2018-04-20","SPEND","ULearn Limited Current account","CLAUDIA DALBY","","275","B107","","Wages April 18","275","NONE","AUTHORISED","3743c4c1-f0d3-445e-9ee6-8a7c5bf786c1"
"2018-04-17","RECEIVE","ULearn Limited Current account","ULearn-Student","ULS2018-04-17","12817","100","","Ulearn Student","12817","NONE","AUTHORISED","85610f89-3ca0-440c-b764-90b7d2f4033e"
"2018-04-16","RECEIVE","ULearn Limited Current account","ULearn-Student","ULS244703336","260","100","","Ulearn Student","260","NONE","AUTHORISED","aab61e8b-6312-4989-884d-d8f3f46f79e6"
"2018-04-24","SPEND","ULearn Limited Current account","PAYROLL","CONTRA            CTO","18399.02","E104B","","Payroll Bulk ","18399.02","NONE","AUTHORISED","3c415af7-fae1-4fcc-a7ed-3f542305dd73"
"2018-04-25","SPEND","ULearn Limited Current account","REVENUE COMMISSIONERS","Revenue Commi SEPA DD","18216.61","F101","","P30 Declaration","18216.61","NONE","AUTHORISED","1deaea90-d533-40a8-b350-3ff6f3260161"
"2018-04-23","SPEND","ULearn Limited Current account","Bank Charges","","3.53","B127","","Ulearn ","3.53","NONE","AUTHORISED","3b9ddfea-f2d8-43ac-aa49-588c004ee525"
"2018-04-27","SPEND","ULearn Limited Current account","Payment Sense","","36.8","B127","","Gateway Charges","36.8","NONE","AUTHORISED","ce3780de-b332-4405-b5a5-1db197162a53"
"2018-04-30","SPEND-TRANSFER","ULearn Limited Current account","","","3810.72","ACC1","","Bank Transfer to ULearn Term Loan.","-3810.72","","AUTHORISED","cadad824-7adb-4fb8-a4f2-7aaf74c9127f"
"2018-04-30","SPEND","ULearn Limited Current account","BOI BOL","BOI BOL CHARGE","10","B127","","Banking Online","10","NONE","AUTHORISED","c526f0c7-83e7-43c9-9746-5fa323158634"
"2018-04-30","RECEIVE","ULearn Limited Current account","ULearn-Student","LATM CR 900113 0845","200","100","","Cash Drop","200","NONE","AUTHORISED","a354dab1-250c-4afd-8d23-8423bb6c829a"
"2018-05-01","SPEND","ULearn Limited Current account","Bank Charges","POS CHG CZK 24","0.02","B127","","Paul - Conference in Prague 2018 (ATM)","0.02","NONE","AUTHORISED","9f993975-ffce-409f-9a6a-12b648f7cc6b"
"2018-05-01","SPEND","ULearn Limited Current account","Bank Charges","POS CHG CZK 985","0.77","B127","","Paul - Conference in Prague 2018","0.77","NONE","AUTHORISED","53399f19-4954-42ac-9f38-1a23b41f4a20"
"2018-05-01","SPEND","ULearn Limited Current account","Bank Charges","POS CHG CZK 225","0.18","B127","","Paul Conference in Prague 2018","0.18","NONE","AUTHORISED","16dfca6b-e92f-47af-ac4a-5db267bcf231"
"2018-04-30","SPEND","ULearn Limited Current account","Bank Charges","","0.27","B127","","Paul - Conference in Prague 2018 ","0.27","NONE","AUTHORISED","36278930-4063-4bf5-a6ef-5019286bd5a5"
"2018-04-30","SPEND","ULearn Limited Current account","Bank Charges","","0.07","B127","","Paul - Conference in Prague 2018 ","0.07","NONE","AUTHORISED","1a49134a-0fd0-465c-9154-9b6d4c022311"
"2018-04-30","SPEND","ULearn Limited Current account","Bank Charges","","0.02","B127","","Paul - Conference in Prague 2018 ","0.02","NONE","AUTHORISED","b2ca3b4b-bde3-4fb5-a4ee-96ba3476d0a1"
"2018-04-30","RECEIVE","ULearn Limited Current account","ULearn-Student","ULS2018-04-30","590","100","","Ulearn Student","590","NONE","AUTHORISED","24367075-8f46-4762-bd24-64f8580f650e"
"2018-05-10","SPEND","ULearn Limited Current account","Barbara Silveira","Dismissal - Termination of employment contract","2539.56","E104B","","Dismissal - Termination of employment contract","2539.56","NONE","AUTHORISED","43d4acde-f317-488f-a525-b2977c1d4eaf"
"2018-05-01","SPEND","ULearn Limited Current account","Bank Charges","POS CHG CZK 48","0.04","B127","","Paul conference in Prague 2018","0.04","NONE","AUTHORISED","e74ead68-fed4-4cc0-91c8-c1188d813c86"
"2018-05-02","SPEND","ULearn Limited Current account","First Data","FIRST DATA GL SEPA DD","45.39","B127","","Gateway charges","45.39","NONE","AUTHORISED","cfc2ecab-1dad-420d-8bbe-1ae0941f4d05"
"2018-05-01","SPEND","ULearn Limited Current account","Bank Charges","POS CHG CZK 48","0.04","B127","","Paul conference in Prague 2018","0.04","NONE","AUTHORISED","ba573b01-a604-416c-a9b7-90aacb3b3f28"
"2018-05-01","SPEND","ULearn Limited Current account","Bank Charges","POS CHG CZK 193","0.15","B127","","Paul conference in Prague 2018","0.15","NONE","AUTHORISED","ba63a872-3fec-4fba-96ff-503ff78ed855"
"2018-05-01","SPEND","ULearn Limited Current account","Bank Charges","POS CHG CZK 766","0.6","B127","","Paul conference in Prague 2018","0.6","NONE","AUTHORISED","61c3ab07-7822-48f5-b675-460fd2aed872"
"2018-05-14","RECEIVE","ULearn Limited Current account","ULearn-Student","LATM CR 900113 0845","1665","100","","Cash Drop","1665","NONE","AUTHORISED","21dda6c5-53d2-4c16-92c2-8b95cc748caa"
"2018-05-07","RECEIVE","ULearn Limited Current account","ULearn-Student","ULS2018-05-07","10332.5","100","","Ulearn-Student","10332.5","NONE","AUTHORISED","1abde2f7-58b8-4953-a47a-a96b940566d5"
"2018-05-17","SPEND","ULearn Limited Current account","PAYROLL","CONTRA            CTO","28012.3","E104B","","Payroll Bulk ","28012.3","NONE","AUTHORISED","8c619dcc-085f-4f74-a82c-a688df5211d8"
"2018-05-17","RECEIVE","ULearn Limited Current account","ULearn-Student","LATM CR 900113 0845","920","100","","Cash Drop","920","NONE","AUTHORISED","bcab33af-6606-4a9b-9a53-e6dcb39914b9"
"2018-05-17","RECEIVE","ULearn Limited Current account","ULearn-Student","ULS2018-05-17 ","9109","100","","Ulearn-Student","9109","NONE","AUTHORISED","ea7fd7a5-e451-48c3-a282-abffc659e2f9"
"2018-05-22","SPEND","ULearn Limited Current account","GoDaddy.com, LLC - CARD","","12.29","B106","","hosting","12.29","NONE","AUTHORISED","90e4e510-d3d5-4b11-b028-47593aa03c0b"
"2018-05-24","SPEND","ULearn Limited Current account","PAYROLL","CONTRA            CTO","18399.29","E104B","","Payroll Bulk ","18399.29","NONE","AUTHORISED","33fe6121-344c-4387-a908-311780335ace"
"2018-05-22","RECEIVE","ULearn Limited Current account","ULearn-Student","LATM CR 900113 0845","2140","100","","Cash Drop","2140","NONE","AUTHORISED","1aecdef4-30e3-413b-b6b5-3a1692a402a1"
"2018-05-25","SPEND","ULearn Limited Current account","Payment Sense","","36.17","B127","","Gateway Charges","36.17","NONE","AUTHORISED","289c42f3-52b2-41da-ad51-ed29b7d2d5b2"
"2018-05-25","SPEND","ULearn Limited Current account","REVENUE COMMISSIONERS","Revenue Commi SEPA DD","16343.64","F101","","P30 Declaration","16343.64","NONE","AUTHORISED","f9f0170e-e872-410c-b69c-034594483830"
"2018-06-01","SPEND","ULearn Limited Current account","First Data","","45.39","B127","","Gateway charges","45.39","NONE","AUTHORISED","bf23687c-cb32-406a-81c8-7a7199340265"
"2018-05-29","SPEND","ULearn Limited Current account","Natalia Gomez","","226.32","B107","","May/18","226.32","NONE","AUTHORISED","05f2ad8c-4852-47ef-bd0a-2a0013a808ab"
"2018-05-29","SPEND","ULearn Limited Current account","Julio Viana","","800","E104B","","Cintia advance payment May/18","800","NONE","AUTHORISED","5df2ad98-2332-4672-a299-2b6d900977e7"
"2018-05-30","SPEND-TRANSFER","ULearn Limited Current account","","","3810.72","ACC1","","Bank Transfer to ULearn Term Loan.","-3810.72","","AUTHORISED","07883907-ba4f-4988-996e-1816bf06ea9f"
"2018-05-30","SPEND","ULearn Limited Current account","GoDaddy.com, LLC - CARD","","10.88","B106","","hosting","10.88","NONE","AUTHORISED","04407982-773d-4bd5-baa1-2ff335d88820"
"2018-05-31","SPEND","ULearn Limited Current account","BOI BOL","BOI BOL CHARGE","10","B127","","Banking Online","10","NONE","AUTHORISED","28cc23d1-46f2-4ef3-8dea-e40e082bea94"
"2018-06-01","SPEND","ULearn Limited Current account","Bernard Naughton","","500","B107","","ULEARN MAY ADV","500","NONE","AUTHORISED","6f4106e6-ceb7-4eac-9419-22d39c7608b7"
"2018-05-31","RECEIVE","ULearn Limited Current account","ULearn-Student","LATM CR 900113 0845","2935","100","","Cash Drop","2935","NONE","AUTHORISED","2b910dd3-adc6-4b50-aa97-c82701303fb2"
"2018-05-17","SPEND","ULearn Limited Current account","Bernard Naughton","","156","B107","","ULEARN MAY ADV","156","NONE","AUTHORISED","547d24d1-69a7-46d2-a1f6-7ad59d70ad6a"
"2018-05-31","RECEIVE","ULearn Limited Current account","ULearn-Student","ULS2018-05-31","1770","100","","Ulearn Student","1770","NONE","AUTHORISED","2159b511-64d5-42dc-977b-8cbb5b3f4b14"
"2018-05-28","RECEIVE","ULearn Limited Current account","ULearn-Student","ULS2018-05-28","1970","100","","Ulearn Student","1970","NONE","AUTHORISED","e660c171-4a1f-4127-af29-814a28eefb8d"
"2018-06-01","SPEND","ULearn Limited Current account","Bank Charges","","1.94","B127","","Ulearn - tablets","1.94","NONE","AUTHORISED","a3eea0b4-f73a-42c5-97ca-5972d82cfe2b"
"2018-06-06","SPEND","ULearn Limited Current account","GoDaddy.com, LLC - CARD","","13.68","B106","","hosting","13.68","NONE","AUTHORISED","167cbd90-1048-45ca-8245-8ad81db1bb45"
"2018-06-06","SPEND","ULearn Limited Current account","Facebook - CARD","","14.62","B110","","facebook ads","14.62","NONE","AUTHORISED","0c926649-8d58-4441-85b5-6821f43498da"
"2018-06-06","SPEND","ULearn Limited Current account","Facebook - CARD","","3.83","B110","","facebook ads","3.83","NONE","AUTHORISED","dba3e115-64d4-418e-9914-0b34da4abaa2"
"2018-06-08","RECEIVE","ULearn Limited Current account","ULearn-Student","ULS2018-06-08","5015","100","","Ulearn students","5015","NONE","AUTHORISED","8a3ceb38-75d5-4228-9f9e-2f8f534260c1"
"2018-06-08","RECEIVE","ULearn Limited Current account","ULearn-Student","LATM CR 900113 0845","1075","100","","Cash Drop","1075","NONE","AUTHORISED","ed67d191-8c16-4e33-aab4-3c41e215c354"
"2018-06-13","SPEND","ULearn Limited Current account","Bernard Naughton","","316.42","B107","","ULEARN May salary","316.42","NONE","AUTHORISED","75b04fc9-b14b-433c-ab75-1caa8a2e671f"
"2018-06-14","SPEND","ULearn Limited Current account","PAYROLL","CONTRA            CTO","28169.99","E104B","","Payroll Bulk ","28169.99","NONE","AUTHORISED","694468ce-fd33-4839-bc78-637d07ac1386"
"2018-06-19","SPEND","ULearn Limited Current account","Natalia Gomez","","168.48","B107","","June/18","168.48","NONE","AUTHORISED","95c67c58-83e7-414f-b138-b387179f31af"
"2018-06-19","RECEIVE","ULearn Limited Current account","ULearn-Student","LATM CR 900113 0845","535","100","","Cash Drop","535","NONE","AUTHORISED","2bc51332-f95a-4afe-8b0f-12310a263e36"
"2018-06-19","SPEND","ULearn Limited Current account","Bank Charges","","1.94","B127","","POS CHG RUB 6982","1.94","NONE","AUTHORISED","431070e8-19f1-426a-9226-c086f620bca2"
"2018-06-19","SPEND","ULearn Limited Current account","Bank Charges","","2.95","B127","","POS CHG RUB 10575","2.95","NONE","AUTHORISED","9285cb80-782d-43d7-a815-e62f9f6ee47f"
"2018-06-20","SPEND","ULearn Limited Current account","Bank Charges","","2.88","B127","","POS CHG RUB 10400","2.88","NONE","AUTHORISED","48c63d3c-d0c4-484e-a9af-306fd684c598"
"2018-06-25","SPEND","ULearn Limited Current account","PAYROLL","CONTRA            CTO","19956.29","E104B","","Payroll Bulk ","19956.29","NONE","AUTHORISED","d0c12684-32c4-412e-896b-68b1bd974fca"
"2018-06-25","SPEND","ULearn Limited Current account","KHALID GHALI AL-JOHANI","","17.5","B127","","Bank fees","17.5","NONE","AUTHORISED","1be313e1-d9dd-4493-917e-defb9b5fbcad"
"2018-06-25","RECEIVE","ULearn Limited Current account","ULearn-Student","LATM CR 900113 0845","2465","100","","Cash Drop","2465","NONE","AUTHORISED","ee81945a-a5d5-4540-a0b2-f369e1a49c22"
"2018-06-25","RECEIVE","ULearn Limited Current account","BiG SMOKE BIG SMOK","","700","102","","They are Renting a classroom from us","700","NONE","AUTHORISED","f5c747bf-c052-4021-8ec7-767a9a07cfa2"
"2018-06-27","SPEND","ULearn Limited Current account","REVENUE COMMISSIONERS","Revenue Commi SEPA DD","17895.11","F101","","P30 Declaration","17895.11","NONE","AUTHORISED","a5f39c23-af38-4399-b57c-a3b796f7b43a"
"2018-06-28","SPEND","ULearn Limited Current account","BOI BOL","BOI BOL CHARGE","10","B127","","Banking Online","10","NONE","AUTHORISED","5972a96d-1929-4694-a2df-d7bce31fb979"
"2018-06-29","SPEND","ULearn Limited Current account","Payment Sense","","70.25","B127","","Gateway Charges","70.25","NONE","AUTHORISED","f864de24-ee54-4250-a499-c6b02127a185"
"2018-07-02","SPEND","ULearn Limited Current account","First Data","","45.39","B127","","Gateway charges","45.39","NONE","AUTHORISED","cee3c1a4-070e-45b5-abab-4da6a5b9e9af"
"2018-07-02","SPEND-TRANSFER","ULearn Limited Current account","","","3810.72","ACC1","","Bank Transfer to ULearn Term Loan.","-3810.72","","AUTHORISED","ae39b731-f99e-4a50-890d-a245cda27cf2"
"2018-07-04","SPEND","ULearn Limited Current account","Ablogg, LLC","","17.5","B127","","Bank fees","17.5","NONE","AUTHORISED","4d34a568-0a10-45dc-8892-86d0d8bf0447"
"2018-06-26","RECEIVE","ULearn Limited Current account","ULearn-Student","ULS2018-06-26 ","10130","100","","Ulearn Student","10130","NONE","AUTHORISED","9d1701af-019d-43be-b89d-de6a9a7021e6"
"2018-07-12","SPEND","ULearn Limited Current account","PAYROLL","CONTRA            CTO","32154.81","E104B","","Payroll Bulk ","32154.81","NONE","AUTHORISED","6de8b373-9330-4d72-909d-29fdfc1775c7"
"2018-07-16","RECEIVE","ULearn Limited Current account","RECEPTION DESK GP","","350","E120","","We sold the Reception desk from 13 Harcourt street","350","NONE","AUTHORISED","17217d0d-b577-40d3-8c98-99790c0d1260"
"2018-07-24","SPEND","ULearn Limited Current account","PAYROLL","CONTRA            CTO","16116.86","E104B","","Payroll Bulk ","16116.86","NONE","AUTHORISED","9c8ddc34-4a6f-41d7-9ac0-03584076f7f6"
"2018-07-24","RECEIVE","ULearn Limited Current account","ULearn-Student","LATM CR 900113 0845","2230","100","","Cash Drop","2230","NONE","AUTHORISED","861ea567-5b95-44bf-9fbb-3298a8c332d3"
"2018-07-25","SPEND","ULearn Limited Current account","REVENUE COMMISSIONERS","Revenue Commi SEPA DD","19374.68","F101","","P30 Declaration","19374.68","NONE","AUTHORISED","24c14e39-d3b9-4bca-ad11-ab961c7ec611"
"2018-07-27","SPEND","ULearn Limited Current account","Payment Sense","","36.52","B127","","Gateway Charges","36.52","NONE","AUTHORISED","d7953c85-9b53-467c-a5b1-1a49ee7fbc51"
"2018-07-27","RECEIVE","ULearn Limited Current account","ULearn-Student","LATM CR 900113 0845","940","100","","Cash Drop","940","NONE","AUTHORISED","c91911a8-634a-4053-bb00-df13b9ac8a69"
"2018-07-25","SPEND","ULearn Limited Current account","Cinthia Vasconcelos","","2904.56","B107","","June18","2904.56","NONE","AUTHORISED","10557f53-1b12-4189-9ff8-a01f8e05b488"
"2018-07-25","SPEND","ULearn Limited Current account","Liga Berzina","","2234.41","B107","","June18","2234.41","NONE","AUTHORISED","cc550f60-d287-4d71-925f-9a610952789c"
"2018-07-30","SPEND","ULearn Limited Current account","BOI BOL","BOI BOL CHARGE","10","B127","","Banking Online","10","NONE","AUTHORISED","1d903524-7045-4b08-b04d-55bc0e08e3bf"
"2018-08-03","SPEND-TRANSFER","ULearn Limited Current account","","","500","ACC1","","Bank Transfer to Petty Cash.","-500","","AUTHORISED","5198baa3-c860-4f85-bc26-b4f3253bd3c3"
"2018-08-01","SPEND","ULearn Limited Current account","First Data","","45.39","B127","","Gateway charges","45.39","NONE","AUTHORISED","249c5392-11e9-4a11-a65d-3393f09c52a0"
"2018-07-31","RECEIVE","ULearn Limited Current account","ULearn-Student","LATM CR 900113 8974","1565","100","","Cash Drop","1565","NONE","AUTHORISED","727157c0-0b18-4600-847c-a2d65ee5431b"
"2018-08-03","RECEIVE","ULearn Limited Current account","ULearn-Student","ULS2018-08-03 ","1757.81","100","","Ulearn Student","1757.81","NONE","AUTHORISED","bcc35d73-faf0-4147-a484-25df1451e0a2"
"2018-07-12","RECEIVE","ULearn Limited Current account","ULearn-Student","ULS2018-07-12 ","8818.12","100","","Ulearn Student","8818.12","NONE","AUTHORISED","68fc035c-5170-43f4-a2fe-619c264d198b"
"2018-07-30","SPEND-TRANSFER","ULearn Limited Current account","","","3810.72","ACC1","","Bank Transfer to ULearn Term Loan.","-3810.72","","AUTHORISED","64588135-8676-4b50-b69f-f2b5ace0ac4b"
"2018-08-02","SPEND","ULearn Limited Current account","Bank Charges","","8.08","B127","","Ulearn ","8.08","NONE","AUTHORISED","f9fd3c7f-c31d-49e6-b20b-bc94137a8a02"
"2018-07-18","SPEND","ULearn Limited Current account","Bank Charges","","3.05","B127","","Ulearn ","3.05","NONE","AUTHORISED","c2abe7f1-4874-4266-b61a-02d01f2aaaa8"
"2018-08-08","SPEND","ULearn Limited Current account","PAYROLL","CONTRA            CTO","43142.72","E104B","","Payroll Bulk ","43142.72","NONE","AUTHORISED","279dc3e9-3018-4764-95ef-1f8e39b66b40"
"2018-08-09","SPEND","ULearn Limited Current account","Paul Gill","TO PAUL GILL","1000","B107","","DOS Salary","1000","NONE","AUTHORISED","3637ca8e-ad47-42d3-a9c6-02d6ba2339ff"
"2018-08-09","RECEIVE","ULearn Limited Current account","ULearn-Student","LATM CR 900113 0845","640","100","","Cash Drop","640","NONE","AUTHORISED","77e6d274-fdda-47a4-9b2e-826e125b8c41"
"2018-08-09","SPEND","ULearn Limited Current account","REVENUE COMMISSIONERS","Revenue Commi SEPA DD","45000","F101","","P30 Declaration","45000","NONE","AUTHORISED","871ad731-b006-4a12-8b51-2e1b78e5ded8"
"2018-07-31","SPEND-TRANSFER","ULearn Limited Current account","","","110","ACC1","","Bank Transfer to Petty Cash.","-110","","AUTHORISED","b3f57605-9b67-41b3-b33a-e5a108cedda2"
"2018-08-09","RECEIVE","ULearn Limited Current account","ULearn-Student","ULS2018-08-09 ","4994","100","","Ulearn student","4994","NONE","AUTHORISED","e64b9b59-6f05-465e-935d-2aee34983252"
"2018-08-02","RECEIVE","ULearn Limited Current account","ULearn-Student","ULS2018-08-02","6625","100","","Ulearn student","6625","NONE","AUTHORISED","7c47fb18-68d7-4aaf-919b-7adcc62c9df2"
"2018-08-15","RECEIVE","ULearn Limited Current account","ULearn-Student","ULS2018-08-15 ","5788","100","","Ulearn Student","5788","NONE","AUTHORISED","2bfa279c-82d6-4e53-954d-93b6ba8f1cbf"
"2018-08-17","SPEND-TRANSFER","ULearn Limited Current account","","","200","ACC1","","Bank Transfer to Petty Cash.","-200","","AUTHORISED","8cebb628-9d57-4936-8435-2e5eceb0738a"
"2018-08-17","RECEIVE","ULearn Limited Current account","ULearn-Student","LATM CR 900113 8974","880","100","","Cash Drop","880","NONE","AUTHORISED","e28f4a8b-3602-4913-bbc0-c4c8afb62524"
"2018-08-17","SPEND","ULearn Limited Current account","Bernard Naughton","","114.3","B107","","ULEARN July salary","114.3","NONE","AUTHORISED","6cfd539b-907a-463a-893a-f1cba4982284"
"2018-08-15","SPEND","ULearn Limited Current account","Bank Charges","","1.9","B127","","Ulearn ","1.9","NONE","AUTHORISED","5ba41a97-9899-4884-8b7a-fd519d4a5b28"
"2018-08-23","SPEND","ULearn Limited Current account","PAYROLL","CONTRA            CTO","20428.4","E104B","","Payroll Bulk ","20428.4","NONE","AUTHORISED","ed69968f-bf0a-4d8f-a3fd-e4607e8438c1"
"2018-08-21","RECEIVE","ULearn Limited Current account","ULearn-Student","LATM CR 900113 8974","275","100","","Cash Drop","275","NONE","AUTHORISED","db334c3b-1870-4f6b-b51c-cbacb65dac07"
"2018-08-21","SPEND-TRANSFER","ULearn Limited Current account","","","380","ACC1","","Bank Transfer to Petty Cash.","-380","","AUTHORISED","4a2d08bb-d818-4e2d-8854-4eaaed29c56d"
"2018-08-27","SPEND","ULearn Limited Current account","REVENUE COMMISSIONERS","Revenue Commi SEPA DD","17875.18","F101","","P30 Declaration","17875.18","NONE","AUTHORISED","29ddf426-0f80-471f-9154-981eaea51189"
"2018-08-30","SPEND-TRANSFER","ULearn Limited Current account","","","3810.72","ACC1","","Bank Transfer to ULearn Term Loan.","-3810.72","","AUTHORISED","30a97d83-8f58-41eb-8267-e67e013d6407"
"2018-08-30","SPEND","ULearn Limited Current account","DANIEL DELANEY","TO DANIEL DELANEY","200","B107","","Teacher pay","200","NONE","AUTHORISED","e9ca1312-2705-4a10-ab74-c1b99c57af1b"
"2018-08-28","RECEIVE","ULearn Limited Current account","ULearn-Student","LATM CR 900113 8974","120","100","","Cash Drop","120","NONE","AUTHORISED","ffdae463-ba72-4c2e-9fce-956b365535e0"
"2018-08-29","SPEND","ULearn Limited Current account","Bernard Naughton","","700","B107","","ULEARN  August salary","700","NONE","AUTHORISED","62959603-20ee-4028-b5b7-a7e13a219f13"
"2018-08-31","SPEND","ULearn Limited Current account","DANIEL DELANEY","TO DANIEL DELANEY","200","B107","","Teacher pay","200","NONE","AUTHORISED","b7b041e1-839d-4c7b-bcc5-2b132c9689c6"
"2018-08-31","SPEND","ULearn Limited Current account","Payment Sense","","36.76","B127","","Gateway Charges","36.76","NONE","AUTHORISED","9c56fbc9-40f4-4f44-ba15-b95eedff1d76"
"2018-08-31","SPEND","ULearn Limited Current account","BOI BOL","BOI BOL CHARGE","10","B127","","Banking Online","10","NONE","AUTHORISED","df46937b-6514-45e3-827d-7e476767a29c"
"2018-09-03","SPEND","ULearn Limited Current account","First Data","","45.39","B127","","Gateway charges","45.39","NONE","AUTHORISED","5345ac7b-056f-499e-829c-d77e669612d1"
"2018-09-06","SPEND","ULearn Limited Current account","PAYROLL","CONTRA            CTO","37951.39","E104B","","Payroll Bulk ","37951.39","NONE","AUTHORISED","7e93cdb0-1774-4c06-80fb-780976820062"
"2018-09-12","SPEND","ULearn Limited Current account","Bank of Ireland","","50","B127","","Overdraft Facility Fee","50","NONE","AUTHORISED","53822fb3-97a9-4488-8b72-cf6a34c85c45"
"2018-09-07","SPEND-TRANSFER","ULearn Limited Current account","","","200","ACC1","","Bank Transfer to Petty Cash.","-200","","AUTHORISED","10575aa8-fa79-4f08-968f-ea22c1f5342d"
"2018-09-07","RECEIVE","ULearn Limited Current account","ULearn-Student","LATM CR 900113 8974","2270","100","","Cash Drop","2270","NONE","AUTHORISED","2c0cde5e-6384-4e8b-8927-886f45d93e60"
"2018-09-07","SPEND","ULearn Limited Current account","Daria Starikova","","1524.5","A106","","Commission Alexander Selemenev","1524.5","NONE","AUTHORISED","29bcca18-3420-4df4-8f21-d3ae395c84d3"
"2018-09-19","RECEIVE","ULearn Limited Current account","ULearn-Student","LATM CR 900113 8974","2320","100","","Cash Drop","2320","NONE","AUTHORISED","1b898bb1-4995-42ab-af13-981c931596f5"
"2018-09-18","RECEIVE","ULearn Limited Current account","ULearn-Student","LATM CR 900113 0845","8025","100","","Cash Drop","8025","NONE","AUTHORISED","997a1450-88f6-49b1-a254-4ca627d26165"
"2018-09-21","SPEND-TRANSFER","ULearn Limited Current account","","","80","ACC1","","Bank Transfer to Petty Cash.","-80","","AUTHORISED","9c2a3098-3aaa-4537-a4d7-3cde5ba8d045"
"2018-09-21","SPEND-TRANSFER","ULearn Limited Current account","","","520","ACC1","","Bank Transfer to Petty Cash.","-520","","AUTHORISED","56805791-e1a2-468a-ba9c-1c8bc4db360b"
"2018-09-24","SPEND","ULearn Limited Current account","PAYROLL","CONTRA            CTO","20232.03","E104B","","Payroll Bulk ","20232.03","NONE","AUTHORISED","b062cd44-2d25-4b5e-aa22-cbf97b623a12"
"2018-09-26","SPEND","ULearn Limited Current account","REVENUE COMMISSIONERS","Revenue Commi SEPA DD","37360.05","F101","","P30 Declaration","37360.05","NONE","AUTHORISED","7a064c00-a345-47cd-8c8e-aa6a88b10c9f"
"2018-09-25","RECEIVE","ULearn Limited Current account","BiG SMOKE BIG SMOK","","700","102","","They are renting a classroom from us","700","NONE","AUTHORISED","1585f148-8a04-4ae4-b3c6-c35030122a10"
"2018-09-28","SPEND","ULearn Limited Current account","Payment Sense","","131.81","B127","","Gateway Charges","131.81","NONE","AUTHORISED","b31c6d16-d59c-41c4-8f62-ac6b1e560c11"
"2018-09-28","RECEIVE","ULearn Limited Current account","ULearn-Student","LATM CR 900113 0845","1555","100","","Cash Drop","1555","NONE","AUTHORISED","6dc59eb1-8d1c-47d7-a3a4-9e2dfb10cb9c"
"2018-09-25","SPEND","ULearn Limited Current account","Bank Charges","/MATIAS IGNA CHRG GP","12.5","B127","","1/MATIAS IGNA CHRG GP","12.5","NONE","AUTHORISED","8f8f2c31-1dc5-4fce-a702-3bf4943742d9"
"2018-10-01","SPEND","ULearn Limited Current account","First Data","","45.39","B127","","Gateway charges","45.39","NONE","AUTHORISED","c42ab704-af03-43c1-9722-7f9ac9f68222"
"2018-10-01","SPEND-TRANSFER","ULearn Limited Current account","","","3810.72","ACC1","","Bank Transfer to ULearn Term Loan.","-3810.72","","AUTHORISED","e628508f-287c-42e5-901c-31026531066d"
"2018-10-02","SPEND","ULearn Limited Current account","Bernard Naughton","","350","B107","","ULEARN  September salary","350","NONE","AUTHORISED","561a52f4-9bb5-4416-b636-76799a8e22e8"
"2018-10-03","SPEND-TRANSFER","ULearn Limited Current account","","","500","ACC1","","Bank Transfer to Petty Cash.","-500","","AUTHORISED","1988e3e0-eff0-44d2-adfd-07b202ff10fa"
"2018-10-05","SPEND","ULearn Limited Current account","PAYROLL","CONTRA            CTO","27110.18","E104B","","Payroll Bulk ","27110.18","NONE","AUTHORISED","6a1399fe-8af5-422d-bde1-19484989699f"
"2018-10-03","RECEIVE","ULearn Limited Current account","ULearn-Student","LATM CR 900113 8974","1585","100","","Cash Drop","1585","NONE","AUTHORISED","5500a774-45c5-4295-878e-86cf50ea3d2c"
"2018-10-02","RECEIVE","ULearn Limited Current account","ULearn-Student","ULS2018-10-02 ","1309","100","","Ulearn student","1309","NONE","AUTHORISED","b9b5b9d9-c5b8-4a68-91eb-c73c2e734453"
"2018-10-09","SPEND","ULearn Limited Current account","REVENUE COMMISSIONERS","Revenue Commi SEPA DD","27407.56","F101","","P30 Declaration","27407.56","NONE","AUTHORISED","552e84e3-e38b-4486-aa29-d045324babf3"
"2018-10-08","SPEND","ULearn Limited Current account","BOI BOL","BOI BOL CHARGE","10","B127","","Banking Online","10","NONE","AUTHORISED","c582b5e5-d4a1-45d4-9d61-deea8d91f7cd"
"2018-10-08","SPEND","ULearn Limited Current account","REVENUE COMMISSIONERS","Revenue Commi SEPA DD","15000","F101","","P30 Declaration","15000","NONE","AUTHORISED","44a2f89b-5f93-4b61-b5a3-d48a755a0cc0"
"2018-10-12","RECEIVE","ULearn Limited Current account","ULearn-Student","LATM CR 900113 0845","805","100","","Cash Drop","805","NONE","AUTHORISED","5aaa13df-c7e5-4b72-9bf6-f2e1a9bdf2ad"
"2018-10-10","SPEND","ULearn Limited Current account","Bank Charges","","0.18","B127","","bank fees in other currency","0.18","NONE","AUTHORISED","95152f44-5baa-4f5f-a9fc-930676a8ed1d"
"2018-10-04","SPEND","ULearn Limited Current account","Bank Charges","","0.23","B127","","it was a bank fee for a transaction in foreign currency.","0.23","NONE","AUTHORISED","7d565ca4-516d-4e12-ab9b-1234c35c06bc"
"2018-10-02","SPEND","ULearn Limited Current account","Bank Charges","","0.85","B127","","it was a bank fee for a transaction in foreign currency.","0.85","NONE","AUTHORISED","197e7147-5fe7-4c13-9bfa-780b6c1c854f"
"2018-10-02","SPEND","ULearn Limited Current account","Bank Charges","","0.52","B127","","it was a bank fee for a transaction in foreign currency.","0.52","NONE","AUTHORISED","8d195a25-e785-4ed9-a32d-60e62782b715"
"2018-10-02","SPEND","ULearn Limited Current account","Bank Charges","","2.23","B127","","Bank fee for a transaction in foreign currency.","2.23","NONE","AUTHORISED","4f3c466b-bd5b-4066-a7dc-27438b961289"
"2018-10-10","SPEND","ULearn Limited Current account","Bank Charges","","1.42","B127","","Bank fee for a transaction in foreign currency.","1.42","NONE","AUTHORISED","a8544071-0925-4be2-a2f7-b1f8561e9871"
"2018-10-09","SPEND","ULearn Limited Current account","Bank Charges","","0.17","B127","","Bank fee for a transaction in foreign currency.","0.17","NONE","AUTHORISED","878adb3d-179e-42df-ba1d-25b8bd1c4f4d"
"2018-10-09","SPEND","ULearn Limited Current account","Bank Charges","","0.35","B127","","Bank fee for a transaction in foreign currency.","0.35","NONE","AUTHORISED","0785df8a-b39e-4fff-b087-5b043436d79b"
"2018-09-25","SPEND","ULearn Limited Current account","Bank Charges","","0.24","B127","","Bank fee for a transaction in foreign currency.","0.24","NONE","AUTHORISED","4520d870-965f-4050-a1d4-46f0bbc14719"
"2018-10-02","SPEND","ULearn Limited Current account","Bank Charges","","0.97","B127","","Bank fee for a transaction in foreign currency.","0.97","NONE","AUTHORISED","c7e2dfe9-f807-43a1-b322-9547cd119452"
"2018-10-03","SPEND","ULearn Limited Current account","Bank Charges","","0.26","B127","","Bank fee for a transaction in foreign currency.","0.26","NONE","AUTHORISED","e22f17e1-de0f-4e14-a73e-812b5b9104e2"
"2018-10-05","SPEND","ULearn Limited Current account","Bank Charges","","1.05","B127","","Bank fee for a transaction in foreign currency.","1.05","NONE","AUTHORISED","c2eed42a-96d0-4ea9-b0cd-c87301dba33e"
"2018-09-10","SPEND","ULearn Limited Current account","Bank Charges","","0.34","B127","","Bank fee for a transaction in foreign currency.","0.34","NONE","AUTHORISED","fc5ec8b2-fd55-4226-b4b5-d824ff84919f"
"2018-09-10","SPEND","ULearn Limited Current account","Bank Charges","","0.22","B127","","Bank fee for a transaction in foreign currency.","0.22","NONE","AUTHORISED","756d1a5d-9c1d-4fd8-82e7-237f65b44e39"
"2018-09-11","SPEND","ULearn Limited Current account","Bank Charges","","3.17","B127","","Bank fee for a transaction in foreign currency.","3.17","NONE","AUTHORISED","34af9692-51b8-4bc1-a391-0440a350968e"
"2018-09-11","SPEND","ULearn Limited Current account","Bank Charges","","0.24","B127","","Bank fee for a transaction in foreign currency.","0.24","NONE","AUTHORISED","c79f4b6f-9d4d-4b99-81b3-4162854a27cd"
"2018-09-11","SPEND","ULearn Limited Current account","Bank Charges","","0.27","B127","","Bank fee for a transaction in foreign currency.","0.27","NONE","AUTHORISED","16c8f5f8-e3ae-49c3-a2f7-86f225b18b96"
"2018-09-12","SPEND","ULearn Limited Current account","Bank Charges","","0.24","B127","","Bank fee for a transaction in foreign currency.","0.24","NONE","AUTHORISED","cc35a7fc-a6a2-4cc2-9b42-05989de1e4c0"
"2018-09-19","SPEND","ULearn Limited Current account","Bank Charges","","0.52","B127","","it was a bank fee for a transaction in foreign currency.","0.52","NONE","AUTHORISED","bd67b146-ab06-4f79-a873-9bec7c74347a"
"2018-09-13","SPEND","ULearn Limited Current account","Bank Charges","","0.14","B127","","Bank fee for a transaction in foreign currency.","0.14","NONE","AUTHORISED","67d5d223-696c-4ef2-acd6-7b0bd138525a"
"2018-09-13","SPEND","ULearn Limited Current account","Bank Charges","","0.22","B127","","Bank fee for a transaction in foreign currency.","0.22","NONE","AUTHORISED","aa6ede64-557b-4e7b-acc1-96eab9a52c2a"
"2018-10-05","SPEND","ULearn Limited Current account","Bank Charges","","0.12","B127","","Bank fee for a transaction in foreign currency.","0.12","NONE","AUTHORISED","89849417-9f96-4315-9e93-f715177d8fc4"
"2018-10-09","SPEND","ULearn Limited Current account","Bank Charges","","4.43","B127","","Bank fee for a transaction in foreign currency.","4.43","NONE","AUTHORISED","0d84b4d5-5355-4546-9816-25c5ce85918c"
"2018-10-18","SPEND-TRANSFER","ULearn Limited Current account","","","200","ACC1","","Bank Transfer to Petty Cash.","-200","","AUTHORISED","32594c08-69e8-4938-a82a-a8b7c0ac8b5f"
"2018-10-18","RECEIVE","ULearn Limited Current account","ULearn-Student","LATM CR 900113 8974","225","100","","Cash Drop","225","NONE","AUTHORISED","b7640ac9-6099-4ab2-8fc4-d650e85b084f"
"2018-10-16","SPEND","ULearn Limited Current account","Bank Charges","","0.88","B127","","Ulearn ","0.88","NONE","AUTHORISED","1d15ac68-88a9-4894-8fb5-dd494d1e9ea4"
"2018-10-04","SPEND","ULearn Limited Current account","SILICON VALLEY BANK","","23","B127","","Ulearn","23","NONE","AUTHORISED","ce71e77a-10a7-4a87-b6a3-6b432052a48e"
"2018-10-16","RECEIVE","ULearn Limited Current account","ULearn-Student","ULS2018-10-16 ","2571.25","100","","Ulearn student","2571.25","NONE","AUTHORISED","9c9b99b2-e551-410e-880a-0f6f5111bad8"
"2018-10-16","SPEND","ULearn Limited Current account","Bank Charges","","11.43","B127","","Ulearn ","11.43","NONE","AUTHORISED","c82bc4c0-d6c0-4f79-af13-a28f5f102bea"
"2018-10-17","RECEIVE","ULearn Limited Current account","ULearn-Student","ULS2018-10-17 ","1750","100","","Ulearn student","1750","NONE","AUTHORISED","62883dee-6798-4ee2-916e-2a65ec9ca378"
"2018-10-19","SPEND","ULearn Limited Current account","Bank Charges","","0.52","B127","","it was a bank fee for a transaction in foreign currency.","0.52","NONE","AUTHORISED","a2385a7f-bc4f-4d7a-bf9a-bab9cbb6e6cc"
"2018-10-22","SPEND","ULearn Limited Current account","Bank Charges","","0.35","B127","","Bank fee for a transaction in foreign currency.","0.35","NONE","AUTHORISED","c92843ae-98f6-4797-bca8-ac5cd7941a42"
"2018-10-22","RECEIVE","ULearn Limited Current account","ULearn-Student","ULS2018-10-22 Print","9456","100","","Ulearn students","9456","NONE","AUTHORISED","c0bb77d2-4306-4769-bda8-3e3d486f9dd3"
"2018-10-26","SPEND","ULearn Limited Current account","Payment Sense","","36.84","B127","","Gateway Charges","36.84","NONE","AUTHORISED","32362f04-cc93-4a7f-aa64-9950ef7c1191"
"2018-10-24","SPEND","ULearn Limited Current account","PAYROLL","CONTRA            CTO","22611.85","E104B","","Payroll Bulk ","22611.85","NONE","AUTHORISED","c7f717ab-6cc3-4d76-8993-56155796f0a0"
"2018-10-25","SPEND","ULearn Limited Current account","REVENUE COMMISSIONERS","Revenue Commi SEPA DD","20040.09","F101","","P30 Declaration","20040.09","NONE","AUTHORISED","fb06819f-fd24-44b2-bb3f-ebc91f65dd98"
"2018-10-24","RECEIVE","ULearn Limited Current account","ULearn-Student","LATM CR 900113 0845","2190","100","","Cash Drop","2190","NONE","AUTHORISED","9157c8cb-ae3a-4997-9495-767550426c41"
"2018-10-23","SPEND","ULearn Limited Current account","Bank Charges","","0.25","B127","","Bank fee for a transaction in foreign currency.","0.25","NONE","AUTHORISED","93224fa9-0fc8-4e68-a355-e2701f4c00dd"
"2018-08-29","SPEND","ULearn Limited Current account","PURE PROPERTY SERVICES","TO PURE PROPERTY SERV","5000","E113","","Pure Property Construction","5000","NONE","AUTHORISED","3440d39a-f440-4a05-8c95-5ffee2dbe608"
"2018-11-02","SPEND","ULearn Limited Current account","PAYROLL","CONTRA            CTO","27545.5","E104B","","Payroll Bulk ","27545.5","NONE","AUTHORISED","a9720ef7-e748-47b7-81bd-3f3b00bbcc0b"
"2018-11-01","SPEND","ULearn Limited Current account","First Data","","45.39","B127","","Gateway charges","45.39","NONE","AUTHORISED","95b74657-b7ab-4f4f-a6b1-78b51919ac9f"
"2018-11-01","SPEND","ULearn Limited Current account","David Mac Redmond","","600","E104B","","October Pay","600","NONE","AUTHORISED","a3b2e4bf-8627-464f-b916-edcf09376592"
"2018-11-01","SPEND","ULearn Limited Current account","Bank Charges","","0.53","B127","","it was a bank fee for a transaction in foreign currency.","0.53","NONE","AUTHORISED","eac11e1d-93f9-4f07-a351-e86fec3231ba"
"2018-10-31","SPEND","ULearn Limited Current account","Bank Charges","","0.86","B127","","it was a bank fee for a transaction in foreign currency.","0.86","NONE","AUTHORISED","e157493b-547f-4ed9-96d2-3b300711ac1c"
"2018-10-31","SPEND","ULearn Limited Current account","Bank Charges","","0.18","B127","","bank fees in other currency","0.18","NONE","AUTHORISED","f53dad00-dcda-4518-b937-bfece583f31e"
"2018-10-30","SPEND","ULearn Limited Current account","BOI BOL","BOI BOL CHARGE","10","B127","","Banking Online","10","NONE","AUTHORISED","6f310cbd-8ee0-4415-bced-95d0435dd44e"
"2018-10-30","SPEND-TRANSFER","ULearn Limited Current account","","","3810.72","ACC1","","Bank Transfer to ULearn Term Loan.","-3810.72","","AUTHORISED","aca69dbd-a2bf-4bb9-8f67-98d6b9b6a15b"
"2018-10-31","RECEIVE","ULearn Limited Current account","ULearn-Student","LATM CR 900113 0845","580","100","","Cash Drop","580","NONE","AUTHORISED","2fbcd811-11b6-4f87-9565-be66bdaceb3e"
"2018-11-05","RECEIVE","ULearn Limited Current account","BiG SMOKE BIG SMOK","","700","102","","They are renting a classroom from us","700","NONE","AUTHORISED","750efa10-5c98-4a1f-a33c-64a5c6a8dbcd"
"2018-11-05","SPEND","ULearn Limited Current account","Bank Charges","","0.26","B127","","Bank fee for a transaction in foreign currency.","0.26","NONE","AUTHORISED","af7634c4-3292-4983-a1fc-338ff09d0d1e"
"2018-11-08","SPEND","ULearn Limited Current account","Bank Charges","","0.35","B127","","Bank fee for a transaction in foreign currency.","0.35","NONE","AUTHORISED","fc6a13bb-4b94-4234-a43d-a46aa561c9c2"
"2018-11-06","SPEND","ULearn Limited Current account","Bank Charges","","0.23","B127","","Bank fee for a transaction in foreign currency.","0.23","NONE","AUTHORISED","7933e312-cf4d-4c17-ad10-362de467ce6c"
"2018-11-06","SPEND","ULearn Limited Current account","Bank Charges","","0.12","B127","","Bank fee for a transaction in foreign currency.","0.12","NONE","AUTHORISED","f4256f94-ad3a-4194-97b5-f5f3f16fb66b"
"2018-11-06","RECEIVE","ULearn Limited Current account","ULearn-Student","LATM CR 900113 0845","50","100","","Cash Drop","50","NONE","AUTHORISED","ca19b45a-af21-4c25-8a65-96a1994d5210"
"2018-11-09","SPEND-TRANSFER","ULearn Limited Current account","","","520","ACC1","","Bank Transfer to Petty Cash.","-520","","AUTHORISED","ccfb1c44-17bd-4dd2-b412-f70246b52865"
"2018-11-09","RECEIVE","ULearn Limited Current account","ULearn-Student","LATM CR 900113 8974","810","100","","Cash Drop","810","NONE","AUTHORISED","d0542383-33e9-4be1-92f0-21323c202fce"
"2018-11-12","SPEND","ULearn Limited Current account","Bank Charges","","0.18","B127","","bank fees in other currency","0.18","NONE","AUTHORISED","227a8ed6-1b79-456a-bc53-bc48f1035c35"
"2018-11-16","RECEIVE","ULearn Limited Current account","ULearn-Student","LATM CR 900113 0845","1680","100","","Cash Drop","1680","NONE","AUTHORISED","b06e246f-0f53-4156-ac02-269d6d97835f"
"2018-11-16","RECEIVE","ULearn Limited Current account","ULearn-Student","ULS2018-11-16","7595","100","","Ulearn Student","7595","NONE","AUTHORISED","a7096838-b330-48a4-a0dd-b9d3871690f2"
"2018-11-09","RECEIVE","ULearn Limited Current account","ULearn-Student","ULS2018-11-09 ","1234","100","","Ulearn student","1234","NONE","AUTHORISED","3d4b57c7-39b8-456c-bbb9-ee9a627b0ee7"
"2018-10-04","RECEIVE","ULearn Limited Current account","Ciaran Mc Mahon","Ciaran Beijing Flight","1300","B112","","Ciaran Beijing Flight","1300","NONE","AUTHORISED","ca7aad59-80bb-4b99-b9c9-4e954ce613e6"
"2018-11-22","SPEND","ULearn Limited Current account","PAYROLL","CONTRA            CTO","21639.18","E104B","","Payroll Bulk ","21639.18","NONE","AUTHORISED","ff6c1ca7-d383-44b8-9400-deaddeddb3e0"
"2018-11-20","SPEND","ULearn Limited Current account","Bank Charges","","0.53","B127","","it was a bank fee for a transaction in foreign currency.","0.53","NONE","AUTHORISED","2226ad82-42eb-4871-83c2-4740ad9a7766"
"2018-11-21","RECEIVE","ULearn Limited Current account","ULearn-Student","ULS2018-11-21 ","4005.5","100","","Ulearn Student","4005.5","NONE","AUTHORISED","3787a1e9-c1e1-4d4b-8045-865bd49048fd"
"2018-11-22","RECEIVE","ULearn Limited Current account","ULearn-Student","LATM CR 900113 8974","1830","100","","Cash Drop","1830","NONE","AUTHORISED","29b44539-b86b-499c-9d8c-64bfb370240e"
"2018-11-19","SPEND","ULearn Limited Current account","Neil Mc Mahon","","2000","E113","","Neil Loan","2000","NONE","AUTHORISED","76b2b0b1-eec5-4ba1-98e0-d1ee58b22e21"
"2018-11-19","SPEND","ULearn Limited Current account","Neil Mc Mahon","","6000","E113","","Neil Loan","6000","NONE","AUTHORISED","e2d19f40-0dfe-4d75-b452-44552defa744"
"2018-11-23","RECEIVE","ULearn Limited Current account","ULearn-Student","LATM CR 900113 0845","4025","100","","Cash Drop","4025","NONE","AUTHORISED","30d51f6a-dc0c-4727-868b-0620ded031d3"
"2018-11-23","SPEND","ULearn Limited Current account","Bank Charges","","0.25","B127","","Bank fee for a transaction in foreign currency.","0.25","NONE","AUTHORISED","f862de6d-8b2a-45cc-9fc6-29c33d6215f8"
"2018-11-29","SPEND","ULearn Limited Current account","Bank Charges","","0.18","B127","","bank fees in other currency","0.18","NONE","AUTHORISED","91e41051-cd0d-4ff2-b0e4-2e65a63fb338"
"2018-11-28","SPEND","ULearn Limited Current account","Bank Charges","","0.85","B127","","it was a bank fee for a transaction in foreign currency.","0.85","NONE","AUTHORISED","1260a86a-4bf7-4766-907a-e0a1cca8f2d4"
"2018-11-28","SPEND","ULearn Limited Current account","PAYROLL","CONTRA            CTO","28774.89","E104B","","Payroll Bulk ","28774.89","NONE","AUTHORISED","a3242332-f4c4-45d6-b737-81511735f84d"
"2018-11-28","SPEND","ULearn Limited Current account","BOI BOL","BOI BOL CHARGE","10","B127","","Banking Online","10","NONE","AUTHORISED","2fcc0731-d300-4cdb-9891-320cbf4a1666"
"2018-11-27","SPEND","ULearn Limited Current account","REVENUE COMMISSIONERS","Revenue Commi SEPA DD","18105.84","F101","","P30 Declaration","18105.84","NONE","AUTHORISED","d0dec4a6-3783-4a4c-beff-7fea49dd9957"
"2018-11-28","RECEIVE","ULearn Limited Current account","ULearn-Student","LATM CR 900113 0845","2540","100","","Cash Drop","2540","NONE","AUTHORISED","cfe39fd6-ac41-4e74-9783-54e9848472e7"
"2018-11-30","RECEIVE","ULearn Limited Current account","ULearn-Student","LATM CR 900113 8974","6310","100","","Cash Drop","6310","NONE","AUTHORISED","b896171a-69f8-4c8e-a0ae-4f31ed41ce37"
"2018-11-30","SPEND","ULearn Limited Current account","Bank Charges","","0.87","B127","","it was a bank fee for a transaction in foreign currency.","0.87","NONE","AUTHORISED","2fb6026b-4436-4e2c-bbc5-14866ad14f1f"
"2018-11-30","SPEND-TRANSFER","ULearn Limited Current account","","","3810.72","ACC1","","Bank Transfer to ULearn Term Loan.","-3810.72","","AUTHORISED","78d68b3a-2590-4fd4-81f0-0b9fc9e941d5"
"2018-11-30","SPEND","ULearn Limited Current account","Payment Sense","","37.19","B127","","Gateway Charges","37.19","NONE","AUTHORISED","938fe8dd-ba1a-406a-a325-818deb9b6300"
"2018-12-03","SPEND","ULearn Limited Current account","First Data","","45.39","B127","","Gateway charges","45.39","NONE","AUTHORISED","9253c03c-774b-4f76-8e33-cebce70f04d4"
"2018-12-07","RECEIVE","ULearn Limited Current account","ULearn-Student","LATM CR 900113 0845","1905","100","","Cash Drop","1905","NONE","AUTHORISED","c2af8dae-d09a-4a74-be76-02f3a340041a"
"2018-12-04","SPEND","ULearn Limited Current account","Bank Charges","","0.53","B127","","it was a bank fee for a transaction in foreign currency.","0.53","NONE","AUTHORISED","3e062701-f252-4dc1-a3ef-f10a6a4fd3a4"
"2018-12-04","SPEND","ULearn Limited Current account","Bank Charges","","0.26","B127","","Bank fee for a transaction in foreign currency.","0.26","NONE","AUTHORISED","f0651804-8631-490c-8e8b-30ad9289f4c5"
"2018-12-05","SPEND","ULearn Limited Current account","Bank Charges","","0.23","B127","","Bank fee for a transaction in foreign currency.","0.23","NONE","AUTHORISED","8ad42a3c-06d9-4220-b399-91062acd79aa"
"2018-12-05","SPEND","ULearn Limited Current account","Bank Charges","","0.12","B127","","Bank fee for a transaction in foreign currency.","0.12","NONE","AUTHORISED","197ca7c1-c295-4049-8cdb-d22d69ba0f22"
"2018-12-06","SPEND","ULearn Limited Current account","Netflix","25587702073","10.99","B115A","","Montly ","10.99","NONE","AUTHORISED","a585a387-95d3-40bc-afcc-7ed5dd367218"
"2018-12-10","SPEND","ULearn Limited Current account","Bank Charges","","0.35","B127","","Bank fee for a transaction in foreign currency.","0.35","NONE","AUTHORISED","03567f56-83f8-4aac-84f8-2de2f4e5cbeb"
"2018-12-11","SPEND","ULearn Limited Current account","Bank Charges","","0.18","B127","","bank fees in other currency","0.18","NONE","AUTHORISED","2c593e2c-164b-450f-8f2f-da788790e030"
"2018-12-14","SPEND-TRANSFER","ULearn Limited Current account","","","20","ACC1","","Bank Transfer to Petty Cash.","-20","","AUTHORISED","e2228dc3-da1c-4107-b9e8-c4b6ca9694b5"
"2018-12-17","RECEIVE","ULearn Limited Current account","BiG SMOKE BIG SMOK","","700","102","","They are renting a classroom from us","700","NONE","AUTHORISED","5c7750a3-de17-472b-95a2-e5dd9f8f4b1f"
"2018-12-28","SPEND","ULearn Limited Current account","Bank Charges","","0.25","B127","","Bank fee for a transaction in foreign currency.","0.25","NONE","AUTHORISED","5c1c5327-25b8-416d-9f7f-4d615606dffa"
"2018-12-28","SPEND","ULearn Limited Current account","REVENUE COMMISSIONERS","Revenue Commi SEPA DD","26589.29","F101","","P30 Declaration","26589.29","NONE","AUTHORISED","3f9de862-a7ab-4566-9f1e-4713f65f504f"
"2018-12-21","RECEIVE","ULearn Limited Current account","ULearn-Student","LATM CR 900113 8974","560","100","","Cash Drop","560","NONE","AUTHORISED","286c88b5-b5c7-4287-b38e-03d78944adb3"
"2018-12-20","SPEND","ULearn Limited Current account","PAYROLL","CONTRA            CTO","34650.03","E104B","","Payroll Bulk ","34650.03","NONE","AUTHORISED","9059f546-ece9-4a66-8633-a34e9f1a3a8c"
"2018-12-19","SPEND","ULearn Limited Current account","Bank Charges","","0.53","B127","","it was a bank fee for a transaction in foreign currency.","0.53","NONE","AUTHORISED","48d9458a-834d-4baf-8604-14ef3e4c5583"
"2018-12-21","SPEND","ULearn Limited Current account","CAOL O HUIGIN","","835","B107","","Dec 18 complement","835","NONE","AUTHORISED","817aaaf0-00b5-463c-bd7f-ce5a488eebfa"
"2018-12-31","SPEND-TRANSFER","ULearn Limited Current account","","","3810.72","ACC1","","Bank Transfer to ULearn Term Loan.","-3810.72","","AUTHORISED","3c4b7a4f-9201-498b-b7eb-211a91757e82"
"2018-12-31","SPEND","ULearn Limited Current account","Bank Charges","","0.18","B127","","bank fees in other currency","0.18","NONE","AUTHORISED","25bdf52a-8de7-40da-9515-0a89403620a7"
"2018-12-28","SPEND","ULearn Limited Current account","BOI BOL","BOI BOL CHARGE","10","B127","","Banking Online","10","NONE","AUTHORISED","7ec1d05f-626c-4fe6-9c05-948601dc98e3"
"2018-12-21","SPEND-TRANSFER","ULearn Limited Current account","","","600","ACC1","","Bank Transfer to Petty Cash.","-600","","AUTHORISED","5f123d77-e3e3-4f33-9dc6-27a575c5e5e8"
"2018-12-21","SPEND","ULearn Limited Current account","Paddy Brien","","120","B107","","Teacher's payment","120","NONE","AUTHORISED","0abc8014-4ca4-411b-8b17-8a18489c3d91"
"2018-08-23","SPEND","ULearn Limited Current account","Bank Charges","","300","B127","","Contra","300","NONE","AUTHORISED","744bbeb8-31b9-4b14-b0bb-e6b6b22d0b90"
"2018-08-23","RECEIVE","ULearn Limited Current account","Bank Charges","","300","B127","","Contra","300","NONE","AUTHORISED","b48e0133-8e94-4f6f-8b6e-f690af628d38"
"2018-08-30","SPEND","ULearn Limited Current account","Bank Charges","","200","B127","","Contra","200","NONE","AUTHORISED","57d346f5-6e2b-4546-b0fb-1390fd46ade6"
"2018-08-30","RECEIVE","ULearn Limited Current account","Bank Charges","","200","B127","","Contra","200","NONE","AUTHORISED","9c001796-a0f6-4f66-b67d-3b668e108403"
"2018-08-31","RECEIVE","ULearn Limited Current account","DANIEL DELANEY","","200","E104B","","Net wage","200","NONE","AUTHORISED","f162e684-268a-4900-bd9c-87908fb320d3"
"2018-12-14","SPEND","ULearn Limited Current account","M&J Keegan Limited","","6150","C106","","MJK","6150","NONE","AUTHORISED","24d1671f-3fe7-4d75-9ddc-75e44edd35e1"
"2018-12-18","SPEND","ULearn Limited Current account","Bank Charges","","0.3","B127","","it was a bank fee for a transaction in foreign currency.","0.3","NONE","AUTHORISED","e9489b00-c81c-4336-9217-29cb5943b901"
"2018-12-14","SPEND","ULearn Limited Current account","Bank Charges","","4.96","B127","","it was a bank fee for a transaction in foreign currency.","4.96","NONE","AUTHORISED","68039291-6a9a-41bc-8b8b-29459e53e07d"
"2018-12-19","SPEND","ULearn Limited Current account","Bank Charges","","0.35","B127","","it was a bank fee for a transaction in foreign currency.","0.35","NONE","AUTHORISED","9e3719d4-24fd-4c07-bb72-587b16470f01"
"2018-12-31","SPEND","ULearn Limited Current account","Bank Charges","","0.27","B127","","it was a bank fee for a transaction in foreign currency.","0.27","NONE","AUTHORISED","1a8b9908-df3e-4517-a9de-30523476188f"
"2018-11-27","RECEIVE","ULearn Limited Current account","ULearn-Student","ULS2018-11-27 ","8120","100","","Ulearn student","8120","NONE","AUTHORISED","3091092f-cbc7-4ca9-a909-320fb436b35c"
"2018-10-02","SPEND","ULearn Limited Current account","Personal Purchase","","48.4","E113","","Personal purchase, wrong card used","48.4","NONE","AUTHORISED","63eb6410-1b1b-40b1-8570-87de229a3891"
"2018-12-20","SPEND","ULearn Limited Current account","PAYROLL","CONTRA            CTO","25966.6","E104B","","Payroll Bulk ","23625.19","NONE","AUTHORISED","1f254107-407b-401d-ab4f-715e0a125e28"
"2018-01-02","SPEND","ULearn Limited Current account","Joe's Coffee","","13","B115","","","13","NONE","AUTHORISED","c69c54e5-a0fe-489d-8809-4751d1e058ae"
"2018-12-31","SPEND","PayPal","Adjustment","","234.57","999","","Clearing balance ","234.57","NONE","AUTHORISED","e2e45717-6d4c-4788-b274-a69633e3690a"
"2018-02-14","RECEIVE-TRANSFER","Credit Card - Neil","","","44","AC-CC-NM","","Bank Transfer from ULearn Limited Current account.","44","","AUTHORISED","7ab3e889-b7eb-4683-acc1-8486bc30255f"
"2018-12-31","SPEND","Credit Card - Neil","Adjustment","","18","999","","clearing cc","18","NONE","AUTHORISED","0479f7b0-d1d2-4be0-b4c1-6372d0f347d1"
"2018-01-02","SPEND","ULearn Limited Current account","SOFTWARE","POS CHG USD       49","0.82","B106","","Misc Software / Hosting","0.82","NONE","AUTHORISED","f524e6b2-16cd-44f1-8315-058bd6256da4"
"2018-01-05","SPEND","ULearn Limited Current account","Google - CARD","POS03JAN GOOGLE *ADWS","500","B110","","Google Adwords","500","NONE","AUTHORISED","427e2263-1915-4f09-adb2-0f7c0a123112"
"2018-01-03","SPEND","ULearn Limited Current account","EIRCOM","","506.43","B104","","Ulearn ","506.43","NONE","AUTHORISED","7b8b3f39-776d-4132-bb02-0f9579612a06"
"2018-01-05","SPEND","ULearn Limited Current account","Curry's PC World","","469","B117","","Laptop","469","NONE","AUTHORISED","b661f067-7583-4162-b2de-1a06c2e66450"
"2018-01-03","SPEND","ULearn Limited Current account","Netflix","","10.99","B115A","","Ulearn","10.99","NONE","AUTHORISED","b4c0697c-16b3-40a3-9538-128b36dab43a"
"2018-01-05","SPEND","ULearn Limited Current account","Github - CARD","P0301US  7.00@1.20068","5.83","B106","","Github Repos","5.83","NONE","AUTHORISED","782c6cab-2b6b-4ad9-a59e-1aee65570d0c"
"2018-01-08","SPEND","ULearn Limited Current account","Airport Taxi","POS04JAN AIRPORT TAXI","33","A104","","Airport Transfer","33","NONE","AUTHORISED","0d76e749-0917-4927-bc5c-10e4a3103855"
"2018-01-12","RECEIVE","ULearn Limited Current account","ULearn-Student","25004225TW0 P20171 GP","320","100","","ULearn-Student","320","NONE","AUTHORISED","0de9729c-07ab-4389-a844-1c8bfa10de78"
"2018-01-02","SPEND","ULearn Limited Current account","GoDaddy.com, LLC - CARD","","10.66","B106","","Ulearn","10.66","NONE","AUTHORISED","9df5109e-627e-4429-83fc-20adca4afd17"
"2018-01-03","SPEND","ULearn Limited Current account","Facebook - CARD","","15.77","B110","","Facebook Ads & Boost Posts","15.77","NONE","AUTHORISED","c218480d-0a4f-4d32-bd24-4552c44a0c9e"
"2018-01-03","RECEIVE","ULearn Limited Current account","ULearn-Student","Valitor M4193032   GP","5059.67","100","","Valitor Merch A/C","5059.67","NONE","AUTHORISED","7f94a25d-31ed-40da-af47-274955e18216"
"2018-01-04","SPEND","ULearn Limited Current account","Virgin Media","","109.98","A101","","Internet & TV Apartments","109.98","NONE","AUTHORISED","3946a44a-69ba-4981-9e33-20f704d47f43"
"2018-01-08","SPEND","ULearn Limited Current account","Airport Taxi","POS04JAN AIRPORT TAXI","49","A104","","Airport Transfer","49","NONE","AUTHORISED","482b33dd-d7ea-4f62-b5cf-3db00ae5af8a"
"2018-01-08","RECEIVE","ULearn Limited Current account","ULearn-Student","ULS2018 01 08 GP","9182.5","100","","","9182.5","NONE","AUTHORISED","94c4d4cc-fe4a-4705-a315-272b259b54b1"
"2018-01-11","SPEND","ULearn Limited Current account","SOFTWARE","POS CHG USD       49","0.84","B106","","Misc Software / Hosting","0.84","NONE","AUTHORISED","c30c459c-9970-451c-b2c6-3cf4baa91847"
"2018-01-11","SPEND","ULearn Limited Current account","SOFTWARE","POS CHG USD       49","0.84","B106","","Misc Software / Hosting","0.84","NONE","AUTHORISED","b65bae4f-0f0f-4421-9f41-2ad128f651c6"
"2018-01-12","RECEIVE","ULearn Limited Current account","ULearn-Student","Valitor M4254244   GP","1086.83","100","","Valitor Merch A/C","1086.83","NONE","AUTHORISED","40e2b3ba-7383-444d-bb7c-3bf2bac4d73b"
"2018-01-09","SPEND","ULearn Limited Current account","SOFTWARE","POS CHG USD       19","0.33","B106","","Misc Software / Hosting","0.33","NONE","AUTHORISED","168ebb10-1a3a-4a41-9749-41f7c402a578"
"2018-01-12","RECEIVE","ULearn Limited Current account","ULearn-Student","ULS2018 01 12 GP","5312.5","100","","ULearn-Student","5312.5","NONE","AUTHORISED","c2030845-0566-4843-9f16-293008e369e0"
"2018-01-11","SPEND","ULearn Limited Current account","Unknown","","41.95","B117","","Ulearn","41.95","NONE","AUTHORISED","fa8ba42c-c75d-4d3a-a15f-29c3444d017b"
"2018-01-04","SPEND","ULearn Limited Current account","EIRCOM","Dec17 to Jan18","181.78","B104","","mobile phones","181.78","NONE","AUTHORISED","2dab04b6-81c0-42d0-ad5e-a82d81200dd8"
"2018-01-02","RECEIVE","ULearn Limited Current account","ULearn-Student","ULS2018 01 02 GP","10382.5","100","","ULearn-Student","10382.5","NONE","AUTHORISED","bfc8abc6-4e7d-458a-ae13-5279382c76d4"
"2018-01-02","SPEND","ULearn Limited Current account","GRENKE LIMITED","Grenke Limite SEPA DD","1150.87","B102","","Fingerprint & Camera Security","1150.87","NONE","AUTHORISED","8c9b8464-45b5-4542-84ab-743c04441a28"
"2018-01-03","SPEND","ULearn Limited Current account","Google - CARD","POS01JAN GOOGLE *SVCS","88.56","B106","","Google Apps Bus","88.56","NONE","AUTHORISED","c655a5ae-d0f2-4aa5-909e-696b86711ac1"
"2018-01-03","SPEND","ULearn Limited Current account","Facebook - CARD","","156.74","B110","","Facebook Ads & Boost Posts","156.74","NONE","AUTHORISED","53d47ebc-1ee4-4107-8cf6-58fa1599ea9c"
"2018-01-04","RECEIVE","ULearn Limited Current account","ULearn-Student","Valitor M4198514   GP","254.73","100","","Valitor Merch A/C","254.73","NONE","AUTHORISED","39f727f7-5df0-4b59-911e-497c6d085bd0"
"2018-01-04","RECEIVE","ULearn Limited Current account","ULearn-Student","ULS2018 01 04 GP","70.5","100","","ULearn-Student","70.5","NONE","AUTHORISED","89319673-c06c-457a-be89-5799503c8915"
"2018-01-03","SPEND","ULearn Limited Current account","Joe's Coffee","","10.1","B115","","Ulearn","10.1","NONE","AUTHORISED","48bedf19-d956-4f03-af03-9699f7bd3c55"
"2018-01-03","SPEND","ULearn Limited Current account","ToutApp - CARD","P3012US 30.00@1.19379","25.13","B106","","ToutApp Email Software","25.13","NONE","AUTHORISED","da796967-52d5-4d15-bb2c-4e35b9d34445"
"2018-01-05","SPEND","ULearn Limited Current account","SOFTWARE","POS CHG USD        7","0.12","B106","","Misc Software / Hosting","0.12","NONE","AUTHORISED","162ca7ba-6d40-45ae-949c-6b6927c9246f"
"2018-01-08","RECEIVE","ULearn Limited Current account","ULearn-Student","Valitor M4219335   GP","161.62","100","","Valitor Merch A/C","161.62","NONE","AUTHORISED","70ba44ad-77a7-4b86-a25e-845263b36ea1"
"2018-01-09","SPEND","ULearn Limited Current account","PREPAYPOWER","POS05JAN PREPAYPOWER","100","B105A","","Electricity Prepaid","100","NONE","AUTHORISED","c2b49d87-3c6e-4ffc-b78c-9355056bf8bf"
"2018-01-09","SPEND","ULearn Limited Current account","Cazoomi - SyncApps - CARD","P0601US 19.98@1.20216","16.62","B106","","Sync Apps Recurring Subscription","16.62","NONE","AUTHORISED","1ce2b40a-6822-413b-b9f5-9fe187120416"
"2018-01-15","RECEIVE","ULearn Limited Current account","ULearn-Student","Valitor M4260571   GP","487.14","100","","Valitor Merch A/C","487.14","NONE","AUTHORISED","ee9981aa-a0fc-4cfa-96ac-9a2d366fa1dc"
"2018-01-17","RECEIVE","ULearn Limited Current account","ULearn-Student","Valitor M4273891   GP","626.57","100","","Valitor Merch A/C","626.57","NONE","AUTHORISED","fb58f3c5-aec0-482f-bc97-4b987fff38dc"
"2018-01-16","SPEND","ULearn Limited Current account","PREPAYPOWER","POS14JAN PREPAYPOWER","100","B105A","","Electricity Prepaid","100","NONE","AUTHORISED","a5975e90-f4c6-432e-a780-826be3ec9dce"
"2018-01-16","RECEIVE","ULearn Limited Current account","ULearn-Student","Valitor M4267208   GP","1267.5","100","","Valitor Merch A/C","1267.5","NONE","AUTHORISED","9f92cbc8-658e-4427-bdc7-91900056a78c"
"2018-01-09","RECEIVE","ULearn Limited Current account","ULearn-Student","ULS2018 01 09 GP","477.5","100","","Ulearn Student","477.5","NONE","AUTHORISED","31a710f2-f861-47f8-8896-674add7fa094"
"2018-01-15","SPEND","ULearn Limited Current account","BOI","EFT DD CHARGES","1.92","B127","","Bank Charges","1.92","NONE","AUTHORISED","47dc4e15-861f-4832-a43a-9de7c62b0bde"
"2018-01-15","RECEIVE","ULearn Limited Current account","ULearn-Student","ULS2018 01 15 GP","200","100","","ULearn-Student","200","NONE","AUTHORISED","9553068c-85c3-4e59-abd4-87bae99f81c3"
"2018-01-16","SPEND","ULearn Limited Current account","GoDaddy.com, LLC - CARD","","100.6","B106","","Ulearn","100.6","NONE","AUTHORISED","fd825469-c2a6-4b10-8e91-80cb34629b68"
"2018-01-11","SPEND","ULearn Limited Current account","Unknown","","41.95","B117","","Ulearn","41.95","NONE","AUTHORISED","45de0b64-fc42-4751-bce1-50c98b060865"
"2018-01-12","SPEND","ULearn Limited Current account","Argos","","129.91","B102","","Ulearn-supplies ","129.91","NONE","AUTHORISED","29bb1773-4134-4261-89d8-9da214afcdcd"
"2018-01-17","SPEND","ULearn Limited Current account","Unknown","POS15JAN PAYPAL *STIC","25","B113","","Ulearn ","25","NONE","AUTHORISED","6c71bae4-37e6-4b78-93e9-60c29526529c"
"2018-01-15","SPEND","ULearn Limited Current account","Unknown","POS11JAN COMPANIES RE","20","B102","","Ulearn","20","NONE","AUTHORISED","cfac9b9b-baca-48a3-847b-4829ef67888b"
"2018-01-02","SPEND","ULearn Limited Current account","HighRise - CARD","P2812US 49.00@1.18874","41.22","B106","","HighRise CRM Software","41.22","NONE","AUTHORISED","7e973016-7806-4f0b-9702-c6731171f0b2"
"2018-01-02","SPEND","ULearn Limited Current account","Google - CARD","POS28DEC GOOGLE *ADWS","500","B110","","Google Adwords","500","NONE","AUTHORISED","03dff9f3-1605-4dc7-afdd-ae7151814939"
"2018-01-02","RECEIVE","ULearn Limited Current account","ULearn-Student","Valitor M4187961   GP","699.2","100","","Valitor Merch A/C","699.2","NONE","AUTHORISED","a6c3fca7-37d3-4d71-9742-b52b0469de88"
"2018-01-03","SPEND","ULearn Limited Current account","SOFTWARE","POS CHG USD       30","0.5","B106","","Misc Software / Hosting","0.5","NONE","AUTHORISED","7dc7f597-4e8e-487f-98dc-e64015139976"
"2018-01-03","RECEIVE","ULearn Limited Current account","ULearn-Student","ULS2018 01 03 GP","2908.65","100","","ULearn-Student","2908.65","NONE","AUTHORISED","e1e9f844-2e7f-4328-967c-c95d59f128c5"
"2018-01-04","RECEIVE","ULearn Limited Current account","ULearn-Student","P20171387 STUDENT GP","709","100","","ULearn-Student","709","NONE","AUTHORISED","050adf7a-5616-4791-822a-c9a1dcdeb6d9"
"2018-01-04","SPEND","ULearn Limited Current account","Joe's Coffee","287","13.6","B115","","Staff drinks","13.6","NONE","AUTHORISED","7f738f3d-dc8a-414b-ad9f-f86340bb1457"
"2018-01-05","SPEND","ULearn Limited Current account","JAVA REPUBLIC","Java Republic SEPA DD","284.13","B102","","Java Republic Coffee Machine etc","284.13","NONE","AUTHORISED","c86f07cc-41f8-4f4f-8126-e077fb00100c"
"2018-01-08","SPEND","ULearn Limited Current account","Airport Taxi","POS04JAN AIRPORT TAXI","34","A104","","Airport Transfer","34","NONE","AUTHORISED","ae227c04-f830-49d6-bf39-da432128a4aa"
"2018-01-12","SPEND","ULearn Limited Current account","Google - CARD","POS10JAN GOOGLE *ADWS","500","B110","","Google Adwords","500","NONE","AUTHORISED","4d9b1ff4-71c6-4f20-b324-e984674a4401"
"2018-01-15","SPEND","ULearn Limited Current account","BOI","EFT DD CHARGES","2","B127","","Bank Charges","2","NONE","AUTHORISED","81da4171-798d-482d-a89c-d801581519a9"
"2018-01-15","SPEND","ULearn Limited Current account","Airport Taxi","POS11JAN AIRPORT TAXI","52","A104","","Airport Transfer","52","NONE","AUTHORISED","5fddacbf-f751-4528-adb9-d6d90e97f9f9"
"2018-01-11","RECEIVE","ULearn Limited Current account","ULearn-Student","Valitor M4248173   GP","1284.6","100","","Valitor Merch A/C","1284.6","NONE","AUTHORISED","5ded3b84-38a3-4602-b7f3-d5c111c4e315"
"2018-01-09","RECEIVE","ULearn Limited Current account","ULearn-Student","Valitor M4225644   GP","273.89","100","","Valitor Merch A/C","273.89","NONE","AUTHORISED","037d5e8a-7db7-4112-9573-f88763214457"
"2018-01-15","SPEND","ULearn Limited Current account","BOI","EFT DD CHARGES","2","B127","","Bank Charges","2","NONE","AUTHORISED","8290c1f0-c7b2-4da2-9fc7-f60633b3c90d"
"2018-01-10","RECEIVE","ULearn Limited Current account","ULearn-Student","SALDO CORSO E ALLO GP","973","100","","ULearn-Student","973","NONE","AUTHORISED","f678cc2f-6cb6-45d3-b941-df0b8ac32acf"
"2018-01-12","RECEIVE","ULearn Limited Current account","ULearn-Student","P20171358 EDWIN","2105","100","","ULearn-Student","2105","NONE","AUTHORISED","9ef0fcd6-aa0a-479e-b21b-dbc310860080"
"2018-01-17","RECEIVE","ULearn Limited Current account","ULearn-Student","ULS2018 01 17 GP","7762.39","100","","ULearn-Student","7762.39","NONE","AUTHORISED","2d07f091-c5c0-48af-9f09-dec198f08a7e"
"2018-01-15","SPEND","ULearn Limited Current account","Fixtures & Fittings","POS11JAN Amazon *Mktp","59","B117","","IT Equipment","59","NONE","AUTHORISED","ed176859-e42e-4eaf-9ced-fefbd95db0c1"
"2018-01-15","SPEND","ULearn Limited Current account","Fixtures & Fittings","POS11JAN Amazon *Mktp","41.25","B117","","IT Equipment","41.25","NONE","AUTHORISED","0d2c1853-eea8-4acd-8cd3-d63d64e9ac1c"
"2018-01-22","SPEND","ULearn Limited Current account","Neil Mc Mahon","","834.72","B112","","Ulearn ","834.72","NONE","AUTHORISED","a514843e-4c6a-47ac-9323-004e0d683de0"
"2018-01-24","SPEND","Credit Card - Neil","Zoku Amsterdam Amsterdam NL","","13","B112","","trip","13","NONE","AUTHORISED","78eb5f01-c9a8-4f3c-b5ce-09386458714d"
"2018-01-18","SPEND","ULearn Limited Current account","Argos","","92.19","B102","","Ulearn - supplies","92.19","NONE","AUTHORISED","214464ce-1677-4579-87ce-0da315e22a28"
"2018-02-01","SPEND","ULearn Limited Current account","SOFTWARE","POS CHG USD       30","0.49","B106","","Misc Software / Hosting","0.49","NONE","AUTHORISED","6df527f8-a6e3-47a2-83e2-12ab9ce281d5"
"2018-01-30","SPEND","ULearn Limited Current account","PREPAYPOWER","POS27JAN PREPAYPOWER","100","B105A","","Electricity Prepaid","100","NONE","AUTHORISED","2fa96a0e-fe2e-42a8-b654-09d2938321e1"
"2018-01-30","SPEND","ULearn Limited Current account","SOFTWARE","POS CHG USD       49","0.79","B106","","Misc Software / Hosting","0.79","NONE","AUTHORISED","ae105cce-c99f-46ff-bfeb-14e5bd2553f7"
"2018-02-02","RECEIVE","ULearn Limited Current account","ULearn-Student","ULS2018 02 02 GP","2555","100","","ULearn-Student","2555","NONE","AUTHORISED","a8b0cb54-4270-4541-baa6-19a5cc22d24f"
"2018-02-05","SPEND","ULearn Limited Current account","Airport Taxi","POS01FEB AIRPORT TAXI","33","A104","","Airport Transfer","33","NONE","AUTHORISED","5f38f14e-088a-475a-b749-1693700e69f2"
"2018-02-06","SPEND","ULearn Limited Current account","SOFTWARE","POS CHG USD        7","0.11","B106","","Misc Software / Hosting","0.11","NONE","AUTHORISED","b951fed9-8d1c-4e98-858c-0c097a8ab1f7"
"2018-02-06","SPEND","ULearn Limited Current account","GoDaddy.com, LLC - CARD","","99.2","B106","","Ulearn","99.2","NONE","AUTHORISED","106e2669-0b4d-41e8-8a75-1a05adb0daee"
"2018-02-09","RECEIVE","ULearn Limited Current account","ULearn-Student","Valitor M4428079   GP","4350.01","100","","Valitor Merch A/C","4350.01","NONE","AUTHORISED","bfd037e8-1682-465e-9b14-19e0432f3491"
"2018-01-18","SPEND","ULearn Limited Current account","Right Click","","29.98","B102","","Office supplies","29.98","NONE","AUTHORISED","6fb8c176-8ff2-42b6-a0b7-3220ef4ac7b8"
"2018-01-18","SPEND","ULearn Limited Current account","PREPAYPOWER","POS16JAN PREPAYPOWER","100","B105A","","Electricity Prepaid","100","NONE","AUTHORISED","10a683a2-4731-4a6d-a394-3e921efd65c4"
"2018-01-18","RECEIVE","ULearn Limited Current account","ULearn-Student","ULS2018 01 18 GP","350","100","","ULearn-Student","350","NONE","AUTHORISED","9dde6b8f-8594-411e-9c02-28b4eb873a3a"
"2018-01-19","SPEND","ULearn Limited Current account","Xero Subscription - CARD","IN-867008","24.64","B106","","ULearn. Monthly Subscription, Standard Price Plan, 17 Dec 2017 to 16 Jan 2018.","24.64","NONE","AUTHORISED","489790fe-810d-469a-9ff0-440a5cc73a02"
"2018-01-19","SPEND","ULearn Limited Current account","GoDaddy.com, LLC - CARD","","13.06","B106","","Ulearn","13.06","NONE","AUTHORISED","daef52b1-9af2-4e66-ae39-440411f9b0b3"
"2018-01-29","SPEND","ULearn Limited Current account","Yahoo Inc.","","20.84","B113","","Ulearn","20.84","NONE","AUTHORISED","06b0a790-f5f5-4d8f-a549-35496afe863b"
"2018-02-01","RECEIVE","ULearn Limited Current account","ULearn-Student","Valitor M4376808   GP","688.37","100","","Valitor Merch A/C","688.37","NONE","AUTHORISED","2b02ded6-0be2-4397-867a-431bf0c9a953"
"2018-01-31","RECEIVE","ULearn Limited Current account","ULearn-Student","ULS2018 01 31 GP","5543","100","","ULearn-Student","5543","NONE","AUTHORISED","ad713e4c-6fbc-4aa3-b384-292f408aa559"
"2018-01-30","SPEND","ULearn Limited Current account","SOFTWARE","","0.18","B106","","Misc Software / Hosting","0.18","NONE","AUTHORISED","93bfdf87-de1f-4f46-8f05-38bd2550cbfb"
"2018-02-02","RECEIVE","ULearn Limited Current account","ULearn-Student","Valitor M4383258   GP","1849.31","100","","Valitor Merch A/C","1849.31","NONE","AUTHORISED","6b32dab6-d5e9-4abf-afbf-22e0b60fd998"
"2018-02-05","RECEIVE","ULearn Limited Current account","MUSTAFA ARSLAN","","2545","B123","","They sent a wrong bank account details, so that money returned to our bank account","2545","NONE","AUTHORISED","94fe2bde-3ea4-4d05-a072-3478e83aa788"
"2018-02-05","SPEND","ULearn Limited Current account","Netflix","","10.99","B115A","","Ulearn","10.99","NONE","AUTHORISED","256152cd-3f01-4c12-bc1e-244e59c2ba9c"
"2018-02-02","SPEND","ULearn Limited Current account","JAVA REPUBLIC","Java Republic SEPA DD","284.13","B102","","Java Republic Coffee Machine etc","284.13","NONE","AUTHORISED","dd7aedb6-f599-44c0-8100-28068fd72e5d"
"2018-02-06","SPEND","ULearn Limited Current account","EIRCOM","","63.91","B104","","Ulearn ","63.91","NONE","AUTHORISED","6306bffe-cfb9-47df-94fc-1bc8e198616b"
"2018-02-13","SPEND","ULearn Limited Current account","Homebase","","865.81","A101A","","Accommodation","865.81","NONE","AUTHORISED","4e66acb8-6beb-4f8b-b5db-2e193444e0e5"
"2018-02-13","SPEND","ULearn Limited Current account","Homebase","","124.3","A101A","","Accommodation","124.3","NONE","AUTHORISED","47834596-a0f9-475b-ad08-278c568cb98c"
"2018-01-19","RECEIVE","ULearn Limited Current account","ULearn-Student","Valitor M4296501   GP","2944.88","100","","Valitor Merch A/C","2944.88","NONE","AUTHORISED","4a210062-8ab9-4120-931f-803ff8d139b4"
"2018-01-19","SPEND","ULearn Limited Current account","Flogas SEPA - DD","","141.4","B105","","Flogas","141.4","NONE","AUTHORISED","b16d52dc-ba32-4f4d-9797-493c9ae60e32"
"2018-01-19","SPEND","ULearn Limited Current account","Flogas SEPA - DD","","79.02","B105","","Flogas","79.02","NONE","AUTHORISED","6b1c6671-2e8e-4bd5-b8b9-6e65b5577945"
"2018-01-19","RECEIVE","ULearn Limited Current account","ULearn-Student","ULEARN LTD","1545.48","100","","Course / Accomm Fees","1545.48","NONE","AUTHORISED","01227fe2-1fdd-454e-ba3d-74ce4cc30bf1"
"2018-01-24","RECEIVE","ULearn Limited Current account","ULearn-Student","Valitor M4316429   GP","6355.46","100","","Valitor Merch A/C","6355.46","NONE","AUTHORISED","f8a1f4b3-c19e-41ea-8ff0-86d35d51c9f6"
"2018-01-23","SPEND","ULearn Limited Current account","Zopim - CARD","P2001US 14.00@1.22057","11.47","B106","","Zopim Chat Module","11.47","NONE","AUTHORISED","d7406c42-8e97-431d-84f4-4fcfc98d188b"
"2018-01-25","SPEND","ULearn Limited Current account","Airport Taxi","POS23JAN AIRPORT TAXI","34","A104","","Airport Transfer","34","NONE","AUTHORISED","1298d02a-e8e9-4609-89d3-74bd742bb785"
"2018-01-25","SPEND","ULearn Limited Current account","Airport Taxi","POS23JAN AIRPORT TAXI","57","A104","","Airport Transfer","57","NONE","AUTHORISED","c3ccc392-60c0-4509-99fe-8a4b725115e0"
"2018-01-26","SPEND","ULearn Limited Current account","THE HR COMPANY - DD","The HR Compan SEPA DD","141.45","B118","","HR Company Consult","141.45","NONE","AUTHORISED","78d1f3f2-f4bb-4e71-b249-578affd23f5e"
"2018-01-26","RECEIVE","ULearn Limited Current account","ULearn-Student","Valitor M4339402   GP","2351.12","100","","Valitor Merch A/C","2351.12","NONE","AUTHORISED","ee504f37-e851-4f34-a4e5-66968dc93230"
"2018-01-23","RECEIVE","ULearn Limited Current account","ULearn-Student","ULS2018 01 23 GP","1060","100","","Ulearn Student","1060","NONE","AUTHORISED","5ab18b61-d05f-402e-a6e7-4903eaae4bfb"
"2018-02-01","SPEND","ULearn Limited Current account","Di Luca","","6","B113","","Coffee","6","NONE","AUTHORISED","fedc3501-8caa-400a-9344-5c4bba7df71b"
"2018-01-30","RECEIVE","ULearn Limited Current account","ULearn-Student","Valitor M4352908   GP","1568.06","100","","Valitor Merch A/C","1568.06","NONE","AUTHORISED","d7d92446-1bdf-44ce-ab46-5b2cf99957ca"
"2018-01-31","RECEIVE","ULearn Limited Current account","ULearn-Student","Valitor M4359798   GP","3668.37","100","","Valitor Merch A/C","3668.37","NONE","AUTHORISED","a2492c93-34e8-4c34-932c-5b8df49948e6"
"2018-01-30","RECEIVE","ULearn Limited Current account","ULearn-Student","ULS2018 01 30 GP","3806","100","","ULearn-Student","3806","NONE","AUTHORISED","11cfdf60-3bec-4e44-8a35-544ed9612c81"
"2018-01-30","SPEND","ULearn Limited Current account","Audible - CARD","P2701GB  7.99@.872270","9.16","B121","","Audio Books School","9.16","NONE","AUTHORISED","285f8c5c-a71e-4d71-b8c5-8df948382dfc"
"2018-01-30","SPEND","ULearn Limited Current account","GoDaddy.com, LLC - CARD","","10.24","B106","","Hosting","10.24","NONE","AUTHORISED","c69b723f-f6b5-4e03-bc02-6c1dc48b1b8a"
"2018-02-01","SPEND","ULearn Limited Current account","ToutApp - CARD","P3001US 30.00@1.23355","24.32","B106","","ToutApp Email Software","24.32","NONE","AUTHORISED","7c829110-815b-4380-83a8-83a8a314136c"
"2018-01-31","RECEIVE","ULearn Limited Current account","ULearn-Student","SHEILA PANCAS","330.8","100","","ULearn-Student","330.8","NONE","AUTHORISED","99d74361-e820-448c-a294-530288145250"
"2018-02-08","SPEND","ULearn Limited Current account","AJ PRODUCTS","18347","244.77","B102","","Office cabinet SYNC, with lock,
2000x1000x310 mm, white laminate","244.77","NONE","AUTHORISED","09f1303b-0834-40b1-89b7-7be4098713d2"
"2018-02-05","SPEND","ULearn Limited Current account","Virgin Media","","113.49","A101","","Internet & TV Apartments","113.49","NONE","AUTHORISED","895bc970-95a6-407f-9089-57629955c82f"
"2018-02-08","SPEND","ULearn Limited Current account","SOFTWARE","POS CHG USD       19","0.32","B106","","Misc Software / Hosting","0.32","NONE","AUTHORISED","5cd8e2e1-276d-4bc2-9a94-7ef85b72eaa8"
"2018-02-08","RECEIVE","ULearn Limited Current account","ULearn-Student","Valitor M4421536   GP","1077.98","100","","Valitor Merch A/C","1077.98","NONE","AUTHORISED","aea60764-505e-4190-8372-6e569d714982"
"2018-02-08","SPEND","ULearn Limited Current account","Cazoomi - SyncApps - CARD","P0602US 19.98@1.23105","16.23","B106","","Sync Apps Recurring Subscription","16.23","NONE","AUTHORISED","72cbcdb5-ad2a-4211-9b1f-791575001d32"
"2018-02-08","RECEIVE","ULearn Limited Current account","ULearn-Student","ULS2018 02 08 GP","4385","100","","ULearn-Student","4385","NONE","AUTHORISED","0f0aa76f-4024-402a-9706-8299ce23a24a"
"2018-02-07","RECEIVE","ULearn Limited Current account","ULearn-Student","ULS2018 02 07 GP","1350","100","","ULearn-Student","1350","NONE","AUTHORISED","ba6655b9-3f60-4190-ae1f-6c77c3b893ca"
"2018-02-06","RECEIVE","ULearn Limited Current account","ULearn-Student","P2018147 DEBORA P2 GP","2075","100","","ULearn-Student","2075","NONE","AUTHORISED","488bc711-2e84-479e-bbe8-8e169b15ec97"
"2018-02-08","SPEND","ULearn Limited Current account","PREPAYPOWER","POS06FEB PREPAYPOWER","100","B105A","","Electricity Prepaid","100","NONE","AUTHORISED","8cec77d6-7e03-4290-8b50-924132b36e83"
"2018-01-18","SPEND","ULearn Limited Current account","Unknown","ATMD 18JAN UBLUS06345","20","B102","","Ulearn","20","NONE","AUTHORISED","b48c308a-abcc-497a-95d9-8620110cf619"
"2018-01-23","SPEND","Credit Card - Neil","Zoku Amsterdam Amsterdam NL","","13","B112","","Trip","13","NONE","AUTHORISED","0e466d1d-a90a-4162-a02c-557d31376b5b"
"2018-01-17","SPEND","ULearn Limited Current account","EIRCOM","EIRCOM TIS    SEPA DD","62.42","B104","","Telephone & Internet","62.42","NONE","AUTHORISED","121e35f3-a0a3-4045-b7ad-c90940019ac3"
"2018-01-18","SPEND","ULearn Limited Current account","Spotify","POS15JAN PAYPAL *SPOT","9.99","A108","","School Spotify Sub","9.99","NONE","AUTHORISED","d032e990-a8ab-41bf-911c-be02808db8a7"
"2018-01-18","SPEND","ULearn Limited Current account","Google - CARD","POS16JAN GOOGLE *ADWS","500","B110","","Google Adwords","500","NONE","AUTHORISED","3e051d59-0a7b-4bc1-b4d8-9d36e4e1c9c5"
"2018-01-18","RECEIVE","ULearn Limited Current account","ULearn-Student","Valitor M4290296   GP","1298.38","100","","Valitor Merch A/C","1298.38","NONE","AUTHORISED","e4e04c65-2b6c-4060-9da3-95e8e2628be0"
"2018-01-19","SPEND","ULearn Limited Current account","Flogas SEPA - DD","","81.79","B105","","Flogas","81.79","NONE","AUTHORISED","2d3c949c-1fbe-431d-a4e2-b215f5c6964c"
"2018-01-19","SPEND","ULearn Limited Current account","Flogas SEPA - DD","","87.8","B105","","Flogas","87.8","NONE","AUTHORISED","f6b7c5f6-8378-4e78-a0a6-d3544fc0fe14"
"2018-01-19","SPEND","ULearn Limited Current account","SOFTWARE","POS CHG USD       30","0.49","B106","","Misc Software / Hosting","0.49","NONE","AUTHORISED","21082ea4-bf3c-46f4-8924-f5aaf801aac7"
"2018-01-19","SPEND","ULearn Limited Current account","Flogas SEPA - DD","","117.38","B105","","Flogas","117.38","NONE","AUTHORISED","4697093d-f57b-4332-90f3-ebb4ec564b0c"
"2018-01-18","RECEIVE","ULearn Limited Current account","ULearn-Student","ULEARN16496","2475","100","","ULearn-Student","2475","NONE","AUTHORISED","2a9a1e5b-deac-456d-b020-d6128e835336"
"2018-01-19","SPEND","ULearn Limited Current account","JAVA REPUBLIC","Java Republic SEPA DD","128.32","B102","","Java Republic Coffee Machine etc","128.32","NONE","AUTHORISED","1070c547-e57b-4476-ad8b-b3366310c354"
"2018-01-26","SPEND","ULearn Limited Current account","Joe's Coffee","","6.8","B115","","Coffee","6.8","NONE","AUTHORISED","c84b10e6-8011-41da-8f37-c7e40beffeb0"
"2018-01-22","SPEND","ULearn Limited Current account","BOI LIFE INSURANCE","OP/BoI LIFE   SEPA DD","51.03","B119","","Life Insurance BOI","51.03","NONE","AUTHORISED","ad7bf1e2-199b-4fe7-9368-af6baa49f4c4"
"2018-01-22","RECEIVE","ULearn Limited Current account","ULearn-Student","ULS2018 01 22 GP","170","100","","ULearn-Student","170","NONE","AUTHORISED","90b7b587-f449-4928-9125-a01c1b14e0c4"
"2018-01-22","SPEND","ULearn Limited Current account","EIRCOM","","410.47","B104","","DD","410.47","NONE","AUTHORISED","5ee98a4d-4ab7-4ab8-bf27-9b4c052e2676"
"2018-01-24","SPEND","ULearn Limited Current account","SOFTWARE","POS22JAN ADOBE  CREAT","30.74","B106","","Software / Hosting","30.74","NONE","AUTHORISED","bb80635e-6150-4be0-92d9-a00edbb5aac2"
"2018-01-24","SPEND","ULearn Limited Current account","Google - CARD","POS22JAN GOOGLE *ADWS","500","B110","","Google Adwords","500","NONE","AUTHORISED","357ab32b-5842-4f0b-b24f-dfa3f6a01892"
"2018-01-23","SPEND","ULearn Limited Current account","BOI LIFE INSURANCE","OP/BoI LIFE   SEPA DD","47.05","B119","","Life Insurance BOI","47.05","NONE","AUTHORISED","0bfe117e-41b8-492e-9520-d485cb9e78f4"
"2018-01-23","RECEIVE","ULearn Limited Current account","ULearn-Student","Valitor M4309664   GP","297.8","100","","Valitor Merch A/C","297.8","NONE","AUTHORISED","6a62f65c-0aea-49f5-b6ab-d98db203e1a1"
"2018-01-23","SPEND","ULearn Limited Current account","SOFTWARE","POS CHG USD       14","0.23","B106","","Misc Software / Hosting","0.23","NONE","AUTHORISED","cfe07cfa-6468-49fb-b37f-e0d63c2add60"
"2018-01-25","RECEIVE","ULearn Limited Current account","ULearn-Student","Valitor M4333108   GP","2971.9","100","","Valitor Merch A/C","2971.9","NONE","AUTHORISED","2c974db8-f410-43df-86d1-b8f6229bb184"
"2018-01-24","RECEIVE","ULearn Limited Current account","ULearn-Student","ULS2018 01 24 GP","1070","100","","Ulearn Student","1070","NONE","AUTHORISED","a41362ef-2db4-40a0-a2d2-c50a0d50c96b"
"2018-01-25","RECEIVE","ULearn Limited Current account","ULearn-Student","ULS2018 01 25 GP","2602.5","100","","ULearn-Student","2602.5","NONE","AUTHORISED","8022fb6f-6563-4428-85ce-b9e2b25d6e30"
"2018-01-25","SPEND","ULearn Limited Current account","MUSTAFA ARSLAN","","17.5","B126","","Bank chages","17.5","NONE","AUTHORISED","0f8290d0-3413-4213-8805-a38c1024709d"
"2018-01-26","RECEIVE","ULearn Limited Current account","ULearn-Student","ULS2018 01 26 GP","3500","100","","ULearn-Student","3500","NONE","AUTHORISED","41d21ee9-36d5-46fa-a008-b1e8e34c2600"
"2018-01-29","SPEND","ULearn Limited Current account","Virgin Media","","87.5","A101","","Internet & TV Apartments","87.5","NONE","AUTHORISED","f205adb4-e9b5-4634-9dc8-ddda94b9872e"
"2018-01-29","RECEIVE","ULearn Limited Current account","ULearn-Student","ULEARN17286","3125","100","","ULearn-Student","3125","NONE","AUTHORISED","10641291-d755-4013-a5ca-fdb426a0797e"
"2018-01-23","SPEND","ULearn Limited Current account","Neil Mc Mahon","","63","B113","","Meal","63","NONE","AUTHORISED","e588900d-bc6f-4b3a-b664-fbe39ff39e57"
"2018-01-31","SPEND","ULearn Limited Current account","Google - CARD","POS29JAN GOOGLE *ADWS","500","B110","","Google Adwords","500","NONE","AUTHORISED","8eda7b46-c5bc-46d0-80e1-e073a8f14d1b"
"2018-01-30","SPEND","ULearn Limited Current account","HighRise - CARD","P2801US 49.00@1.23706","39.61","B106","","HighRise CRM Software","39.61","NONE","AUTHORISED","35817406-9283-43e5-962d-ce14c8b9096f"
"2018-02-02","SPEND","ULearn Limited Current account","Facebook - CARD","","5.95","B110","","Facebook Ads & Boost Posts","5.95","NONE","AUTHORISED","1cdcc594-49b3-4e15-b9c7-b71feee4413a"
"2018-02-05","SPEND","ULearn Limited Current account","Google - CARD","POS01FEB GOOGLE *SVCS","88.56","B106","","Google Apps Bus","88.56","NONE","AUTHORISED","6f30183e-c728-46bf-8b24-b75fa71cf287"
"2018-02-05","SPEND","ULearn Limited Current account","Airport Taxi","POS01FEB AIRPORT TAXI","39","A104","","Airport Transfer","39","NONE","AUTHORISED","6e1e953a-72c2-4dfe-ab75-ea5b11c48e29"
"2018-02-05","SPEND","ULearn Limited Current account","Airport Taxi","POS01FEB AIRPORT TAXI","33","A104","","Airport Transfer","33","NONE","AUTHORISED","a384eb66-c264-40bb-a87c-e5aba8fb79b3"
"2018-02-05","RECEIVE","ULearn Limited Current account","ULearn-Student","Valitor M4390064   GP","2092.5","100","","Valitor Merch A/C","2092.5","NONE","AUTHORISED","5a2d6b13-2838-445c-9549-d31973a9aca8"
"2018-02-02","SPEND","ULearn Limited Current account","EIRCOM","","322.47","B104","","Ulearn ","322.47","NONE","AUTHORISED","dfd6723f-8da0-41fe-9aaf-b6756cd05782"
"2018-02-05","RECEIVE","ULearn Limited Current account","ULearn-Student","ULS2018 02 05 GP","2772.5","100","","ULearn-Student","2772.5","NONE","AUTHORISED","aa30e4a5-bfd2-4e4b-8e77-ff988aca10bf"
"2018-02-07","SPEND","ULearn Limited Current account","BOI","","0.36","B127","","Bank Charges Gov Duty","0.36","NONE","AUTHORISED","6b98b761-417c-451a-b0b0-bafd3c9a2f8c"
"2018-02-06","SPEND","ULearn Limited Current account","Github - CARD","P0302US  7.00@1.24113","5.64","B106","","Github Repos","5.64","NONE","AUTHORISED","75d534a6-e4c9-4a33-8b7c-ad1466e514ca"
"2018-02-06","SPEND","ULearn Limited Current account","Google - CARD","POS04FEB GOOGLE *ADWS","500","B110","","Google Adwords","500","NONE","AUTHORISED","d5162277-e307-4b2b-9cf4-a30e24e2d65b"
"2018-02-06","RECEIVE","ULearn Limited Current account","ULearn-Student","Valitor M4397169   GP","654.59","100","","Valitor Merch A/C","654.59","NONE","AUTHORISED","914e6784-ff0b-42ca-9d0c-fee863c26b13"
"2018-02-07","RECEIVE","ULearn Limited Current account","ULearn-Student","Valitor M4404187   GP","5164.33","100","","Valitor Merch A/C","5164.33","NONE","AUTHORISED","77eef86a-4c84-410a-b936-ab3fa37c6c75"
"2018-02-07","SPEND","ULearn Limited Current account","PREPAYPOWER","B8S Flogas Na SEPA DD","937.4","B105A","","Gas","937.4","NONE","AUTHORISED","45104f22-ab0f-4f7b-bcff-f8ccc99c77e4"
"2018-02-08","RECEIVE","ULearn Limited Current account","ULearn-Student","PMNTX3STUDENTS","6450","100","","ULearn-Student","6450","NONE","AUTHORISED","094fd735-27b7-4bca-8b92-f73801ce2c34"
"2018-02-09","SPEND","ULearn Limited Current account","Bord Gais Energy - DD","BORD GAIS EIR SEPA DD","707.23","B105A","","Gas ","707.23","NONE","AUTHORISED","2025d590-2d9e-4d03-b921-c00915bf331a"
"2018-02-09","RECEIVE","ULearn Limited Current account","ULearn-Student","PATRICIA FRANCA","125","100","","ULearn-Student","125","NONE","AUTHORISED","712b19a3-e765-4581-b22a-eee6d5801202"
"2018-02-09","SPEND","ULearn Limited Current account","Irina Agafonova","","17.5","B126","","Bank fees","17.5","NONE","AUTHORISED","fa8fd602-a425-487e-982d-e305b8d7cf99"
"2018-02-12","RECEIVE","ULearn Limited Current account","ULearn-Student","Valitor M4434829   GP","1960.1","100","","Valitor Merch A/C","1960.1","NONE","AUTHORISED","2935b694-c558-4726-9a48-e33577d6cfaf"
"2018-02-12","RECEIVE","ULearn Limited Current account","ULearn-Student","ULS2018 02 12 GP","480","100","","ULearn-Student","480","NONE","AUTHORISED","9d03ea62-e574-46e3-8571-e873f533932f"
"2018-02-12","SPEND","ULearn Limited Current account","ROGAC LIMITED","TO ROGAC LIMITED","1311.5","B102","","Awning","1311.5","NONE","AUTHORISED","12a088b6-9b1a-4018-bfc8-ca6c00626e4d"
"2018-02-12","SPEND","ULearn Limited Current account","Di Lucca","","6","B115","","Ulearn","6","NONE","AUTHORISED","57ea64c3-8a18-42c7-80b5-e8bd7bfe3490"
"2018-01-24","SPEND","Credit Card - Neil","Zoku Amsterdam Amsterdam NL","","13","B112","","trip","13","NONE","AUTHORISED","88b3c3de-4387-4360-a4f0-dada6e0c2da2"
"2018-12-31","SPEND","ULearn Term Loan","Long term loan","","49539.36","E130","","Re-clasify loan repayments","49539.36","NONE","AUTHORISED","810b141f-064c-44c1-a525-54d6cd291971"
"2018-12-31","RECEIVE-TRANSFER","ULearn Term Loan","","","3810.72","AC3","","Bank Transfer from ULearn Limited Current account.","3810.72","","AUTHORISED","b44c4e75-f46c-4398-9aee-1db32218e291"
"2018-11-30","RECEIVE-TRANSFER","ULearn Term Loan","","","3810.72","AC3","","Bank Transfer from ULearn Limited Current account.","3810.72","","AUTHORISED","e6c30288-70cc-40ef-a830-c02b289a72ff"
"2018-10-30","RECEIVE-TRANSFER","ULearn Term Loan","","","3810.72","AC3","","Bank Transfer from ULearn Limited Current account.","3810.72","","AUTHORISED","2a13a578-c884-4920-8cb0-ad0275a59c87"
"2018-10-01","RECEIVE-TRANSFER","ULearn Term Loan","","","3810.72","AC3","","Bank Transfer from ULearn Limited Current account.","3810.72","","AUTHORISED","88d32181-aaf9-4e06-9b59-4c02b59505fc"
"2018-08-30","RECEIVE-TRANSFER","ULearn Term Loan","","","3810.72","AC3","","Bank Transfer from ULearn Limited Current account.","3810.72","","AUTHORISED","9d6c3064-05b0-4947-bab5-2ca3eb451068"
"2018-07-30","RECEIVE-TRANSFER","ULearn Term Loan","","","3810.72","AC3","","Bank Transfer from ULearn Limited Current account.","3810.72","","AUTHORISED","25b90808-c4e5-4205-bde6-cc1de69fbb20"
"2018-07-02","RECEIVE-TRANSFER","ULearn Term Loan","","","3810.72","AC3","","Bank Transfer from ULearn Limited Current account.","3810.72","","AUTHORISED","e6b38063-f06a-4ffc-8ee2-dc492dec0e93"
"2018-05-30","RECEIVE-TRANSFER","ULearn Term Loan","","","3810.72","AC3","","Bank Transfer from ULearn Limited Current account.","3810.72","","AUTHORISED","8e3f777c-78f8-49a4-a693-f1b23cf4c761"
"2018-04-30","RECEIVE-TRANSFER","ULearn Term Loan","","","3810.72","AC3","","Bank Transfer from ULearn Limited Current account.","3810.72","","AUTHORISED","2f9d92e4-108e-4eed-be52-2e8d6e6922e9"
"2018-04-03","RECEIVE-TRANSFER","ULearn Term Loan","","","3810.72","AC3","","Bank Transfer from ULearn Limited Current account.","3810.72","","AUTHORISED","d74b4175-d215-4768-891f-7aded2bbec1a"
"2018-03-01","RECEIVE-TRANSFER","ULearn Term Loan","","","3810.72","AC3","","Bank Transfer from ULearn Limited Current account.","3810.72","","AUTHORISED","a7c0e3a9-1f87-4481-9604-caebf1cc4cdc"
"2018-01-30","RECEIVE-TRANSFER","ULearn Term Loan","","","3810.72","AC3","","Bank Transfer from ULearn Limited Current account.","3810.72","","AUTHORISED","42e2baba-f935-44af-81e0-867d759547ea"
"2018-01-02","RECEIVE-TRANSFER","ULearn Term Loan","","","3810.72","AC3","","Bank Transfer from ULearn Limited Current account.","3810.72","","AUTHORISED","62330d1b-b6df-480f-b300-b4eb878d84ce"
"2018-02-13","RECEIVE","ULearn Limited Current account","ULearn-Student","ULS2018 02 13 GP","4019.75","100","","ULearn-Student","4019.75","NONE","AUTHORISED","f01b7621-a3e5-40c2-9293-0e6e2a6c1b76"
"2018-02-13","RECEIVE","ULearn Limited Current account","ULearn-Student","Valitor M4441928   GP","4576.94","100","","Valitor Merch A/C","4576.94","NONE","AUTHORISED","75856b4e-5af3-4e57-9ca0-246ecaeb888a"
"2018-02-13","SPEND","ULearn Limited Current account","eSpares Ireland","7441464","78.64","A102A","","Ulearn - supplies for apartment","78.64","NONE","AUTHORISED","d54079da-f840-4b0e-b18b-67c4efea5b89"
"2018-02-13","RECEIVE","ULearn Limited Current account","ULearn-Student","LIN TZU HSUAN GP","5045","100","","ULearn-Student","5045","NONE","AUTHORISED","dd7b18c7-e6a1-45e8-9a6e-ff441b096225"
"2018-02-21","RECEIVE","ULearn Limited Current account","ULearn-Student","ULS2018 02 21 GP","1440","100","","ULearn-Student","1440","NONE","AUTHORISED","235b9744-785d-4ca9-93ed-009ab4706339"
"2018-02-28","SPEND","ULearn Limited Current account","ICEF GMBH","","2700","B113","","Ulearn ","2700","NONE","AUTHORISED","9cf0bc68-ae64-4c42-8a39-0493ac9fb83b"
"2018-02-27","SPEND","ULearn Limited Current account","Airport Taxi","POS23FEB AIRPORT TAXI","36","A104","","Airport Transfer","36","NONE","AUTHORISED","a9c2ab1a-1813-41c4-b531-08ee4f11a295"
"2018-02-14","SPEND","ULearn Limited Current account","EIRCOM","EIRCOM TIS    SEPA DD","62.42","B104","","Telephone & Internet","62.42","NONE","AUTHORISED","33428ac6-1029-4630-967b-0c8f7045fae3"
"2018-03-05","RECEIVE","ULearn Limited Current account","ULearn-Student","MARCUS VINICIUS GP","2097","100","","ULearn-Student","2097","NONE","AUTHORISED","69258192-478e-4a0e-b240-0d6ad273b902"
"2018-03-08","SPEND","ULearn Limited Current account","Di Luca","","5.8","B115","","Coffee","5.8","NONE","AUTHORISED","9a0910f0-3fa0-4cd2-a65f-103cce7dd1d3"
"2018-02-16","SPEND","ULearn Limited Current account","Flogas SEPA - DD","","57.11","B105","","Flogas","57.11","NONE","AUTHORISED","8e242c95-81d8-4915-9b73-130d45982da3"
"2018-02-22","SPEND","ULearn Limited Current account","Shannon Heritage","03227657","121","A109B","","22 School Tour Student
2 Teacher GPO","121","NONE","AUTHORISED","fed1cb14-006d-4eea-8b0c-1df834043ed0"
"2018-02-20","SPEND","ULearn Limited Current account","SOFTWARE","POS CHG USD       30","0.48","B106","","Misc Software / Hosting","0.48","NONE","AUTHORISED","10931bbf-4763-4313-8c02-14732faa5e95"
"2018-02-23","SPEND","ULearn Limited Current account","BOI LIFE INSURANCE","OP/BoI LIFE   SEPA DD","47.05","B119","","Life Insurance BOI","47.05","NONE","AUTHORISED","dc5fe212-38db-47f9-87e1-124fa5323691"
"2018-02-26","SPEND","ULearn Limited Current account","PREPAYPOWER","POS22FEB PREPAYPOWER","100","B105A","","Electricity Prepaid","100","NONE","AUTHORISED","a5b9ba4e-7b8e-4fdd-b0db-21e4433bbb8e"
"2018-02-27","RECEIVE","ULearn Limited Current account","ULearn-Student","Valitor M4533142   GP","117.51","100","","Valitor Merch A/C","117.51","NONE","AUTHORISED","24cf1f5b-012c-440e-92ec-20c63f56c83e"
"2018-03-05","SPEND","ULearn Limited Current account","EXPEDIA","","232.22","B112","","Ulearn ","232.22","NONE","AUTHORISED","10cad092-b5c1-4503-a6a8-1c400be6b262"
"2018-03-06","RECEIVE","ULearn Limited Current account","ULearn-Student","P2018308 LUCAS","2025","100","","ULearn-Student","2025","NONE","AUTHORISED","8e95228a-e187-43dc-9fda-20e89c58dacd"
"2018-02-16","RECEIVE","ULearn Limited Current account","ULearn-Student","Valitor M4473169   GP","1249.53","100","","Valitor Merch A/C","1249.53","NONE","AUTHORISED","33004add-250c-42a4-9b2b-32896888b341"
"2018-02-16","SPEND","ULearn Limited Current account","Homebase","","108.42","A101A","","Accommodation","108.42","NONE","AUTHORISED","d76ade4b-3348-47f2-9871-3b3fae7a649b"
"2018-02-14","RECEIVE","ULearn Limited Current account","ULearn-Student","Valitor M4449065   GP","1604.46","100","","Valitor Merch A/C","1604.46","NONE","AUTHORISED","ce6e1c4b-21cc-40ae-b272-268e2d4706a1"
"2018-02-22","RECEIVE","ULearn Limited Current account","ULearn-Student","Valitor M4512158   GP","5325.05","100","","Valitor Merch A/C","5325.05","NONE","AUTHORISED","8e39f8ab-8845-466d-9a36-300607f1a263"
"2018-02-22","SPEND","ULearn Limited Current account","Dublinia Limited","","115.5","A109B","","Ulearn","115.5","NONE","AUTHORISED","78905e5b-95a0-4fb6-b3a6-2e4fcd7e607e"
"2018-02-20","RECEIVE","ULearn Limited Current account","ULearn-Student","ULS2018 02 20 GP","5029","100","","ULearn-Student","5029","NONE","AUTHORISED","2e45f33b-f36d-474e-b538-2e5bbff14b03"
"2018-02-23","SPEND","ULearn Limited Current account","Google - CARD","POS21FEB GOOGLE *ADWS","500","B110","","Google Adwords","500","NONE","AUTHORISED","6c8c2ed1-5c2c-4959-8f48-3731db9523f1"
"2018-02-26","RECEIVE","ULearn Limited Current account","ULearn-Student","ULS2018 02 26 GP","845","100","","ULearn-Student","845","NONE","AUTHORISED","3bb5b4fe-3a0a-4c12-9edc-2681684f18da"
"2018-02-27","SPEND","ULearn Limited Current account","PREPAYPOWER","POS25FEB PREPAYPOWER","100","B105A","","Electricity Prepaid","100","NONE","AUTHORISED","2b10ee07-41e1-4ec3-b8c9-3b250f86f499"
"2018-03-01","SPEND","ULearn Limited Current account","SOFTWARE","","0.18","B106","","Misc Software / Hosting","0.18","NONE","AUTHORISED","3745475c-d1e8-497d-a93f-288fffb2be1f"
"2018-03-01","SPEND","ULearn Limited Current account","JAVA REPUBLIC","Java Republic SEPA DD","332.18","B102","","Java Republic Coffee Machine etc","332.18","NONE","AUTHORISED","d0eca2ef-7924-4bea-9b58-328b0dd9484d"
"2018-03-02","SPEND","ULearn Limited Current account","EIRCOM","","63.91","B104","","Ulearn ","63.91","NONE","AUTHORISED","ebda6315-6664-4b91-b4e7-2cc3c3ddf733"
"2018-03-02","SPEND","ULearn Limited Current account","GoDaddy.com, LLC - CARD","","10.42","B106","","Ulearn","10.42","NONE","AUTHORISED","8efd5ada-6660-40ac-bf98-3df0ba421bd2"
"2018-03-02","RECEIVE","ULearn Limited Current account","ULearn-Student","27506670 P2018121 GP","150","100","","ULearn-Student","150","NONE","AUTHORISED","006b352d-b7a6-43b2-a9fd-38e98344bd2f"
"2018-03-05","RECEIVE","ULearn Limited Current account","ULearn-Student","ULS2018 03 05 GP","14488","100","","ULearn-Student","14488","NONE","AUTHORISED","a2583338-9a12-4891-bcdf-36a4c231cdd4"
"2018-03-06","SPEND","ULearn Limited Current account","Google - CARD","POS02MAR GOOGLE *SVCS","88.56","B106","","Google Apps Bus","88.56","NONE","AUTHORISED","6f9a80cb-5d6a-4cd1-9282-24103cfaf208"
"2018-02-15","SPEND","ULearn Limited Current account","Dublin Tourism Office","","960","A104","","Bus Tickets","960","NONE","AUTHORISED","155dd7bf-4d63-49dc-b101-8207a2ccf543"
"2018-02-13","SPEND","ULearn Limited Current account","Google - CARD","POS10FEB GOOGLE *ADWS","500","B110","","Google Adwords","500","NONE","AUTHORISED","fc278c47-fbe7-4cfb-b822-609c4af55797"
"2018-02-17","SPEND","ULearn Limited Current account","Homebase","","318.39","A101A","","Accommodation","318.39","NONE","AUTHORISED","1eea5432-b143-4fcf-9828-81076cb28d6f"
"2018-02-16","SPEND","ULearn Limited Current account","PREPAYPOWER","POS14FEB PREPAYPOWER","100","B105A","","Electricity Prepaid","100","NONE","AUTHORISED","671bede1-cdc4-4e79-ad54-814cf2900cf3"
"2018-02-16","RECEIVE","ULearn Limited Current account","ULearn-Student","P2018235 DANIELA","2075","100","","ULearn-Student","2075","NONE","AUTHORISED","b9cda1e8-7fe2-42c0-9d1a-7274df8241a3"
"2018-02-16","SPEND","ULearn Limited Current account","Flogas SEPA - DD","","129.3","B105","","Flogas","129.3","NONE","AUTHORISED","51e2a048-5f4e-46e4-9691-664cbc514a2a"
"2018-02-18","SPEND","ULearn Limited Current account","My Taxi","1D1QM2","21.4","B102","","Ballinteer to Dublin 8","21.4","NONE","AUTHORISED","6926a070-a766-4691-b612-791a985367d8"
"2018-02-21","SPEND","ULearn Limited Current account","Central Hotel","","6.1","B115","","Client meeting","6.1","NONE","AUTHORISED","51239360-c55d-4338-a264-878665c765c8"
"2018-02-19","SPEND","ULearn Limited Current account","Google - CARD","POS15FEB GOOGLE *ADWS","500","B110","","Google Adwords","500","NONE","AUTHORISED","c181d6c0-7eb4-4fa1-97d6-67c31fc59c13"
"2018-02-22","SPEND","ULearn Limited Current account","Costa Coffee","","5.2","B115","","Coffee","5.2","NONE","AUTHORISED","f46efeb6-c41d-44dd-abf6-75aba041ca88"
"2018-02-23","SPEND","ULearn Limited Current account","Dada Restaurant","","342.9","B115","","Food","342.9","NONE","AUTHORISED","27feccc1-ce10-4298-b5c1-7dc95d2f404d"
"2018-02-20","RECEIVE","ULearn Limited Current account","ULearn-Student","Valitor M4487454   GP","1308.33","100","","Valitor Merch A/C","1308.33","NONE","AUTHORISED","840f20f0-7da4-4d63-bdaf-863f91d3eb95"
"2018-02-22","SPEND","ULearn Limited Current account","ROGAC LIMITED","TO ROGAC LIMITED","1049.2","B102","","Awning","1049.2","NONE","AUTHORISED","02d90640-aed3-43a0-ab62-724cdb3fe66c"
"2018-02-22","SPEND","ULearn Limited Current account","BOI LIFE INSURANCE","OP/BoI LIFE   SEPA DD","51.03","B119","","Life Insurance BOI","51.03","NONE","AUTHORISED","50c81b78-ff73-463d-a353-6a9bf55c4079"
"2018-02-21","RECEIVE","ULearn Limited Current account","ULearn-Student","Valitor M4494629   GP","1156.25","100","","Valitor Merch A/C","1156.25","NONE","AUTHORISED","6f18c563-eaab-498b-94d6-688a35bc2b23"
"2018-02-20","SPEND","ULearn Limited Current account","Xero Subscription - CARD","IN-897978","24.21","B106","","ULearn. Monthly Subscription, Standard Price Plan, 17 Jan 2018 to 16 Feb 2018.","24.21","NONE","AUTHORISED","140785dd-52a8-462b-b255-79ce666315b9"
"2018-02-23","SPEND","ULearn Limited Current account","THE HR COMPANY - DD","The HR Compan SEPA DD","141.45","B118","","HR Company Consult","141.45","NONE","AUTHORISED","4f0e3f15-49ff-4b20-9840-4129f6c9d8fe"
"2018-02-23","SPEND","ULearn Limited Current account","Zopim - CARD","P2002US 14.00@1.22807","11.4","B106","","Zopim Chat Module","11.4","NONE","AUTHORISED","394da8e6-8938-4977-a731-6b1ae7177b59"
"2018-02-22","SPEND","ULearn Limited Current account","Epic Ireland Exhibitions","635853","176","A109B","","Social Activities","176","NONE","AUTHORISED","89d000ce-f571-4ee9-8283-5c71e8480eb9"
"2018-02-27","SPEND","ULearn Limited Current account","Di Luca","","5.5","B115","","Coffee","5.5","NONE","AUTHORISED","56b3bd6a-3a44-41d7-8d00-4c0c464491e8"
"2018-02-27","SPEND","ULearn Limited Current account","SOFTWARE","POS23FEB ADOBE  CREAT","30.74","B106","","Software / Hosting","30.74","NONE","AUTHORISED","65c8f386-8b17-4b2a-bd07-5f9af53fbe76"
"2018-02-28","RECEIVE","ULearn Limited Current account","ULearn-Student","Valitor M4540403   GP","247.01","100","","Valitor Merch A/C","247.01","NONE","AUTHORISED","ac84b516-b779-4f7d-b840-41979d6fa41b"
"2018-03-01","SPEND","ULearn Limited Current account","Google - CARD","POS27FEB GOOGLE *ADWS","500","B110","","Google Adwords","500","NONE","AUTHORISED","b3972753-d5d8-4aa7-8f8a-789aac8c7e77"
"2018-03-01","SPEND","ULearn Limited Current account","GoDaddy.com, LLC - CARD","","35.95","B106","","Ulearn","35.95","NONE","AUTHORISED","fc871aef-c87c-4c1e-ba7f-41cf4219bf75"
"2018-03-02","SPEND","ULearn Limited Current account","SOFTWARE","POS CHG USD       30","0.49","B106","","Misc Software / Hosting","0.49","NONE","AUTHORISED","316cef1c-7d69-4db5-a66e-533d89a08480"
"2018-03-02","SPEND","ULearn Limited Current account","SOFTWARE","POS CHG USD       49","0.8","B106","","Misc Software / Hosting","0.8","NONE","AUTHORISED","01c7a2db-8510-4403-a5ba-79dec0d73ee3"
"2018-03-02","SPEND","ULearn Limited Current account","EIRCOM","","390.41","B104","","Ulearn ","390.41","NONE","AUTHORISED","4f3a9877-dd56-4787-826d-7a87eb6b2971"
"2018-03-02","SPEND","ULearn Limited Current account","ToutApp - CARD","P2802US 30.00@1.21852","24.62","B106","","ToutApp Email Software","24.62","NONE","AUTHORISED","9b477f3b-05fe-4a86-8f3c-432a136a4b33"
"2018-03-07","SPEND","ULearn Limited Current account","Virgin Media","","113.49","A101","","Internet & TV Apartments","113.49","NONE","AUTHORISED","0d0a01a9-0491-4ce9-9f95-4597cde2b491"
"2018-03-07","SPEND","ULearn Limited Current account","Google - CARD","POS05MAR GOOGLE *ADWS","500","B110","","Google Adwords","500","NONE","AUTHORISED","b3ad0f9f-1a15-4263-a128-6982bc45a267"
"2018-03-06","SPEND","ULearn Limited Current account","SOFTWARE","POS CHG USD        7","0.11","B106","","Misc Software / Hosting","0.11","NONE","AUTHORISED","85b53998-22cf-4592-ac66-51c7d453aac5"
"2018-03-08","SPEND","ULearn Limited Current account","SOFTWARE","POS CHG USD       19","0.32","B106","","Misc Software / Hosting","0.32","NONE","AUTHORISED","f2266f2c-d91b-4e6f-be60-5a070a4722b8"
"2018-03-09","RECEIVE","ULearn Limited Current account","ULearn-Student","Valitor M4604053   GP","6184.23","100","","Valitor Merch A/C","6184.23","NONE","AUTHORISED","490cccad-6964-4ba2-8e6d-86a6ce103f9b"
"2018-03-08","RECEIVE","ULearn Limited Current account","ULearn-Student","Valitor M4597094   GP","5117.3","100","","Valitor Merch A/C","5117.3","NONE","AUTHORISED","bc28c396-98cc-43c9-8725-540e76a2a8fd"
"2018-03-01","RECEIVE","ULearn Limited Current account","ULearn-Student","27396361 P2018170 GP","228.75","100","","Ulearn","228.75","NONE","AUTHORISED","8b9d3f7f-eb04-4b58-ab84-7685a30efc80"
"2018-02-21","SPEND","ULearn Limited Current account","Repairs","","530.42","A102A","","Replace rug","530.42","NONE","AUTHORISED","c9191556-9c8b-4d6d-91ed-5aeb0c16baa1"
"2018-02-15","SPEND","ULearn Limited Current account","Spotify","P04F18EC8A","9.99","B115A","","Spotify","9.99","NONE","AUTHORISED","ce568f3a-646d-48f8-b83f-e79b1ee23a10"
"2018-02-14","SPEND","ULearn Limited Current account","The Russell Court Hotel","party","6","A109","","Ulearn - Social activities","6","NONE","AUTHORISED","140a5a0b-8f5c-46bc-9c50-ed39ba631ba0"
"2018-02-16","SPEND","ULearn Limited Current account","Dunnes Stores","","6.24","B124","","Food for QQI meeting","6.24","NONE","AUTHORISED","0fa8be28-4059-4a4a-99ef-993cfbfbff8c"
"2018-02-15","RECEIVE","ULearn Limited Current account","ULearn-Student","Valitor M4466560   GP","416.44","100","","Valitor Merch A/C","416.44","NONE","AUTHORISED","d0e848e7-d2dd-42ad-9554-c2fa9bd2f4c9"
"2018-02-15","RECEIVE","ULearn Limited Current account","ULearn-Student","P2018236 LAURA","2075","100","","ULearn-Student","2075","NONE","AUTHORISED","df616c08-24e3-4af9-842c-f9947d901977"
"2018-02-15","RECEIVE","ULearn Limited Current account","ULearn-Student","PMNT X2 STUDENTS","3862.5","100","","ULearn-Student","3862.5","NONE","AUTHORISED","9ebc2279-ffaa-49d4-b278-93fdd72043ce"
"2018-02-14","RECEIVE","ULearn Limited Current account","ULearn-Student","26604943TW0 D20180 GP","360","100","","ULearn-Student","360","NONE","AUTHORISED","177fd47f-a414-4988-bbe6-eb60ea0597e6"
"2018-02-16","SPEND","ULearn Limited Current account","Flogas SEPA - DD","","89.03","B105","","Flogas","89.03","NONE","AUTHORISED","d2a8f54e-b6e7-4d92-ba9f-b68017576d77"
"2018-02-16","SPEND","ULearn Limited Current account","Flogas SEPA - DD","","57.84","B105","","Flogas","57.84","NONE","AUTHORISED","b028d754-dd54-401e-9185-df91613a26d4"
"2018-02-16","SPEND","ULearn Limited Current account","Flogas SEPA - DD","","99.13","B105","","Flogas","99.13","NONE","AUTHORISED","d928ac51-58a1-4167-88a5-b94577d10d34"
"2018-02-14","RECEIVE","ULearn Limited Current account","ULearn-Student","ULS2018 02 14 GP","5077.2","100","","ULearn-Student","5077.2","NONE","AUTHORISED","4cdb56c9-6dea-43e6-9f61-fdaa3cf22b38"
"2018-02-16","RECEIVE","ULearn Limited Current account","ULearn-Student","ULS2018 02 16 GP","2095","100","","ULearn-Student","2095","NONE","AUTHORISED","cb5df725-3ad7-4e1e-a1de-9d3f8748f41a"
"2018-02-18","SPEND","ULearn Limited Current account","My Taxi","1D1NRS","23.4","B102","","Dublin8 to Ballinteer","23.4","NONE","AUTHORISED","fd62508c-604f-435c-b99b-8ddb2c6276be"
"2018-02-19","RECEIVE","ULearn Limited Current account","ULearn-Student","Valitor M4480185   GP","1048.62","100","","Valitor Merch A/C","1048.62","NONE","AUTHORISED","a370f056-7fda-4638-b749-f8b1e1c17d68"
"2018-02-19","RECEIVE","ULearn Limited Current account","ULearn-Student","ULS2018 02 19 GP","3276","100","","ULearn-Student","3276","NONE","AUTHORISED","9b8eabad-0013-443f-b4c0-e2e42336655c"
"2018-02-20","SPEND","ULearn Limited Current account","Fixtures & Fittings","POSC16FEB MAPLIN DUBL","27.1","B117","","IT Equipment","27.1","NONE","AUTHORISED","c50fc710-d7ac-4687-8010-edfe512d3dd2"
"2018-02-20","SPEND","ULearn Limited Current account","GoDaddy.com, LLC - CARD","","101.71","B106","","Ulearn","101.71","NONE","AUTHORISED","dd1bafda-6f16-48c4-a556-fe74f7b2c8d2"
"2018-02-21","SPEND","ULearn Limited Current account","Bus Tickets","","240","A109B","","Ulearn","240","NONE","AUTHORISED","b2340bef-1afe-47e3-b630-a958dc8abaa6"
"2018-02-23","SPEND","ULearn Limited Current account","SOFTWARE","POS CHG USD       14","0.23","B106","","Misc Software / Hosting","0.23","NONE","AUTHORISED","9d76de61-c5dc-4b7e-b673-d325098b5d7a"
"2018-02-23","RECEIVE","ULearn Limited Current account","ULearn-Student","Valitor M4518782   GP","206.15","100","","Valitor Merch A/C","206.15","NONE","AUTHORISED","76d6e2f0-e838-4e98-92fb-ed1fc0ea5541"
"2018-02-23","RECEIVE","ULearn Limited Current account","ULearn-Student","ULS2018 02 23 GP","5385","100","","ULearn-Student","5385","NONE","AUTHORISED","bc305610-b696-4464-9741-8fbbbb169e22"
"2018-02-23","SPEND","ULearn Limited Current account","JAVA REPUBLIC","Java Republic SEPA DD","332.18","B102","","Java Republic Coffee Machine etc","332.18","NONE","AUTHORISED","e9aee669-607d-4192-abe5-bec375a78e3f"
"2018-02-26","RECEIVE","ULearn Limited Current account","ULearn-Student","Valitor M4525771   GP","1801.66","100","","Valitor Merch A/C","1801.66","NONE","AUTHORISED","f3eca262-6d37-4277-adde-b7ff5ed591ee"
"2018-02-27","SPEND","ULearn Limited Current account","PREPAYPOWER","POS23FEB PREPAYPOWER","100","B105A","","Electricity Prepaid","100","NONE","AUTHORISED","680137b8-d6ca-4b95-af6a-ba16eea57bfb"
"2018-02-28","SPEND","ULearn Limited Current account","Virgin Media","","87.5","A101","","Internet & TV Apartments","87.5","NONE","AUTHORISED","cc10f3b3-3396-480f-9535-fb270445527e"
"2018-03-01","SPEND","ULearn Limited Current account","Audible - CARD","P2702GB  7.99@.878987","9.09","B121","","Audio Books School","9.09","NONE","AUTHORISED","de06e9c8-a5d9-469a-b4d1-975b07670e42"
"2018-03-01","RECEIVE","ULearn Limited Current account","ULearn-Student","Valitor M4558333   GP","1824.84","100","","Valitor Merch A/C","1824.84","NONE","AUTHORISED","1015c2a4-4fb7-4a9d-a58b-d49eba73c581"
"2018-02-28","SPEND","ULearn Limited Current account","GoDaddy.com, LLC - CARD","","24.85","B106","","Ulearn","24.85","NONE","AUTHORISED","8cc6217e-341f-4a41-9cdf-ddcf7142ad8d"
"2018-02-28","RECEIVE","ULearn Limited Current account","ULearn-Student","ULS2018 02 28 GP","2095","100","","ULearn-Student","2095","NONE","AUTHORISED","00da089c-f21c-4845-b6b2-dd31d1585210"
"2018-02-27","SPEND","ULearn Limited Current account","GoDaddy.com, LLC - CARD","","198.4","B106","","Ulearn","198.4","NONE","AUTHORISED","176d94ed-19a0-4f9e-b8d9-d85e2207c0fb"
"2018-03-02","RECEIVE","ULearn Limited Current account","ULearn-Student","Valitor M4565051   GP","5311.49","100","","Valitor Merch A/C","5311.49","NONE","AUTHORISED","34e65ebc-714e-4251-a982-f31143fd6cde"
"2018-03-05","SPEND","ULearn Limited Current account","Di Luca","","5.8","B113","","Coffee","5.8","NONE","AUTHORISED","3c1c92f6-d936-4e51-84cd-8a48077ee930"
"2018-03-02","RECEIVE","ULearn Limited Current account","ULearn-Student","ULS2018 03 02 GP","360","100","","ULearn-Student","360","NONE","AUTHORISED","e1a4bf46-09b5-4106-aedc-d7012d12857c"
"2018-03-02","SPEND","ULearn Limited Current account","HighRise - CARD","P2802US 49.00@1.21860","40.21","B106","","HighRise CRM Software","40.21","NONE","AUTHORISED","061b728a-8bf2-4ae0-9a08-b9f36ebe6198"
"2018-03-02","SPEND","ULearn Limited Current account","JAVA REPUBLIC","Java Republic SEPA DD","284.13","B102","","Java Republic Coffee Machine etc","284.13","NONE","AUTHORISED","9b9be8f6-dab4-4ede-b627-c4a1b03c41a5"
"2018-03-02","SPEND","ULearn Limited Current account","GOTOGATE","","570.91","B112","","Ulearn ","570.91","NONE","AUTHORISED","e3f22f18-76ee-47be-a08c-c708637bd0c1"
"2018-03-08","SPEND","ULearn Limited Current account","Joe's Coffee","","6.8","B115","","Coffee Interview","6.8","NONE","AUTHORISED","47357b99-5670-42c1-9a95-93cb0c619048"
"2018-03-05","SPEND","ULearn Limited Current account","Facebook - CARD","","7.66","B110","","Facebook","7.66","NONE","AUTHORISED","5db5f848-96fc-408f-be50-df5b17140b45"
"2018-03-05","SPEND","ULearn Limited Current account","Facebook - CARD","","116.71","B110","","Facebook","116.71","NONE","AUTHORISED","e728df0b-f281-48e1-8b34-aa1dfd7aa86e"
"2018-03-05","SPEND","ULearn Limited Current account","PREPAYPOWER","POS01MAR PREPAYPOWER","100","B105A","","Electricity Prepaid","100","NONE","AUTHORISED","cd7a2615-a62b-4176-9c5b-dcae105c6ade"
"2018-03-05","RECEIVE","ULearn Limited Current account","ULearn-Student","JESSICA XAVIER DE GP","471.2","100","","ULearn-Student","471.2","NONE","AUTHORISED","6563d4fe-3859-4dee-b5d0-ff989e07f1c5"
"2018-03-05","SPEND","ULearn Limited Current account","Netflix","","10.99","B115A","","Ulearn","10.99","NONE","AUTHORISED","e0c10363-3b8f-463d-87ee-e48329a25c06"
"2018-03-05","RECEIVE","ULearn Limited Current account","ULearn-Student","WELLY ANNE GP","2097","100","","ULearn-Student","2097","NONE","AUTHORISED","8c91da40-c86e-4955-9415-c18d2e274366"
"2018-03-06","SPEND","ULearn Limited Current account","Airport Taxi","POS02MAR AIRPORT TAXI","33","A104","","Airport Transfer","33","NONE","AUTHORISED","a837f484-b0ab-4d3d-87df-ca6b313f30f9"
"2018-03-06","RECEIVE","ULearn Limited Current account","ULearn-Student","ULEARN17182","2025","100","","ULearn-Student","2025","NONE","AUTHORISED","a9e31d48-84d7-453a-9c29-e12e9e9dd761"
"2018-03-06","SPEND","ULearn Limited Current account","CHARLEVILLE","","55","B112","","Ulearn","55","NONE","AUTHORISED","7757d341-7e3d-4b50-9cbf-fc0ba63a5f62"
"2018-03-06","SPEND","ULearn Limited Current account","Github - CARD","P0303US  7.00@1.22591","5.71","B106","","Github Repos","5.71","NONE","AUTHORISED","5f4e31c6-f332-4890-940b-af2ab0ff9515"
"2018-03-08","SPEND","ULearn Limited Current account","Cazoomi - SyncApps - CARD","P0603US 19.98@1.23257","16.21","B106","","Sync Apps Recurring Subscription","16.21","NONE","AUTHORISED","f0067ac9-8427-4e95-bd77-bd97100b29e2"
"2018-03-19","SPEND","ULearn Limited Current account","KLM Dublin Airport","165732","70","B112","","Excess Baggage Check","70","NONE","AUTHORISED","0cfc2f34-4b5f-415d-9585-009ebd29fdbf"
"2018-03-19","SPEND","ULearn Limited Current account","Dixon's Dublin Airport","","10.5","B112","","Plug Converter","10.5","NONE","AUTHORISED","26829448-f16b-4470-a75f-071cce43b989"
"2018-04-04","SPEND","ULearn Limited Current account","SOFTWARE","POS CHG USD       30","0.49","B106","","Misc Software / Hosting","0.49","NONE","AUTHORISED","b6ace441-9cf3-4b44-9859-089c527addf8"
"2018-03-12","SPEND","ULearn Limited Current account","Panda Waste","","113.5","B102","","Ulearn","113.5","NONE","AUTHORISED","8cf4d204-0990-4676-9b3e-0a6a6c9aaa07"
"2018-03-16","SPEND","ULearn Limited Current account","Mercantile","","900","A109","","Social Activities - St Patrick's school party","900","NONE","AUTHORISED","a2e0f54a-93e8-461a-a995-2029052dc7d5"
"2018-03-22","SPEND","ULearn Limited Current account","BOI LIFE INSURANCE","OP/BoI LIFE   SEPA DD","51.03","B119","","Life Insurance BOI","51.03","NONE","AUTHORISED","d7230d00-76a2-4343-a6f3-0de50dc1e1bf"
"2018-03-21","SPEND","ULearn Limited Current account","Xero Subscription - CARD","IN-929981","24.47","B106","","ULearn. Monthly Subscription, Standard Price Plan, 17 Feb 2018 to 16 Mar 2018. ","24.47","NONE","AUTHORISED","fe80f862-4dbf-42f2-8d52-134c145a5b1f"
"2018-03-27","RECEIVE","ULearn Limited Current account","ULearn-Student","Valitor M4713080   GP","1977.12","100","","Valitor Merch A/C","1977.12","NONE","AUTHORISED","4b3a7a0d-9948-408d-896c-1583f69f0d4e"
"2018-03-28","RECEIVE","ULearn Limited Current account","ULearn-Student","Valitor M4720772   GP","4634.67","100","","Valitor Merch A/C","4634.67","NONE","AUTHORISED","407a163e-4d09-4eec-b395-1f5c01dd66a0"
"2018-03-28","SPEND","ULearn Limited Current account","Virgin Media","","87.5","A101","","Internet & TV Apartments","87.5","NONE","AUTHORISED","b1268e8b-3252-4872-9491-0cf6d16b0939"
"2018-04-04","SPEND","ULearn Limited Current account","Google - CARD","POS31MAR GOOGLE *ADWS","500","B110","","Google Adwords","500","NONE","AUTHORISED","30d04076-c7e4-4b7f-ae2b-182330c1be9d"
"2018-04-04","SPEND","ULearn Limited Current account","Unknown","","488","B102","","Ulearn","488","NONE","AUTHORISED","0a8dd824-549c-4ffb-a735-239367e68efa"
"2018-03-09","RECEIVE","ULearn Limited Current account","ULearn-Student","ULS2018 03 09 GP","7625","100","","ULearn-Student","7625","NONE","AUTHORISED","50ce021d-4508-4451-a5c4-32d9e8879454"
"2018-03-16","SPEND","ULearn Limited Current account","Airport Taxi","POS14MAR AIRPORT TAXI","57","A104","","Airport Transfer","57","NONE","AUTHORISED","5f65adf1-df4b-48f6-9324-3b04732f6a7f"
"2018-03-13","RECEIVE","ULearn Limited Current account","ULearn-Student","Valitor M4618858   GP","266.5","100","","Valitor Merch A/C","266.5","NONE","AUTHORISED","10401020-70f5-4859-b104-2a56326c1ed2"
"2018-03-21","SPEND","ULearn Limited Current account","Amsterdam Bread Schipol","","10","B112","","Food","10","NONE","AUTHORISED","acfab1d6-205e-4587-8a00-3b95e1d27ab8"
"2018-03-19","SPEND","ULearn Limited Current account","Harvest Market Schipol","","6.15","B112","","Food","6.15","NONE","AUTHORISED","8d057325-75bb-458f-8cc7-4054bf21e9a3"
"2018-03-19","SPEND","ULearn Limited Current account","KLM Dublin Airport","165732","40","B112","","Excess Baggage Check","40","NONE","AUTHORISED","aab52ffa-dc8e-4830-9887-2f9efa750444"
"2018-03-22","SPEND","ULearn Limited Current account","SOFTWARE","POS CHG USD       14","0.23","B106","","Misc Software / Hosting","0.23","NONE","AUTHORISED","56e123b9-d460-4890-baef-364f7bbaa510"
"2018-03-21","SPEND","ULearn Limited Current account","Spotify","POS15MAR PAYPAL *SPOT","9.99","A108","","School Spotify Sub","9.99","NONE","AUTHORISED","2de89aa7-8e8a-49f3-adbb-33200bc14e9b"
"2018-03-23","SPEND","ULearn Limited Current account","Bank Charges","ZHANGRUJIA CHRG GP","12.5","100","","Ulearn - Student charge - ZHANGRUJIA GP ","12.5","NONE","AUTHORISED","6bc4b7f3-e4ea-4f77-a73a-36037f3cf33f"
"2018-03-27","SPEND","ULearn Limited Current account","Google - CARD","POS24MAR GOOGLE *ADWS","500","B110","","Google Adwords","500","NONE","AUTHORISED","f786a78f-84cd-4706-897e-26370d42c43c"
"2018-03-27","RECEIVE","ULearn Limited Current account","ULearn-Student","ULS2018 03 27 GP","8887.4","100","","Ulearn","8887.4","NONE","AUTHORISED","e1811e8e-dfb8-445b-8d42-3f77564d427a"
"2018-04-03","SPEND","ULearn Limited Current account","Dublin Bus","","2000","A104","","Bus Tickets","2000","NONE","AUTHORISED","fd807d88-bc24-459e-9e52-2fe0a42b6487"
"2018-03-28","RECEIVE","ULearn Limited Current account","ULearn-Student","ULEARN17508","2410","100","","ULearn-Student","2410","NONE","AUTHORISED","827ad91b-cfa5-4304-9dc4-327d8423aa61"
"2018-04-03","SPEND","ULearn Limited Current account","SOFTWARE","POS CHG USD       49","0.8","B106","","Misc Software / Hosting","0.8","NONE","AUTHORISED","ca7d2957-8b2e-4d6a-9e70-257f5c523182"
"2018-04-03","RECEIVE","ULearn Limited Current account","ULearn-Student","ULS2018 04 03 GP","3766.25","100","","ULearn-Student","3766.25","NONE","AUTHORISED","0ce3da22-e84f-45cb-b8ad-35046fd56e8e"
"2018-03-21","SPEND","ULearn Limited Current account","The Hill Pub","","66.8","A109","","Ulearn ","66.8","NONE","AUTHORISED","7eb945b0-45cf-4634-8720-40818e0b532e"
"2018-04-03","SPEND","ULearn Limited Current account","Hotel Fenix","","15","B112","","Ulearn ","15","NONE","AUTHORISED","7e912012-ef36-46c1-ad0c-36a52cffd542"
"2018-03-14","SPEND","ULearn Limited Current account","Dell"," 3600550376","1680.5","B117","","3 new computers for School","1680.5","NONE","AUTHORISED","dcaa34cd-a6d6-4505-9a0a-55b30320f2bc"
"2018-03-12","RECEIVE","ULearn Limited Current account","ULearn-Student","Valitor M4611349   GP","1802.31","100","","Valitor Merch A/C","1802.31","NONE","AUTHORISED","83bb7ef4-fe24-41e0-8d56-442300402814"
"2018-03-12","SPEND","ULearn Limited Current account","PREPAYPOWER","POS08MAR PREPAYPOWER","100","B105A","","Electricity Prepaid","100","NONE","AUTHORISED","78aa3486-f0a1-41f4-962c-521281041a41"
"2018-03-16","RECEIVE","ULearn Limited Current account","ULearn-Student","Valitor M4652166   GP","892.94","100","","Valitor Merch A/C","892.94","NONE","AUTHORISED","8ea5094d-d778-43ca-b07a-7abe520f7240"
"2018-03-13","SPEND","ULearn Limited Current account","Google - CARD","POS11MAR GOOGLE *ADWS","500","B110","","Google Adwords","500","NONE","AUTHORISED","63db96a8-3609-4742-9fa7-5445bc256e34"
"2018-03-13","RECEIVE","ULearn Limited Current account","ULearn-Student","ULS2018 03 13 GP","1112","100","","ULearn-Student","1112","NONE","AUTHORISED","51454d8e-d067-4fc6-9533-5e198d36841c"
"2018-03-12","RECEIVE","ULearn Limited Current account","ULearn-Student","ULS2018 03 12 GP","1108","100","","ULearn-Student","1108","NONE","AUTHORISED","e1a0d8c1-6522-448e-ba59-4395cf0b6a65"
"2018-03-15","RECEIVE","ULearn Limited Current account","ULearn-Student","ULS2018 03 15 GP","2412.5","100","","ULearn-Student","2412.5","NONE","AUTHORISED","340f8bd5-6dd8-4d4c-82c3-43f176582ddb"
"2018-03-19","SPEND","ULearn Limited Current account","Lynk Taxis","","39","B112","","Taxi","39","NONE","AUTHORISED","3cfa217b-fb5d-4e4d-9e81-5486430961a7"
"2018-03-23","SPEND","ULearn Limited Current account","BOI","","250.63","B127","","Bank Charges","250.63","NONE","AUTHORISED","32d76d22-a70a-431b-b732-5092da1aa77e"
"2018-03-23","SPEND","ULearn Limited Current account","Airport Taxi","POS21MAR AIRPORT TAXI","37","A104","","Airport Transfer","37","NONE","AUTHORISED","1b47b6ad-e428-453f-967d-5f487b8ff419"
"2018-03-23","SPEND","ULearn Limited Current account","PREPAYPOWER","POS21MAR PREPAYPOWER","100","B105A","","Electricity Prepaid","100","NONE","AUTHORISED","715ae86f-f7f3-4dd1-a3d5-5381b8ed5156"
"2018-03-22","SPEND","ULearn Limited Current account","Zopim - CARD","P2003US 14.00@1.22377","11.44","B106","","Zopim Chat Module","11.44","NONE","AUTHORISED","15862223-35ec-42fe-a46d-546693243977"
"2018-03-20","RECEIVE","ULearn Limited Current account","ULearn-Student","Valitor M4666961   GP","2293.24","100","","Valitor Merch A/C","2293.24","NONE","AUTHORISED","02948d77-13c4-4991-9885-63f076f8ed9b"
"2018-03-21","SPEND","ULearn Limited Current account","Flogas SEPA - DD","","139.02","B105","","Flogas","139.02","NONE","AUTHORISED","4759798a-a5a8-43dc-af47-7789f674a6a2"
"2018-03-21","RECEIVE","ULearn Limited Current account","ULearn-Student","Valitor M4674658   GP","6554.26","100","","Valitor Merch A/C","6554.26","NONE","AUTHORISED","b208c1a3-a4ca-4ca6-8422-82a54f99ed42"
"2018-03-21","SPEND","ULearn Limited Current account","Flogas SEPA - DD","","118.08","B105","","Flogas","118.08","NONE","AUTHORISED","9d24248d-5240-4406-944d-5b028474b21d"
"2018-03-23","RECEIVE","ULearn Limited Current account","ULearn-Student","ZHANGRUJIA GP","3335","100","","ULearn-Student","3335","NONE","AUTHORISED","7213399a-9d2a-4084-9dcd-4595cf5f7777"
"2018-03-21","SPEND","ULearn Limited Current account","EIRCOM","EIRCOM TIS    SEPA DD","70.06","B104","","Telephone & Internet","70.06","NONE","AUTHORISED","af2f6efc-b3c3-4ad4-92f9-75340e1028bc"
"2018-03-26","RECEIVE","ULearn Limited Current account","ULearn-Student","Valitor M4705059   GP","679.11","100","","Valitor Merch A/C","679.11","NONE","AUTHORISED","7860ff30-7a3c-43d9-bb81-61a26d149786"
"2018-03-29","SPEND","ULearn Limited Current account","THE HR COMPANY - DD","The HR Compan SEPA DD","141.45","B118","","HR Company Consult","141.45","NONE","AUTHORISED","06d5f3dc-bb1e-4067-b569-5a4ff16f123c"
"2018-03-21","SPEND","ULearn Limited Current account","Kiev trip","","30.95","B112","","taxi from airport to hotel","16","NONE","AUTHORISED","11b7cb5a-2c84-46da-8f18-504c2232f2d3"
"2018-04-04","RECEIVE","ULearn Limited Current account","ULearn-Student","Valitor M4755183   GP","235.12","100","","Valitor Merch A/C","235.12","NONE","AUTHORISED","00389b31-9bee-483e-af7e-72aa2d298504"
"2018-04-03","RECEIVE","ULearn Limited Current account","ULearn-Student","Valitor M4747763   GP","238.06","100","","Valitor Merch A/C","238.06","NONE","AUTHORISED","e3ad169c-1cdf-4a3b-9fcd-51d2be1511f9"
"2018-04-04","SPEND","ULearn Limited Current account","PREPAYPOWER","POS30MAR PREPAYPOWER","100","B105A","","Electricity Prepaid","100","NONE","AUTHORISED","d5f72595-a551-435f-8ae8-4bb65172329d"
"2018-04-03","SPEND","ULearn Limited Current account","EIRCOM","32461032 acc number","63.91","B104","","Ulearn ","63.91","NONE","AUTHORISED","09e73836-b503-4058-a7c0-769a791eb52e"
"2018-04-03","SPEND","ULearn Limited Current account","HighRise - CARD","P2803US 49.00@1.22991","39.84","B106","","HighRise CRM Software","39.84","NONE","AUTHORISED","f213e68c-fc00-4b18-8f47-575a766ba762"
"2018-04-04","SPEND","ULearn Limited Current account","GoDaddy.com, LLC - CARD","","69.8","B106","","Ulearn","69.8","NONE","AUTHORISED","8e35f7b1-fa09-4196-b9d1-5f566317e7d8"
"2018-03-21","SPEND","ULearn Limited Current account","Ikea","","560.6","B102","","Ulearn ","560.6","NONE","AUTHORISED","db31efd9-de5c-4262-ab35-8284cfeba5e2"
"2018-04-03","SPEND","ULearn Limited Current account","Hotel Fenix","","374","B112","","Ulearn ","374","NONE","AUTHORISED","b7bb4c5c-6f6d-42dc-b297-5e0b87949471"
"2018-04-04","RECEIVE","ULearn Limited Current account","ULearn-Student","RODRIGO PESSOA CAN","2025","100","","ULearn-Student","2025","NONE","AUTHORISED","40e52cc6-7e9b-48a1-8730-482765779793"
"2018-04-04","SPEND","ULearn Limited Current account","ToutApp - CARD","P3003US 30.00@1.22900","24.41","B106","","ToutApp Email Software","24.41","NONE","AUTHORISED","247317bb-a9e1-477f-ae63-4430c141e663"
"2018-03-16","SPEND","ULearn Limited Current account","Green Bench","","8.3","B115","","Coffee","8.3","NONE","AUTHORISED","26395e09-255d-4888-814a-ea45745962cc"
"2018-03-16","SPEND","ULearn Limited Current account","Elliotts - CARD","","158.33","B115B","","Drinks (Baileys & Jameson)","158.33","NONE","AUTHORISED","82087f19-2067-4bd9-8b4a-abb3800e124b"
"2018-03-16","SPEND","ULearn Limited Current account","Carroll's","","18.6","B112","","Irish Themed Stuff","18.6","NONE","AUTHORISED","20f81b0b-febd-4ca4-a28d-8e1722001447"
"2018-03-16","SPEND","ULearn Limited Current account","Airport Taxi","POS14MAR AIRPORT TAXI","57","A104","","Airport Transfer","57","NONE","AUTHORISED","6c643a9b-8a86-48e5-aa5f-d2edd69d52e6"
"2018-03-14","RECEIVE","ULearn Limited Current account","ULearn-Student","Valitor M4626349   GP","1993.59","100","","Valitor Merch A/C","1993.59","NONE","AUTHORISED","2d016327-0119-446b-b42f-ff4ef0fffdf2"
"2018-03-15","RECEIVE","ULearn Limited Current account","ULearn-Student","Valitor M4645271   GP","3917.65","100","","Valitor Merch A/C","3917.65","NONE","AUTHORISED","dc1a1895-8c4d-4b8e-bbf3-9bc2b62f69a9"
"2018-03-12","SPEND","ULearn Limited Current account","Panda Waste","","56.75","B102","","Ulearn","56.75","NONE","AUTHORISED","27acd3c5-af7d-4551-983c-91815eb96224"
"2018-03-13","SPEND","ULearn Limited Current account","PREPAYPOWER","POS11MAR PREPAYPOWER","100","B105A","","Electricity Prepaid","100","NONE","AUTHORISED","b134b931-b8b0-445c-be4a-d0fd12425e7e"
"2018-03-14","SPEND","ULearn Limited Current account","Mercantile","B15306","300","A109","","Social Activities","300","NONE","AUTHORISED","2ba37530-3fff-4aed-8f45-d08dd5cf930d"
"2018-03-16","RECEIVE","ULearn Limited Current account","ULearn-Student","2XTIME 2 TRAVEL (T2T","3638.5","100","","ULearn-Student","3638.5","NONE","AUTHORISED","1444ce18-3f7c-4cf6-80a2-a201e15853e1"
"2018-03-23","RECEIVE","ULearn Limited Current account","ULearn-Student","Valitor M4697611   GP","329.21","100","","Valitor Merch A/C","329.21","NONE","AUTHORISED","d36d31ee-1d27-401f-8765-f0603c9f8d9c"
"2018-03-23","SPEND","ULearn Limited Current account","BOI LIFE INSURANCE","OP/BoI LIFE   SEPA DD","47.05","B119","","Life Insurance BOI","47.05","NONE","AUTHORISED","cba9cf56-d1dd-4065-87f0-d38f002622a2"
"2018-03-20","RECEIVE","ULearn Limited Current account","ULearn-Student","Valitor M4659437   GP","166.65","100","","Valitor Merch A/C","166.65","NONE","AUTHORISED","b0e75fce-27c5-4e9e-aced-fa149c88b7e0"
"2018-03-20","SPEND","ULearn Limited Current account","GoDaddy.com, LLC - CARD","","15.62","B106","","Ulearn","15.62","NONE","AUTHORISED","1a0a59ce-da56-4efb-9551-f24bfb3a523a"
"2018-03-21","SPEND","ULearn Limited Current account","PREPAYPOWER","POS17MAR PREPAYPOWER","100","B105A","","Electricity Prepaid","100","NONE","AUTHORISED","b605d60e-d92e-443e-b2ca-a4638767589d"
"2018-03-21","SPEND","ULearn Limited Current account","Google - CARD","POS18MAR GOOGLE *ADWS","500","B110","","Google Adwords","500","NONE","AUTHORISED","a0c8a132-6ec5-4c57-b716-8b66168b6470"
"2018-03-21","SPEND","ULearn Limited Current account","Flogas SEPA - DD","","83.67","B105","","Flogas","83.67","NONE","AUTHORISED","c74cd3bf-8488-453f-8779-9817854d4138"
"2018-03-21","SPEND","ULearn Limited Current account","SOFTWARE","POS CHG USD       30","0.49","B106","","Misc Software / Hosting","0.49","NONE","AUTHORISED","d761a1b1-f117-4645-9d1b-9fdf183bf404"
"2018-03-21","SPEND","ULearn Limited Current account","Flogas SEPA - DD","","77.08","B105","","Flogas","77.08","NONE","AUTHORISED","a1518c15-4428-4a87-b4de-983fd3fe01c7"
"2018-03-21","SPEND","ULearn Limited Current account","Flogas SEPA - DD","","78.55","B105","","Flogas","78.55","NONE","AUTHORISED","ee17db37-5a36-4493-8989-cdd0a295eb47"
"2018-03-20","RECEIVE","ULearn Limited Current account","ULearn-Student","ROGERIO GOMES","2565","100","","ULearn-Student","2565","NONE","AUTHORISED","2e35bf86-3941-4a90-aa46-b06225241e73"
"2018-03-21","RECEIVE","ULearn Limited Current account","ULearn-Student","ULS2018 03 21 GP","6340","100","","ULearn-Student","6340","NONE","AUTHORISED","95cdb6a4-62c2-4df2-80c2-e4fb2b73fc58"
"2018-03-21","RECEIVE","ULearn Limited Current account","ULearn-Student","P20171581 JONAS","37.5","100","","ULearn-Student","37.5","NONE","AUTHORISED","c5b02f86-fb22-4526-b0c3-8e7ce3f1c6a7"
"2018-03-12","SPEND","ULearn Limited Current account","Nisbets","16418783","60.19","B102","","Olynpia pump action airpot st/st double wall.","60.19","NONE","AUTHORISED","caaabf67-946f-43ca-8b9c-c6e5f7df17b6"
"2018-03-21","SPEND","ULearn Limited Current account","Kiev Airport","","40.39","B112","","Bag Check-in","40.39","NONE","AUTHORISED","29dc2230-922f-4799-9a6a-ba6003a1c034"
"2018-03-27","SPEND","ULearn Limited Current account","PREPAYPOWER","POS25MAR PREPAYPOWER","100","B105A","","Electricity Prepaid","100","NONE","AUTHORISED","8d877139-e7b4-406f-9e8a-ac510018b6d1"
"2018-03-29","SPEND","ULearn Limited Current account","SOFTWARE","","0.18","B106","","Misc Software / Hosting","0.18","NONE","AUTHORISED","694f6beb-6333-4e7d-b03c-e7564e9f1adc"
"2018-03-29","RECEIVE","ULearn Limited Current account","ULearn-Student","Valitor M4740319   GP","843.77","100","","Valitor Merch A/C","843.77","NONE","AUTHORISED","6aaec489-b251-42ba-a344-90371dbd734e"
"2018-03-29","SPEND","ULearn Limited Current account","Jobbio","","249","B113","","HR - Adverts ","249","NONE","AUTHORISED","88a51586-c63b-4d0e-a351-d503aa7c3ee5"
"2018-03-26","SPEND","ULearn Limited Current account","Kiev Airport","","16.12","B112","","Ciaran - Event in Kiev","16.12","NONE","AUTHORISED","353f8b96-5d01-4899-b1a8-b2a3226a5f41"
"2018-03-28","SPEND","ULearn Limited Current account","GoDaddy.com, LLC - CARD","","12.29","B106","","Ulearn","12.29","NONE","AUTHORISED","2e8ef7ae-6de7-4b67-8cd1-d9adf3e1f2e4"
"2018-03-28","RECEIVE","ULearn Limited Current account","ULearn-Student","ULS2018 03 28 GP","250","100","","Ulearn Student","250","NONE","AUTHORISED","18535f61-5e4a-4624-9997-b47e8ceb3b52"
"2018-03-29","SPEND","ULearn Limited Current account","Audible - CARD","P2703GB  7.99@.874179","9.14","B121","","Audio Books School","9.14","NONE","AUTHORISED","1f9bf22e-0e5d-4f1e-9680-b5195061cf7b"
"2018-03-21","SPEND","ULearn Limited Current account","Kiev trip","","3.1","B112","","Food McDonalds","3.1","NONE","AUTHORISED","b7724fcf-f1eb-4594-a99c-9e2f92313594"
"2018-03-21","SPEND","ULearn Limited Current account","Kiev trip","","16.09","B112","","Ciaran Food during Kiev trip","16.09","NONE","AUTHORISED","4280b111-0093-4f6c-9964-d3382999f88e"
"2018-03-21","SPEND","ULearn Limited Current account","Kiev trip","","51.07","B112","","Taxi from hotel to airport + tip (receipt incl)","25.07","NONE","AUTHORISED","a730cdeb-938f-4816-9828-dd0d200b1631"
"2018-03-26","SPEND","ULearn Limited Current account","SOFTWARE","POS22MAR ADOBE  CREAT","30.74","B106","","Software / Hosting","30.74","NONE","AUTHORISED","de07da0c-6fb0-4a71-8a08-e2d66dd2cceb"
"2018-04-04","SPEND","ULearn Limited Current account","Virgin Media","","113.49","A101","","Internet & TV Apartments","113.49","NONE","AUTHORISED","d3b4d1ed-0948-47cc-821a-f1feb3c05e21"
"2018-04-04","SPEND","ULearn Limited Current account","Facebook - CARD","","98.02","B110","","Facebook Ads","98.02","NONE","AUTHORISED","949cca50-e03e-4b7d-86e4-9c80ec235443"
"2018-04-03","SPEND","ULearn Limited Current account","Airport Taxi","POS28MAR AIRPORT TAXI","49","A104","","Airport Transfer","49","NONE","AUTHORISED","d0087491-2196-49e4-a828-f387b2720a3b"
"2018-04-03","SPEND","ULearn Limited Current account","Airport Taxi","POS28MAR AIRPORT TAXI","49","A104","","Airport Transfer","49","NONE","AUTHORISED","59e28cea-f0a6-426f-a4fb-a1013577f795"
"2018-04-03","SPEND","ULearn Limited Current account","GRENKE LIMITED","Grenke Limite SEPA DD","922.5","B102","","Fingerprint & Camera Security","922.5","NONE","AUTHORISED","0968e740-34e0-4883-b322-914f5f632c96"
"2018-04-04","SPEND","ULearn Limited Current account","Netflix","","10.99","B115A","","Ulearn ","10.99","NONE","AUTHORISED","86f6dc89-6a7a-40fa-a3a4-ac1440da4181"
"2018-04-03","SPEND","ULearn Limited Current account","EIRCOM","Ciaran_Neil_mobiles","436.96","B104","","Ulearn ","436.96","NONE","AUTHORISED","fb1f503d-5781-4e4b-ba74-dc67ee05440c"
"2018-04-04","SPEND","ULearn Limited Current account","Google - CARD","POS02APR GOOGLE *SVCS","91.72","B106","","Google Apps Bus","91.72","NONE","AUTHORISED","108c5ac0-5c87-4949-9b04-ee559ade9968"
"2018-04-04","SPEND","ULearn Limited Current account","Google - CARD","","20.06","B106","","Ulearn","20.06","NONE","AUTHORISED","fcefe40d-0634-4c5e-a192-b87b449d2371"
"2018-04-03","SPEND","ULearn Limited Current account","GoDaddy.com, LLC - CARD","","10.24","B106","","Ulearn","10.24","NONE","AUTHORISED","17af80e1-46c1-435f-9d28-d35f492429e2"
"2018-03-27","SPEND","ULearn Limited Current account","Argos","","74.99","B102","","Ulearn ","74.99","NONE","AUTHORISED","1302e4ff-00c5-4df3-9005-f4de9bc86583"
"2018-04-04","RECEIVE","ULearn Limited Current account","Hotel Fenix","","12","104","","Ulearn ","12","NONE","AUTHORISED","9be78d21-9f76-4e4e-bbf8-9e9d6fdf1422"
"2018-04-01","SPEND","Credit Card - Neil","BOI","","30","B127","","Gov Stamp Duty","30","NONE","AUTHORISED","88693f29-46da-4f44-8589-ec5b764a561f"
"2018-04-25","SPEND","ULearn Limited Current account","Food, Coffees, Newsagents","POSC23APR GREEN BENCH","4.5","B102","","Coffees, Food, Newsagents","4.5","NONE","AUTHORISED","1436ddb1-f992-4f71-b857-003c4b941043"
"2018-04-20","SPEND","ULearn Limited Current account","Airport Taxi","POS18APR AIRPORT TAXI","49","A104","","Airport Transfer","49","NONE","AUTHORISED","4cdc2e56-bd92-4520-896a-011e325b6652"
"2018-04-24","RECEIVE","ULearn Limited Current account","ULearn-Student","ULS2018 04 24 GP","6247","100","","ULearn-Student","6247","NONE","AUTHORISED","8286fe98-0254-41dd-8cbf-013d3c3dec33"
"2018-04-25","SPEND","ULearn Limited Current account","Paul Gill","Transport receipt - Conference in Prague 2018","0.94","B112","","Transport receipt - Conference in Prague 2018","0.94","NONE","AUTHORISED","b27e3672-044e-4304-9b9c-025aa5f6f86d"
"2018-04-23","SPEND","ULearn Limited Current account","Unknown","","176.5","B106","","Ulearn","176.5","NONE","AUTHORISED","dd27dd51-4bb7-4484-9eb4-030f55d89b6e"
"2018-04-26","SPEND","ULearn Limited Current account","Paul Gill","Food Receipt","13.38","B112","","Paul - Conference in Prague 2018 ","13.38","NONE","AUTHORISED","39b0b31c-5956-42ad-864a-03dd6403ff4e"
"2018-04-11","RECEIVE","ULearn Limited Current account","ULearn-Student","Valitor M4806547   GP","2025.85","100","","Valitor Merch A/C","2025.85","NONE","AUTHORISED","432f8653-2a67-4738-8fc4-0e3467b36062"
"2018-04-16","SPEND","ULearn Limited Current account","BOI","EFT DD CHARGES","2.24","B127","","Bank Charges","2.24","NONE","AUTHORISED","0230c8ca-5d2e-470e-b194-1ca7d4ed8205"
"2018-04-11","RECEIVE","ULearn Limited Current account","ULearn-Student","ULS2018 04 11 GP","1994","100","","ULearn-Student","1994","NONE","AUTHORISED","435a5e8b-a5f6-4de0-8233-07a14769f637"
"2018-04-17","SPEND","ULearn Limited Current account","EIRCOM","EIRCOM TIS    SEPA DD","54.78","B104","","Telephone & Internet","54.78","NONE","AUTHORISED","c185fe1d-df7b-4c85-a918-0686cbacc381"
"2018-04-18","SPEND","ULearn Limited Current account","Spotify","POS15APR PAYPAL *SPOT","9.99","A108","","School Spotify Sub","9.99","NONE","AUTHORISED","d9b53756-2e55-45da-a1a9-10636966492a"
"2018-04-23","SPEND","ULearn Limited Current account","PREPAYPOWER","POS19APR PREPAYPOWER","100","B105A","","Electricity Prepaid","100","NONE","AUTHORISED","db0099b7-d41a-45ac-97ff-1819983011da"
"2018-04-25","RECEIVE","ULearn Limited Current account","ULearn-Student","Valitor M4908632   GP","6496.99","100","","Valitor Merch A/C","6496.99","NONE","AUTHORISED","eff7296f-9f74-4c3e-b614-1d30e09acc6d"
"2018-04-24","SPEND","ULearn Limited Current account","Flogas SEPA - DD","","147.1","B105","","Flogas","147.1","NONE","AUTHORISED","d7c16218-bf40-48f8-931a-1f2e2a57d069"
"2018-04-24","SPEND","ULearn Limited Current account","Flogas SEPA - DD","","100.69","B105","","Flogas","100.69","NONE","AUTHORISED","105fcf60-12f7-42c9-b25d-085b2746b2a3"
"2018-04-06","SPEND","ULearn Limited Current account","Airport Taxi","POS04APR AIRPORT TAXI","57","A104","","Airport Transfer","57","NONE","AUTHORISED","7a868c4e-d181-45d8-9b94-24c9e0b737eb"
"2018-04-18","SPEND","ULearn Limited Current account","Green Bench","","8.1","B115","","Coffee","8.1","NONE","AUTHORISED","904e52c0-d6e6-4f7d-9c31-286992875043"
"2018-04-11","SPEND","ULearn Limited Current account","Guinness Storehouse","Social activities ","312","A109B","","Social Activities ","312","NONE","AUTHORISED","06183636-d356-4d0b-98d7-316b693ffddc"
"2018-04-12","RECEIVE","ULearn Limited Current account","ULearn-Student","ULS2018 04 12 GP","3680","100","","ULearn-Student","3680","NONE","AUTHORISED","8d833e22-afdc-4a74-84a8-32c254a65cc8"
"2018-04-13","RECEIVE","ULearn Limited Current account","ULearn-Student","ULS2018 04 13 GP","10056","100","","ULearn-Student","10056","NONE","AUTHORISED","3b98f19e-f13e-433d-86d3-388a2cd86ed0"
"2018-04-04","RECEIVE","ULearn Limited Current account","Hotel Fenix","","306","104","","Ulearn ","306","NONE","AUTHORISED","b8317d33-10d3-46ae-afb1-295e86596d3b"
"2018-04-17","RECEIVE","ULearn Limited Current account","ULearn-Student","Valitor M4849572   GP","140.05","100","","Valitor Merch A/C","140.05","NONE","AUTHORISED","7007f6d4-4dbf-4d5b-8b8c-355dc6bd7854"
"2018-04-26","SPEND","ULearn Limited Current account","THE HR COMPANY - DD","The HR Compan SEPA DD","141.45","B118","","HR Company Consult","141.45","NONE","AUTHORISED","128b52a0-03ac-4286-a841-20061fbaec5e"
"2018-04-24","SPEND","ULearn Limited Current account","PREPAYPOWER","POS21APR PREPAYPOWER","100","B105A","","Electricity Prepaid","100","NONE","AUTHORISED","499ae3a1-0f33-44c0-a935-240f26298506"
"2018-04-24","RECEIVE","ULearn Limited Current account","ULearn-Student","CINTIA BISPO","2097","100","","ULearn-Student","2097","NONE","AUTHORISED","04c9d600-0dd7-4834-96cd-33b7d3927db7"
"2018-04-24","SPEND","ULearn Limited Current account","Flogas SEPA - DD","","79.16","B105","","Flogas","79.16","NONE","AUTHORISED","d31b7a38-f0f9-496d-b883-351d30375ba1"
"2018-04-26","SPEND","ULearn Limited Current account","Airport Taxi","POS24APR AIRPORT TAXI","37","A104","","Airport Transfer","37","NONE","AUTHORISED","2adfb841-3e10-4bef-a111-20e9274eb5f4"
"2018-04-26","RECEIVE","ULearn Limited Current account","ULearn-Student","P2018548 THIAGO","2025","100","","ULearn-Student","2025","NONE","AUTHORISED","85b4cb07-a1d8-4755-8d75-2538a4749dca"
"2018-04-27","RECEIVE","ULearn Limited Current account","Beatriz Bonis","","78","104","","She gave us the extra money back","78","NONE","AUTHORISED","86677170-68c4-473e-83f2-23bae1ef0444"
"2018-04-17","SPEND","ULearn Limited Current account","Easons","","65.75","B116","","Ulearn ","65.75","NONE","AUTHORISED","dea97ffb-3e5c-41e9-a517-32457b1a773c"
"2018-04-25","SPEND","ULearn Limited Current account","Paul Gill","Food Receipt","3.7","B112","","Food Receipt - Paul Conference in Prague 2018","3.7","NONE","AUTHORISED","c509fd8a-26f7-422e-800b-363d9b58d43f"
"2018-04-10","SPEND","ULearn Limited Current account","City Sightseeing Dublin","","1080","A104","","Transport","1080","NONE","AUTHORISED","55cff6e7-990a-496e-8180-7172147f0615"
"2018-04-06","SPEND","ULearn Limited Current account","PREPAYPOWER","POS04APR PREPAYPOWER","100","B105A","","Electricity Prepaid","100","NONE","AUTHORISED","4d8d1796-b588-4bb6-aa94-82a1bdc7ae49"
"2018-04-12","RECEIVE","ULearn Limited Current account","ULearn-Student","Valitor M4826429   GP","4905.3","100","","Valitor Merch A/C","4905.3","NONE","AUTHORISED","9eefac45-25ff-431d-b734-8081d67bdaf8"
"2018-04-13","RECEIVE","ULearn Limited Current account","ULearn-Student","Valitor M4833781   GP","960.42","100","","Valitor Merch A/C","960.42","NONE","AUTHORISED","c153154f-2f0d-4e96-84f4-8acfad94f4de"
"2018-04-05","SPEND","ULearn Limited Current account","Github - CARD","P0304US  7.00@1.22591","5.71","B106","","Github Repos","5.71","NONE","AUTHORISED","3a38a500-6ecc-4577-a7a7-83f474ec0abf"
"2018-04-16","SPEND","ULearn Limited Current account","Google - CARD","POS12APR GOOGLE *ADWS","500","B110","","Google Adwords","500","NONE","AUTHORISED","2b9f7f70-f495-4924-8fed-7ebc518c78a7"
"2018-04-16","SPEND","ULearn Limited Current account","BOI","EFT DD CHARGES","2.32","B127","","Bank Charges","2.32","NONE","AUTHORISED","cfb6ff39-311a-4c79-8e06-7fd1b683fe70"
"2018-04-16","RECEIVE","ULearn Limited Current account","ULearn-Student","Valitor M4841551   GP","2426.26","100","","Valitor Merch A/C","2426.26","NONE","AUTHORISED","f71561eb-d97f-4dc6-9510-84af68aa12ce"
"2018-04-19","RECEIVE","ULearn Limited Current account","ULearn-Student","Valitor M4877448   GP","1098.29","100","","Valitor Merch A/C","1098.29","NONE","AUTHORISED","4d6dfb20-f9a3-48fc-b5db-595f8e72c9e0"
"2018-04-19","SPEND","ULearn Limited Current account","SOFTWARE","POS CHG USD       30","0.49","B106","","Misc Software / Hosting","0.49","NONE","AUTHORISED","315d7cb8-3b05-4aa2-8815-8c3df6dddfba"
"2018-04-18","RECEIVE","ULearn Limited Current account","ULearn-Student","P20171024 CAMILA","837","100","","ULearn-Student","837","NONE","AUTHORISED","c5d4dc48-0e69-4f86-9e2c-6f3ddea58306"
"2018-04-20","RECEIVE","ULearn Limited Current account","ULearn-Student","CINTIA BISPO","2097","100","","ULearn-Student","2097","NONE","AUTHORISED","9d9f780c-633d-44b5-a14d-645510bef05f"
"2018-04-13","SPEND","ULearn Limited Current account","Dublinia Limited","POS11APR DUBLINIA","131.25","A109B","","Ulearn - Group April 18","131.25","NONE","AUTHORISED","e9f30f14-44f1-413a-80f2-52b6377b4e29"
"2018-04-23","SPEND","ULearn Limited Current account","Google - CARD","POS19APR GOOGLE *ADWS","500","B110","","Google Adwords","500","NONE","AUTHORISED","31958953-05f1-407c-b604-4cfce8a69637"
"2018-04-23","SPEND","ULearn Limited Current account","BOI LIFE INSURANCE","OP/BoI LIFE   SEPA DD","47.05","B119","","Life Insurance BOI","47.05","NONE","AUTHORISED","b6d4e342-ddef-4127-a4ab-56d6adad3f65"
"2018-04-23","RECEIVE","ULearn Limited Current account","ULearn-Student","ULS2018 04 23 GP","4748","100","","Ulearn Student","4748","NONE","AUTHORISED","3dc17500-b087-4388-a0c3-57b657c801b0"
"2018-04-26","RECEIVE","ULearn Limited Current account","ULearn-Student","Valitor M4929098   GP","5997.13","100","","Valitor Merch A/C","5997.13","NONE","AUTHORISED","e0f56619-7877-456b-957d-69dc99b44fb1"
"2018-04-24","SPEND","ULearn Limited Current account","SOFTWARE","POS CHG USD       14","0.23","B106","","Misc Software / Hosting","0.23","NONE","AUTHORISED","6e291dc6-46f7-4897-853b-4cd2dbb175ad"
"2018-04-24","SPEND","ULearn Limited Current account","SOFTWARE","POS22APR ADOBE  CREAT","30.74","B106","","Software / Hosting","30.74","NONE","AUTHORISED","b641c43d-1d41-41f5-b248-881e8924f52f"
"2018-04-24","SPEND","ULearn Limited Current account","Flogas SEPA - DD","","92.06","B105","","Flogas","92.06","NONE","AUTHORISED","63331858-d766-42e0-ba0e-4037911e1063"
"2018-04-25","RECEIVE","ULearn Limited Current account","ULearn-Student","ULS2018 04 25 GP","11750","100","","ULearn-Student","11750","NONE","AUTHORISED","3455ddab-3659-4a92-8a6c-7f4ad540fe19"
"2018-04-18","SPEND","ULearn Limited Current account","Beatriz Bonis","TO BEATRIZ BONIS","78","B123","","We accidentally refunded her money twice.","78","NONE","AUTHORISED","99cf0612-bedd-4242-9d33-8c76747f59db"
"2018-04-12","SPEND","ULearn Limited Current account","Paul Gill","Ryanair Travel Itinerary","284.11","B112","","Ryanair flights. Conference in Prague 2018","284.11","NONE","AUTHORISED","b5134f9b-c188-43a8-8541-5f1f51758fec"
"2018-04-24","SPEND","ULearn Limited Current account","YouTube","","33.65","B106","","Ulearn ","33.65","NONE","AUTHORISED","9cfb2f57-6c0b-4e1c-8e78-88ed5525b087"
"2018-04-06","RECEIVE","ULearn Limited Current account","ULearn-Student","Valitor M4782784   GP","863.53","100","","Valitor Merch A/C","863.53","NONE","AUTHORISED","57c470f4-3dcd-4aa5-b8c2-a862a080ee65"
"2018-04-05","RECEIVE","ULearn Limited Current account","ULearn-Student","Valitor M4762780   GP","829.29","100","","Valitor Merch A/C","829.29","NONE","AUTHORISED","55390bee-fe3a-4fae-aba3-b4701e5c98e7"
"2018-04-05","SPEND","ULearn Limited Current account","SOFTWARE","POS CHG USD        7","0.11","B106","","Misc Software / Hosting","0.11","NONE","AUTHORISED","ff142dc9-8c02-4481-a6b0-eac16d6f887a"
"2018-04-09","RECEIVE","ULearn Limited Current account","ULearn-Student","Valitor M4790415   GP","4371.14","100","","Valitor Merch A/C","4371.14","NONE","AUTHORISED","2624a170-59cc-4b29-8a98-8f1e05661375"
"2018-04-10","SPEND","ULearn Limited Current account","Google - CARD","POS06APR GOOGLE *ADWS","500","B110","","Google Adwords","500","NONE","AUTHORISED","c47a33a4-611a-457a-9b24-e266899b568f"
"2018-04-10","SPEND","ULearn Limited Current account","SOFTWARE","POS CHG USD       19","0.33","B106","","Misc Software / Hosting","0.33","NONE","AUTHORISED","a2eed34b-2b05-425b-ab85-94e52fbdd5db"
"2018-04-10","RECEIVE","ULearn Limited Current account","ULearn-Student","Valitor M4798485   GP","1798.32","100","","Valitor Merch A/C","1798.32","NONE","AUTHORISED","824752a9-99f5-46cb-949a-fb1263bc60e0"
"2018-04-10","SPEND","ULearn Limited Current account","Cazoomi - SyncApps - CARD","P0604US 19.98@1.22127","16.36","B106","","Sync Apps Recurring Subscription","16.36","NONE","AUTHORISED","bb5aeca8-c5c8-4185-bd1f-a07e97783ff3"
"2018-04-10","SPEND","ULearn Limited Current account","Taxi","Doran taxi","16.4","B102","","Doran Taxi - Ballinteer Avenue to Harold's Cross Road","16.4","NONE","AUTHORISED","d4276532-e5fd-4137-a29a-f992ce1aba12"
"2018-04-10","SPEND","ULearn Limited Current account","Taxi","Doran Taxi ","24","B102","","Doran Taxi - Harcourt street to Ballinteer Avenue","24","NONE","AUTHORISED","bf682a7a-b4dc-4288-91b5-ed6ceb6fe7f9"
"2018-04-10","SPEND","ULearn Limited Current account","Martin Services - CARD","164196","93.96","B102","","Ulearn - supplies","93.96","NONE","AUTHORISED","ef7e6d81-cc56-41fe-9d72-f1fb000c2bc6"
"2018-04-12","SPEND","ULearn Limited Current account","PREPAYPOWER","POS10APR PREPAYPOWER","100","B105A","","Electricity Prepaid","100","NONE","AUTHORISED","6c3795e0-eef7-4f54-939d-cf922a21a940"
"2018-04-13","SPEND","ULearn Limited Current account","Airport Taxi","POS11APR AIRPORT TAXI","38","A104","","Airport Transfer","38","NONE","AUTHORISED","4d2f1a7d-dd7b-4b1d-ab24-afb7b8c411c5"
"2018-04-20","SPEND","ULearn Limited Current account","Right Click","","34.99","B117","","Presentation Clicker","34.99","NONE","AUTHORISED","48785197-2899-44e8-9445-fd6982e5cf13"
"2018-04-05","RECEIVE","ULearn Limited Current account","ULearn-Student","ULS2018 04 05 GP","300","100","","Ulearn-Student","300","NONE","AUTHORISED","d7ed6959-9faf-4e91-84bd-df6971980a52"
"2018-04-16","SPEND","ULearn Limited Current account","BOI","EFT DD CHARGES","2.16","B127","","Bank Charges","2.16","NONE","AUTHORISED","8e99fb4e-1acd-4fff-af1f-d32c8dfb9c11"
"2018-04-18","RECEIVE","ULearn Limited Current account","ULearn-Student","Valitor M4857622   GP","4055.91","100","","Valitor Merch A/C","4055.91","NONE","AUTHORISED","7878ef37-00f9-458e-82e1-dfbac8048136"
"2018-04-23","SPEND","ULearn Limited Current account","Xero Subscription - CARD","IN-962888","24.32","B106","","ULearn. Monthly Subscription, Standard Price Plan, 17 Mar 2018 to 16 Apr 2018","24.32","NONE","AUTHORISED","aa715910-74c2-4e8b-a9ee-c362ec833442"
"2018-04-19","RECEIVE","ULearn Limited Current account","ULearn-Student","ULS2018 04 19 GP","2517","100","","ULearn-Student","2517","NONE","AUTHORISED","67032a18-e970-4c59-bd3f-921a4122e26d"
"2018-04-18","RECEIVE","ULearn Limited Current account","ULearn-Student","ULS2018 04 18 GP","9068","100","","ULearn-Student","9068","NONE","AUTHORISED","81de027f-c3d4-47ab-a1c8-e13afd0d83fd"
"2018-04-20","RECEIVE","ULearn Limited Current account","ULearn-Student","Valitor M4884938   GP","3551.13","100","","Valitor Merch A/C","3551.13","NONE","AUTHORISED","5398c114-4714-4a1f-8889-ab49b9e04477"
"2018-04-20","SPEND","ULearn Limited Current account","Bord Gais Energy - DD","BORD GAIS EIR SEPA DD","845.19","B105A","","Gas ","845.19","NONE","AUTHORISED","c901da68-b8d1-4727-be61-e1c41f390f59"
"2018-04-13","SPEND","ULearn Limited Current account","Bank of Ireland","","20","B102","","Ulearn ","20","NONE","AUTHORISED","f7bc1493-a6f1-462c-b476-c7f390991f7c"
"2018-04-23","SPEND","ULearn Limited Current account","BOI LIFE INSURANCE","OP/BoI LIFE   SEPA DD","51.03","B119","","Life Insurance BOI","51.03","NONE","AUTHORISED","42e76ef8-b4ef-42d0-8e71-982a1db5d9c7"
"2018-04-26","SPEND","ULearn Limited Current account","Google - CARD","POS24APR GOOGLE *ADWS","500","B110","","Google Adwords","500","NONE","AUTHORISED","fa02475e-7238-4187-9415-e6520923b778"
"2018-04-24","SPEND","ULearn Limited Current account","Flogas SEPA - DD","","91.33","B105","","Flogas","91.33","NONE","AUTHORISED","d8c8cf1c-0847-4080-9417-fa5d16cd8ae5"
"2018-04-24","SPEND","ULearn Limited Current account","Zopim - CARD","P2004US 14.00@1.22484","11.43","B106","","Zopim Chat Module","11.43","NONE","AUTHORISED","a685b62d-299e-489c-865b-da45fd6750d0"
"2018-04-24","RECEIVE","ULearn Limited Current account","ULearn-Student","Valitor M4900747   GP","783.98","100","","Valitor Merch A/C","783.98","NONE","AUTHORISED","6f6f27cd-beef-4782-8f0c-e7ecc5dff427"
"2018-04-24","SPEND","ULearn Limited Current account","GoDaddy.com, LLC - CARD","","19.29","B106","","Ulearn ","19.29","NONE","AUTHORISED","d92d4099-9f86-4db6-9d9c-bb430e0059ab"
"2018-04-27","SPEND","ULearn Limited Current account","Enis Erdin","","17.5","B126","","Bank charges","17.5","NONE","AUTHORISED","16491acb-1f40-41c9-a35f-8f19b5b6b55b"
"2018-04-27","RECEIVE","ULearn Limited Current account","ULearn-Student","outstanding paymen GP","8109.4","100","","ULearn-Student","8109.4","NONE","AUTHORISED","abebc47e-e779-4989-8b17-a2b6424aabee"
"2018-04-25","SPEND","ULearn Limited Current account","Paul Gill","HotelTonight Booking Receipt","133","B112","","3 nights - accommodation - Conference in Prague 2018","133","NONE","AUTHORISED","c009ce3e-ac63-40e0-86a1-9ddb8adbcbcb"
"2018-04-06","SPEND","ULearn Limited Current account","New Ireland","","185","B120","","Ulearn","185","NONE","AUTHORISED","d82e9995-b069-4903-8306-affb7a96c2c9"
"2018-05-11","RECEIVE","ULearn Limited Current account","ULearn-Student","2XINTERCAMBIO CRISTA","859","100","","Ulearn Student","859","NONE","AUTHORISED","9847df1d-8841-4fa0-8027-00795b2dcd11"
"2018-05-15","SPEND","ULearn Limited Current account","Airport Taxi","POS11MAY AIRPORT TAXI","57","A104","","Airport Transfer","57","NONE","AUTHORISED","c1182c8f-25cc-4939-8d35-00e46349a108"
"2018-05-18","RECEIVE","ULearn Limited Current account","ULearn-Student","ULS2018 05 18 GP","1575","100","","ULearn-Student","1575","NONE","AUTHORISED","f936f4be-def0-46dc-a5de-0225380364fe"
"2018-05-22","SPEND","ULearn Limited Current account","GoDaddy.com, LLC - CARD","","49.11","B106","","Ulearn ","49.11","NONE","AUTHORISED","cd0f60f1-4cd8-431c-9cd7-040dbeca5eb4"
"2018-05-04","SPEND","ULearn Limited Current account","Airport Taxi","POS02MAY AIRPORT TAXI","57","A104","","Airport Transfer","57","NONE","AUTHORISED","69b21bd4-a8c3-42f5-b7db-2406c1ad96aa"
"2018-05-01","RECEIVE","ULearn Limited Current account","ULearn-Student","PMNT X2 STUDENTS","4885","100","","ULearn-Student","4885","NONE","AUTHORISED","5bf10f0d-7c63-48f9-81ae-202ef757d512"
"2018-04-27","SPEND","ULearn Limited Current account","Unknown","","202.31","B106","","Ulearn","202.31","NONE","AUTHORISED","7dbb460d-9538-445d-8b57-1fef5af4776d"
"2018-05-08","RECEIVE","ULearn Limited Current account","ULearn-Student","Valitor M4992433   GP","1146.62","100","","Valitor Merch A/C","1146.62","NONE","AUTHORISED","63b156bb-3fea-404c-aa71-11c21eb2b673"
"2018-05-09","SPEND","ULearn Limited Current account","GoDaddy.com, LLC - CARD","POS06MAY PAYPAL *GODA","6.14","B106","","Ulearn","6.14","NONE","AUTHORISED","11e1443b-edd8-4379-bcbd-15cd49fe148e"
"2018-05-11","SPEND","ULearn Limited Current account","Airport Taxi","POS09MAY AIRPORT TAXI","55","A104","","Airport Transfer","55","NONE","AUTHORISED","f23ae266-5e5c-4c68-a165-2454077abe5f"
"2018-05-18","RECEIVE","ULearn Limited Current account","ULearn-Student","Valitor M5085404   GP","2479.09","100","","Valitor Merch A/C","2479.09","NONE","AUTHORISED","7891480e-d3d6-4694-8202-242c8c193de0"
"2018-05-21","SPEND","ULearn Limited Current account","Airport Taxi","POS17MAY AIRPORT TAXI","38","A104","","Airport Transfer","38","NONE","AUTHORISED","cc9fa8ee-d86b-4c1e-b0ac-182569b0a028"
"2018-04-30","SPEND","ULearn Limited Current account","Whelan's Pub","","5.4","A109","","Social Activities","5.4","NONE","AUTHORISED","432463c4-433a-4825-b0ce-509778673e94"
"2018-05-01","SPEND","ULearn Limited Current account","GoDaddy.com, LLC - CARD","","10.51","B106","","Hosting Domains","10.51","NONE","AUTHORISED","8e6d87bc-ce9c-4d68-9038-49062d3d5067"
"2018-05-03","SPEND","ULearn Limited Current account","Netflix","POS01MAY PAYPAL *NETF","10.99","A108","","School A/C","10.99","NONE","AUTHORISED","24316fbd-6e9b-4f98-8cee-497516116ffc"
"2018-05-03","RECEIVE","ULearn Limited Current account","ULearn-Student","Valitor M4960269   GP","1142.18","100","","Valitor Merch A/C","1142.18","NONE","AUTHORISED","f84d4a29-4989-408f-9efb-28bc6929f510"
"2018-04-29","SPEND","ULearn Limited Current account","Paul Gill","Transport receipt - Conference in Prague 2018","0.94","B112","","Transport receipt - Conference in Prague 2018","0.94","NONE","AUTHORISED","57dd5985-3882-4102-8436-40263709bf7a"
"2018-04-29","SPEND","ULearn Limited Current account","Paul Gill","Transport receipts - Conference in Prague 2018","1.89","B112","","Transport receipts - Conference in Prague 2018","1.89","NONE","AUTHORISED","d9f41b8d-ecf7-4b1d-ad9e-38c71624ffeb"
"2018-05-09","RECEIVE","ULearn Limited Current account","ULearn-Student","2XVITAL LANGUAGE B","411","100","","ULearn-Student","411","NONE","AUTHORISED","40fc8447-1c3a-4840-afc3-41c69f26df10"
"2018-05-14","SPEND","ULearn Limited Current account","MRCB","","49.9","B103","","Paint","49.9","NONE","AUTHORISED","831c9f60-a0b8-4966-9d6e-2a782d4a4a8a"
"2018-05-10","SPEND","ULearn Limited Current account","Barbara Silveira","Dismissal - Termination of employment contract","500","B115C","","Dismissal - Termination of employment contract","500","NONE","AUTHORISED","5f71360d-2a95-41ec-b638-4721710bfc3e"
"2018-05-11","SPEND","ULearn Limited Current account","GoDaddy.com, LLC - CARD","POS09MAY PAYPAL *GODA","14.11","B106","","Ulearn","14.11","NONE","AUTHORISED","8a05bd77-a51f-4606-b964-3171dc232748"
"2018-05-15","SPEND","ULearn Limited Current account","Google - CARD","POS13MAY GOOGLE *ADWS","500","B110","","Google Adwords","500","NONE","AUTHORISED","d0ca993e-c43e-4b25-b232-46b29c555a98"
"2018-05-16","RECEIVE","ULearn Limited Current account","ULearn-Student","Valitor M5056904   GP","3029.06","100","","Valitor Merch A/C","3029.06","NONE","AUTHORISED","f7e02786-d5ca-4e69-b38a-276702088c5c"
"2018-05-18","SPEND","ULearn Limited Current account","Spotify","POS15MAY PAYPAL *SPOT","9.99","A108","","School Spotify Sub","9.99","NONE","AUTHORISED","9ae6ca25-1997-40dd-add0-37af6c6fe61e"
"2018-05-15","RECEIVE","ULearn Limited Current account","ULearn-Student","ULS2018 05 15 GP","5945","100","","ULearn-Student","5945","NONE","AUTHORISED","35db5fbd-be7c-42bc-aa8a-3cda6048a966"
"2018-05-16","RECEIVE","ULearn Limited Current account","ULearn-Student","ULS2018 05 16 GP","18316.75","100","","ULearn-Student","18316.75","NONE","AUTHORISED","2c339dd4-dff1-4be4-a50f-3a198d7d090f"
"2018-05-23","RECEIVE","ULearn Limited Current account","ULearn-Student","Valitor M5110503   GP","386.03","100","","Valitor Merch A/C","386.03","NONE","AUTHORISED","068dc9b0-e41c-4f9c-b7e1-36485f86db77"
"2018-05-22","SPEND","ULearn Limited Current account","Zopim - CARD","P2005US 14.00@1.17449","11.92","B106","","Zopim Chat Module","11.92","NONE","AUTHORISED","f317edcc-fb47-41a7-a22b-37263124ec2d"
"2018-05-22","SPEND","ULearn Limited Current account","Flogas SEPA - DD","","85.03","B105","","Flogas","85.03","NONE","AUTHORISED","9ff29df1-63d2-4631-8c09-40ee1797efa3"
"2018-05-22","SPEND","ULearn Limited Current account","Flogas SEPA - DD","","121.18","B105","","Flogas","121.18","NONE","AUTHORISED","d71a8473-4ced-4298-90a0-36ee27805dde"
"2018-04-27","SPEND","ULearn Limited Current account","Airport Taxi","POS25APR AIRPORT TAXI","57","A104","","Airport Transfer","57","NONE","AUTHORISED","99ed4212-072b-4770-b718-78226fc807d4"
"2018-04-27","SPEND","ULearn Limited Current account","SOFTWARE","POS CHG USD      245","4.05","B106","","Misc Software / Hosting","4.05","NONE","AUTHORISED","916f623d-3507-4c0e-8475-8c8ed54b6ab4"
"2018-04-30","RECEIVE","ULearn Limited Current account","ULearn-Student","Valitor M4944554   GP","200.58","100","","Valitor Merch A/C","200.58","NONE","AUTHORISED","60110a9d-4f00-4395-9320-9ab58ea9e070"
"2018-05-02","SPEND","ULearn Limited Current account","Facebook - CARD","POS30APR PAYPAL *FACE","105.4","B106","","Hosting ","105.4","NONE","AUTHORISED","e4f32b17-58ec-4072-bdc8-699d6865ad59"
"2018-05-02","RECEIVE","ULearn Limited Current account","ULearn-Student","Valitor M4952408   GP","617.3","100","","Valitor Merch A/C","617.3","NONE","AUTHORISED","df2219dc-d77f-4d01-a6ef-572f7513fa7a"
"2018-05-02","SPEND","ULearn Limited Current account","EIRCOM"," account number 32461032","63.91","B104","","Ulearn ","63.91","NONE","AUTHORISED","654afeca-5190-4f17-8a75-707bde45015f"
"2018-05-03","SPEND","ULearn Limited Current account","ROGAC LIMITED","TO ROGAC LIMITED","262.3","B102","","Awning","262.3","NONE","AUTHORISED","6b7197af-6cd2-4e46-a21f-53d0efdd715e"
"2018-05-04","SPEND","ULearn Limited Current account","Google - CARD","POS02MAY GOOGLE *SVCS","93.48","B106","","Google Apps Bus","93.48","NONE","AUTHORISED","2210e42f-b6df-4166-b55a-7f7755bd5c94"
"2018-05-01","SPEND","ULearn Limited Current account","SOFTWARE","POS CHG USD       49","0.81","B106","","Misc Software / Hosting","0.81","NONE","AUTHORISED","2056e455-759b-4605-8b90-73dc91e54d88"
"2018-05-04","SPEND","ULearn Limited Current account","Airport Taxi","POS02MAY AIRPORT TAXI","52","A104","","Airport Transfer","52","NONE","AUTHORISED","4a45db44-29d6-45d8-a4fd-5d1f9882f7d4"
"2018-05-04","RECEIVE","ULearn Limited Current account","ULearn-Student","Valitor M4984180   GP","6883.92","100","","Valitor Merch A/C","6883.92","NONE","AUTHORISED","a8ea27e7-2b6b-43f3-89be-8a9c7f82e1fc"
"2018-05-01","SPEND","ULearn Limited Current account","HighRise - CARD","P2804US 49.00@1.20541","40.65","B106","","HighRise CRM Software","40.65","NONE","AUTHORISED","4a996be8-1447-4f78-968d-947ac45576df"
"2018-05-10","SPEND","ULearn Limited Current account","Di Luca","","8","B115","","Coffee","8","NONE","AUTHORISED","98c8538e-7d45-4a10-a989-7438f0b8de55"
"2018-04-28","SPEND","ULearn Limited Current account","Paul Gill","Food Receipt Conference in Prague 2018","30.1","B112","","Food Receipt Conference in Prague 2018","30.1","NONE","AUTHORISED","aa913a10-aab5-486c-a326-82361f1013f9"
"2018-04-28","SPEND","ULearn Limited Current account","Paul Gill","Transport receipt - Conference in Prague 2018","1.89","B112","","Transport receipts - Conference in Prague 2018","1.89","NONE","AUTHORISED","f1770cc9-3c0c-4a93-bb39-72bd4eedebfa"
"2018-05-04","RECEIVE","ULearn Limited Current account","ULearn-Student","ULS2018 05 04 GP","1655","100","","ULearn-Student","1655","NONE","AUTHORISED","6ef347d5-bead-47a2-82f5-93b1a58486be"
"2018-05-08","SPEND","ULearn Limited Current account","PREPAYPOWER","POS03MAY PREPAYPOWER","100","B105A","","Electricity Prepaid","100","NONE","AUTHORISED","b7d65bdb-34af-4d8a-b31a-9be65647e743"
"2018-05-08","SPEND","ULearn Limited Current account","Github - CARD","P0305US  7.00@1.19453","5.86","B106","","Github Repos","5.86","NONE","AUTHORISED","313cee70-0678-4b0a-9ed3-7f5675779e9b"
"2018-05-09","SPEND","ULearn Limited Current account","Google - CARD","POS07MAY GOOGLE *ADWS","500","B110","","Google Adwords","500","NONE","AUTHORISED","58cbc525-08d1-4589-8954-53062a4aa464"
"2018-05-09","SPEND","ULearn Limited Current account","Cazoomi - SyncApps - CARD","P0605US 19.98@1.19070","16.78","B106","","Sync Apps Recurring Subscription","16.78","NONE","AUTHORISED","4b6e9503-0526-4246-aa86-8e5edaf1cc58"
"2018-05-09","SPEND","ULearn Limited Current account","GoDaddy.com, LLC - CARD","POS05MAY PAYPAL *GODA","12.83","B106","","Ulearn","12.83","NONE","AUTHORISED","e2de0383-2679-4245-a6b4-5a0895526949"
"2018-05-09","RECEIVE","ULearn Limited Current account","ULearn-Student","Valitor M5009146   GP","915.28","100","","Valitor Merch A/C","915.28","NONE","AUTHORISED","40992b97-2e7c-4658-a9af-72327def339e"
"2018-05-08","RECEIVE","ULearn Limited Current account","Maria Victoria Gonzalez Oldani","BOL114126855 20180","558.2","104","","The student sent us the wrong bank account","558.2","NONE","AUTHORISED","b1649936-2aa8-4280-951e-7ad38abdd020"
"2018-05-14","SPEND","ULearn Limited Current account","Whelan's Pub","Social Activities","33.2","A109","","Social Activities ","33.2","NONE","AUTHORISED","a4c5ac6c-0f50-47d0-96af-99d82da285f6"
"2018-05-14","RECEIVE","ULearn Limited Current account","ULearn-Student","IURI MORAES","2122","100","","Ulearn Student","2122","NONE","AUTHORISED","74d5c5ca-8110-4107-858d-5d814e8f9537"
"2018-05-15","RECEIVE","ULearn Limited Current account","ULearn-Student","Valitor M5049104   GP","2234.91","100","","Valitor Merch A/C","2234.91","NONE","AUTHORISED","24b5097f-5034-4411-ac54-93525176fbad"
"2018-05-17","SPEND","ULearn Limited Current account","PREPAYPOWER","POS15MAY PREPAYPOWER","100","B105A","","Electricity Prepaid","100","NONE","AUTHORISED","c2653a28-50a5-4cd3-90ee-625007311b59"
"2018-05-17","RECEIVE","ULearn Limited Current account","ULearn-Student","Valitor M5077627   GP","3937.15","100","","Valitor Merch A/C","3937.15","NONE","AUTHORISED","1676b2ab-dc0e-42df-a0b4-589a7e2cc5e6"
"2018-05-17","RECEIVE","ULearn Limited Current account","ULearn-Student","P20171539","2075","100","","ULearn-Student","2075","NONE","AUTHORISED","844200cf-c03c-49b0-bfd9-7b69339905ce"
"2018-05-21","SPEND","ULearn Limited Current account","The Bleeding Horse","16253","16.2","A109","","Social activities","16.2","NONE","AUTHORISED","efb53990-6af1-47cc-a737-6eb37b729613"
"2018-05-22","SPEND","ULearn Limited Current account","BOI LIFE INSURANCE","OP/BoI LIFE   SEPA DD","51.03","B119","","Life Insurance BOI","51.03","NONE","AUTHORISED","0a2439ec-0e7b-4d5a-a158-92c768f0ee47"
"2018-05-22","SPEND","ULearn Limited Current account","SOFTWARE","POS CHG USD       14","0.24","B106","","Misc Software / Hosting","0.24","NONE","AUTHORISED","807d2cea-bba3-4076-9e28-570726cf2506"
"2018-05-22","SPEND","ULearn Limited Current account","PREPAYPOWER","POS19MAY PREPAYPOWER","100","B105A","","Electricity Prepaid","100","NONE","AUTHORISED","081cea32-ee52-4a33-8968-9699fd0d6616"
"2018-05-22","SPEND","ULearn Limited Current account","Google - CARD","POS19MAY GOOGLE *ADWS","500","B110","","Google Adwords","500","NONE","AUTHORISED","75fb5427-3fcd-4304-b416-7ce24836192e"
"2018-05-22","RECEIVE","ULearn Limited Current account","ULearn-Student","Valitor M5102046   GP","224.34","100","","Valitor Merch A/C","224.34","NONE","AUTHORISED","b31a6707-63fc-4f9d-90c4-87a590a6725c"
"2018-05-22","SPEND","ULearn Limited Current account","Flogas SEPA - DD","","80.18","B105","","Flogas","80.18","NONE","AUTHORISED","c225a5e8-7999-46dd-b329-5252f78c98db"
"2018-05-22","RECEIVE","ULearn Limited Current account","ULearn-Student","ULS2018 05 22 GP","1520","100","","ULearn-Student","1520","NONE","AUTHORISED","edf76966-f5ff-4623-bb0a-7a81faaed428"
"2018-04-27","RECEIVE","ULearn Limited Current account","ULearn-Student","Valitor M4936598   GP","499.05","100","","Valitor Merch A/C","499.05","NONE","AUTHORISED","fc26c9e8-8387-461c-ae3d-c0ebe1e8b89e"
"2018-04-27","RECEIVE","ULearn Limited Current account","ULearn-Student","ULS2018 04 27 GP","11930","100","","Ulearn ","11930","NONE","AUTHORISED","6873ea96-f259-4427-a23e-fb2023c3c00a"
"2018-05-01","SPEND","ULearn Limited Current account","Di Luca","","6","B115","","Coffee","6","NONE","AUTHORISED","bb0f5007-78f2-40df-b65b-df8572acc303"
"2018-04-30","SPEND","ULearn Limited Current account","Whelan's Pub","","21.4","A109","","Social Activities","21.4","NONE","AUTHORISED","0b6aa3d9-f574-4563-b402-fc6a8e1611e3"
"2018-04-30","SPEND","ULearn Limited Current account","Whelan's Pub","","16.2","A109","","Social Activities","16.2","NONE","AUTHORISED","36a3624e-d1a4-4f48-810d-e639bc6f41f1"
"2018-05-03","SPEND","ULearn Limited Current account","Fresh","","11","B115","","Food","11","NONE","AUTHORISED","97e7164f-f368-411d-a759-a31192d9b1c0"
"2018-04-30","SPEND","ULearn Limited Current account","Virgin Media","","87.5","A101","","Internet & TV Apartments","87.5","NONE","AUTHORISED","29a6df8d-752f-4489-ac5b-a7bcb0cbc6b0"
"2018-05-01","SPEND","ULearn Limited Current account","Paula Martins","Ciaran paid for hours she worked in April 18","140","B115C","","Ciaran paid for hours she worked in April 18","140","NONE","AUTHORISED","89464846-2781-4f4a-9a19-ff66d0e8ea3b"
"2018-05-02","SPEND","ULearn Limited Current account","Facebook - CARD","POS30APR PAYPAL *FACE","28.99","B106","","Hosting ","28.99","NONE","AUTHORISED","830143bd-a9f9-46d2-90bd-cae6ebdd1c34"
"2018-05-02","SPEND","ULearn Limited Current account","EIRCOM","","728.52","B104","","Ulearn ","728.52","NONE","AUTHORISED","d6d2b276-02c2-4aad-b55d-ff3c313e5d01"
"2018-05-02","SPEND","ULearn Limited Current account","SOFTWARE","POS CHG USD       30","0.5","B106","","Misc Software / Hosting","0.5","NONE","AUTHORISED","8082a300-b896-4e23-98aa-c473964c782c"
"2018-05-03","SPEND","ULearn Limited Current account","Google - CARD","POS01MAY GOOGLE *ADWS","500","B110","","Google Adwords","500","NONE","AUTHORISED","5decd550-fed6-452a-bead-f8a79b21781d"
"2018-05-04","SPEND","ULearn Limited Current account","PREPAYPOWER","POS02MAY PREPAYPOWER","100","B105A","","Electricity Prepaid","100","NONE","AUTHORISED","7c15022b-62f5-4682-8076-d8a2e04f7de2"
"2018-05-01","SPEND","ULearn Limited Current account","Audible - CARD","P2704GB  7.99@.868478","9.2","B121","","Audio Books School","9.2","NONE","AUTHORISED","0fb5d5de-972b-4638-a52a-de0e914e8963"
"2018-05-01","SPEND","ULearn Limited Current account","Paul Gill","Withdrawn-ATM27APR 1616000011/K","79.57","B112","","Conference in Prague 2018","79.57","NONE","AUTHORISED","0fac818c-21ec-4c91-8480-9bf2d1421485"
"2018-04-27","SPEND","ULearn Limited Current account","Paul Gill","HotelTonight Booking Receipt","83","B112","","1 night - accommodation - Conference in Prague 2018","83","NONE","AUTHORISED","9fe15ead-660a-4c24-bcf4-a9495a603a41"
"2018-04-27","SPEND","ULearn Limited Current account","Paul Gill","Food Receipt - Prague","7.58","B112","","Food Receipt - Conference in Prague 2018","7.58","NONE","AUTHORISED","86341b6f-78f4-4d4b-831b-ed1e03f23bd4"
"2018-04-29","SPEND","ULearn Limited Current account","Paul Gill","Food Receipt ","8.84","B112","","Food Receipt - Conference in Prague 2018","8.84","NONE","AUTHORISED","eb4db767-1660-48cb-83b1-b03bf48db6e8"
"2018-05-01","SPEND","ULearn Limited Current account","SOFTWARE","","0.18","B106","","Misc Software / Hosting","0.18","NONE","AUTHORISED","70579212-569b-4eca-940d-f1aadd15ba71"
"2018-05-01","SPEND","ULearn Limited Current account","Paul Gill","Food Receipt - Paul Prague","38.71","B112","","Paul - Food Receipt - Conference in Prague 2018","38.71","NONE","AUTHORISED","8aa01e69-c4bb-416f-a55d-ca5f8b96ff12"
"2018-05-03","RECEIVE","ULearn Limited Current account","ULearn-Student","ULS2018 05 03 GP","530","100","","ULearn-Student","530","NONE","AUTHORISED","7a2b624e-f10e-4119-8c50-e86a11ff394b"
"2018-05-02","RECEIVE","ULearn Limited Current account","ULearn-Student","ULS2018 05 02 GP","2312.5","100","","ULearn-Student","2312.5","NONE","AUTHORISED","af2a38f4-8759-4c88-a6b8-deceac154eef"
"2018-05-02","SPEND","ULearn Limited Current account","ToutApp - CARD","P3004US 30.00@1.20627","24.87","B106","","ToutApp Email Software","24.87","NONE","AUTHORISED","c45cdcc7-9710-4234-8d35-9da1f61f8c0d"
"2018-05-02","SPEND","ULearn Limited Current account","New Ireland","OP/NewIreland SEPA DD","185","B120","","Ulearn ","185","NONE","AUTHORISED","d8cc0e64-e47d-4fbd-9f54-def9ea6dd704"
"2018-05-04","SPEND","ULearn Limited Current account","Viking Direct - CARD","POS02MAY WWW.VIKINGDI","110.66","B116","","Ulearn ","110.66","NONE","AUTHORISED","7181a342-6389-4c7a-95e1-b889c04660e8"
"2018-05-08","SPEND","ULearn Limited Current account","SOFTWARE","POS CHG USD        7","0.12","B106","","Misc Software / Hosting","0.12","NONE","AUTHORISED","ea89ba16-e9c3-43a9-8d2a-ae1e1abdb38a"
"2018-05-08","SPEND","ULearn Limited Current account","Virgin Media","Virgin Media SEPA DD","113.49","A101","","Internet & TV Apartments","113.49","NONE","AUTHORISED","59d2a46d-3065-445d-bea4-f955abf02b9b"
"2018-05-08","RECEIVE","ULearn Limited Current account","ULearn-Student","Valitor M5000839   GP","1470.05","100","","Valitor Merch A/C","1470.05","NONE","AUTHORISED","34f0305b-a0bb-4965-a844-9cf80dc33940"
"2018-05-09","SPEND","ULearn Limited Current account","GoDaddy.com, LLC - CARD","POS07MAY PAYPAL *GODA","99.2","B106","","Ulearn","99.2","NONE","AUTHORISED","e7bab0a0-ff93-408b-8150-f9a48201e267"
"2018-05-09","SPEND","ULearn Limited Current account","SOFTWARE","POS CHG USD       19","0.34","B106","","Misc Software / Hosting","0.34","NONE","AUTHORISED","2aa325d0-8424-479c-91e3-dff16510391c"
"2018-05-08","RECEIVE","ULearn Limited Current account","ULearn-Student","ULS2018 05 08 GP","11960","100","","ULearn-Student","11960","NONE","AUTHORISED","304da212-9e3b-4f02-a9eb-d97762525e6f"
"2018-05-09","RECEIVE","ULearn Limited Current account","ULearn-Student","ULS2018 05 09 GP","5400","100","","ULearn-Student","5400","NONE","AUTHORISED","36790449-77e2-4f6c-9079-f3db2386208e"
"2018-05-14","SPEND","ULearn Limited Current account","Chadwicks","","15.69","B103","","2x ""Push"" Door Plates","15.69","NONE","AUTHORISED","fe1d2426-2fa2-4846-842e-d3ec39a2d506"
"2018-05-10","RECEIVE","ULearn Limited Current account","ULearn-Student","ULS2018 05 10 GP","14231","100","","ULearn-Student","14231","NONE","AUTHORISED","c1cfa2f5-52d0-4881-bee8-f3a0d04729a4"
"2018-05-11","SPEND","ULearn Limited Current account","Airport Taxi","POS09MAY AIRPORT TAXI","33","A104","","Airport Transfer","33","NONE","AUTHORISED","93f5a20b-9dd6-4b31-9a6c-dfecee88267e"
"2018-05-11","SPEND","ULearn Limited Current account","Airport Taxi","POS09MAY AIRPORT TAXI","59","A104","","Airport Transfer","59","NONE","AUTHORISED","b9ac8e54-d338-481b-8ac2-9e43ef37fe0d"
"2018-05-11","RECEIVE","ULearn Limited Current account","ULearn-Student","Valitor M5033838   GP","3800.17","100","","Valitor Merch A/C","3800.17","NONE","AUTHORISED","3a06fa6f-bc35-406f-adb2-f230edef37f7"
"2018-05-11","RECEIVE","ULearn Limited Current account","ULearn-Student","ULS2018 05 11 GP","2700","100","","ULearn-Student","2700","NONE","AUTHORISED","ed7ba5e3-2977-4a86-bb66-c174be978cfc"
"2018-05-14","SPEND","ULearn Limited Current account","Whelan's Pub","Social Activities","33.8","A109","","Social Activities","33.8","NONE","AUTHORISED","b15ce312-a21a-40b7-8dea-d66867d46119"
"2018-05-15","SPEND","ULearn Limited Current account","Di Luca","","5.8","B115","","Coffee","5.8","NONE","AUTHORISED","d3388bc3-aae7-4b94-b2eb-e0e1532ee26a"
"2018-05-17","SPEND","ULearn Limited Current account","Xero Subscription - CARD","IN-996476","25.48","B106","","ULearn. Monthly Subscription, Standard Price Plan, 17 Apr 2018 to 16 May 2018","25.48","NONE","AUTHORISED","9d585ce3-6339-4623-9620-a2d7ea99cd1b"
"2018-05-17","SPEND","ULearn Limited Current account","Argos","","37.99","A101A","","Wi-Fi Extender","37.99","NONE","AUTHORISED","14b40e3d-9b70-4af4-bdf7-e200cfe7261e"
"2018-05-14","RECEIVE","ULearn Limited Current account","ULearn-Student","Valitor M5041622   GP","3827.54","100","","Valitor Merch A/C","3827.54","NONE","AUTHORISED","3b0ad550-6671-4d00-8dca-ce2a98a78708"
"2018-05-14","RECEIVE","ULearn Limited Current account","ULearn-Student","ULS2018 05 14 GP","4223.5","100","","ULearn-Student","4223.5","NONE","AUTHORISED","2442d615-22ce-4225-855e-df48127f4751"
"2018-05-14","RECEIVE","ULearn Limited Current account","ULearn-Student","ILANY KELLY SILVA","397","100","","ULearn-Student","397","NONE","AUTHORISED","061ac600-7c57-4a60-a5a0-bd37854df27d"
"2018-05-16","SPEND","ULearn Limited Current account","EIRCOM","EIRCOM TIS    SEPA DD","62.42","B104","","Telephone & Internet","62.42","NONE","AUTHORISED","5c2598ce-9f9a-49c1-970e-b4e765dfdaab"
"2018-05-18","SPEND","ULearn Limited Current account","Elliotts - CARD","116574","128.3","SHP-01","","Supplies for the shop","128.3","NONE","AUTHORISED","9fa4e837-5627-446d-9cc1-c164f4364ebc"
"2018-05-21","RECEIVE","ULearn Limited Current account","ULearn-Student","Valitor M5093635   GP","2116.27","100","","Valitor Merch A/C","2116.27","NONE","AUTHORISED","500c2aaf-d932-451b-86ed-ace3dbb9cf2e"
"2018-05-21","SPEND","ULearn Limited Current account","MAILCHIMP - DD","POS17MAY MAILCHIMP","214.15","B106","","MailChimp Email Marketing","214.15","NONE","AUTHORISED","36a0a1d5-7b99-4e84-aad4-ab2ffc328df6"
"2018-05-21","SPEND","ULearn Limited Current account","SOFTWARE","POS CHG USD       30","0.51","B106","","Misc Software / Hosting","0.51","NONE","AUTHORISED","2892baa1-003a-4486-8978-dee4c6ee4cb4"
"2018-05-23","SPEND","ULearn Limited Current account","BOI LIFE INSURANCE","OP/BoI LIFE   SEPA DD","47.05","B119","","Life Insurance BOI","47.05","NONE","AUTHORISED","5e99d3ae-2ff7-4841-b075-fa4b5602fc00"
"2018-05-22","SPEND","ULearn Limited Current account","Flogas SEPA - DD","","82.53","B105","","Flogas","82.53","NONE","AUTHORISED","7bc33927-8fcf-4793-937c-ea17f2f006df"
"2018-05-22","SPEND","ULearn Limited Current account","Flogas SEPA - DD","","134.66","B105","","Flogas","134.66","NONE","AUTHORISED","3ad7a31c-71ac-4c38-8cc4-e0bfe6a4decd"
"2018-05-21","RECEIVE","ULearn Limited Current account","ULearn-Student","ULS2018 05 21 GP","4740","100","","ULearn-Student","4740","NONE","AUTHORISED","66aa1c18-2cd9-4247-862b-b8ab813b4aea"
"2018-05-22","SPEND","ULearn Limited Current account","Cambridge English School","R-ES024-71697-00410","200","A107","","Celia Castillejo exam in Madrid","200","NONE","AUTHORISED","29d75a65-0999-4cee-b405-d199d5a2936c"
"2018-04-13","RECEIVE-TRANSFER","Credit Card - Ciaran","","","30","AC-CC-CM","","Bank Transfer from ULearn Limited Current account.","30","","AUTHORISED","136772dd-7d17-4a42-a162-8e81e6ff09cb"
"2018-04-03","SPEND","Credit Card - Ciaran","BOI","","30","B127","","GOVERNMENT STAMP DUTY","30","NONE","AUTHORISED","00c52aef-3440-4f60-b719-104424a50e63"
"2018-02-14","SPEND","Credit Card - Ciaran","Bank of Ireland","annual fee ","31","B127","","Annual fee","31","NONE","AUTHORISED","3ea011e2-7244-41ae-8f62-6d216b009f1e"
"2018-02-14","RECEIVE-TRANSFER","Credit Card - Ciaran","","","31","AC-CC-CM","","Bank Transfer from ULearn Limited Current account.","31","","AUTHORISED","3d23d660-1e02-4057-bb40-a1eff6f11b0d"
"2018-05-30","RECEIVE","ULearn Limited Current account","ULearn-Student","Valitor M5163896   GP","636.96","100","","Valitor Merch A/C","636.96","NONE","AUTHORISED","d61f0456-cb14-4241-a70f-0090860b3289"
"2018-06-05","SPEND","ULearn Limited Current account","George Bernard Shaw","","28.5","A109","","Drinks","28.5","NONE","AUTHORISED","2743d71e-543f-4d06-8ef6-02a8e941b47f"
"2018-05-23","SPEND","ULearn Limited Current account","Argos","96925","25.99","B102","","Chrome finish wall unit","25.99","NONE","AUTHORISED","c3fcae04-29b4-42fc-a455-05ef81aa2aba"
"2018-06-15","SPEND","ULearn Limited Current account","Airport Taxi","POS13JUN AIRPORT TAXI","33","A104","","Airport Transfer","33","NONE","AUTHORISED","0ee93e47-d40c-4073-9f5c-07edfa3eb703"
"2018-06-20","RECEIVE","ULearn Limited Current account","ULearn-Student","Valitor M5318415   GP","3846.16","100","","Valitor Merch A/C","3846.16","NONE","AUTHORISED","ba0b65dd-ed5d-4857-b6be-0856620d92c5"
"2018-05-29","SPEND","ULearn Limited Current account","Audible - CARD","P2705GB  7.99@.874179","9.14","B121","","Audio Books School","9.14","NONE","AUTHORISED","8a5e9ae1-68ba-4b1c-8b30-102543046802"
"2018-06-05","SPEND","ULearn Limited Current account","Camden Promotions Ltd","2993","713.4","B113","","School Marketing -500 plastic pens- printed with logo one side and  and 100 bags.","713.4","NONE","AUTHORISED","cef37cfd-03f3-43af-ac11-1456ab63879f"
"2018-06-05","SPEND","ULearn Limited Current account","PREPAYPOWER","POS31MAY PREPAYPOWER","20","B105A","","Electricity Prepaid","20","NONE","AUTHORISED","429c63e7-a46b-4626-b70d-11e8b6de2979"
"2018-06-07","RECEIVE","ULearn Limited Current account","ULearn-Student","ULS2018 06 07 GP","4424.5","100","","ULearn-Student","4424.5","NONE","AUTHORISED","dfd681bc-b97f-4bf3-ab23-14f5bedc9cdf"
"2018-06-05","RECEIVE","ULearn Limited Current account","ULearn-Student","ULS2018 06 04 GP","1710","100","","ULearn-Student","1710","NONE","AUTHORISED","ce8ad71a-d715-458a-b4ad-151df1b9d667"
"2018-06-18","RECEIVE","ULearn Limited Current account","ULearn-Student","Valitor M5300738   GP","5407.64","100","","Valitor Merch A/C","5407.64","NONE","AUTHORISED","da712f35-c35a-4a02-af9d-125c707510d8"
"2018-05-28","SPEND","ULearn Limited Current account","Airport Taxi","POS24MAY AIRPORT TAXI","33","A104","","Airport Transfer","33","NONE","AUTHORISED","500e062e-1b4a-4621-be28-2a45e7c7c9bb"
"2018-05-29","SPEND","ULearn Limited Current account","SOFTWARE","","0.18","B106","","Misc Software / Hosting","0.18","NONE","AUTHORISED","075b577e-07b3-46ef-bdda-298db42c3e8d"
"2018-05-31","SPEND","ULearn Limited Current account","EIRCOM"," account number 32461032","63.91","B104","","Ulearn ","63.91","NONE","AUTHORISED","0477b7c1-f867-453b-b055-3665de4cc5a1"
"2018-06-01","RECEIVE","ULearn Limited Current account","ULearn-Student","ULS2018 06 01 GP","6895","100","","ULearn-Student","6895","NONE","AUTHORISED","ef6fb383-01fb-4f6c-95c1-261860764146"
"2018-05-25","RECEIVE","ULearn Limited Current account","ULearn-Student","ULS2018 05 25 GP","7970","100","","ULearn-Student","7970","NONE","AUTHORISED","1adfd0a6-c2e4-4895-902b-2c7342f40551"
"2018-06-05","SPEND","ULearn Limited Current account","Google - CARD","POS31MAY GOOGLE *ADWS","500","B110","","Google Adwords","500","NONE","AUTHORISED","82216372-9aab-4062-ac9d-191bbe9cc94a"
"2018-06-06","RECEIVE","ULearn Limited Current account","ULearn-Student","ULS2018 06 06 GP","6830","100","","ULearn-Student","6830","NONE","AUTHORISED","39d00aa5-57d2-4bc3-be78-27d61e1fb762"
"2018-06-08","SPEND","ULearn Limited Current account","Airport Taxi","POS06JUN AIRPORT TAXI","52","A104","","Airport Transfer","52","NONE","AUTHORISED","767dd25c-5b65-460f-bc8d-3840e61e6d6f"
"2018-06-08","RECEIVE","ULearn Limited Current account","ULearn-Student","Valitor M5236076   GP","2140.28","100","","Valitor Merch A/C","2140.28","NONE","AUTHORISED","f57eed31-0872-48b5-949f-1f4b721d7654"
"2018-06-08","SPEND","ULearn Limited Current account","Cazoomi - SyncApps - CARD","P0606US 19.98@1.17116","17.06","B106","","Sync Apps Recurring Subscription","17.06","NONE","AUTHORISED","ad14a4c1-9c1d-44ea-bf98-22b0fe578e9f"
"2018-06-11","RECEIVE","ULearn Limited Current account","ULearn-Student","ULS2018 06 11 GP","7905","100","","ULearn-Student","7905","NONE","AUTHORISED","3e759006-a2c7-4834-b485-1666c3f26ba4"
"2018-06-12","SPEND","ULearn Limited Current account","HMA","","69.14","B106","","Hide My Ass Proxy ","69.14","NONE","AUTHORISED","6ec75f74-e366-491d-9502-3078b6f11a9a"
"2018-06-12","RECEIVE","ULearn Limited Current account","ULearn-Student","ULS2018 06 12 GP","3011","100","","ULearn-Student","3011","NONE","AUTHORISED","4a4da838-f409-4821-8560-2372c568c22e"
"2018-06-19","SPEND","ULearn Limited Current account","Airport Taxi","POS15JUN AIRPORT TAXI","37","A104","","Airport Transfer","37","NONE","AUTHORISED","135b0698-1eb0-47dd-a47f-326becbf72bf"
"2018-06-19","SPEND","ULearn Limited Current account","SOFTWARE","POS CHG USD       30","0.52","B106","","Misc Software / Hosting","0.52","NONE","AUTHORISED","61a7cb4f-26d9-40ff-bc0b-1b7feb391d7a"
"2018-06-19","SPEND","ULearn Limited Current account","PREPAYPOWER","POS16JUN PREPAYPOWER","100","B105A","","Electricity Prepaid","100","NONE","AUTHORISED","3485c7e9-6f38-49fc-ae0d-293d7bfb755e"
"2018-05-31","SPEND","ULearn Limited Current account","THE HR COMPANY - DD","48405","141.45","B118","","HR Company Consult","141.45","NONE","AUTHORISED","b04b28e7-508c-4541-a38b-88439cfd0cf8"
"2018-05-24","RECEIVE","ULearn Limited Current account","ULearn-Student","2XCASIL VIAGENS E TU","820","100","","Ulearn Student ","820","NONE","AUTHORISED","14fe4754-e751-4f1c-ba6d-491226a7158b"
"2018-05-25","SPEND","ULearn Limited Current account","SOFTWARE","POS23MAY ADOBE  CREAT","30.74","B106","","Software / Hosting","30.74","NONE","AUTHORISED","f096acfb-47cf-46fe-9808-4b5469b8830e"
"2018-05-25","RECEIVE","ULearn Limited Current account","ULearn-Student","Valitor M5138467   GP","1421.37","100","","Valitor Merch A/C","1421.37","NONE","AUTHORISED","f05dd515-136a-4143-9f3c-7ebf02580297"
"2018-05-28","SPEND","ULearn Limited Current account","Airport Taxi","POS24MAY AIRPORT TAXI","49","A104","","Airport Transfer","49","NONE","AUTHORISED","67bbbc22-e5d8-4dcb-9575-571c2b3fe407"
"2018-06-01","SPEND","ULearn Limited Current account","Airport Taxi","POS30MAY AIRPORT TAXI","52","A104","","Airport Transfer","52","NONE","AUTHORISED","38470cba-11a9-4a7c-91d0-6034819d8f3d"
"2018-06-01","RECEIVE","ULearn Limited Current account","ULearn-Student","Valitor M5191236   GP","3798.16","100","","Valitor Merch A/C","3798.16","NONE","AUTHORISED","5ca821da-0424-4d10-9b13-5292e9cd0aae"
"2018-06-01","SPEND","ULearn Limited Current account","SOFTWARE","POS CHG USD       30","0.52","B106","","Misc Software / Hosting","0.52","NONE","AUTHORISED","6c7832ef-c12e-4aca-b368-5082283db1bf"
"2018-05-31","RECEIVE","ULearn Limited Current account","ULearn-Student","Valitor M5183234   GP","1692.11","100","","Valitor Merch A/C","1692.11","NONE","AUTHORISED","89b25889-0418-4481-8d1a-5463432e49a2"
"2018-05-29","RECEIVE","ULearn Limited Current account","ULearn-Student","Valitor M5155336   GP","186.12","100","","Valitor Merch A/C","186.12","NONE","AUTHORISED","4a462cdc-46d9-4a7a-9948-4ee19bf841b3"
"2018-05-30","SPEND","ULearn Limited Current account","SOFTWARE","POS CHG USD       49","0.84","B106","","Misc Software / Hosting","0.84","NONE","AUTHORISED","8cd4a917-0bfe-45af-a379-4bf83bea923a"
"2018-05-30","RECEIVE","ULearn Limited Current account","ULearn-Student","SUELEM ESPINDOLA B","2690","100","","ULearn-Student","2690","NONE","AUTHORISED","fe9c558d-46ca-4ec0-906c-4971c3ff1727"
"2018-05-30","RECEIVE","ULearn Limited Current account","ULearn-Student","ULS2018 05 30 GP","3455","100","","ULearn-Student","3455","NONE","AUTHORISED","7f1847e6-5d9e-4f0c-9094-568bdd78f93b"
"2018-06-05","SPEND","ULearn Limited Current account","LETSHOST IBANIE11AIBK93131411670079","725934","66.4","B106","","Domain Renewal - ulearn.ie - 2 Year/s (18/06/2018 - 17/06/2020)","66.4","NONE","AUTHORISED","3fef8a3a-2867-4deb-9b37-4ebee7b99254"
"2018-05-31","SPEND","ULearn Limited Current account","A2 Hosting","","278.3","B106","","","278.3","NONE","AUTHORISED","e9b7b972-6fb7-430e-95c0-4689938c9ec4"
"2018-06-01","SPEND","ULearn Limited Current account","Amazon","Tablets","97.22","B117","","Tablets","97.22","NONE","AUTHORISED","92ea52d0-2acd-406a-a825-7d19d48dd1e3"
"2018-06-07","SPEND","ULearn Limited Current account","Elliotts - CARD","8316","110.56","A108","","Drinks for a party","110.56","NONE","AUTHORISED","53160d72-85d1-4510-ba95-6ba1e70f7f81"
"2018-06-06","SPEND","ULearn Limited Current account","Google - CARD","POS02JUN GOOGLE *SVCS","71.57","B106","","Google Apps Bus","71.57","NONE","AUTHORISED","a3cf3ec1-fb4c-43d8-b639-429283e91531"
"2018-06-06","SPEND","ULearn Limited Current account","Netflix","","10.99","B115","","netflix","10.99","NONE","AUTHORISED","adad4388-bac4-48e7-a263-69c1851dd039"
"2018-06-06","RECEIVE","ULearn Limited Current account","ULearn-Student","Valitor M5217653   GP","559.95","100","","Valitor Merch A/C","559.95","NONE","AUTHORISED","0ed6b0d8-4a41-4287-b972-87b78b468bf2"
"2018-06-05","SPEND","ULearn Limited Current account","Virgin Media","","113.49","A101","","Internet & TV Apartments","113.49","NONE","AUTHORISED","4fff1f2a-e980-4d3d-8825-6051882726a7"
"2018-06-11","RECEIVE","ULearn Limited Current account","LETSHOST IBANIE11AIBK93131411670079","","15.98","B106","","LETSHOST gave us this money back","15.98","NONE","AUTHORISED","4c1ef10f-1b8c-40c5-9cf2-62c94f35bb96"
"2018-06-13","SPEND","ULearn Limited Current account","Guinness Storehouse","804009002","279","A109B","","Social activities ","279","NONE","AUTHORISED","b293954b-fc22-418c-85d9-6d7ec8f34d2c"
"2018-06-14","RECEIVE","ULearn Limited Current account","ULearn-Student","Valitor M5283827   GP","1286.24","100","","Valitor Merch A/C","1286.24","NONE","AUTHORISED","412e9a8b-4a59-4f9b-a181-3bc0b38b860f"
"2018-06-13","RECEIVE","ULearn Limited Current account","ULearn-Student","ULS2018 06 13 GP","5441.5","100","","ULearn-Student","5441.5","NONE","AUTHORISED","2213feef-5fdb-4a39-a628-6d3c7e3bd7ec"
"2018-06-11","SPEND","ULearn Limited Current account","PREPAYPOWER","POS07JUN PREPAYPOWER","100","B105A","","Electricity Prepaid","100","NONE","AUTHORISED","d3f89dfa-2277-45ee-acd3-5110017ff71a"
"2018-06-15","SPEND","ULearn Limited Current account","Airport Taxi","POS13JUN AIRPORT TAXI","49","A104","","Airport Transfer","49","NONE","AUTHORISED","235bf596-d79e-444f-816a-5586d1d26e71"
"2018-06-15","RECEIVE","ULearn Limited Current account","ULearn-Student","Valitor M5292104   GP","948.63","100","","Valitor Merch A/C","948.63","NONE","AUTHORISED","3497e17a-5427-47c5-adf2-601b9374d801"
"2018-06-18","SPEND","ULearn Limited Current account","Airport Taxi","POS14JUN AIRPORT TAXI","49","A104","","Airport Transfer","49","NONE","AUTHORISED","b74a7628-362e-4132-baa9-661f577c3d1f"
"2018-06-19","SPEND","ULearn Limited Current account","Google - CARD","POS17JUN GOOGLE *ADWS","500","B110","","Google Adwords","500","NONE","AUTHORISED","3e868806-6a67-419c-9023-452a6679588a"
"2018-05-24","RECEIVE","ULearn Limited Current account","ULearn-Student","Valitor M5130585   GP","6469.03","100","","Valitor Merch A/C","6469.03","NONE","AUTHORISED","0cf3e40c-6b6e-4e78-ae15-93bbd6ff4a9e"
"2018-05-24","RECEIVE","ULearn Limited Current account","ULearn-Student","ULS2018 05 24 GP","1830","100","","Ulearn Student","1830","NONE","AUTHORISED","ee82aa23-e2a5-48ea-baeb-db7f98804e70"
"2018-05-25","SPEND","ULearn Limited Current account","PURE PROPERTY SERVICES","Neil's House","5000","B103A","","Neil's House","5000","NONE","AUTHORISED","8dc88829-e856-4ae1-b284-ba383e4a963f"
"2018-05-25","RECEIVE","ULearn Limited Current account","ULearn-Student","ULEARN16676","1912.5","100","","ULearn-Student","1912.5","NONE","AUTHORISED","5db6572a-2cfb-469b-a86b-d88637609665"
"2018-05-28","SPEND","ULearn Limited Current account","Google - CARD","POS24MAY GOOGLE *ADWS","500","B110","","Google Adwords","500","NONE","AUTHORISED","974d0814-7518-45d7-bff7-a253114033a0"
"2018-05-28","SPEND","ULearn Limited Current account","Virgin Media","","87.5","A101","","Internet & TV Apartments","87.5","NONE","AUTHORISED","92803cbf-323e-4bfd-90fb-8bb471808633"
"2018-05-28","RECEIVE","ULearn Limited Current account","ULearn-Student","Valitor M5146724   GP","11187.27","100","","Valitor Merch A/C","11187.27","NONE","AUTHORISED","7c22bc65-9def-4d97-b66f-df20f3e71a76"
"2018-06-01","SPEND","ULearn Limited Current account","New Ireland","","185","B120","","Ulearn ","185","NONE","AUTHORISED","3ab5b9e9-b74f-4022-9991-d61b81e13c1f"
"2018-05-31","SPEND","ULearn Limited Current account","EIRCOM","","576.45","B104","","Ulearn ","576.45","NONE","AUTHORISED","520bca87-6c7a-4f43-96b4-923c03625943"
"2018-05-31","SPEND","ULearn Limited Current account","The Laptop Shop","5814965B","29.99","B102","","HDMI to VGA adapter","29.99","NONE","AUTHORISED","03f2552b-2ad5-46a5-86da-b2e1059f8d71"
"2018-05-31","RECEIVE","ULearn Limited Current account","ULearn-Student","2XBLUE CONSULTORIA E","942.4","100","","ULearn-Student","942.4","NONE","AUTHORISED","d8759e14-6b16-4c79-a228-d274f100778d"
"2018-06-01","SPEND","ULearn Limited Current account","ToutApp - CARD","P3005US 30.00@1.15163","26.05","B106","","ToutApp Email Software","26.05","NONE","AUTHORISED","8905c2dc-3d01-47c0-ba08-936ac7bfce53"
"2018-05-30","SPEND","ULearn Limited Current account","HighRise - CARD","P2805US 49.00@1.16444","42.08","B106","","HighRise CRM Software","42.08","NONE","AUTHORISED","85dd464d-6ea4-4c58-8e80-cd7818785e5e"
"2018-05-30","RECEIVE","ULearn Limited Current account","ULearn-Student","GABRIEL ","500","100","","ULearn-Student","500","NONE","AUTHORISED","59e45a76-98f6-4308-97e8-c8c067271668"
"2018-05-29","RECEIVE","ULearn Limited Current account","ULearn-Student","ULS2018 05 29 GP","11560","100","","ULearn-Student","11560","NONE","AUTHORISED","be9fa8c1-cdc6-4d4a-b5c8-f56d2d4ac8a5"
"2018-06-05","SPEND","ULearn Limited Current account","LETSHOST IBANIE11AIBK93131411670079","668075","33.2","B106","","Domain Renewal - u-learn.ie - 1 Year/s (14/10/2017 - 13/10/2018)","33.2","NONE","AUTHORISED","bd117a09-1237-4cf2-a3ad-a7a1ed493bbc"
"2018-06-05","SPEND","ULearn Limited Current account","LETSHOST IBANIE11AIBK93131411670079","490121","15.98","B106","","Domain Renewal - lexiconlanguages.com - 1 Year/s (16/04/2015 - 15/04/2016)","15.98","NONE","AUTHORISED","19a6db28-91af-4026-b94a-d2398fba1410"
"2018-06-05","SPEND","ULearn Limited Current account","George Bernard Shaw","","5.5","A109","","Drinks","5.5","NONE","AUTHORISED","b6d5e938-4904-412f-9ae3-afb5d0a0a873"
"2018-06-05","SPEND","ULearn Limited Current account","PREPAYPOWER","POS31MAY PREPAYPOWER","80","B105A","","Electricity Prepaid","80","NONE","AUTHORISED","6ba8dec5-e9bd-4a41-92fc-b428468752cb"
"2018-06-05","RECEIVE","ULearn Limited Current account","ULearn-Student","Valitor M5208427   GP","6782.15","100","","Valitor Merch A/C","6782.15","NONE","AUTHORISED","9d7c3ca0-0676-4c66-95ee-ec4fb3c7d3b1"
"2018-06-06","SPEND","ULearn Limited Current account","Github - CARD","P0306US  7.00@1.16086","6.03","B106","","Github Repos","6.03","NONE","AUTHORISED","9892e14f-4c01-4c5e-b9a4-8eaf6dd335bd"
"2018-06-06","SPEND","ULearn Limited Current account","SOFTWARE","POS CHG USD        7","0.12","B106","","Misc Software / Hosting","0.12","NONE","AUTHORISED","83bafefd-1e67-4ba9-b990-beb265c5c2f4"
"2018-06-08","SPEND","ULearn Limited Current account","Airport Taxi","POS06JUN AIRPORT TAXI","49","A104","","Airport Transfer","49","NONE","AUTHORISED","d5895f4d-d4a4-4cbb-85d1-d9e59295cf8a"
"2018-06-08","SPEND","ULearn Limited Current account","Google - CARD","POS06JUN GOOGLE *ADWS","500","B110","","Google Adwords","500","NONE","AUTHORISED","57995001-d87c-4057-adb6-e53043b39956"
"2018-06-08","SPEND","ULearn Limited Current account","SOFTWARE","POS CHG USD       19","0.34","B106","","Misc Software / Hosting","0.34","NONE","AUTHORISED","744b0963-d5c4-4794-b318-a6c76ace9958"
"2018-06-13","SPEND","ULearn Limited Current account","DoneDeal","19017365-19037363","3","B110","","Reception desk","3","NONE","AUTHORISED","b5c2b90a-bc5f-4b22-bc35-b1a2f9bfc811"
"2018-05-31","SPEND","ULearn Limited Current account","Indeed Recruitment","15273496","214.25","B110","","May 2018 Advertising on Indeed.com Vat 23%","214.25","NONE","AUTHORISED","bd616d57-3b12-4c36-8053-cedd2a0bfd1e"
"2018-06-14","SPEND","ULearn Limited Current account","Ikea","39459","187.5","B102","","Supplies for a new reception (11 Harcourt street)","187.5","NONE","AUTHORISED","41f1f6b1-62a9-4f9c-87ea-88ff6a7fc585"
"2018-06-11","RECEIVE","ULearn Limited Current account","ULearn-Student","Valitor M5244514   GP","4641.65","100","","Valitor Merch A/C","4641.65","NONE","AUTHORISED","e2699023-fb63-4c36-8fd2-cc9081875363"
"2018-06-15","SPEND","ULearn Limited Current account","Curry's PC World","","399","B117","","Laptop","399","NONE","AUTHORISED","276c55e6-94f5-450e-a57d-d3aa7af9b9af"
"2018-06-14","SPEND","ULearn Limited Current account","Camden Promotions Ltd","3015","307.5","B113","","promotions / marketing","307.5","NONE","AUTHORISED","67f5a91d-30e9-4983-b023-de5d88245210"
"2018-06-12","RECEIVE","ULearn Limited Current account","ULearn-Student","Valitor M5253352   GP","195.92","100","","Valitor Merch A/C","195.92","NONE","AUTHORISED","ef623ed1-3c34-440a-b3b7-a9bb0d7a5931"
"2018-06-13","SPEND","ULearn Limited Current account","Google - CARD","","99.99","B110","","Ulearn ","99.99","NONE","AUTHORISED","de0240b6-b7ae-40d2-9379-cb5f2ab0cdab"
"2018-06-13","RECEIVE","ULearn Limited Current account","ULearn-Student","Valitor M5262156   GP","728.78","100","","Valitor Merch A/C","728.78","NONE","AUTHORISED","e7d11e72-5e1e-4c09-930c-b07ca48ad61b"
"2018-06-13","SPEND","ULearn Limited Current account","Bord Gais Energy - DD","BORD GAIS EIR SEPA DD","321.83","B105A","","Gas ","321.83","NONE","AUTHORISED","92ea578a-cc4a-4b35-80ce-8f4cf5351c95"
"2018-06-14","SPEND","ULearn Limited Current account","EIRCOM","EIRCOM TIS    SEPA DD","62.42","B104","","Telephone & Internet","62.42","NONE","AUTHORISED","30590a81-6437-43d8-a4c7-aec35a8dc219"
"2018-06-14","RECEIVE","ULearn Limited Current account","ULearn-Student","ULS2018 06 14 GP","6155","100","","ULearn-Student","6155","NONE","AUTHORISED","314df408-944e-4f69-8881-a311f56897e9"
"2018-06-13","SPEND","ULearn Limited Current account","Google - CARD","","500","B110","","Ulearn ","500","NONE","AUTHORISED","532c9c6b-7c89-4564-8cb8-b414b34094b0"
"2018-06-12","RECEIVE","ULearn Limited Current account","ULearn-Student","ROSELENA GONCALVES","284","100","","ULearn-Student","284","NONE","AUTHORISED","9804c6d5-764c-4dcd-ba36-ac410ece8098"
"2018-06-13","RECEIVE","ULearn Limited Current account","ULearn-Student","ZZ13I3A4SFDPAEJIY GP","535","100","","ULearn-Student","535","NONE","AUTHORISED","79915bc8-755d-4167-86c2-9e0269aa3810"
"2018-06-14","RECEIVE","ULearn Limited Current account","ULearn-Student","P20171359","542.5","100","","ULearn-Student","542.5","NONE","AUTHORISED","e0776bb8-0ed5-4184-8169-9a7ccb824610"
"2018-06-18","SPEND","ULearn Limited Current account","Xero Subscription - CARD","IN-1030670","25.99","B106","","ULearn. Monthly Subscription, Standard Price Plan, 17 May 2018 to 16 Jun 2018","25.99","NONE","AUTHORISED","e1bb6494-87c3-4c05-922c-dc4d7720b914"
"2018-06-18","SPEND","ULearn Limited Current account","Ikea","972743920","37.5","B102","","drawers for the reception in 11 (new reception desk)","37.5","NONE","AUTHORISED","b8276e5b-fbd4-4c2b-a58b-af1f44ba80c7"
"2018-06-15","SPEND","ULearn Limited Current account","Airport Taxi","POS13JUN AIRPORT TAXI","33","A104","","Airport Transfer","33","NONE","AUTHORISED","b261a404-d074-4f2c-a805-aed455e8b261"
"2018-06-19","SPEND","ULearn Limited Current account","Cambridge English School","004076","147.28","A107","","Payment receipt for Margarita Kaznakhovskiya’s end-of-course exam: Cambridge FIRST","147.28","NONE","AUTHORISED","aea185c1-54cc-47a2-8c01-b276ef733bba"
"2018-06-19","SPEND","ULearn Limited Current account","Cambridge English School","004075","97.24","A107","","Payment receipt for Sergei Kaznakhovskii’s end-of-course exam: Cambridge PET","97.24","NONE","AUTHORISED","d4ce7c5f-358d-47c3-8d12-f3be9febfbc1"
"2018-06-11","SPEND","ULearn Limited Current account","LETSHOST IBANIE11AIBK93131411670079","","24.59","B106","","Ulearn ","24.59","NONE","AUTHORISED","53a0aa31-70ef-4112-99cf-f60ccc366754"
"2018-06-15","RECEIVE","ULearn Limited Current account","ULearn-Student","ULS2018 06 15","2780","100","","ULearn-Student","2780","NONE","AUTHORISED","e52a8618-5973-42a3-a314-d528612c9f54"
"2018-06-18","RECEIVE","ULearn Limited Current account","ULearn-Student","ULS2018 06 18 GP","3870","100","","ULearn-Student","3870","NONE","AUTHORISED","aeb04e60-e321-46df-bb67-98727c7adff1"
"2018-06-19","SPEND","ULearn Limited Current account","Spotify","POS15JUN PAYPAL *SPOT","9.99","A108","","School Spotify Sub","9.99","NONE","AUTHORISED","9256e114-56a0-49e5-8d7b-ab0a30096fca"
"2018-06-19","SPEND","ULearn Limited Current account","Airport Taxi","POS15JUN AIRPORT TAXI","37","A104","","Airport Transfer","37","NONE","AUTHORISED","2809e985-8324-4920-ad52-95a651c6ef78"
"2018-06-19","RECEIVE","ULearn Limited Current account","ULearn-Student","Valitor M5309581   GP","1417.14","100","","Valitor Merch A/C","1417.14","NONE","AUTHORISED","803ea8db-6454-449a-bac2-9e04de0c5b70"
"2018-06-21","SPEND","ULearn Limited Current account","GoDaddy.com, LLC - CARD","","60.24","B106","","Domain renewals","60.24","NONE","AUTHORISED","0a2af615-7098-4ba9-a3f7-9225bfbcfd0a"
"2018-06-20","RECEIVE","ULearn Limited Current account","ULearn-Student","ULS2018 06 20 GP","1446","100","","ULearn-Student","1446","NONE","AUTHORISED","8d50887d-2278-4889-b372-938ae596b76d"
"2018-06-19","RECEIVE","ULearn Limited Current account","ULearn-Student","ULS2018 06 19 GP","1865","100","","ULearn-Student","1865","NONE","AUTHORISED","aca5dc24-bce2-4d50-950e-ba22409ac4ad"
"2018-06-15","SPEND","ULearn Limited Current account","LinguaTrip.com","","38.36","B113","","Interpay Overage Payments","38.36","NONE","AUTHORISED","d4b9defc-2135-4212-a0d7-a6498f307a48"
"2018-06-20","SPEND","ULearn Limited Current account","Booking.com","Russia Conference","143.87","B112","","Russia conference - Liga's hotel booking","143.87","NONE","AUTHORISED","203d65b4-efed-472d-a0d5-a4978a891438"
"2018-06-20","SPEND","ULearn Limited Current account","EXPEDIA","Moscow conference","265.14","B112","","Flights for Liga","265.14","NONE","AUTHORISED","1696c603-97d8-4106-8053-e6c89a7b7aa5"
"2018-06-22","SPEND","ULearn Limited Current account","Flogas SEPA - DD","","139.6","B105","","Flogas","139.6","NONE","AUTHORISED","72fbad3d-37e8-47d8-a251-0066e0cd1132"
"2018-07-02","SPEND","ULearn Limited Current account","GRENKE LIMITED","Grenke Limite SEPA DD","922.5","B102","","Fingerprint & Camera Security","922.5","NONE","AUTHORISED","cb2e8c58-c088-4de0-be94-01dc89e2bf08"
"2018-07-03","SPEND","ULearn Limited Current account","Airport Taxi","POS29JUN AIRPORT TAXI","49","A104","","Airport Transfer","49","NONE","AUTHORISED","a33bfe08-5614-492c-a52e-0407186fc489"
"2018-07-03","SPEND","ULearn Limited Current account","Google - CARD","POS01JUL GOOGLE *SVCS","73.8","B106","","Google Apps Bus","73.8","NONE","AUTHORISED","6b0c3425-f68c-4fd1-bd40-04e67c9de131"
"2018-07-02","SPEND","ULearn Limited Current account","GoDaddy.com, LLC - CARD","","27.04","B106","","Hosting","27.04","NONE","AUTHORISED","2b152e87-ef06-401d-86d2-0acdec59bff6"
"2018-06-22","SPEND","ULearn Limited Current account","Flogas SEPA - DD","","97.58","B105","","Flogas","97.58","NONE","AUTHORISED","95f0206c-9f4d-4eec-9849-104b9336eae1"
"2018-07-03","SPEND","ULearn Limited Current account","PREPAYPOWER","POS29JUN PREPAYPOWER","100","B105A","","Electricity Prepaid","100","NONE","AUTHORISED","be8537cf-28b6-42a7-bd50-0c29ffb03cc1"
"2018-07-05","SPEND","ULearn Limited Current account","Github - CARD","P0307US  7.00@1.16279","6.02","B106","","Github Repos","6.02","NONE","AUTHORISED","900a5199-9453-40ce-93b6-0ee1b661e759"
"2018-07-09","RECEIVE","ULearn Limited Current account","ULearn-Student","Valitor M5473284   GP","426.24","100","","Valitor Merch A/C","426.24","NONE","AUTHORISED","96795c52-2127-4146-a23a-20ef49a24c92"
"2018-07-10","SPEND","ULearn Limited Current account","IndexDirect.ie","","165.83","B121","","Tripod Projection Screen","165.83","NONE","AUTHORISED","0cf1e043-6578-41b9-87df-0c5b32506dd6"
"2018-06-29","SPEND","ULearn Limited Current account","EIRCOM","account number 32461032","63.91","B104","","May bill","63.91","NONE","AUTHORISED","5248ce20-42c3-4cec-bcc2-3be3bd9ca93b"
"2018-06-21","RECEIVE","ULearn Limited Current account","ULearn-Student","Valitor M5339934   GP","2709.88","100","","Valitor Merch A/C","2709.88","NONE","AUTHORISED","36cc952e-30e4-4073-acc1-487ca16b4ccb"
"2018-06-22","SPEND","ULearn Limited Current account","Flogas SEPA - DD","","89.82","B105","","Flogas","89.82","NONE","AUTHORISED","745aa550-1c02-48d4-bd6a-4ca637034934"
"2018-06-25","SPEND","ULearn Limited Current account","Airport Taxi","POS21JUN AIRPORT TAXI","38","A104","","Airport Transfer","38","NONE","AUTHORISED","1ad231a1-171a-4673-a228-44c4b04db6cd"
"2018-06-25","SPEND","ULearn Limited Current account","Airport Taxi","POS21JUN AIRPORT TAXI","49","A104","","Airport Transfer","49","NONE","AUTHORISED","65ee5de5-ec06-4acd-889d-32f12ce39776"
"2018-06-28","RECEIVE","ULearn Limited Current account","ULearn-Student","Valitor M5397506   GP","1855.56","100","","Valitor Merch A/C","1855.56","NONE","AUTHORISED","d9a3481e-661b-43ea-82d2-440e00ff9fcd"
"2018-06-29","SPEND","ULearn Limited Current account","SOFTWARE","","0.18","B106","","Misc Software / Hosting","0.18","NONE","AUTHORISED","7f6f9a9a-c9b7-46f6-8310-369890e769cc"
"2018-06-28","SPEND","ULearn Limited Current account","Virgin Media","","87.5","A101","","Internet & TV Apartments","87.5","NONE","AUTHORISED","07c98443-3ce8-46cb-acf1-35237af49038"
"2018-07-02","SPEND","ULearn Limited Current account","Airport Taxi","POS28JUN AIRPORT TAXI","49","A104","","Airport Transfer","49","NONE","AUTHORISED","792d2d9c-1fd6-4e2d-bb3d-2b50e10b0b5f"
"2018-07-03","SPEND","ULearn Limited Current account","Airport Taxi","POS29JUN AIRPORT TAXI","57","A104","","Airport Transfer","57","NONE","AUTHORISED","20cba6f0-da31-433b-9ef8-301ec7186a4a"
"2018-06-29","RECEIVE","ULearn Limited Current account","ULearn-Student","ULS2018 06 29 GP","3873.5","100","","ULearn-Student","3873.5","NONE","AUTHORISED","8d285de3-ae03-46ea-bd68-2e8b591e1b00"
"2018-07-02","RECEIVE","ULearn Limited Current account","ULearn-Student","ULS2018 07 02 GP","2152","100","","ULearn-Student","2152","NONE","AUTHORISED","b5ca388e-f3e5-423a-a1de-3449362dcbb1"
"2018-07-05","RECEIVE","ULearn Limited Current account","ULearn-Student","P2018437","500","100","","ULearn-Student","500","NONE","AUTHORISED","529ecc24-6915-4493-99e0-276fab57ce36"
"2018-07-09","SPEND","ULearn Limited Current account","PREPAYPOWER","POS05JUL PREPAYPOWER","100","B105A","","Electricity Prepaid","100","NONE","AUTHORISED","35aeeabb-6549-45f3-bc95-3e3257ddf646"
"2018-07-10","RECEIVE","ULearn Limited Current account","ULearn-Student","ULS2018 07 10 GP","665","100","","ULearn-Student","665","NONE","AUTHORISED","ea2be213-4796-438b-b0aa-3a3894f7c904"
"2018-06-22","SPEND","ULearn Limited Current account","BOI LIFE INSURANCE","OP/BoI LIFE   SEPA DD","51.03","B119","","Life Insurance BOI","51.03","NONE","AUTHORISED","d7d07b14-d1cb-4901-9a14-59789d66fb70"
"2018-06-22","SPEND","ULearn Limited Current account","Flogas SEPA - DD","","79.73","B105","","Flogas","79.73","NONE","AUTHORISED","58c6cd85-5600-4e20-af5c-5f14ef128961"
"2018-06-22","RECEIVE","ULearn Limited Current account","ULearn-Student","Valitor M5348321   GP","199.15","100","","Valitor Merch A/C","199.15","NONE","AUTHORISED","928eab08-aca3-40c0-a068-8c83d87de6ef"
"2018-06-22","SPEND","ULearn Limited Current account","BOI","","190.71","B127","","Bank Charges","190.71","NONE","AUTHORISED","5a6fe3dd-02ae-480e-ba9f-4e57ed918141"
"2018-06-22","SPEND","ULearn Limited Current account","EIRCOM","","159.79","B104","","Ciaran and Neils mobile phones","159.79","NONE","AUTHORISED","3b3b5b08-1892-4e2c-a853-695a6c2a9d1b"
"2018-06-25","SPEND","ULearn Limited Current account","BOI LIFE INSURANCE","OP/BoI LIFE   SEPA DD","47.05","B119","","Life Insurance BOI","47.05","NONE","AUTHORISED","4008f1b2-7dcb-4aca-964c-560de138da3b"
"2018-06-25","RECEIVE","ULearn Limited Current account","ULearn-Student","Valitor M5357053   GP","2045.06","100","","Valitor Merch A/C","2045.06","NONE","AUTHORISED","e0e6e999-1175-4eba-a42a-788c1b26cf37"
"2018-06-25","RECEIVE","ULearn Limited Current account","ULearn-Student","ULS2018 06 25 GP","7580","100","","ULearn-Student","7580","NONE","AUTHORISED","f4fcb17f-b968-4747-8bb8-520991ecaef3"
"2018-06-29","SPEND","ULearn Limited Current account","Airport Taxi","POS27JUN AIRPORT TAXI","57","A104","","Airport Transfer","57","NONE","AUTHORISED","3288bae2-6558-466a-afda-6eb872930f3c"
"2018-06-29","SPEND","ULearn Limited Current account","Audible - CARD","P2706GB  7.99@.879955","9.08","B121","","Audio Books School","9.08","NONE","AUTHORISED","fac04b3c-f4a3-47dc-9416-58ffc3fa5c17"
"2018-06-29","SPEND","ULearn Limited Current account","Airport Taxi","POS27JUN AIRPORT TAXI","39","A104","","Airport Transfer","39","NONE","AUTHORISED","8572460d-92e7-47dc-9ae8-5120851432a6"
"2018-06-29","RECEIVE","ULearn Limited Current account","ULearn-Student","Valitor M5405913   GP","2014.01","100","","Valitor Merch A/C","2014.01","NONE","AUTHORISED","f5a81298-4ac8-4bcc-b5e9-6695ac292f01"
"2018-07-06","SPEND","ULearn Limited Current account","Reads Printing & Design","","60","B116","","Lanyards And Name Tags","60","NONE","AUTHORISED","8fa87d9d-d617-4664-bb8e-6e6d9408a8d9"
"2018-07-03","SPEND","ULearn Limited Current account","Airport Taxi","POS29JUN AIRPORT TAXI","54","A104","","Airport Transfer","54","NONE","AUTHORISED","7191ac8b-d6d0-45e0-bfaf-72d82b784937"
"2018-07-03","SPEND","ULearn Limited Current account","SOFTWARE","POS CHG USD       30","0.52","B106","","Misc Software / Hosting","0.52","NONE","AUTHORISED","45a3a1af-ed64-488f-817a-6d9ff4cc2e25"
"2018-07-05","SPEND","ULearn Limited Current account","Virgin Media","","113.49","A101","","Internet & TV Apartments","113.49","NONE","AUTHORISED","32bda658-cc6c-4379-aae5-741ea5004647"
"2018-07-05","RECEIVE","ULearn Limited Current account","ULearn-Student","Valitor M5455577   GP","323.33","100","","Valitor Merch A/C","323.33","NONE","AUTHORISED","b0d9c989-4df1-4f95-8c30-8c764adb0169"
"2018-06-28","RECEIVE","ULearn Limited Current account","ULearn-Student","ULS2018 06 28 GP","1945.5","100","","ULearn-Student","1945.5","NONE","AUTHORISED","bb6a1a0a-41b6-4370-9e5e-860b3441d4e5"
"2018-07-03","RECEIVE","ULearn Limited Current account","ULearn-Student","ULS2018 07 03 GP","3940.4","100","","ULearn-Student","3940.4","NONE","AUTHORISED","6cbb017b-554e-4b1a-92d7-51cba86f8def"
"2018-07-05","RECEIVE","ULearn Limited Current account","ULearn-Student","ULS2018 07 05 GP","4132","100","","ULearn-Student","4132","NONE","AUTHORISED","62f4bf01-8b42-49ac-87d4-7280d7d3f9fa"
"2018-07-03","SPEND","ULearn Limited Current account","Argos","840-9548","21.99","B102","","Pedal bin","21.99","NONE","AUTHORISED","93124709-cefd-4622-82b7-5485c573e21e"
"2018-07-02","SPEND","ULearn Limited Current account","The Bernard Shaw","","75.8","A109","","Social activities","75.8","NONE","AUTHORISED","2122ee4f-d416-41d3-8605-7b0f3bb1f9e9"
"2018-07-04","SPEND","ULearn Limited Current account","Elliotts - CARD","101000120485","150.22","A108","","Social activities","150.22","NONE","AUTHORISED","92c7a9e1-a4c9-4d6e-bc28-5a411717469b"
"2018-07-05","SPEND","ULearn Limited Current account","Argos","618-0986","54.99","B102","","Vacuum cleaner","54.99","NONE","AUTHORISED","b4d6cfba-b287-48c4-bb62-73073ad24ada"
"2018-07-06","RECEIVE","ULearn Limited Current account","ULearn-Student","Valitor M5464203   GP","8494.37","100","","Valitor Merch A/C","8494.37","NONE","AUTHORISED","7e8be61e-ab0d-472b-90a1-8ae90cb0d63c"
"2018-07-09","SPEND","ULearn Limited Current account","Airport Taxi","POS05JUL AIRPORT TAXI","33","A104","","Airport Transfer","33","NONE","AUTHORISED","7d39437f-7fea-46e1-9e75-784411ad8e32"
"2018-07-06","SPEND","ULearn Limited Current account","Bus Tickets","bus for a group","4560","A104","","Bus for a group","4560","NONE","AUTHORISED","adcf6d9d-7e3e-4f7f-8394-51a575c326f2"
"2018-07-10","RECEIVE","ULearn Limited Current account","ULearn-Student","Valitor M5482662   GP","532.04","100","","Valitor Merch A/C","532.04","NONE","AUTHORISED","5908f750-2fdb-4387-af7a-8053cb84a3d9"
"2018-07-05","SPEND","ULearn Limited Current account","Bildungsurlaub-Approva"," 23262 ","238","B113","","Von 13.07.2018 bis 13.07.2019; Duration: 1 year,
Marketing Package Dublin","200","NONE","AUTHORISED","7ff419d0-e6dc-4528-95b5-6c0fbd3cc5d0"
"2018-07-10","SPEND","ULearn Limited Current account","My Taxi","","26.2","A104","","Casna Group 2018","26.2","NONE","AUTHORISED","76f1ec9f-236e-41a4-8097-6447b1578221"
"2018-07-10","SPEND","ULearn Limited Current account","My Taxi","","27.4","A104","","Casna Group 2018","27.4","NONE","AUTHORISED","9ae1e261-42ab-439e-86f7-5a651030cce6"
"2018-07-10","SPEND","ULearn Limited Current account","My Taxi","","63.3","A104","","Casna Group 2018","63.3","NONE","AUTHORISED","bd46900b-e42d-41ed-8c89-54bf3723f6e6"
"2018-06-21","RECEIVE","ULearn Limited Current account","ULearn-Student","ULS2018 06 21 GP","6589","100","","ULearn-Student","6589","NONE","AUTHORISED","f0ed86af-26de-4068-a2eb-d180e289be6d"
"2018-06-22","SPEND","ULearn Limited Current account","Flogas SEPA - DD","","94.08","B105","","Flogas","94.08","NONE","AUTHORISED","b614f331-636d-46b2-bdae-ce2573958590"
"2018-06-25","SPEND","ULearn Limited Current account","Zopim - CARD","P2006US 14.00@1.15036","12.17","B106","","Zopim Chat Module","12.17","NONE","AUTHORISED","285deb7a-bed6-4653-9b5c-cc8487ef58a9"
"2018-06-25","SPEND","ULearn Limited Current account","SOFTWARE","POS CHG USD       14","0.24","B106","","Misc Software / Hosting","0.24","NONE","AUTHORISED","1aa1cadd-ed44-448f-9d15-fc63225f3d9d"
"2018-06-28","SPEND","ULearn Limited Current account","THE HR COMPANY - DD","49112","141.45","B118","","HR subscription services","141.45","NONE","AUTHORISED","d8f83769-b72e-45af-b18c-a32ca9903970"
"2018-06-26","SPEND","ULearn Limited Current account","Airport Taxi","POS22JUN AIRPORT TAXI","59","A104","","Airport Transfer","59","NONE","AUTHORISED","7ef08c81-2706-4e72-a9f4-ee52a86449c9"
"2018-06-26","SPEND","ULearn Limited Current account","Google - CARD","POS23JUN GOOGLE *ADWS","500","B110","","Google Adwords","500","NONE","AUTHORISED","913371b2-c31a-49e9-85ea-98b06246a2fb"
"2018-06-27","RECEIVE","ULearn Limited Current account","ULearn-Student","Valitor M5375756   GP","587.96","100","","Valitor Merch A/C","587.96","NONE","AUTHORISED","111b74d9-bee4-4d90-a442-f9e460eebef8"
"2018-06-26","RECEIVE","ULearn Limited Current account","ULearn-Student","Valitor M5366028   GP","2836.55","100","","Valitor Merch A/C","2836.55","NONE","AUTHORISED","8c3beb75-f656-4178-b733-902e2ab97abf"
"2018-06-29","SPEND","ULearn Limited Current account","Airport Taxi","POS27JUN AIRPORT TAXI","49","A104","","Airport Transfer","49","NONE","AUTHORISED","9bddbf80-84c5-4eeb-9ec5-c953ed6b30fe"
"2018-06-29","SPEND","ULearn Limited Current account","Airport Taxi","POS27JUN AIRPORT TAXI","39","A104","","Airport Transfer","39","NONE","AUTHORISED","3827c4f8-6de3-49c6-ac4f-e445c779a778"
"2018-06-26","SPEND","ULearn Limited Current account","SOFTWARE","POS22JUN ADOBE  CREAT","30.74","B106","","Software / Hosting","30.74","NONE","AUTHORISED","5fa1744c-b4e7-4e02-84e1-f3da154b7283"
"2018-07-02","SPEND","ULearn Limited Current account","Airport Taxi","POS28JUN AIRPORT TAXI","38","A104","","Airport Transfer","38","NONE","AUTHORISED","057b2d99-0e66-476d-b68c-d8ee3806e697"
"2018-07-02","SPEND","ULearn Limited Current account","GoDaddy.com, LLC - CARD","","10.95","B106","","Hosting","10.95","NONE","AUTHORISED","6687f2df-d191-4540-acb0-d8075ab5744f"
"2018-07-02","SPEND","ULearn Limited Current account","Google - CARD","POS28JUN GOOGLE *ADWS","500","B110","","Google Adwords","500","NONE","AUTHORISED","91465161-2d9a-4826-8720-fb16575a2a48"
"2018-07-02","SPEND","ULearn Limited Current account","HighRise - CARD","P2806US 49.00@1.15266","42.51","B106","","HighRise CRM Software","42.51","NONE","AUTHORISED","dba7f1a4-c84e-40f2-8fb3-cf9f78e7a7fd"
"2018-07-02","RECEIVE","ULearn Limited Current account","ULearn-Student","Valitor M5414723   GP","683.84","100","","Valitor Merch A/C","683.84","NONE","AUTHORISED","c4e62f25-efd8-406e-a538-e22c014fcd77"
"2018-07-02","SPEND","ULearn Limited Current account","SOFTWARE","POS CHG USD       49","0.85","B106","","Misc Software / Hosting","0.85","NONE","AUTHORISED","d67401eb-9d47-4a6e-9e1b-ba658b383c5b"
"2018-07-03","SPEND","ULearn Limited Current account","Netflix","","10.99","B115","","School Social Netflix A/C","10.99","NONE","AUTHORISED","c8f666eb-8a18-482a-be4d-f7ccddbd35c9"
"2018-07-03","RECEIVE","ULearn Limited Current account","ULearn-Student","Valitor M5423881   GP","881.99","100","","Valitor Merch A/C","881.99","NONE","AUTHORISED","262dfc55-ea35-4353-92c1-fcf5586e574a"
"2018-07-04","RECEIVE","ULearn Limited Current account","ULearn-Student","Valitor M5433049   GP","3540.66","100","","Valitor Merch A/C","3540.66","NONE","AUTHORISED","49108849-457f-481c-9d98-def30cffa50d"
"2018-07-05","SPEND","ULearn Limited Current account","SOFTWARE","POS CHG USD        7","0.12","B106","","Misc Software / Hosting","0.12","NONE","AUTHORISED","d0700888-aa11-4d6e-9f7e-c3399302fc6e"
"2018-07-02","SPEND","ULearn Limited Current account","New Ireland","","185","B120","","Ulearn ","185","NONE","AUTHORISED","7c94362b-c249-4461-a65f-ab24071d1962"
"2018-06-27","RECEIVE","ULearn Limited Current account","ULearn-Student","ULS2018 06 27 GP","6258","100","","ULearn-Student","6258","NONE","AUTHORISED","286d1fa2-8dfd-4421-9216-b10e9f8ba837"
"2018-07-02","RECEIVE","ULearn Limited Current account","ULearn-Student","Ksenia Kulik stude GP","4865","100","","ULearn-Student","4865","NONE","AUTHORISED","e0385da6-107f-4109-92c0-9858b4eb039f"
"2018-07-03","SPEND","ULearn Limited Current account","ToutApp - CARD","P3006US 30.00@1.15562","25.96","B106","","ToutApp Email Software","25.96","NONE","AUTHORISED","90cd15d0-fb08-4a24-b9a1-dca5e08e79ec"
"2018-07-03","SPEND","ULearn Limited Current account","GoDaddy.com, LLC - CARD","","32.92","B106","","Hosting","32.92","NONE","AUTHORISED","13851263-2b7a-44b3-813c-bf1964947ebc"
"2018-07-03","RECEIVE","ULearn Limited Current account","ULearn-Student","Hafen Alexandra / GP","5846.25","100","","ULearn-Student","5846.25","NONE","AUTHORISED","b74f5693-1e89-4c7c-8570-bc1c5d396e50"
"2018-07-04","RECEIVE","ULearn Limited Current account","ULearn-Student","ULS2018 07 04 GP","5205","100","","ULearn-Student","5205","NONE","AUTHORISED","d0940cf4-366f-4ecf-a0dc-a55b7f4c52ab"
"2018-07-09","SPEND","ULearn Limited Current account","BOOK OF KELLS - CARD","","800","A109B","","Group Activity","800","NONE","AUTHORISED","50a677ed-9d0b-4dc7-a4e6-c7f9c9ccbbaf"
"2018-07-09","SPEND","ULearn Limited Current account","The Bleeding Horse","","61.4","A109","","Student Drinks","61.4","NONE","AUTHORISED","07095522-9cd2-4bd1-916e-cebfe4e6cf58"
"2018-07-06","SPEND","ULearn Limited Current account","Google - CARD","POS04JUL GOOGLE *ADWS","500","B110","","Google Adwords","500","NONE","AUTHORISED","a8442b39-e57b-4d8f-9ed1-c83a47979913"
"2018-07-06","SPEND","ULearn Limited Current account","SOFTWARE","POS CHG USD      480","8.26","B106","","Misc Software / Hosting","8.26","NONE","AUTHORISED","6542a48f-f371-4532-be1f-a8e739ff37cc"
"2018-07-06","SPEND","ULearn Limited Current account","Taxi","taxi trip ","22.4","B102","","Taxi - 11 Harcourt street to 22 Kilbarron Road, Coolock","22.4","NONE","AUTHORISED","dfce1fc5-477f-4289-9f00-9c4db0898138"
"2018-07-06","SPEND","ULearn Limited Current account","Airport Taxi","POS04JUL AIRPORT TAXI","57","A104","","Airport Transfer","57","NONE","AUTHORISED","f6d796a9-9f83-4522-8a8d-98297a004533"
"2018-07-06","SPEND","ULearn Limited Current account","Airport Taxi","POS04JUL AIRPORT TAXI","33","A104","","Airport Transfer","33","NONE","AUTHORISED","ecd98852-16d5-4cd7-9ee5-db642fd51a3d"
"2018-07-06","SPEND","ULearn Limited Current account","Airport Taxi","POS04JUL AIRPORT TAXI","57","A104","","Airport Transfer","57","NONE","AUTHORISED","4c478240-fc08-4915-9b08-96bcbd69a9a2"
"2018-06-30","SPEND","ULearn Limited Current account","Indeed Recruitment","15903856","210.54","B110","","June 18 - Advertising on Indeed.com Vat 23%","210.54","NONE","AUTHORISED","d917a53e-bdff-4f00-9559-f2066cd4d21a"
"2018-06-27","SPEND","ULearn Limited Current account","Indeed Recruitment","15509818","615.48","B110","","June 18 Advertising on Indeed.com Vat 23%","615.48","NONE","AUTHORISED","cc9033e7-48d1-415a-ad5f-9f41c2f615d2"
"2018-07-06","RECEIVE","ULearn Limited Current account","ULearn-Student","35011602 P2018263 GP","408","100","","ULearn-Student","408","NONE","AUTHORISED","4043dc5c-92d9-4700-ac28-b761a3040145"
"2018-07-06","RECEIVE","ULearn Limited Current account","ULearn-Student","ULS2018 07 06 GP","7360","100","","ULearn-Student","7360","NONE","AUTHORISED","4d8fa43b-5703-4492-ab78-b9dd6077c7b7"
"2018-07-02","SPEND","ULearn Limited Current account","EIRCOM","","1167.2","B104","","May bill","1167.2","NONE","AUTHORISED","36f58d67-a7f9-4878-afb5-996225611939"
"2018-07-09","SPEND","ULearn Limited Current account","Airport Taxi","POS05JUL AIRPORT TAXI","33","A104","","Airport Transfer","33","NONE","AUTHORISED","2f60a37f-3012-4b91-8ada-fabcf969c894"
"2018-07-09","SPEND","ULearn Limited Current account","Airport Taxi","POS05JUL AIRPORT TAXI","38","A104","","Airport Transfer","38","NONE","AUTHORISED","e7692cb6-def7-4815-95a7-f27b38e9ce85"
"2018-07-10","SPEND","ULearn Limited Current account","SOFTWARE","POS CHG USD       19","0.34","B106","","Misc Software / Hosting","0.34","NONE","AUTHORISED","5886333c-7342-46af-bb7e-eb5872cdb0fd"
"2018-07-10","SPEND","ULearn Limited Current account","PREPAYPOWER","POS08JUL PREPAYPOWER","100","B105A","","Electricity Prepaid","100","NONE","AUTHORISED","3e666388-bf87-4e80-8a80-afcdda7e6329"
"2018-07-09","RECEIVE","ULearn Limited Current account","ULearn-Student","ULS2018 07 09 GP","1485","100","","ULearn-Student","1485","NONE","AUTHORISED","d36f32f1-7898-484e-a65b-cecf8f769698"
"2018-07-09","RECEIVE","ULearn Limited Current account","ULearn-Student","Q1 and Q2 linguaen GP","1545.5","100","","ULearn-Student","1545.5","NONE","AUTHORISED","77d1691a-a31e-42ce-b264-f517dae3120b"
"2018-07-10","RECEIVE","ULearn Limited Current account","ULearn-Student","2X CASIL VIAGENS E T","1000","100","","ULearn-Student","1000","NONE","AUTHORISED","6ffaf014-3ba0-428f-b070-f63ff19aff49"
"2018-07-10","SPEND","ULearn Limited Current account","GLOBAL TAXIS","Italian group","105.9","A104","","Italian group","105.9","NONE","AUTHORISED","364ea982-a893-4b37-acb3-8dcdab3b3053"
"2018-07-10","SPEND","ULearn Limited Current account","GLOBAL TAXIS","","77.69","A104","","Italian group ","77.69","NONE","AUTHORISED","21b0480c-c099-4dfa-bbfc-e573ae421ea8"
"2018-07-10","SPEND","ULearn Limited Current account","Companies Registration Office","9584011","7.5","B102","","Ulearn ","7.5","NONE","AUTHORISED","7e3663f0-c103-42a1-9c00-e0ce8ccd9142"
"2018-07-10","SPEND","ULearn Limited Current account","My Taxi","","33","A104","","Casna Group 2018","33","NONE","AUTHORISED","60f71da4-5502-4a33-a692-d6123c2162c5"
"2018-07-10","SPEND","ULearn Limited Current account","My Taxi","","42.2","A104","","Casna Group 2018","42.2","NONE","AUTHORISED","c8ca6516-45b0-47ec-9b70-9260b7b48470"
"2018-07-10","SPEND","ULearn Limited Current account","Bord Gais Energy - DD","","99","B105A","","Gas bill for Capel","99","NONE","AUTHORISED","7bc0e658-101d-4f73-9e03-be404aaba020"
"2018-07-24","RECEIVE","ULearn Limited Current account","ULearn-Student","ulearn 2008 deposi GP","20000","100","","ULearn-Student","20000","NONE","AUTHORISED","c9d224f2-6a9f-434b-a7a6-05363b2a7b6a"
"2018-07-13","SPEND","ULearn Limited Current account","No Name Bar","","175.7","B115","","Drinks","175.7","NONE","AUTHORISED","9750a4f2-1870-4c58-884b-05445ee27f4e"
"2018-07-16","SPEND","ULearn Limited Current account","GoDaddy.com, LLC - CARD","","45.83","B106","","Hosting","45.83","NONE","AUTHORISED","99c992e4-d19e-4db7-803c-0a042885f567"
"2018-07-14","SPEND","ULearn Limited Current account","Apache Pizza","","22","B115","","Pizza","22","NONE","AUTHORISED","8121754a-e8fb-41d9-95e5-11427588cc4d"
"2018-07-17","SPEND","ULearn Limited Current account","National Wax Museum","","450.5","A109B","","Social activities - group 2018","450.5","NONE","AUTHORISED","2ed27855-2615-4d7a-bd4e-1e1b89e94042"
"2018-07-20","SPEND","ULearn Limited Current account","Whelan's Pub","004687","115","A109","","Social activities- group 2018","115","NONE","AUTHORISED","76581eb7-558e-4982-a8e7-0d4f5114df94"
"2018-07-23","SPEND","ULearn Limited Current account","The Bleeding Horse","","3","A109","","Social activities","3","NONE","AUTHORISED","5eecc516-658a-4a74-91cd-1b7d735cc72e"
"2018-07-23","SPEND","ULearn Limited Current account","BOI LIFE INSURANCE","OP/BoI LIFE   SEPA DD","51.03","B119","","Life Insurance BOI","51.03","NONE","AUTHORISED","52a7067a-b6d2-45a0-850d-13d870ee09ff"
"2018-07-18","SPEND","ULearn Limited Current account","Shannon Heritage","POS16JUL SHANNON HERI","159.5","A109B","","Italian group week 2","159.5","NONE","AUTHORISED","453359c4-8dbc-4dbc-90df-16b318cd3c46"
"2018-07-13","SPEND","ULearn Limited Current account","No Name Bar","","76.7","B115","","Drinks","76.7","NONE","AUTHORISED","3c4bda07-dc17-44fa-b548-27876883a859"
"2018-07-18","SPEND","ULearn Limited Current account","INLINE MARKETING","OR-040E72","48.75","B113","","Price lists 2018 and Ulearn tabbed brochure","48.75","NONE","AUTHORISED","1a12e07c-1e86-4cc6-b1f1-31a854fa1e87"
"2018-07-18","SPEND","ULearn Limited Current account","National Wax Museum","","459","A109B","","Social activities group 2018","459","NONE","AUTHORISED","060bfbf0-90f5-4bf5-8ae6-387bcfe168a0"
"2018-07-19","SPEND","ULearn Limited Current account","Airport Taxi","POS17JUL AIRPORT TAXI","39","A104","","Airport Transfer","39","NONE","AUTHORISED","b94ca957-41f4-4fd0-865d-279dce2fdcfa"
"2018-07-19","SPEND","ULearn Limited Current account","SOFTWARE","POS CHG USD       30","0.52","B106","","Misc Software / Hosting","0.52","NONE","AUTHORISED","f8c3d1ad-25f6-4ac8-b6b6-400eef326498"
"2018-07-19","RECEIVE","ULearn Limited Current account","ULearn-Student","Valitor M5573438   GP","1840.36","100","","Valitor Merch A/C","1840.36","NONE","AUTHORISED","41d7614f-b6a6-41d5-8a63-2a6330f036ca"
"2018-07-20","RECEIVE","ULearn Limited Current account","ULearn-Student","ULS2018 07 20 GP","495","100","","ULearn-Student","495","NONE","AUTHORISED","0cef25cf-9bdf-4271-b4be-31b9753eb3ea"
"2018-07-18","RECEIVE","ULearn Limited Current account","ULearn-Student","MOISES PESSOA","2097","100","","Ulearn Student","2097","NONE","AUTHORISED","176b4f71-def0-4403-b629-2db037011cf2"
"2018-07-23","SPEND","ULearn Limited Current account","BOI LIFE INSURANCE","OP/BoI LIFE   SEPA DD","47.05","B119","","Life Insurance BOI","47.05","NONE","AUTHORISED","e1caff3c-2445-44e6-9ca8-3f09c25159a4"
"2018-07-18","SPEND","ULearn Limited Current account","Shannon Heritage","POS16JUL SHANNON HERI","159.5","A109B","","Italian group week 2","159.5","NONE","AUTHORISED","254b16b2-b69f-49d1-bfc3-42e51aff7cd0"
"2018-07-11","SPEND","ULearn Limited Current account","GLOBAL TAXIS","italian group","104.9","A104","","Italian group taxi ","104.9","NONE","AUTHORISED","c2789434-ad69-47ee-8d24-41538469229f"
"2018-07-17","SPEND","ULearn Limited Current account","Brambles","","2.95","B115","","Ulearn ","2.95","NONE","AUTHORISED","045348f8-1fb4-4e28-80c4-2597370502d8"
"2018-07-17","SPEND","ULearn Limited Current account","GLOBAL TAXIS","","19.2","A104","","Casna Group 2018","19.2","NONE","AUTHORISED","7bb296fe-ceb4-4cb7-b78d-2187611f6779"
"2018-07-12","SPEND","ULearn Limited Current account","An Post","Liga visa","38.5","B102","","Liga visa","38.5","NONE","AUTHORISED","47226527-bda0-45e5-ab39-484d88745840"
"2018-07-13","SPEND","ULearn Limited Current account","No Name Bar","","73","B115","","Drinks","73","NONE","AUTHORISED","863c9188-d1ef-45b0-914b-887bf628b382"
"2018-07-10","SPEND","ULearn Limited Current account","Cazoomi - SyncApps - CARD","P0607US 19.98@1.16773","17.11","B106","","Sync Apps Recurring Subscription","17.11","NONE","AUTHORISED","f140b3b1-f92d-4703-a35c-5d8a6955abe3"
"2018-07-12","SPEND","ULearn Limited Current account","Google - CARD","POS10JUL GOOGLE *ADWS","500","B110","","Google Adwords","500","NONE","AUTHORISED","1453ba49-64bc-4011-a823-75cc9cf6eb2d"
"2018-07-12","RECEIVE","ULearn Limited Current account","ULearn-Student","Valitor M5514509   GP","2708.55","100","","Valitor Merch A/C","2708.55","NONE","AUTHORISED","e5d60f47-71a8-4567-a214-700955d8282a"
"2018-07-13","SPEND","ULearn Limited Current account","GoDaddy.com, LLC - CARD","","49.19","B106","","Hosting ","49.19","NONE","AUTHORISED","a1df6751-0d56-4e4d-9db9-66d6447141f0"
"2018-07-13","SPEND","ULearn Limited Current account","GoDaddy.com, LLC - CARD","","32.91","B106","","Hosting ","32.91","NONE","AUTHORISED","589dada1-bf37-44a2-8a25-6c22b3a298bd"
"2018-07-16","SPEND","ULearn Limited Current account","Butler's Pantry","","31.81","B115","","Cake","31.81","NONE","AUTHORISED","36090474-0089-438d-b1dc-72831a198fd1"
"2018-07-12","RECEIVE","ULearn Limited Current account","ULearn-Student","3X TIME 2 TRAVEL T2T","5018","100","","ULearn-Student","5018","NONE","AUTHORISED","9ac71e62-09a1-49ae-9d4c-7b927890cd64"
"2018-07-19","SPEND","ULearn Limited Current account","Green Bench","","5.3","B115","","Coffee","5.3","NONE","AUTHORISED","410dc6c0-3b05-4ac2-8763-7b3c91e4df1f"
"2018-07-16","SPEND","ULearn Limited Current account","BOI","EFT DD CHARGES","2.32","B127","","Bank Charges","2.32","NONE","AUTHORISED","6845f989-32d7-4802-b6a2-614d6e97debb"
"2018-07-16","SPEND","ULearn Limited Current account","BOI","EFT DD CHARGES","2","B127","","Bank Charges","2","NONE","AUTHORISED","642f8d5a-19d7-43c2-9aa1-83d2702492f2"
"2018-07-11","RECEIVE","ULearn Limited Current account","ULearn-Student","ULS2018 07 11 GP","3675","100","","ULearn-Student","3675","NONE","AUTHORISED","a535ad37-e3a1-40e3-888e-5ea3206e631e"
"2018-07-18","RECEIVE","ULearn Limited Current account","ULearn-Student","Valitor M5551170   GP","3604.95","100","","Valitor Merch A/C","3604.95","NONE","AUTHORISED","91dd685c-1362-4711-8cb5-4582e5032e07"
"2018-07-19","SPEND","ULearn Limited Current account","Airport Taxi","POS17JUL AIRPORT TAXI","56","A104","","Airport Transfer","56","NONE","AUTHORISED","70971841-de48-4092-aee2-66824ead6290"
"2018-07-18","SPEND","ULearn Limited Current account","Spotify","POS15JUL PAYPAL *SPOT","9.99","A108","","School Spotify Sub","9.99","NONE","AUTHORISED","d7c8244d-c31e-4786-9ab8-6a8b69537bce"
"2018-07-17","RECEIVE","ULearn Limited Current account","ULearn-Student","ULS2018 07 17 GP","7544","100","","Ulearn Student","7544","NONE","AUTHORISED","c6c2c743-001e-4828-8acc-64df6c35d620"
"2018-07-19","RECEIVE","ULearn Limited Current account","ULearn-Student","ULS2018 07 19 GP","1195","100","","ULearn-Student","1195","NONE","AUTHORISED","f68c8beb-3497-4ff8-8d2d-77d19394d66d"
"2018-07-17","RECEIVE","ULearn Limited Current account","ULearn-Student","SCHOOL INV. No P20 GP","3050","100","","ULearn-Student","3050","NONE","AUTHORISED","a0110b8a-9abf-4ae8-9e4f-5d0996978381"
"2018-07-24","SPEND","ULearn Limited Current account","Zopim - CARD","P2007US 14.00@1.16279","12.04","B106","","Zopim Chat Module","12.04","NONE","AUTHORISED","38e16ad0-51e3-46f6-8673-8ddb55c7cfcc"
"2018-07-24","RECEIVE","ULearn Limited Current account","ULearn-Student","Valitor M5600976   GP","3619.45","100","","Valitor Merch A/C","3619.45","NONE","AUTHORISED","bb4d919a-18fc-40fc-bce2-7ea8430ed604"
"2018-07-25","SPEND","ULearn Limited Current account","PREPAYPOWER","POS23JUL PREPAYPOWER","20","B105A","","Electricity Prepaid","20","NONE","AUTHORISED","6cb5ff14-5990-442d-974f-6502140089b3"
"2018-07-24","RECEIVE","ULearn Limited Current account","ULearn-Student","ULS2018 07 24 GP","5189","100","","ULearn-Student","5189","NONE","AUTHORISED","1a694b4a-fcf9-40a5-83f4-6a3e10fea833"
"2018-07-23","SPEND","ULearn Limited Current account","Panda Waste","","113.5","A101","","Bin Bags for Capel apartment","113.5","NONE","AUTHORISED","3a0eb690-c20d-4767-af7a-49071d8b89ce"
"2018-07-23","SPEND","ULearn Limited Current account","Panda Waste","","56.75","A101","","Bin Bags for Capel apartment","56.75","NONE","AUTHORISED","f4b638f2-051c-49f4-b563-77cb27cdd73e"
"2018-07-12","SPEND","ULearn Limited Current account","Epic Ireland Exhibitions","POS10JUL EPIC IRELAND","456","A109B","","Italian group week 1","456","NONE","AUTHORISED","92f26c47-3942-4342-99ca-76a91452063a"
"2018-07-18","SPEND","ULearn Limited Current account","Shannon Heritage","POS16JUL SHANNON HERI","154","A109B","","Italian group week 2","154","NONE","AUTHORISED","340cb5b5-4e92-4fed-8c9f-4fb780d099db"
"2018-07-20","SPEND","ULearn Limited Current account","Mattress Mick","3222","204","A101","","Mattress for apartment Harbor Hill","204","NONE","AUTHORISED","7342b4ac-f8a2-4190-a141-7e90192fb3a3"
"2018-07-11","SPEND","ULearn Limited Current account","GLOBAL TAXIS","Italian group ","55","A104","","Italian group taxi ","55","NONE","AUTHORISED","c0b7c10a-d9de-451c-a176-5c14b2ef59a2"
"2018-07-11","SPEND","ULearn Limited Current account","GLOBAL TAXIS","Italian group","90.8","A104","","Italian group taxi ","90.8","NONE","AUTHORISED","aedc4db3-4242-4d83-875f-6aaff3ae6528"
"2018-07-11","SPEND","ULearn Limited Current account","GLOBAL TAXIS","","34.6","A104","","Italian group taxi ","34.6","NONE","AUTHORISED","1588dddc-8386-488d-8015-77bf4dbe3476"
"2018-07-11","SPEND","ULearn Limited Current account","My Taxi","","42.8","A104","","Casna Group 2018","42.8","NONE","AUTHORISED","d49333ef-9f7a-4969-9016-8768f0a1d890"
"2018-07-24","SPEND","ULearn Limited Current account","GLOBAL TAXIS","","58.6","A104","","Casna Group 2018","58.6","NONE","AUTHORISED","57414e9d-d6c8-4114-924d-68eac5da7ebd"
"2018-07-12","SPEND","ULearn Limited Current account","The Green Hotel","","12.4","B115","","Coffee","12.4","NONE","AUTHORISED","0ad49f75-fef8-46f6-bdea-fdb4cba518d3"
"2018-07-12","SPEND","ULearn Limited Current account","Bus Tickets","bus for a group","4560","A104","","Bus for a group","4560","NONE","AUTHORISED","2e2c5b31-3905-4d62-b3c5-ecff80c49227"
"2018-07-13","SPEND","ULearn Limited Current account","Argos","","21.99","B117","","Sd Card","21.99","NONE","AUTHORISED","be73678b-234e-4c40-b1ef-9b18dbc6f39b"
"2018-07-13","SPEND","ULearn Limited Current account","Card Gallery","","3.5","B102","","Card","3.5","NONE","AUTHORISED","40d77ae9-7d7c-4a6a-827f-f353024ae388"
"2018-07-13","SPEND","ULearn Limited Current account","No Name Bar","","86.4","B115","","Drinks","86.4","NONE","AUTHORISED","917925e6-807b-4b07-9a06-dc3f6cd16fd3"
"2018-07-14","SPEND","ULearn Limited Current account","Apache Pizza","","23","B115","","Pizza","23","NONE","AUTHORISED","85d5771a-e71c-4990-a794-ce728e3fa9dd"
"2018-07-13","SPEND","ULearn Limited Current account","No Name Bar","","18.4","B115","","Drinks","18.4","NONE","AUTHORISED","4776c696-d1b2-4eb6-91b7-e40c98d733d5"
"2018-07-13","SPEND","ULearn Limited Current account","No Name Bar","","92.1","B115","","Drinks","92.1","NONE","AUTHORISED","c944d6b0-a803-4551-a44b-f9edbd045ae5"
"2018-07-13","SPEND","ULearn Limited Current account","No Name Bar","","117.8","B115","","Drinks","117.8","NONE","AUTHORISED","c1a1d9ba-a9fe-426e-81f7-df59f3b42c26"
"2018-07-13","SPEND","ULearn Limited Current account","No Name Bar","","151.2","B115","","Drinks","151.2","NONE","AUTHORISED","71c59b30-a64a-4503-be9a-b54e1e2fea4f"
"2018-07-10","SPEND","ULearn Limited Current account","Airport Taxi","POS06JUL AIRPORT TAXI","56","A104","","Airport Transfer","56","NONE","AUTHORISED","cb19a32e-dd94-4011-952a-d86a5e3a2d90"
"2018-07-11","RECEIVE","ULearn Limited Current account","ULearn-Student","Valitor M5492017   GP","803","100","","Valitor Merch A/C","803","NONE","AUTHORISED","34237724-c8b3-47fe-8119-ab19a0463002"
"2018-07-11","SPEND","ULearn Limited Current account","Martin Services - CARD","165596","93.96","B102","","Ulearn","93.96","NONE","AUTHORISED","2b0e314f-e008-40b1-a4f9-e18b232ee2aa"
"2018-07-12","SPEND","ULearn Limited Current account","SOFTWARE","","22.95","B106","","Cloud Software misc","22.95","NONE","AUTHORISED","ec856155-7dcb-4011-9159-ad6e209d6404"
"2018-07-13","RECEIVE","ULearn Limited Current account","ULearn-Student","Valitor M5523180   GP","2791.02","100","","Valitor Merch A/C","2791.02","NONE","AUTHORISED","70251331-7a30-4e77-a5e7-f1cdb1bf1081"
"2018-07-17","SPEND","ULearn Limited Current account","Xero Subscription - CARD","IN-1065550","25.75","B106","","
ULearn. Monthly Subscription, Standard Price Plan, 17 Jun 2018 to 16 Jul 2018.","25.7","NONE","AUTHORISED","189d984d-9320-4bfd-bdea-a62d8f44fed3"
"2018-07-18","SPEND","ULearn Limited Current account","Brown Thomas","","500","B115C","","Gift Cards","500","NONE","AUTHORISED","024c6407-0a48-4a4b-8c5c-d307c3d6bcba"
"2018-07-19","SPEND","ULearn Limited Current account","THE HR COMPANY - DD","A985","141.45","B118","","Monthly HR Subscription Plan & GDPR ","141.45","NONE","AUTHORISED","be74135d-b3d3-4e6b-879f-ebe0f2c1de5e"
"2018-07-13","RECEIVE","ULearn Limited Current account","ULearn-Student","P20171510","2600","100","","ULearn-Student","2600","NONE","AUTHORISED","77539d65-ff8a-491e-b32d-c9d6880802c5"
"2018-07-13","RECEIVE","ULearn Limited Current account","ULearn-Student","ULS2018 07 13 GP","310","100","","ULearn-Student","310","NONE","AUTHORISED","c45c51bd-ea71-4621-8056-dbc2dea27ea4"
"2018-07-16","RECEIVE","ULearn Limited Current account","ULearn-Student","Valitor M5532329   GP","2040.59","100","","Valitor Merch A/C","2040.59","NONE","AUTHORISED","d202f061-ddec-4811-83c9-95ff225d486a"
"2018-07-16","SPEND","ULearn Limited Current account","BOI","EFT DD CHARGES","2","B127","","Bank Charges","2","NONE","AUTHORISED","65882d8d-a218-4d4e-acc4-c488ea683262"
"2018-07-16","RECEIVE","ULearn Limited Current account","ULearn-Student","ULS2018 07 16 GP","1647","100","","ULearn-Student","1647","NONE","AUTHORISED","17fbdb34-c209-4507-b1f5-dbeaf1720f22"
"2018-07-19","SPEND","ULearn Limited Current account","Central Hotel","","6.1","B115","","Coffee","6.1","NONE","AUTHORISED","597511b0-839c-4dd6-b772-9efdf751ca13"
"2018-07-17","RECEIVE","ULearn Limited Current account","ULearn-Student","Valitor M5541786   GP","750.2","100","","Valitor Merch A/C","750.2","NONE","AUTHORISED","6ba9f309-27e5-452d-b711-a59c3a0df9e7"
"2018-07-18","SPEND","ULearn Limited Current account","GoDaddy.com, LLC - CARD","","68.13","B106","","Ulearn","68.13","NONE","AUTHORISED","f3a69f28-f09c-4a51-9376-932c99654621"
"2018-07-19","SPEND","ULearn Limited Current account","Airport Taxi","POS17JUL AIRPORT TAXI","41","A104","","Airport Transfer","41","NONE","AUTHORISED","fdb9c4e9-8051-4edc-8b3d-f6fdbc525069"
"2018-07-19","SPEND","ULearn Limited Current account","Airport Taxi","POS17JUL AIRPORT TAXI","33","A104","","Airport Transfer","33","NONE","AUTHORISED","cc82c36f-92ae-41a6-9046-9d58dcd03256"
"2018-07-20","SPEND","ULearn Limited Current account","Whelan's Pub","027633","29.5","A109","","Social activities - group 2018","29.5","NONE","AUTHORISED","9767a25c-a3a8-4538-9bb5-d88c49ca6963"
"2018-07-23","SPEND","ULearn Limited Current account","Argos","","359.99","B117","","Projector","359.99","NONE","AUTHORISED","a449045f-dd2e-4aff-9947-914ee5f1bdb8"
"2018-07-20","RECEIVE","ULearn Limited Current account","ULearn-Student","Valitor M5582274   GP","1861.37","100","","Valitor Merch A/C","1861.37","NONE","AUTHORISED","5ccd978d-c7b0-45f1-8e1d-c548906d325a"
"2018-07-17","SPEND","ULearn Limited Current account","EIRCOM","EIRCOM TIS    SEPA DD","62.42","B104","","Telephone & Internet","62.42","NONE","AUTHORISED","fc41168d-68d1-4ee6-86ba-e347a46c7b0e"
"2018-07-18","RECEIVE","ULearn Limited Current account","ULearn-Student","ULS2018 07 18 GP","3321.25","100","","ULearn-Student","3321.25","NONE","AUTHORISED","593fe7ef-e2ad-485d-95af-ae7d49cfbbd6"
"2018-07-16","RECEIVE","ULearn Limited Current account","ULearn-Student","NAUM CHARLES DO NA","635","100","","ULearn-Student","635","NONE","AUTHORISED","0836d8b0-ca59-47a8-b88c-b181fb673c61"
"2018-07-23","SPEND","ULearn Limited Current account","Airport Taxi","POS19JUL AIRPORT TAXI","57","A104","","Airport Transfer","57","NONE","AUTHORISED","aab50277-2bcc-4778-9096-aae79385a3e8"
"2018-07-24","SPEND","ULearn Limited Current account","SOFTWARE","POS22JUL ADOBE  CREAT","30.74","B106","","Software / Hosting","30.74","NONE","AUTHORISED","14bf81c0-8897-4b45-9c2f-bb21181a7bb2"
"2018-07-24","SPEND","ULearn Limited Current account","Google - CARD","POS22JUL GOOGLE *ADWS","500","B110","","Google Adwords","500","NONE","AUTHORISED","522f75e0-825a-4391-93e5-dc4fb1db4be0"
"2018-07-24","SPEND","ULearn Limited Current account","SOFTWARE","POS CHG USD       14","0.24","B106","","Misc Software / Hosting","0.24","NONE","AUTHORISED","41a3cbb9-ec6c-476e-badf-ccb135de1d3f"
"2018-07-25","SPEND","ULearn Limited Current account","PREPAYPOWER","POS23JUL PREPAYPOWER","80","B105A","","Electricity Prepaid","80","NONE","AUTHORISED","c67cc8c9-8446-4b8e-907d-a8c84f46cbde"
"2018-07-25","RECEIVE","ULearn Limited Current account","ULearn-Student","Valitor M5610418   GP","311.03","100","","Valitor Merch A/C","311.03","NONE","AUTHORISED","2914e9a7-d30e-4489-9b63-f3a6e01b9511"
"2018-07-24","RECEIVE","ULearn Limited Current account","ULearn-Student","ULEARN18054","2025","100","","ULearn-Student","2025","NONE","AUTHORISED","a8b771cb-de6f-42ca-a46d-f609eaa450a6"
"2018-07-12","SPEND","ULearn Limited Current account","Epic Ireland Exhibitions","POS10JUL EPIC IRELAND","448","100","","Italian group week 1","448","NONE","AUTHORISED","faa9f8bc-eb81-440f-bd16-9f1a3d351ffe"
"2018-07-18","SPEND","ULearn Limited Current account","Shannon Heritage","POS16JUL SHANNON HERI","154","A109B","","Italian group week 2","154","NONE","AUTHORISED","7d8aa2ae-e401-4503-803f-945c2d417283"
"2018-07-20","SPEND","ULearn Limited Current account","Ciaran McMahon","","500","B102","","Gift for Victor and Jennifer (interns)","500","NONE","AUTHORISED","f06b9d64-5b48-45bd-9242-f7419738c633"
"2018-07-24","SPEND","ULearn Limited Current account","Dublin Visitor Centre","Italian group - Leap card","2120","A104","","Italian group - Leap card","2120","NONE","AUTHORISED","4c7a5ebc-5805-4e1b-b89e-ff7d3ec3d98e"
"2018-07-18","SPEND","ULearn Limited Current account","Travel Expenses","","152.42","B112B","","Travel Expenses","152.42","NONE","AUTHORISED","f69d8881-fd9c-4c09-a4ee-cfb92fe52d25"
"2018-08-02","SPEND","ULearn Limited Current account","HighRise - CARD","P3107US 49.00@1.16833","41.94","B106","","HighRise CRM Software","41.94","NONE","AUTHORISED","4194d33a-d7ab-421a-8cd8-05001dbc27fe"
"2018-07-30","SPEND","ULearn Limited Current account","EIRCOM","","582","B104","","Ulearn ","582","NONE","AUTHORISED","564a39a8-1e27-4eba-963f-0584c1b198c1"
"2018-08-07","SPEND","ULearn Limited Current account","Airport Taxi","POS02AUG AIRPORT TAXI","86.41","A104","","Airport Transfer","86.41","NONE","AUTHORISED","8d73ffac-df68-428b-a128-071894bc6f09"
"2018-07-27","SPEND","ULearn Limited Current account","Airport Taxi","POS25JUL AIRPORT TAXI","49","A104","","Airport Transfer","49","NONE","AUTHORISED","a186ff7f-6fd2-4bb0-b431-0d6b786ddf14"
"2018-07-27","SPEND","ULearn Limited Current account","Airport Taxi","POS25JUL AIRPORT TAXI","40","A104","","Airport Transfer","40","NONE","AUTHORISED","a0710f3a-8e91-442b-ac73-0e79448ed9c6"
"2018-08-02","RECEIVE","ULearn Limited Current account","ULearn-Student","Valitor M5694656   GP","1857.46","100","","Valitor Merch A/C","1857.46","NONE","AUTHORISED","fb26fcfd-b423-458c-9d12-0bfd70124f65"
"2018-08-01","SPEND","ULearn Limited Current account","GoDaddy.com, LLC - CARD","","8.6","B106","","Ulearn ","8.6","NONE","AUTHORISED","1538a7ec-e213-4cc6-a124-0a4e4805f222"
"2018-07-30","SPEND","ULearn Limited Current account","SplashTop","","25.77","B117","","Ulearn ","25.77","NONE","AUTHORISED","b99ba81f-83a4-45ef-b69d-1153a60ee746"
"2018-07-27","RECEIVE","ULearn Limited Current account","ULearn-Student","ULS2018 07 27 GP","6896","100","","ULearn-Student","6896","NONE","AUTHORISED","93111f69-c833-4e7d-85ee-143544f1f231"
"2018-07-26","SPEND","ULearn Limited Current account","The Bleeding Horse","","33.4","A109","","Social Activities","33.4","NONE","AUTHORISED","b7a1ad7f-b128-4ef7-8844-315882bd0ddf"
"2018-07-27","SPEND","ULearn Limited Current account","Airport Taxi","POS25JUL AIRPORT TAXI","38","A104","","Airport Transfer","38","NONE","AUTHORISED","12e06fbb-ff87-4917-bd75-2f875888e426"
"2018-07-27","SPEND","ULearn Limited Current account","Flogas SEPA - DD","","80.74","B105","","Flogas","80.74","NONE","AUTHORISED","c7054ff9-c07a-48f3-9b6a-315193b0e1dc"
"2018-07-27","SPEND","ULearn Limited Current account","Flogas SEPA - DD","","122.26","B105","","Flogas","122.26","NONE","AUTHORISED","dc6aa87a-9449-4dcc-9540-24e4658dc3d4"
"2018-07-27","SPEND","ULearn Limited Current account","Airport Taxi","POS25JUL AIRPORT TAXI","33","A104","","Airport Transfer","33","NONE","AUTHORISED","d5bbacb1-3a2f-4639-9d1c-16ffb151c88c"
"2018-07-27","SPEND","ULearn Limited Current account","Host Ireland - DD","179286","608.85","B106","","Broadband Install - [ULearn Ded] , [89 Harcourt Street, Dublin 2, Ireland]  - WQELE","608.85","NONE","AUTHORISED","743a22ad-8230-4441-8622-3059d5f3e708"
"2018-08-03","SPEND","ULearn Limited Current account","An Post","","202.5","B115C","","Gift Vouchers","202.5","NONE","AUTHORISED","eb0bee0c-889a-45f9-934d-3286872ad35e"
"2018-08-01","SPEND","ULearn Limited Current account","SOFTWARE","POS CHG USD       30","0.52","B106","","Misc Software / Hosting","0.52","NONE","AUTHORISED","cf79b875-b040-43d0-9ea7-24bdd3527f21"
"2018-08-01","SPEND","ULearn Limited Current account","New Ireland","","185","B120","","Ulearn ","185","NONE","AUTHORISED","042fed81-eacb-4bad-a363-2fdfca8b66d2"
"2018-08-07","SPEND","ULearn Limited Current account","Airport Taxi","POS02AUG AIRPORT TAXI","51.63","A104","","Airport Transfer","51.63","NONE","AUTHORISED","21dfd9a2-a850-4a8f-8356-40915cf5e849"
"2018-08-07","RECEIVE","ULearn Limited Current account","ULearn-Student","Valitor M5713739   GP","1488.01","100","","Valitor Merch A/C","1488.01","NONE","AUTHORISED","7ba71a3f-d8e6-4452-a1ff-228d2c58b5ac"
"2018-08-07","RECEIVE","ULearn Limited Current account","ULearn-Student","ENKHNOMIN BADAMDOR GP","2750","100","","ULearn-Student","2750","NONE","AUTHORISED","8fc93f3e-34fa-4360-bc83-398f8d91558d"
"2018-07-31","SPEND","ULearn Limited Current account","Express Taxi","","17","A104","","Ulearn student","17","NONE","AUTHORISED","1277752c-1ccd-4732-bea7-33ef660c1af4"
"2018-07-26","SPEND","ULearn Limited Current account","The Bleeding Horse","","69.2","A109","","Social activities","69.2","NONE","AUTHORISED","41432e1c-5c0d-49da-9ed3-61db4fcf1d68"
"2018-07-27","SPEND","ULearn Limited Current account","Airport Taxi","POS25JUL AIRPORT TAXI","39","A104","","Airport Transfer","39","NONE","AUTHORISED","d48d6fa6-2e3c-4b5d-8220-52c49846014b"
"2018-07-27","SPEND","ULearn Limited Current account","Airport Taxi","POS25JUL AIRPORT TAXI","39","A104","","Airport Transfer","39","NONE","AUTHORISED","ced8b030-fdb8-4f5e-bdf8-778b9e7b3bcf"
"2018-07-27","RECEIVE","ULearn Limited Current account","ULearn-Student","Valitor M5643366   GP","260.78","100","","Valitor Merch A/C","260.78","NONE","AUTHORISED","c0cb9de3-beba-477f-babb-69f8d6191e0b"
"2018-07-27","SPEND","ULearn Limited Current account","Flogas SEPA - DD","","85.48","B105","","Flogas","85.48","NONE","AUTHORISED","821e7812-0908-4cdf-9260-8bc104b1f5be"
"2018-07-31","SPEND","ULearn Limited Current account","Host Ireland - DD","","367.77","B106","","Ulearn","367.77","NONE","AUTHORISED","35c2b218-f5b8-48b5-983e-5cd8f378678c"
"2018-07-30","RECEIVE","ULearn Limited Current account","ULearn-Student","Valitor M5652733   GP","3884.49","100","","Valitor Merch A/C","3884.49","NONE","AUTHORISED","2741e903-f051-4ed7-b382-4b4063ac236c"
"2018-07-27","SPEND","ULearn Limited Current account","Patrick - Excursion","","900","A109B","","Italian group excursion - he paid it in cash","900","NONE","AUTHORISED","c2883e0b-2522-4369-9bbb-6baf961dd9e6"
"2018-08-03","RECEIVE","ULearn Limited Current account","ULearn-Student","Valitor M5703715   GP","2645.06","100","","Valitor Merch A/C","2645.06","NONE","AUTHORISED","eadb8631-34d9-4acb-90c8-819d5d455e98"
"2018-08-02","SPEND","ULearn Limited Current account","Facebook - CARD","","51.3","B110","","Facebook adv","51.3","NONE","AUTHORISED","9679b8df-4739-4e48-8599-78cacecdaab4"
"2018-08-03","SPEND","ULearn Limited Current account","Netflix","","10.99","B115A","","School Social Netflix A/C","10.99","NONE","AUTHORISED","f8616660-52ff-420a-92a4-543da4a34607"
"2018-07-31","SPEND","ULearn Limited Current account","Airport Taxi","POS27JUL AIRPORT TAXI","39","A104","","Airport Transfer","39","NONE","AUTHORISED","a99eebef-137b-4ef0-9b21-84fa15c47ffa"
"2018-07-31","RECEIVE","ULearn Limited Current account","ULearn-Student","Valitor M5662291   GP","516.83","100","","Valitor Merch A/C","516.83","NONE","AUTHORISED","653fb4f8-8e56-4023-ac1c-8b40a222ead2"
"2018-08-01","SPEND","ULearn Limited Current account","EIRCOM","","1235.78","B104","","May bill","1235.78","NONE","AUTHORISED","16c292b4-7c0e-4996-922a-8f0f21f4d8f1"
"2018-07-31","SPEND","ULearn Limited Current account","Google - CARD","POS28JUL GOOGLE *ADS1","500","B110","","Ulearn","500","NONE","AUTHORISED","1c7d536a-cb5d-4895-aa17-6e5f4b8943a8"
"2018-08-01","SPEND","ULearn Limited Current account","Pavilion Bar","ATM30JUL PAVILION BAR","90","B115A","","Ulearn ","90","NONE","AUTHORISED","6071ecc2-074d-494b-8621-81acb2fc0a5e"
"2018-08-01","SPEND","ULearn Limited Current account","Pavilion Bar","","20","B115A","","Ulearn ","20","NONE","AUTHORISED","746a5ff2-333a-46e0-a627-58bd0cccdee0"
"2018-08-01","RECEIVE","ULearn Limited Current account","ULearn-Student","ULS2018 08 01 GP","2548","100","","Ulearn ","2548","NONE","AUTHORISED","34f3da6b-2141-4ebb-aa4e-6992de2e66d0"
"2018-07-30","SPEND","ULearn Limited Current account","Virgin Media","","98.2","A101","","Internet & TV Apartments","98.2","NONE","AUTHORISED","eb44aad8-5eae-4e1b-ae3e-46f13537d8fb"
"2018-07-30","RECEIVE","ULearn Limited Current account","ULearn-Student","ULS2018 07 30 GP","495","100","","ULearn-Student","495","NONE","AUTHORISED","b12948f1-9ab3-411d-b20f-791c24ebb143"
"2018-07-26","RECEIVE","ULearn Limited Current account","ULearn-Student","ULS2018 07 26 GP","6732.5","100","","ULearn-Student","6732.5","NONE","AUTHORISED","0f65f6fc-34f6-43fa-8027-91dae199002d"
"2018-07-27","SPEND","ULearn Limited Current account","Dublinia Limited","POS25JUL DUBLINIA","63","A109B","","Italian group - week 4","63","NONE","AUTHORISED","016a39e3-d458-4313-af82-864efe6fd43c"
"2018-08-07","SPEND","ULearn Limited Current account","The Bleeding Horse","","11.8","A109","","Social activities","11.8","NONE","AUTHORISED","1d75b465-a19e-4b79-b8b8-4eace7e11f78"
"2018-08-07","SPEND","ULearn Limited Current account","Google - CARD","3482901023","73.8","B106","","Ulearn ","73.8","NONE","AUTHORISED","4eb16573-dd15-4262-b9f0-6d6cfdef4616"
"2018-08-07","RECEIVE","ULearn Limited Current account","ULearn-Student","ULS2018 08 06 GP","585","100","","ULearn-Student (payment on 26/07)","585","NONE","AUTHORISED","8d1e968a-db45-42c5-9937-64f33cc44708"
"2018-08-01","RECEIVE","ULearn Limited Current account","Bank Charges","","1","104","","BOI FEE REFUND","1","NONE","AUTHORISED","aafc267a-063a-4fbc-b2ed-54806c582007"
"2018-08-03","SPEND","ULearn Limited Current account","General Expenses","","43","B125","","Social - bibs and ball for futball","43","NONE","AUTHORISED","9083f53e-7c82-4b5b-bc54-5a8f9b1e25ca"
"2018-07-25","SPEND","ULearn Limited Current account","The Hideout","","36","A109","","Student Social","36","NONE","AUTHORISED","e823a478-3179-4c5e-a662-aff71213acd5"
"2018-07-26","SPEND","ULearn Limited Current account","Green Bench","","5","B115","","Coffee","5","NONE","AUTHORISED","8a0c550f-6666-4eef-b67b-e4c877808a46"
"2018-07-26","RECEIVE","ULearn Limited Current account","ULearn-Student","Valitor M5634514   GP","4008.5","100","","Valitor Merch A/C","4008.5","NONE","AUTHORISED","c797e06b-1a76-4b3f-9ab1-f9621f60c3a1"
"2018-07-27","SPEND","ULearn Limited Current account","Social","POS25JUL LITTLEMUSEUM","104","A109B","","Italian group","104","NONE","AUTHORISED","e0cff229-718d-494d-a96e-cc585ad644d3"
"2018-07-27","SPEND","ULearn Limited Current account","Airport Taxi","POS25JUL AIRPORT TAXI","49","A104","","Airport Transfer","49","NONE","AUTHORISED","d0af9fa9-39e3-4532-83e3-abe06826112f"
"2018-07-27","SPEND","ULearn Limited Current account","Airport Taxi","POS25JUL AIRPORT TAXI","48","A104","","Airport Transfer","48","NONE","AUTHORISED","461ccf21-abb0-467c-bd46-b0916f2a2393"
"2018-07-27","SPEND","ULearn Limited Current account","Airport Taxi","POS25JUL AIRPORT TAXI","36","A104","","Airport Transfer","36","NONE","AUTHORISED","0007bcf0-7360-48ef-b841-c9d01be0d5c4"
"2018-07-27","SPEND","ULearn Limited Current account","Flogas SEPA - DD","","83.1","B105","","Flogas","83.1","NONE","AUTHORISED","9189bdb8-c007-4deb-ab20-94c22d46e301"
"2018-07-27","SPEND","ULearn Limited Current account","Flogas SEPA - DD","","135.62","B105","","Flogas","135.62","NONE","AUTHORISED","ee8da0f6-0439-4735-a7c5-d1519031a1bb"
"2018-07-30","SPEND","ULearn Limited Current account","SOFTWARE","POS CHG USD       29","0.52","B106","","Misc Software / Hosting","0.52","NONE","AUTHORISED","88ac172e-f09c-4359-aecf-acf8b51cb5cd"
"2018-07-27","SPEND","ULearn Limited Current account","Patrick - Excursion","","100","A109B","","Italian group excursion - Patrick paid it by cash","100","NONE","AUTHORISED","e3c04935-0eb2-442d-980f-964fe10de035"
"2018-07-31","SPEND","ULearn Limited Current account","Airport Taxi","POS27JUL AIRPORT TAXI","49","A104","","Airport Transfer","49","NONE","AUTHORISED","82b135f4-ffeb-44d4-b6cb-bd092e172f10"
"2018-07-31","SPEND","ULearn Limited Current account","Airport Taxi","POS27JUL AIRPORT TAXI","53.75","A104","","Airport Transfer","53.75","NONE","AUTHORISED","d51df361-617a-4e5c-973c-bc36b7c7bfb0"
"2018-08-01","SPEND","ULearn Limited Current account","ToutApp - CARD","P3007US 30.00@1.16459","25.76","B106","","ToutApp Email Software","25.76","NONE","AUTHORISED","96ca6960-2b9f-4e96-97f0-cd4b82069429"
"2018-08-01","RECEIVE","ULearn Limited Current account","ULearn-Student","Valitor M5671820   GP","3111.45","100","","Valitor Merch A/C","3111.45","NONE","AUTHORISED","ce36b541-8f95-4fd9-af43-a4cf6a434145"
"2018-08-02","SPEND","ULearn Limited Current account","SOFTWARE","POS CHG USD       49","0.84","B106","","Misc Software / Hosting","0.84","NONE","AUTHORISED","de775621-bfbc-4d28-9c93-98b01e6266ce"
"2018-08-02","SPEND","ULearn Limited Current account","Facebook - CARD","","66.35","B110","","Facebook adv","66.35","NONE","AUTHORISED","894fe900-dea9-4b0c-8c5d-cdfea0e666c9"
"2018-08-03","SPEND","ULearn Limited Current account","Patrick - Excursion","","400","A109B","","Group excursion","400","NONE","AUTHORISED","ec4aa4ae-4cd7-445c-86c9-aaee07394bb6"
"2018-08-01","SPEND","ULearn Limited Current account","EIRCOM","","63.91","B104","","May bill","63.91","NONE","AUTHORISED","306e9875-5e63-4b50-bbda-fc00fb65402d"
"2018-08-02","SPEND","ULearn Limited Current account","HandTec","ORDER MKX3704X","403.86","B102","","Ciaran mobile phone","403.86","NONE","AUTHORISED","600e60e9-7ddf-4d35-abc2-a32a6cfab1f5"
"2018-08-01","SPEND","ULearn Limited Current account","Food, Coffees, Newsagents","POSC30JUL DUNNES ST.","9.99","B102","","Coffees, Food, Newsagents","9.99","NONE","AUTHORISED","40508569-63ac-43d7-b017-bc567df281bf"
"2018-08-03","RECEIVE","ULearn Limited Current account","ULearn-Student","RAQUEL BLANDINA CO","4444","100","","ULearn-Student","4444","NONE","AUTHORISED","ef211046-38a8-4a1a-964c-ea88f5cd8baa"
"2018-07-30","RECEIVE","ULearn Limited Current account","ULearn-Student","1/SERBIN DENIS VAL GP","2510","100","","ULearn-Student","2510","NONE","AUTHORISED","def5fdfe-9447-456b-8269-d340f03ff5aa"
"2018-07-31","RECEIVE","ULearn Limited Current account","ULearn-Student","ULS2018 07 31 GP","6689","100","","ULearn-Student","6689","NONE","AUTHORISED","e525f03f-385c-4ac6-9c81-a68cfd9078a0"
"2018-07-30","SPEND","ULearn Limited Current account","Virgin Media","","87.5","A101","","Internet & TV Apartments","87.5","NONE","AUTHORISED","77cb84e2-f5a3-47c1-a2aa-dfe56921b4e8"
"2018-07-30","SPEND","ULearn Limited Current account","EIRCOM","","5","B104","","Ulearn ","5","NONE","AUTHORISED","ed9d3c5c-e4db-4e35-8585-f2f9495a3509"
"2018-08-07","SPEND","ULearn Limited Current account","The Bleeding Horse","","65.5","A109","","Social activities","65.5","NONE","AUTHORISED","ce80a9db-bc6a-45ef-bf28-c4db3f7b4fd7"
"2018-08-07","SPEND","ULearn Limited Current account","Airport Taxi","POS02AUG AIRPORT TAXI","38","A104","","Airport Transfer","38","NONE","AUTHORISED","c4865c44-4392-41db-9824-9fdcda5ebba1"
"2018-08-07","RECEIVE","ULearn Limited Current account","ULearn-Student","Valitor M5723481   GP","4570.43","100","","Valitor Merch A/C","4570.43","NONE","AUTHORISED","03f78192-d97d-41ea-aa6f-cf88a91e288f"
"2018-08-07","SPEND","ULearn Limited Current account","Virgin Media","","113.49","A101","","Internet & TV Apartments","113.49","NONE","AUTHORISED","81cd49ee-5f6d-4a04-a269-b73f88ba7d3b"
"2018-08-02","SPEND","ULearn Limited Current account","EIRCOM","POS31JUL EIR MOBILE R","196.47","B104","","Ciaran and Neil mobiles in June and July","196.47","NONE","AUTHORISED","7e390507-0eef-4433-b40a-f66765bfbbdd"
"2018-08-07","RECEIVE","ULearn Limited Current account","ULearn-Student","ULS2018 08 07 GP","5955","100","","Ulearn Student","5955","NONE","AUTHORISED","e1f19089-4a2d-436b-a9f7-b2454f73371e"
"2018-07-30","SPEND","ULearn Limited Current account","Dublin Visitor Centre","POS26JUL DUBLIN VISIT","520","A109B","","Casna Group","520","NONE","AUTHORISED","76f08af6-689a-4212-92a2-fbb08ad2130e"
"2018-07-30","SPEND","ULearn Limited Current account","General Expenses","","20","B125","","General expense","20","NONE","AUTHORISED","ecd0a09f-b6d1-42b2-ba84-a79c899aea4f"
"2018-08-15","SPEND","ULearn Limited Current account","National Wax Museum","BK-001000478","569.5","A109B","","Group excursion
67 students
2 leaders","569.5","NONE","AUTHORISED","ed326f4f-8267-41e2-9d74-00603f709467"
"2018-08-13","SPEND","ULearn Limited Current account","Bord Gais Energy - DD","BORD GAIS EIR SEPA DD","155.91","B105A","","Gas ","155.91","NONE","AUTHORISED","30b1465b-6516-4238-a189-01adbcdfa25e"
"2018-08-10","RECEIVE","ULearn Limited Current account","ULearn-Student","ULS2018 08 10 GP","815","100","","ULearn-Student","815","NONE","AUTHORISED","fccd2571-11ad-4b2b-9eda-03faa02f31fe"
"2018-08-20","RECEIVE","ULearn Limited Current account","ULearn-Student","ULS2018 08 20 GP","7465","100","","ULearn-Student","7465","NONE","AUTHORISED","80f82c12-a6f9-4e14-91b5-05629075a7ec"
"2018-08-17","SPEND","ULearn Limited Current account","Zozimus","","402","B115","","Staff Party","402","NONE","AUTHORISED","bb85b99c-9bf3-415f-8eae-077961e76101"
"2018-08-08","SPEND","ULearn Limited Current account","Github - CARD","P0408US  7.00@1.15511","6.06","B106","","Github Repos","6.06","NONE","AUTHORISED","2bae5da9-6576-4ead-b9fe-07e911db5d73"
"2018-08-14","RECEIVE","ULearn Limited Current account","ULearn-Student","Valitor M5781873   GP","178.46","100","","Valitor Merch A/C","178.46","NONE","AUTHORISED","080e2292-f386-4fa9-aab0-0c45f65b7dd4"
"2018-08-17","SPEND","ULearn Limited Current account","Zozimus","","203.5","B115","","Staff Party","203.5","NONE","AUTHORISED","f496d273-4daf-48f3-88a6-080aebe6b28c"
"2018-08-17","SPEND","ULearn Limited Current account","Airport Taxi","POS15AUG AIRPORT TAXI","69.86","A104","","Airport Transfer","69.86","NONE","AUTHORISED","cd3ed167-3e79-4add-9dfd-1750974441f0"
"2018-08-17","RECEIVE","ULearn Limited Current account","ULearn-Student","Valitor M5824344   GP","326.66","100","","Valitor Merch A/C","326.66","NONE","AUTHORISED","4d3a3f00-8c57-4260-b609-0aeb17e58abd"
"2018-08-17","SPEND","ULearn Limited Current account","Flogas SEPA - DD","","54.39","B105","","Flogas","54.39","NONE","AUTHORISED","70b672c7-50bc-4994-9df5-13e2dd38da25"
"2018-08-24","SPEND","ULearn Limited Current account","Airport Taxi","POS22AUG AIRPORT TAXI","87.06","A104","","Airport Transfer","87.06","NONE","AUTHORISED","788ce08d-46c3-4c59-b0f8-159400cf103d"
"2018-08-23","SPEND","ULearn Limited Current account","Google - CARD","POS21AUG GOOGLE *ADS1","500","B110","","Ulearn","500","NONE","AUTHORISED","d6e215cc-d918-4b15-9fce-08d7bc3d0134"
"2018-08-08","SPEND","ULearn Limited Current account","Taxi","","27.4","A104","","Casna group","27.4","NONE","AUTHORISED","467e93da-c1f7-441f-b672-09c17c973381"
"2018-08-08","RECEIVE","ULearn Limited Current account","ULearn-Student","Valitor M5733159   GP","4766.05","100","","Valitor Merch A/C","4766.05","NONE","AUTHORISED","14b92cf9-4ab8-40ea-a63b-2729aafadee6"
"2018-08-08","RECEIVE","ULearn Limited Current account","ULearn-Student","ULS2018 08 08 GP","3065","100","","Ulearn Student","3065","NONE","AUTHORISED","c5955c53-4203-4a72-b953-2cd3cc40d0fe"
"2018-08-08","SPEND","ULearn Limited Current account","Google - CARD","POS03AUG GOOGLE *ADS1","500","B110","","Ulearn ","500","NONE","AUTHORISED","198cf576-eb1f-42fb-ba99-3cd572d2f36e"
"2018-08-09","SPEND","ULearn Limited Current account","Epic Ireland Exhibitions","43296","580","A109B","","Social activities","580","NONE","AUTHORISED","608c8ec4-ed27-499d-93ef-298fcfd54ec8"
"2018-08-13","SPEND","ULearn Limited Current account","The Pavillion bar","","60","A109","","Social activities","60","NONE","AUTHORISED","a91fd2f5-c82b-4eeb-89c4-2b1403543172"
"2018-08-14","SPEND","ULearn Limited Current account","Airport Taxi","POS10AUG AIRPORT TAXI","86.78","A104","","Airport Transfer","86.78","NONE","AUTHORISED","b5b474e5-8e04-48d0-b785-221ef862ae29"
"2018-08-13","RECEIVE","ULearn Limited Current account","ULearn-Student","ULS2018 08 13 GP","4810","100","","ULearn-Student","4810","NONE","AUTHORISED","c0689826-ef8e-45b6-ac67-3023ce8079a1"
"2018-08-20","SPEND","ULearn Limited Current account","Green Bench","","13.2","B115","","Coffee","13.2","NONE","AUTHORISED","18a30b14-b7fc-4ea1-a901-31219d6dc316"
"2018-08-13","SPEND","ULearn Limited Current account","UCD APPLIED LANGUAGE CENTRE","1253795","200","A107","","IELTS exam
Yuliia Melnychenko","200","NONE","AUTHORISED","55a59a03-3f72-4fda-80af-365d807d6689"
"2018-08-20","SPEND","ULearn Limited Current account","Airport Taxi","POS16AUG AIRPORT TAXI","47.57","A104","","Airport Transfer","47.57","NONE","AUTHORISED","c6ad9f1d-78e5-45f7-8d44-19582d77c562"
"2018-08-21","SPEND","ULearn Limited Current account","Botanic Garden","cheque n 002175","180","A109B","","Casna group - excursion 36 students 5€ each","180","NONE","AUTHORISED","c418b8e6-82a4-44f3-ae9d-1877112f5f9f"
"2018-08-23","SPEND","ULearn Limited Current account","Zopim - CARD","P2008US 14.00@1.14754","12.2","B106","","Zopim Chat Module","12.2","NONE","AUTHORISED","af2514fb-6171-4895-9819-212b2f98eaa2"
"2018-08-08","SPEND","ULearn Limited Current account","Taxi","","30.4","A104","","Casna group","30.4","NONE","AUTHORISED","7122a960-e5c8-4f45-8dee-2cb2a8372d0d"
"2018-08-08","SPEND","ULearn Limited Current account","SOFTWARE","POS CHG USD        7","0.12","B106","","Misc Software / Hosting","0.12","NONE","AUTHORISED","caf1cdb2-591b-4cf1-a92f-58691cb379c0"
"2018-08-08","SPEND","ULearn Limited Current account","Google - CARD","POS03AUG GOOGLE *ADS1","500","B110","","Ulearn student","500","NONE","AUTHORISED","2df2e67d-e8bd-4c2b-96c5-40c076b7781b"
"2018-08-10","SPEND","ULearn Limited Current account","Cafe Topolis","","239.03","B115","","Ulearn - Doran's farewell ","239.03","NONE","AUTHORISED","10bb6bbb-244d-4250-8bb9-5fda238d1a0f"
"2018-08-10","SPEND","ULearn Limited Current account","Cafe Topolis","","53","B115","","Ulearn Doran's farewell","53","NONE","AUTHORISED","cea10f09-9f48-4acc-aae9-64bd6c5e1e83"
"2018-08-16","SPEND","ULearn Limited Current account","GoDaddy.com, LLC - CARD","","16.93","B106","","Hosting ","16.93","NONE","AUTHORISED","00c3c9f8-11e8-4af9-ae1a-5b51d34d9d20"
"2018-08-15","RECEIVE","ULearn Limited Current account","ULearn-Student","Valitor M5791699   GP","2287.22","100","","Valitor Merch A/C","2287.22","NONE","AUTHORISED","12adb7af-6ac0-4a39-b6db-4d001cabf088"
"2018-08-14","SPEND","ULearn Limited Current account","Airport Taxi","POS10AUG AIRPORT TAXI","78.68","A104","","Airport Transfer","78.68","NONE","AUTHORISED","59447bd6-8611-43dc-90d0-83f12fa0359a"
"2018-08-14","SPEND","ULearn Limited Current account","EIRCOM","EIRCOM TIS    SEPA DD","62.42","B104","","Telephone & Internet","62.42","NONE","AUTHORISED","75400893-f18b-45b1-8965-57b5c78bca0f"
"2018-08-15","SPEND","ULearn Limited Current account","GoDaddy.com, LLC - CARD","","67.56","B106","","Hosting ","67.56","NONE","AUTHORISED","32bb3d51-8022-438d-a0b7-92e1b6ff23bc"
"2018-08-15","SPEND","ULearn Limited Current account","PREPAYPOWER","POS13AUG PREPAYPOWER","20","B105A","","Electricity Prepaid","20","NONE","AUTHORISED","c87ac75f-2bb0-4eda-8889-8eb4bc7a88e9"
"2018-08-14","RECEIVE","ULearn Limited Current account","ULearn-Student","ULS2018 08 14 GP","3201","100","","ULearn-Student","3201","NONE","AUTHORISED","bd4b00d6-b832-4d93-bfb3-57c8a7a5e556"
"2018-08-17","SPEND","ULearn Limited Current account","Flogas SEPA - DD","","43.3","B105","","Flogas","43.3","NONE","AUTHORISED","4c14a9df-a2ee-4d22-8ef3-5caa973b970e"
"2018-08-17","SPEND","ULearn Limited Current account","Flogas SEPA - DD","","151.89","B105","","Flogas","151.89","NONE","AUTHORISED","3d96f629-d3be-4035-91f4-76d32a844c17"
"2018-08-17","RECEIVE","ULearn Limited Current account","ULearn-Student","Valitor M5814948   GP","1946.22","100","","Valitor Merch A/C","1946.22","NONE","AUTHORISED","9a75510a-2698-4629-a67c-48f22c30e981"
"2018-08-10","SPEND","ULearn Limited Current account","Shannon Heritage","Malahide Day Visits","221","A109B","","Malahide Day Visits","221","NONE","AUTHORISED","ebef33b4-97d5-417e-9f8a-93003f03fbbc"
"2018-08-22","SPEND","ULearn Limited Current account","Di Luca","","5.3","B115","","Coffee","5.3","NONE","AUTHORISED","ffc6cfd4-7d3c-4f77-af0a-40a3c17220a2"
"2018-08-23","SPEND","ULearn Limited Current account","Dunnes Stores","","29.5","B113","","Host Family Gift","29.5","NONE","AUTHORISED","97e203e3-1d35-4463-9e27-8c01fee3357e"
"2018-08-20","SPEND","ULearn Limited Current account","The Bleeding Horse","7102","68.9","A109","","Social activities","68.9","NONE","AUTHORISED","ee6c6ea2-8803-4dcc-8af8-67b1500a7c32"
"2018-08-21","SPEND","ULearn Limited Current account","Martin Services - CARD","144062","93.96","B102","","Cleaning supplies for school","93.96","NONE","AUTHORISED","0ac2f9d9-86e3-431e-b624-71f70f5cf645"
"2018-08-23","SPEND","ULearn Limited Current account","Taxi","","11","A104","","Taxi","11","NONE","AUTHORISED","ed118e15-5e9d-4be9-a57b-9749262877c5"
"2018-08-24","RECEIVE","ULearn Limited Current account","ULearn-Student","Valitor M5886277   GP","268.19","100","","Valitor Merch A/C","268.19","NONE","AUTHORISED","d2a94f97-6929-480a-a9a7-45dbb5394a48"
"2018-08-21","SPEND","ULearn Limited Current account","GoDaddy.com, LLC - CARD","","12.28","B106","","Hosting","12.28","NONE","AUTHORISED","2179308e-0f08-4ce3-b538-61ce9163c08b"
"2018-08-23","RECEIVE","ULearn Limited Current account","ULearn-Student","Valitor M5877039   GP","3396.97","100","","Valitor Merch A/C","3396.97","NONE","AUTHORISED","916feffd-5ea6-40d5-bd9b-94f5c10b1ca9"
"2018-08-22","RECEIVE","ULearn Limited Current account","ULearn-Student","ULS2018 08 22 GP","990","100","","ULearn-Student","990","NONE","AUTHORISED","9aaee051-f51f-4ad9-9b45-84f8b09866cc"
"2018-08-22","RECEIVE","ULearn Limited Current account","Zozimus","","50","104","","Refund of the deposit we made to them","50","NONE","AUTHORISED","f3471475-18b0-461b-a181-43426dd3e963"
"2018-08-23","SPEND","ULearn Limited Current account","Di Luca","","5.4","B115","","Ulearn ","5.4","NONE","AUTHORISED","e1b5b41f-d069-4b16-8f3b-759e5b091756"
"2018-08-13","SPEND","ULearn Limited Current account","Dublin Bus","","2960","A104","","Casna group","2960","NONE","AUTHORISED","caefd1c3-2f11-4b4c-87f7-7a7eba286e13"
"2018-08-17","RECEIVE","ULearn Limited Current account","-Eurolingua","second deposit sum GP","15000","100","","Euroligua second deposit summer ","15000","NONE","AUTHORISED","4e3bc3ae-a3b9-488f-bbd6-4493f2059517"
"2018-08-15","SPEND","ULearn Limited Current account","Travel Expenses","","94.92","B112B","","Travel expenses","94.92","NONE","AUTHORISED","064b1e97-718b-46c5-9a24-8e1c1b1e88f3"
"2018-08-09","SPEND","ULearn Limited Current account","Cazoomi - SyncApps - CARD","P0708US 19.98@1.15491","17.3","B106","","Sync Apps Recurring Subscription","17.3","NONE","AUTHORISED","0567a0f4-ad69-4bf3-9fc0-ed6a49511a2b"
"2018-08-08","RECEIVE","ULearn Limited Current account","ULearn-Student","MUNIQUE GRAZIELLE","837.5","100","","ULearn-Student","837.5","NONE","AUTHORISED","2b503a29-d182-4b15-bda0-fa869440fade"
"2018-08-09","SPEND","ULearn Limited Current account","SOFTWARE","POS CHG USD       19","0.35","B106","","Misc Software / Hosting","0.35","NONE","AUTHORISED","1d7a94ff-1cee-4f15-8787-cf4462617e11"
"2018-08-09","SPEND","ULearn Limited Current account","Trinity College","POS07AUG TRINITY COL","488","A108","","Italian group","488","NONE","AUTHORISED","588f8d81-f784-4d7c-9393-bd5ac13c7742"
"2018-08-10","RECEIVE","ULearn Limited Current account","ULearn-Student","Valitor M5762549   GP","2133.58","100","","Valitor Merch A/C","2133.58","NONE","AUTHORISED","af509ed3-7cff-42c5-8669-b904f95031c9"
"2018-08-08","SPEND","ULearn Limited Current account","Dunnes Stores","","65.43","A108","","Social activities","65.43","NONE","AUTHORISED","3b0020ec-a749-478a-bc39-b7bb7523c435"
"2018-08-13","RECEIVE","ULearn Limited Current account","ULearn-Student","Valitor M5772056   GP","426.24","100","","Valitor Merch A/C","426.24","NONE","AUTHORISED","c42e96de-0657-459f-b62f-b5d4ca2d9581"
"2018-08-13","SPEND","ULearn Limited Current account","Host Ireland - DD","180657","1200.25","B106","","Broadband Install - [ULearn Ded] , [89 Harcourt Street, Dublin 2, Ireland]  - WQELE","1200.25","NONE","AUTHORISED","cdeff719-b2cc-41e5-ae55-c442f91f2650"
"2018-08-23","SPEND","ULearn Limited Current account","THE HR COMPANY - DD","A1680","141.45","B118","","Monthly HR Subscription Plan & GDPR ","141.45","NONE","AUTHORISED","08f3ead5-41f3-42d1-b3e6-b9edc7a773e5"
"2018-08-14","SPEND","ULearn Limited Current account","GoDaddy.com, LLC - CARD","","5.56","B106","","Hosting ","5.56","NONE","AUTHORISED","3167c4af-284b-42cf-a30a-ca6c174c8913"
"2018-08-15","SPEND","ULearn Limited Current account","PREPAYPOWER","POS13AUG PREPAYPOWER","20","B105A","","Electricity Prepaid","20","NONE","AUTHORISED","36745d2d-7cbb-41f9-bd36-fbf9d564ae41"
"2018-08-15","SPEND","ULearn Limited Current account","PREPAYPOWER","POS13AUG PREPAYPOWER","50","B105A","","Electricity Prepaid","50","NONE","AUTHORISED","ab162fd2-872b-4a80-bce3-bf0036b8effe"
"2018-08-15","SPEND","ULearn Limited Current account","PREPAYPOWER","POS13AUG PREPAYPOWER","100","B105A","","Electricity Prepaid","100","NONE","AUTHORISED","e004dfab-e00f-44b8-9265-991a5189f671"
"2018-08-14","SPEND","ULearn Limited Current account","PREPAYPOWER","POS10AUG PREPAYPOWER","100","B105A","","Electricity Prepaid","100","NONE","AUTHORISED","d43aef74-0a9b-4337-9aea-e8783237ff53"
"2018-08-17","SPEND","ULearn Limited Current account","Xero Subscription - CARD","IN-1101436","26.4","B106","","ULearn. Monthly Subscription, Standard Price Plan, 17 Jul 2018 to 16 Aug 2018.","26.4","NONE","AUTHORISED","b4e89fc7-db34-4432-bebf-ca5b4d6322f8"
"2018-08-17","SPEND","ULearn Limited Current account","Zozimus","","50","B115","","Staff meals","50","NONE","AUTHORISED","a93b55a2-a4a0-4200-9f3e-feb39c10eda0"
"2018-08-20","SPEND","ULearn Limited Current account","Dublin Visitor Centre","","120","A104","","Bus Tickets Casna Grp","120","NONE","AUTHORISED","c7e71ebf-260f-4a6e-8502-e03f42daaadb"
"2018-08-17","SPEND","ULearn Limited Current account","Patrick - Excursion","","720","A109B","","Eurolingua trip ","720","NONE","AUTHORISED","2db25b55-c6f3-4629-b65f-c37633f1891f"
"2018-08-17","SPEND","ULearn Limited Current account","Airport Taxi","POS15AUG AIRPORT TAXI","88.14","A104","","Airport Transfer","88.14","NONE","AUTHORISED","f5c774fd-47c7-4738-8e71-b999d595caa7"
"2018-08-17","SPEND","ULearn Limited Current account","Flogas SEPA - DD","","57.5","B105","","Flogas","57.5","NONE","AUTHORISED","43843a2f-67d9-4870-ba5c-af2a5aa04bff"
"2018-08-17","SPEND","ULearn Limited Current account","Flogas SEPA - DD","","22.25","B105","","Flogas","22.25","NONE","AUTHORISED","5279d33d-c919-4587-a664-ac3770b78f7e"
"2018-08-17","SPEND","ULearn Limited Current account","Google - CARD","POS15AUG GOOGLE *ADS1  ","500","B110","","Ulearn ","500","NONE","AUTHORISED","41c51bba-deaa-44b0-bf7c-c2fcdbed54f2"
"2018-08-10","SPEND","ULearn Limited Current account","Shannon Heritage","Malahide Day Visits","221","A109B","","Malahide Day Visits","221","NONE","AUTHORISED","301cc544-5a9d-4fa1-b39b-c82dc9ed4b63"
"2018-08-20","SPEND","ULearn Limited Current account","The Green Hotel","","8","B115","","Client meeting","8","NONE","AUTHORISED","eff23b37-6b21-498f-9d08-9871b2ccdac3"
"2018-08-08","SPEND","ULearn Limited Current account","Dublin Visitor Centre","POS03AUG DUBLIN VISIT","2960","A109B","","Ulearn - Casna group ","2960","NONE","AUTHORISED","59a2355e-2cf1-4fd8-9cf4-b894cac93fc2"
"2018-08-20","SPEND","ULearn Limited Current account","Spotify","POS15AUG PAYPAL *SPOT","9.99","A108","","School Spotify Sub","9.99","NONE","AUTHORISED","05b74c97-2d89-4e96-8c44-9ff46fb00c76"
"2018-08-21","RECEIVE","ULearn Limited Current account","ULearn-Student","Valitor M5843920   GP","1298.89","100","","Valitor Merch A/C","1298.89","NONE","AUTHORISED","007ff09c-b54a-4bc9-bc6d-ef833e31570e"
"2018-08-21","SPEND","ULearn Limited Current account","SOFTWARE","POS CHG USD       30","0.53","B106","","Misc Software / Hosting","0.53","NONE","AUTHORISED","1e3fd455-45c6-49d4-99c2-df833b0b0114"
"2018-08-22","SPEND","ULearn Limited Current account","BOI LIFE INSURANCE","OP/BoI LIFE   SEPA DD","51.03","B119","","Life Insurance BOI","51.03","NONE","AUTHORISED","43df180f-5df4-4c4c-8985-bc5380683155"
"2018-08-22","RECEIVE","ULearn Limited Current account","ULearn-Student","Valitor M5853719   GP","1881.69","100","","Valitor Merch A/C","1881.69","NONE","AUTHORISED","07a93476-aa05-4b2a-80c2-b33637fdb142"
"2018-08-23","SPEND","ULearn Limited Current account","SOFTWARE","POS CHG USD       14","0.24","B106","","Misc Software / Hosting","0.24","NONE","AUTHORISED","97565572-28c0-4456-9d9f-eec50bc393cd"
"2018-08-23","SPEND","ULearn Limited Current account","BOI LIFE INSURANCE","OP/BoI LIFE   SEPA DD","47.05","B119","","Life Insurance BOI","47.05","NONE","AUTHORISED","ad11397f-d863-4ab4-ad79-b584d240cfc8"
"2018-08-23","RECEIVE","ULearn Limited Current account","ULearn-Student","2X BLUE CONSULTORIA","4194","100","","Course Payments","4194","NONE","AUTHORISED","71bdc700-1ef2-453b-9acf-e64dcacd98b5"
"2018-08-21","RECEIVE","ULearn Limited Current account","ULearn-Student","ULS2018 08 21 GP","12456.5","100","","","12456.5","NONE","AUTHORISED","5ba9a600-850a-4da7-8760-d4fe2360aad8"
"2018-08-21","SPEND","ULearn Limited Current account","Bus Tickets","","1360","A104","","Casna group","1360","NONE","AUTHORISED","5a193442-f9eb-4be9-9d6a-ad9b2914411d"
"2018-08-27","SPEND","ULearn Limited Current account","Airport Taxi","POS23AUG AIRPORT TAXI","43.74","A104","","Airport Transfer","43.74","NONE","AUTHORISED","e2f0e07b-1f0f-4e8c-bca1-0109ed9d89a6"
"2018-09-03","SPEND","ULearn Limited Current account","Bank Charges","1/BOGDANOVA M CHRG GP","7.5","100","","1/BOGDANOVA M CHRG GP","7.5","NONE","AUTHORISED","dfdb07c3-e9da-494f-a8db-046e0218aee2"
"2018-08-29","SPEND","ULearn Limited Current account","Patrick - Excursion","","630","A109B","","Italian group and Europass ","630","NONE","AUTHORISED","83a51f11-8c43-40ff-8a66-0499d71d5c1b"
"2018-09-04","RECEIVE","ULearn Limited Current account","ULearn-Student","ULS2018 09 04 GP","5959","100","","ULearn-Student","5959","NONE","AUTHORISED","1e689851-2691-4a0b-a23c-0511b3065ec1"
"2018-08-29","SPEND","ULearn Limited Current account","Google - CARD","Google ad","500","B110","","Ulearn","500","NONE","AUTHORISED","e75364b5-a4f7-4b82-8e0c-0ab3e5819216"
"2018-09-03","SPEND","ULearn Limited Current account","New Ireland","","185","B120","","Ulearn ","185","NONE","AUTHORISED","95043b64-2aef-4576-bdc1-0ba4bc0982f4"
"2018-08-30","SPEND","ULearn Limited Current account","HighRise - CARD","P2808US 49.00@1.16611","42.02","B106","","HighRise CRM Software","42.02","NONE","AUTHORISED","b938f695-62f9-4d36-8dda-133fc8e900a9"
"2018-08-29","RECEIVE","ULearn Limited Current account","ULearn-Student","ULS2018 08 29 GP","4292.5","100","","ULearn-Student","4292.5","NONE","AUTHORISED","eb24904c-fffa-437a-9eb7-146837ad6922"
"2018-08-31","RECEIVE","ULearn Limited Current account","ULearn-Student","AG. FT.P20181179 GP","1635","100","","ULearn-Student","1635","NONE","AUTHORISED","2f03ece1-c3a2-4838-8849-11ac22ce72de"
"2018-09-03","RECEIVE","ULearn Limited Current account","ULearn-Student","30084 CIARAN","2470","100","","ULearn-Student","2470","NONE","AUTHORISED","cf0bcf1c-9fe5-4042-8250-195047e08c39"
"2018-09-04","SPEND","ULearn Limited Current account","TradingView","","12.91","B106","","Office / IT","12.91","NONE","AUTHORISED","b84e07e8-19e0-4b98-9b1e-188d816b87fd"
"2018-08-27","RECEIVE","ULearn Limited Current account","ULearn-Student","Valitor M5897235   GP","534.05","100","","Valitor Merch A/C","534.05","NONE","AUTHORISED","bf789412-9a07-43bd-b4ad-2c9f6bc8129f"
"2018-08-31","SPEND","ULearn Limited Current account","Brown Thomas","","300","B115C","","Voucher","300","NONE","AUTHORISED","981bae50-a481-4b05-b631-4316d1e17a5c"
"2018-08-28","RECEIVE","ULearn Limited Current account","ULearn-Student","Valitor M5907195   GP","1535.8","100","","Valitor Merch A/C","1535.8","NONE","AUTHORISED","8fb97575-38c5-4187-9f9b-2c009d924844"
"2018-08-27","SPEND","ULearn Limited Current account","Ciaran Mc Mahon","","60","B108","","He withdrew this money from the Ulearn account to get home, but he returned that money back in the Ulearn account","60","NONE","AUTHORISED","3066b962-0e26-48e5-82b6-2e32792fbb51"
"2018-08-28","SPEND","ULearn Limited Current account","Virgin Media","","87.5","B104","","Mobile bill","87.5","NONE","AUTHORISED","ab6fc38b-f9e0-4c0f-a3e8-3110d153afce"
"2018-08-30","RECEIVE","ULearn Limited Current account","ULearn-Student","ULS2018 08 30 GP","5045","100","","ULearn-Student","5045","NONE","AUTHORISED","aa860b3b-7966-4528-b3c7-206f102d1e35"
"2018-08-29","RECEIVE","ULearn Limited Current account","ULearn-Student","DAVAASUREN CHOIJIL GP","1380","100","","ULearn-Student","1380","NONE","AUTHORISED","6b52788b-61ce-44f0-bc25-2a240213fa2f"
"2018-08-31","RECEIVE","ULearn Limited Current account","ULearn-Student","HYEYEON KIM GP","2600","100","","ULearn-Student","2600","NONE","AUTHORISED","d6092e54-9d92-456f-84b1-3404b79069b3"
"2018-09-03","SPEND","ULearn Limited Current account","The Bleeding Horse","Social activities","21.3","A109","","Social activities","21.3","NONE","AUTHORISED","98b763d2-429b-4e09-b4b0-2a05ccb5328a"
"2018-09-03","SPEND","ULearn Limited Current account","Airport Taxi","POS30AUG AIRPORT TAXI","87.06","A104","","Airport Transfer","87.06","NONE","AUTHORISED","1502413c-6c40-4124-bdcb-26e20dc7b8a3"
"2018-09-04","SPEND","ULearn Limited Current account","Google - CARD","","73.8","B106","","Ulearn ","73.8","NONE","AUTHORISED","73127e33-35ce-4b6e-af6f-4324316a647e"
"2018-09-04","SPEND","ULearn Limited Current account","PMACS","","65.4","B115","","Ulearn ","65.4","NONE","AUTHORISED","f56789a5-b124-418d-8b56-4908485be459"
"2018-09-03","SPEND","ULearn Limited Current account","Bank Charges","1/BOGDANOVA Y CHRG GP","7.5","100","","1/BOGDANOVA Y CHRG GP","7.5","NONE","AUTHORISED","b3f8a167-0e5f-4763-8ad4-2496ad46bc74"
"2018-08-27","SPEND","ULearn Limited Current account","Virgin Media","132921176","195.35","B104","","Mobile bill","195.35","NONE","AUTHORISED","5b200b96-c50e-4675-b2a4-569d62dea67d"
"2018-08-24","SPEND","ULearn Limited Current account","The Marker Hotel","","35.4","B115","","Drinks","35.4","NONE","AUTHORISED","eb343ede-6616-4372-b330-6f16b0df71ee"
"2018-08-24","SPEND","ULearn Limited Current account","Airport Taxi","POS22AUG AIRPORT TAXI","87.39","A104","","Airport Transfer","87.39","NONE","AUTHORISED","692de97d-396a-4724-a720-9b8a9840b0ad"
"2018-08-24","RECEIVE","ULearn Limited Current account","ULearn-Student","CORSO DI INGLESE + GP","4606","100","","ULearn-Student","4606","NONE","AUTHORISED","f9e7bc21-b7c6-4225-9b48-658b7f1f8a40"
"2018-08-30","SPEND","ULearn Limited Current account","Dublinia Limited","534236","66.5","A109B","","Student social activities","66.5","NONE","AUTHORISED","ddd2216b-f984-41ed-81ab-4ebd0baa8d25"
"2018-09-03","SPEND","ULearn Limited Current account","Lilliput Stores","","10","B115","","Food","10","NONE","AUTHORISED","b86aec2b-a03e-4e3a-ae3d-50a337ae16a4"
"2018-09-03","SPEND","ULearn Limited Current account","Penneys","","16","A101","","Bed Throw","16","NONE","AUTHORISED","7a0e3904-1523-4958-abf1-4cc703d5057f"
"2018-08-30","SPEND","ULearn Limited Current account","SOFTWARE","POS CHG USD       49","0.84","B106","","Misc Software / Hosting","0.84","NONE","AUTHORISED","85bb9dc9-1db1-4314-9b8a-6a77820f1d24"
"2018-08-30","SPEND","ULearn Limited Current account","Fixtures & Fittings","POSC28AUG RIGHT CLICK","20","B117","","IT Equipment (cable)","20","NONE","AUTHORISED","7f6f9b3e-3c67-4436-a406-57b3d17739ba"
"2018-08-28","RECEIVE","ULearn Limited Current account","ULearn-Student","ULS2018 08 28 GP","145","100","","Ulearn","145","NONE","AUTHORISED","d5f63b42-9696-4644-9dff-5417c35afc3a"
"2018-09-04","SPEND","ULearn Limited Current account","Di Luca","","3","B115","","Coffee","3","NONE","AUTHORISED","45062376-d78f-42b4-aecc-90643eeb0011"
"2018-09-03","SPEND","ULearn Limited Current account","SOFTWARE","POS CHG USD       30","0.52","B106","","Misc Software / Hosting","0.52","NONE","AUTHORISED","b042513f-b556-4487-b735-9c8e436fe56a"
"2018-09-03","SPEND","ULearn Limited Current account","ToutApp - CARD","P3008US 30.00@1.16414","25.77","B106","","ToutApp Email Software","25.77","NONE","AUTHORISED","efc1d662-927b-4e64-a201-8d0a63156b21"
"2018-09-04","SPEND","ULearn Limited Current account","Netflix","","10.99","B115A","","School Social Netflix A/C	","10.99","NONE","AUTHORISED","4872bf4c-8ff1-45ce-8a26-81f08e58fc33"
"2018-09-04","RECEIVE","ULearn Limited Current account","ULearn-Student","Valitor M5967514   GP","1308.81","100","","Valitor Merch A/C","1308.81","NONE","AUTHORISED","3e82b506-ede9-4923-81d3-61cbc49554df"
"2018-09-03","RECEIVE","ULearn Limited Current account","ULearn-Student","1/BOGDANOVA MARINA GP","1000","100","","ULearn-Student","1000","NONE","AUTHORISED","6399590d-5d84-4f73-a1aa-59834572d932"
"2018-09-04","RECEIVE","ULearn Limited Current account","ULearn-Student","UUGANBILEG BATMUNK GP","3205","100","","ULearn-Student","3205","NONE","AUTHORISED","f985b831-90b4-46d7-9ab2-5e623ac3c2c2"
"2018-08-31","SPEND","ULearn Limited Current account","A2 Hosting","POS29AUG A2 HOSTING 1","278.3","B106","","Ulearn ","278.3","NONE","AUTHORISED","67cc1c35-e3ad-4a3a-ae50-7b8e320937ce"
"2018-09-03","SPEND","ULearn Limited Current account","GOTOGATE","ICEF Beijing Flight","5706.64","B112","","Ciaran Beijing Flight. Half to be repaid. ","5706.64","NONE","AUTHORISED","3b1cdb5c-f192-4d58-9db5-8588e50212b1"
"2018-08-28","SPEND","ULearn Limited Current account","Fresh","","8.5","B115","","Birthday Cake","8.5","NONE","AUTHORISED","ed515707-f386-4cbe-addb-e82562700f11"
"2018-08-27","SPEND","ULearn Limited Current account","Virgin Media","","92.25","A101","","Internet & TV Apartments","92.25","NONE","AUTHORISED","5615f355-ff80-42a3-9d4e-a2b2320b6857"
"2018-08-27","SPEND","ULearn Limited Current account","PREPAYPOWER","POS23AUG PREPAYPOWER","100","B105A","","Electricity Prepaid","100","NONE","AUTHORISED","f89816a4-4813-4f92-8a24-c0385231a35a"
"2018-08-27","SPEND","ULearn Limited Current account","SOFTWARE","POS23AUG ADOBE  CREAT","30.74","B106","","Software / Hosting","30.74","NONE","AUTHORISED","2d8c94dc-2a0e-41b9-a746-a702dac51f90"
"2018-08-27","SPEND","ULearn Limited Current account","Airport Taxi","POS23AUG AIRPORT TAXI","45.84","A104","","Airport Transfer","45.84","NONE","AUTHORISED","81965dbe-f9e6-41c9-80b2-e833675fa668"
"2018-08-30","SPEND","ULearn Limited Current account","EIRCOM","","63.91","B104","","May bill","63.91","NONE","AUTHORISED","ae515a76-624a-41f6-b095-a4b1f189a149"
"2018-08-29","RECEIVE","ULearn Limited Current account","ULearn-Student","Valitor M5917166   GP","419.68","100","","Valitor Merch A/C","419.68","NONE","AUTHORISED","596917ce-d25b-4e64-bdca-f485adaf7626"
"2018-08-30","RECEIVE","ULearn Limited Current account","ULearn-Student","Valitor M5938567   GP","2147.57","100","","Valitor Merch A/C","2147.57","NONE","AUTHORISED","a988aa5f-0742-4c2e-83b0-ce579c8dfc20"
"2018-08-28","SPEND","ULearn Limited Current account","Patrick - Excursion","","500","A109B","","Italian group and Europass","500","NONE","AUTHORISED","2ebb5442-5e68-4d87-9c1f-ae0f6f26596a"
"2018-08-28","RECEIVE","ULearn Limited Current account","Ciaran Mc Mahon","","60","B108","","He withdrew this money from the Ulearn account to get home, but he returned that money back in the Ulearn account.","60","NONE","AUTHORISED","8c20a298-9511-4b3c-a6b5-dcd3d4985b20"
"2018-08-28","SPEND","ULearn Limited Current account","Bus Tickets","","320","A104","","Casna group","320","NONE","AUTHORISED","70913bdf-2857-49f5-9450-ec7103cb2c8a"
"2018-08-30","SPEND","ULearn Limited Current account","GoDaddy.com, LLC - CARD","","8.6","B106","","Ulearn","8.6","NONE","AUTHORISED","03d46120-b12a-4b06-8e1f-af8bd05633eb"
"2018-08-30","SPEND","ULearn Limited Current account","EIRCOM","","441.05","B104","","May bill","441.05","NONE","AUTHORISED","a442ab5a-503a-4518-bba5-f0781c2f9383"
"2018-08-29","SPEND","ULearn Limited Current account","Social","POS27AUG LITTLEMUSEUM","56","A104","","Social Outings & Expenses","56","NONE","AUTHORISED","dfcd8db8-94e1-48c1-9955-c632b07b069a"
"2018-08-31","RECEIVE","ULearn Limited Current account","ULearn-Student","Valitor M5947704   GP","4578.67","100","","Valitor Merch A/C","4578.67","NONE","AUTHORISED","267d9356-43c3-4836-b073-e88ec47dae37"
"2018-08-31","RECEIVE","ULearn Limited Current account","ULearn-Student","ULS2018 08 31 GP","1075","100","","ULearn-Student","1075","NONE","AUTHORISED","9fc8312a-91b6-4ed2-8ac2-f6f3eeae5708"
"2018-08-31","RECEIVE","ULearn Limited Current account","ULearn-Student","ACCOMODATION CAMIL GP","205","100","","ULearn-Student","205","NONE","AUTHORISED","6216202d-4536-4610-9da5-fccb354e2abb"
"2018-08-31","RECEIVE","ULearn Limited Current account","ULearn-Student","1/KANGMIN KIM GP","2600","100","","ULearn-Student","2600","NONE","AUTHORISED","b6610701-9142-45f3-8256-f54b4310e390"
"2018-09-03","SPEND","ULearn Limited Current account","Penneys","","11","A101","","Duvet","11","NONE","AUTHORISED","b63845ef-7947-4db6-8e89-eca4d00194a9"
"2018-09-03","RECEIVE","ULearn Limited Current account","ULearn-Student","Valitor M5957438   GP","470.35","100","","Valitor Merch A/C","470.35","NONE","AUTHORISED","304d9d70-51bb-4e6c-b912-e839b5ddd344"
"2018-09-04","SPEND","ULearn Limited Current account","GoDaddy.com, LLC - CARD","","14.22","B106","","Hosting ","14.22","NONE","AUTHORISED","0b530ccd-2d11-47de-b852-dcaf70ff1764"
"2018-09-04","SPEND","ULearn Limited Current account","SOFTWARE","POS CHG USD       14","0.26","B106","","Misc Software / Hosting","0.26","NONE","AUTHORISED","01f4d98d-5a28-45e8-8425-dbe72e9a9170"
"2018-09-03","RECEIVE","ULearn Limited Current account","MARY McGRATH (use John Ryan A/c)","","250","A100","","Refund - we made a wrong payment for her","250","NONE","AUTHORISED","02c1201a-d1c2-46b0-9a8e-a98d857877d0"
"2018-09-04","RECEIVE","ULearn Limited Current account","MARY McGRATH (use John Ryan A/c)","","250","A100","","Refund - we made a wrong payment for her","250","NONE","AUTHORISED","70712050-5b22-4d3b-ad07-fe5ec08eb410"
"2018-09-04","SPEND","ULearn Limited Current account","Virgin Media","","113.49","B104","","Mobile bill","113.49","NONE","AUTHORISED","23a56178-f692-405b-b356-d2fa4479e5f0"
"2018-09-03","RECEIVE","ULearn Limited Current account","ULearn-Student","1/BOGDANOVA YULIYA GP","1070","100","","ULearn-Student","1070","NONE","AUTHORISED","cbc47b4d-b255-4797-a263-bf4f840a669a"
"2018-09-03","RECEIVE","ULearn Limited Current account","ULearn-Student","Benchendikh WahibP GP","3265","100","","ULearn-Student","3265","NONE","AUTHORISED","04aa1114-73bf-47ca-b325-bd805f8f8c31"
"2018-09-03","RECEIVE","ULearn Limited Current account","Madina Aubakirova","","70.5","B123","","She sent us a wrong bank account, the money returned to us.","70.5","NONE","AUTHORISED","84ea9209-9753-4bc4-b3f9-d8befd5df427"
"2018-08-30","SPEND","ULearn Limited Current account","Other costs","","300","B115C","","Staff costs","300","NONE","AUTHORISED","de7dcbca-5f00-4256-a3a4-f6278c92dd4c"
"2018-09-18","SPEND","ULearn Limited Current account","Google - CARD","POS14SEP GOOGLE *ADS1","500","B110","","Ulearn ","500","NONE","AUTHORISED","b7cdad7f-67b5-4784-a7ca-0181d2a5e6ca"
"2018-09-25","SPEND","ULearn Limited Current account","Zopim - CARD","P2009US 14.00@1.17351","11.93","B106","","Zopim Chat Module","11.93","NONE","AUTHORISED","d84d46aa-91e9-4145-989f-021a66c5c92d"
"2018-09-07","SPEND","ULearn Limited Current account","Penneys","","71","A101","","Bedding Capel St","71","NONE","AUTHORISED","5a7867be-c95c-47f4-868b-04d625b29f93"
"2018-09-18","RECEIVE","ULearn Limited Current account","ULearn-Student","ULS2018 09 18 GP","9630","100","","ULearn-Student","9630","NONE","AUTHORISED","35876655-81c2-4dc7-b97b-08961fec946a"
"2018-09-26","SPEND","ULearn Limited Current account","Airport Taxi","POS24SEP AIRPORT TAXI","49","A104","","Airport Transfer","49","NONE","AUTHORISED","556259bf-217c-4e5a-8b9e-08ce45742934"
"2018-09-05","SPEND","ULearn Limited Current account","An Post","","302.5","B113","","Gift Voucher","302.5","NONE","AUTHORISED","3ca2bd83-6168-4ee5-b693-092598db403c"
"2018-09-11","RECEIVE","ULearn Limited Current account","ULearn-Student","ULS2018 09 11 GP","2650","100","","ULearn-Student","2650","NONE","AUTHORISED","13d7d5b3-4d00-4c0a-b130-0d9951130499"
"2018-09-05","RECEIVE","ULearn Limited Current account","Penneys","","16","104","","Ulearn","16","NONE","AUTHORISED","9052e7d2-49c5-41c1-8e37-0b6d723f7520"
"2018-09-08","SPEND","ULearn Limited Current account","Pret-a-Manger","","13.55","B112","","Food","13.55","NONE","AUTHORISED","bf79aa5a-5997-45d6-831f-101a4183bff1"
"2018-09-18","SPEND","ULearn Limited Current account","Spotify","POS15SEP PAYPAL *SPOT","9.99","A108","","School Spotify Sub","9.99","NONE","AUTHORISED","0355d499-1ac8-400e-a718-167350307acc"
"2018-09-17","RECEIVE","ULearn Limited Current account","ULearn-Student","ULEARN PAY GP","415","100","","ULearn-Student","415","NONE","AUTHORISED","7cd1b874-c7b9-433e-945d-0e0058b8680a"
"2018-09-18","SPEND","ULearn Limited Current account","Flogas SEPA - DD","","99.41","B105","","Flogas","99.41","NONE","AUTHORISED","f0e89672-cb42-4b1d-b9de-0f372217c468"
"2018-09-19","RECEIVE","ULearn Limited Current account","ULearn-Student","365 Ederson Spinardi","712.5","100","","ULearn-Student","712.5","NONE","AUTHORISED","1e8a9370-6e48-42fb-9a46-186f945e47ea"
"2018-09-24","SPEND","ULearn Limited Current account","BOI LIFE INSURANCE","OP/BoI LIFE   SEPA DD","51.03","B119","","Life Insurance BOI","51.03","NONE","AUTHORISED","e0e8c832-f59e-4bc8-a719-1b6f5e1aaaa9"
"2018-09-27","SPEND","ULearn Limited Current account","Everyday Hero","","53.19","B150","","Charity donation","53.19","NONE","AUTHORISED","06d49932-1051-497d-9f44-0f5096eea394"
"2018-09-06","SPEND","ULearn Limited Current account","Airport Taxi","POS04SEP AIRPORT TAXI","57","A104","","Airport Transfer","57","NONE","AUTHORISED","c599f938-04d2-40c4-ada6-231b01c37a73"
"2018-09-10","SPEND","ULearn Limited Current account","Airport Taxi","POS06SEP AIRPORT TAXI","37","A104","","Airport Transfer","37","NONE","AUTHORISED","ae0fad76-589b-43e5-a4e7-3854f24e68e1"
"2018-09-17","SPEND","ULearn Limited Current account","Xero Subscription - CARD","IN-1138096","25.82","B106","","ULearn. Monthly Subscription, Standard Price Plan, 17 Aug 2018 to 16 Sep 2018. ","25.82","NONE","AUTHORISED","99838438-c527-473d-b3c6-36559ad80527"
"2018-09-08","SPEND","ULearn Limited Current account","Moscow Restaurant","","11.83","B112","","Food","11.83","NONE","AUTHORISED","c1505e8f-322c-4b16-a97e-42f036fd07a8"
"2018-09-09","SPEND","ULearn Limited Current account","Moscow","","12.59","B112","","Food + Taxis (Cash Withdrawl)","12.59","NONE","AUTHORISED","8c4f5c8c-4dd2-4532-af5c-2a34802fee1f"
"2018-09-21","SPEND","ULearn Limited Current account","Brown Thomas","","200","B115C","","Gift Card Aitana","200","NONE","AUTHORISED","8e8b0b4e-2617-44e8-abce-2b427b7f9ed7"
"2018-09-17","SPEND","ULearn Limited Current account","Host Ireland - DD","","676.5","B106","","PremierDedicated - [300 Mbps] , [ULearn Ded] , [89 Harcourt Street, Dublin 2,
","676.5","NONE","AUTHORISED","564e7f80-4e80-454a-b5ea-385a64526e1b"
"2018-09-19","SPEND","ULearn Limited Current account","Patrick - Excursion","","700","A109B","","Europass/CLIL students","700","NONE","AUTHORISED","341e5485-13ef-4d64-97a9-1c1d1ed64870"
"2018-09-18","RECEIVE","ULearn Limited Current account","ULearn-Student","Valitor M6094739   GP","723.76","100","","Valitor Merch A/C","723.76","NONE","AUTHORISED","20a352e7-e414-4fb7-9054-39594048402d"
"2018-09-24","SPEND","ULearn Limited Current account","Google - CARD","","500","B110","","Ulearn ","500","NONE","AUTHORISED","2160f13d-9842-44d9-8a14-21508a02ddb3"
"2018-09-25","SPEND","ULearn Limited Current account","SOFTWARE","POS22SEP ADOBE  CREAT","30.74","B106","","Software / Hosting","30.74","NONE","AUTHORISED","a65a6a7a-c3d3-4a0b-b499-323a63be5270"
"2018-09-24","RECEIVE","ULearn Limited Current account","ULearn-Student","ULS2018 09 24 GP","6121","100","","ULearn-Student","6121","NONE","AUTHORISED","eafedd72-25c2-47d8-bc81-370303dc04ed"
"2018-09-25","RECEIVE","ULearn Limited Current account","ULearn-Student","ULS2018 09 25 GP","1040","100","","ULearn-Student","1040","NONE","AUTHORISED","f321b8b3-cfc9-4e2a-9d8b-28c79a0c4012"
"2018-09-25","SPEND","ULearn Limited Current account","Madina Aubakirova","","17.5","B123","","Bank fee","17.5","NONE","AUTHORISED","1495dfb0-ff0c-4472-86fa-43a3c5862dad"
"2018-09-18","SPEND","ULearn Limited Current account","EIRCOM","","30.42","B104","","Ulearn","30.42","NONE","AUTHORISED","8a61d75b-35ea-41d2-a5f3-3253c58b8309"
"2018-09-05","SPEND","ULearn Limited Current account","SOFTWARE","POS CHG USD        7","0.12","B106","","Misc Software / Hosting","0.12","NONE","AUTHORISED","5d9d979e-0be8-43f1-bde3-6373279bf625"
"2018-09-10","SPEND","ULearn Limited Current account","Airport Taxi","POS06SEP AIRPORT TAXI","37","A104","","Airport Transfer","37","NONE","AUTHORISED","69088d2a-1b42-49bc-81d5-455f96986600"
"2018-09-11","SPEND","ULearn Limited Current account","Food, Coffees, Newsagents","POSC07SEP GREEN BENCH","14.3","B102","","Coffees, Food, Newsagents","14.3","NONE","AUTHORISED","45515b8d-465e-4a57-8786-6ded01ba9554"
"2018-09-05","SPEND","ULearn Limited Current account","PREPAYPOWER","POS03SEP PREPAYPOWER","100","B105A","","Electricity Prepaid","100","NONE","AUTHORISED","2403b4ff-fb53-4c69-8e71-8965371be062"
"2018-09-06","RECEIVE","ULearn Limited Current account","MARY McGRATH (use John Ryan A/c)","","192.86","A100","","Refund - we made a wrong payment for her","192.86","NONE","AUTHORISED","fb4dc2a6-915b-4598-87de-54ec4b875f0d"
"2018-09-07","SPEND","ULearn Limited Current account","Patrick - Excursion","","680","A109B","","There were 17 Europass/CLIL students going on the trip ","680","NONE","AUTHORISED","9e82f7ae-5515-491b-b418-84fe628c0e2f"
"2018-09-25","SPEND","ULearn Limited Current account","CloudVoice - DD","26036","142.18","B104","","Call Charges Breakdown
Total Charges","142.18","NONE","AUTHORISED","7a3a2e9f-b341-421a-8ba3-68b31ba704ff"
"2018-09-05","SPEND","ULearn Limited Current account","Google - CARD","POS03SEP GOOGLE *ADS1","500","B110","","Ulearn ","500","NONE","AUTHORISED","82d314ea-3116-4b60-8435-60839b7847e4"
"2018-09-14","SPEND","ULearn Limited Current account","Airport Taxi","POS12SEP AIRPORT TAXI","38","A104","","Airport Transfer","38","NONE","AUTHORISED","fc21f2b4-454b-4f98-977a-853d334517fd"
"2018-09-14","SPEND","ULearn Limited Current account","EIRCOM","EIRCOM TIS    SEPA DD","62.42","B104","","Telephone & Internet","62.42","NONE","AUTHORISED","658b7208-3c71-42fe-bdea-6c980cb50c06"
"2018-09-17","SPEND","ULearn Limited Current account","The Bleeding Horse","social activities","24.7","A109","","Social activities","24.7","NONE","AUTHORISED","5266bc42-c8be-40b2-bd4a-7e2e5a8fa527"
"2018-09-11","SPEND","ULearn Limited Current account","Google - CARD","POS08SEP GOOGLE*ADS10","500","B110","","Ulearn","500","NONE","AUTHORISED","613c8825-7ecd-4047-b0cd-8a3352782fe7"
"2018-09-13","RECEIVE","ULearn Limited Current account","ULearn-Student","ULS2018 09 13 GP","910","100","","ULearn-Student","910","NONE","AUTHORISED","2d8b5f4a-5dab-4e0a-9614-8198a8002999"
"2018-09-06","RECEIVE","ULearn Limited Current account","ULearn-Student","ULS2018 09 06 GP","530","100","","ULearn-Student","530","NONE","AUTHORISED","188d8d96-eb71-4ea4-a115-563874aeca5d"
"2018-09-14","SPEND","ULearn Limited Current account","A2 Hosting","Invoice #A2H-668692","81.77","B106","","Ulearn","81.77","NONE","AUTHORISED","4bd01996-84d7-414c-a5d3-806166216afd"
"2018-09-08","SPEND","ULearn Limited Current account","GLOBAL TAXIS","","18.2","B112","","Taxi","18.2","NONE","AUTHORISED","8829b2b1-105f-4e5b-8f91-4a62277f4e53"
"2018-09-17","RECEIVE","ULearn Limited Current account","ULearn-Student","Valitor M6084567   GP","1939.33","100","","Valitor Merch A/C","1939.33","NONE","AUTHORISED","e4e74e97-4ca1-4bba-8bd3-8a4fa4a91fa5"
"2018-09-17","RECEIVE","ULearn Limited Current account","ULearn-Student","ULS2018 09 17 GP","455","100","","ULearn-Student","455","NONE","AUTHORISED","c7c18fd6-90ff-447a-ace4-4f165f5efef7"
"2018-09-20","SPEND","ULearn Limited Current account","Patrick - Excursion","","700","A109B","","Europass/CLIL students","700","NONE","AUTHORISED","67a44716-d29e-4854-815a-828b4828718f"
"2018-09-20","RECEIVE","ULearn Limited Current account","ULearn-Student","Valitor M6129127   GP","551.69","100","","Valitor Merch A/C","551.69","NONE","AUTHORISED","8904a2ba-7b90-486c-bcf2-4cc95cb0f3bd"
"2018-09-18","SPEND","ULearn Limited Current account","Flogas SEPA - DD","","165.68","B105","","Flogas","165.68","NONE","AUTHORISED","57780b33-130a-439c-a039-7eb8d45d9fe7"
"2018-09-18","SPEND","ULearn Limited Current account","Flogas SEPA - DD","","95.84","B105","","Flogas","95.84","NONE","AUTHORISED","dd32fb15-7885-49f4-b043-8799237375ff"
"2018-09-20","RECEIVE","ULearn Limited Current account","ULearn-Student","ODGEREL TUMURTOGOO GP","3805","100","","ULearn-Student","3805","NONE","AUTHORISED","1c052f39-42b1-46e5-961b-5b8adb26ebd5"
"2018-09-21","SPEND","ULearn Limited Current account","BOI","","190.41","B127","","Bank Charges","190.41","NONE","AUTHORISED","dd649c7b-7bc1-48f2-9908-49d55b65f713"
"2018-09-21","RECEIVE","ULearn Limited Current account","ULearn-Student","2X BLUE CONSULTORIA","4194","100","","Course Payments","4194","NONE","AUTHORISED","1d9743d4-01b0-4ffd-a8c4-4faaa474ebe2"
"2018-09-21","RECEIVE","ULearn Limited Current account","ULearn-Student","P2018798 / ID18113","2025","100","","ULearn-Student","2025","NONE","AUTHORISED","d6b2f70a-6eb9-4b2b-9b9c-568f13a07b1a"
"2018-09-24","SPEND","ULearn Limited Current account","Urangoo Purevnyam","","24.5","B123","","Bank fees","24.5","NONE","AUTHORISED","86434bac-269f-4240-8017-5ed69ef630ca"
"2018-09-24","SPEND","ULearn Limited Current account","BOI LIFE INSURANCE","OP/BoI LIFE   SEPA DD","47.05","B119","","Life Insurance BOI","47.05","NONE","AUTHORISED","5ffa8318-d68e-4cb7-978a-64e6d58868ca"
"2018-09-25","RECEIVE","ULearn Limited Current account","ULearn-Student","Valitor M6158420   GP","712.45","100","","Valitor Merch A/C","712.45","NONE","AUTHORISED","efd37917-1534-49f3-80d3-50f3abffdb30"
"2018-09-24","SPEND","ULearn Limited Current account","Eurolingua","","2880","100","","Money mistakenly lodged in Ulearn bank account","2880","NONE","AUTHORISED","7b447a29-52eb-4488-ac0d-4e94a79a2a8c"
"2018-09-05","RECEIVE","ULearn Limited Current account","ULearn-Student","Valitor M5977511   GP","4653.08","100","","Valitor Merch A/C","4653.08","NONE","AUTHORISED","dede27c9-ea63-44d5-902e-a3682d208819"
"2018-09-06","RECEIVE","ULearn Limited Current account","ULearn-Student","Valitor M6001843   GP","199.15","100","","Valitor Merch A/C","199.15","NONE","AUTHORISED","8285b2b1-1354-4a6b-98d6-b6e64ea56c81"
"2018-09-07","RECEIVE","ULearn Limited Current account","ULearn-Student","Valitor M6011340   GP","2632.14","100","","Valitor Merch A/C","2632.14","NONE","AUTHORISED","97ab859d-272e-407e-a231-d223d9244944"
"2018-09-10","SPEND","ULearn Limited Current account","Cazoomi - SyncApps - CARD","P0609US 19.98@1.16027","17.22","B106","","Sync Apps Recurring Subscription","17.22","NONE","AUTHORISED","bd7fd98b-efd6-485d-9dd6-a347f4695a81"
"2018-09-10","SPEND","ULearn Limited Current account","Airport Taxi","POS06SEP AIRPORT TAXI","39","A104","","Airport Transfer","39","NONE","AUTHORISED","b7c949c7-e4e9-45d5-8d3a-fd1b2dee9420"
"2018-09-11","RECEIVE","ULearn Limited Current account","ULearn-Student","Valitor M6031258   GP","515.99","100","","Valitor Merch A/C","515.99","NONE","AUTHORISED","19f6bb2b-649b-46d4-a193-dc61f35d8a0c"
"2018-09-12","RECEIVE","ULearn Limited Current account","ULearn-Student","Valitor M6041279   GP","758.89","100","","Valitor Merch A/C","758.89","NONE","AUTHORISED","ccb8d38c-330f-4010-843d-a366157496bd"
"2018-09-13","RECEIVE","ULearn Limited Current account","ULearn-Student","Valitor M6065284   GP","1253.3","100","","Valitor Merch A/C","1253.3","NONE","AUTHORISED","cea13ac6-a3f1-4f17-b026-ee64e0495bd5"
"2018-09-05","RECEIVE","ULearn Limited Current account","MARY McGRATH (use John Ryan A/c)","","250","A100","","Refund - we made a wrong payment for her","250","NONE","AUTHORISED","5fff4146-5ceb-4af3-90dd-f0f8812c5232"
"2018-09-19","SPEND","ULearn Limited Current account","THE HR COMPANY - DD","A2379","141.45","B118","","Monthly HR Subscription Plan & GDPR ","141.45","NONE","AUTHORISED","b6c0bc53-64fb-43b2-b178-94bd658b31ea"
"2018-09-05","SPEND","ULearn Limited Current account","Github - CARD","P0309US  7.00@1.15894","6.04","B106","","Github Repos","6.04","NONE","AUTHORISED","c1a9c492-8abf-40a2-b66b-d9df3700185f"
"2018-09-05","RECEIVE","ULearn Limited Current account","ULearn-Student","PAGO CLASES GP","1632","100","","ULearn-Student","1632","NONE","AUTHORISED","d282c227-254a-4c15-8cd7-f63ed10a195e"
"2018-09-07","RECEIVE","ULearn Limited Current account","ULearn-Student","BYAMBASUREN ERDENE GP","3205","100","","ULearn-Student","3205","NONE","AUTHORISED","f064cfd5-4cfa-4542-8675-ac43fcad7f9a"
"2018-09-14","RECEIVE","ULearn Limited Current account","ULearn-Student","Valitor M6074702   GP","9721.78","100","","Valitor Merch A/C","9721.78","NONE","AUTHORISED","e35094ed-1dfb-4d79-a44b-be96d72d7aa3"
"2018-09-07","RECEIVE","ULearn Limited Current account","ULearn-Student","ULS2018 09 07 GP","4455","100","","ULearn-Student","4455","NONE","AUTHORISED","a7b038d1-22f9-4f8a-89f3-ef35e7076f3a"
"2018-09-10","RECEIVE","ULearn Limited Current account","ULearn-Student","ULS2018 09 10 GP","460","100","","ULearn-Student","460","NONE","AUTHORISED","b3f2fb49-9236-4a37-b5f2-ef813bf93935"
"2018-09-14","SPEND","ULearn Limited Current account","Davis Business Con","","6150","B118","","Neil","6150","NONE","AUTHORISED","6e169bf7-eb67-4c5f-b6f6-c63d0ca2e344"
"2018-09-08","SPEND","ULearn Limited Current account","Marquette Dublin Airport","","9.1","B112","","Food","9.1","NONE","AUTHORISED","9112cc72-7816-4de4-b59e-fdc515fb2caa"
"2018-09-10","SPEND","ULearn Limited Current account","La Salle Heathrow","","11.8","B112","","Food","11.8","NONE","AUTHORISED","0bb21792-fb03-4cb2-b258-963febe77bd1"
"2018-09-10","SPEND","ULearn Limited Current account","Duffy East LLC Moscow Airport","","6.97","B112","","Food","6.97","NONE","AUTHORISED","fb07b88e-620e-41c5-a5e1-f2a424707109"
"2018-09-10","SPEND","ULearn Limited Current account","Moscow Restaurant","","11.2","B112","","Food","11.2","NONE","AUTHORISED","244e6b0b-8995-4a42-bb0d-bdb0bf79f258"
"2018-09-19","RECEIVE","ULearn Limited Current account","ULearn-Student","Valitor M6104906   GP","1443.18","100","","Valitor Merch A/C","1443.18","NONE","AUTHORISED","8bb8559d-edd5-4a09-873b-eb589fcbeaae"
"2018-09-18","SPEND","ULearn Limited Current account","Flogas SEPA - DD","","100.3","B105","","Flogas","100.3","NONE","AUTHORISED","a09fb247-6ccb-478d-be84-994deeee35ba"
"2018-09-18","SPEND","ULearn Limited Current account","Flogas SEPA - DD","","153.64","B105","","Flogas","153.64","NONE","AUTHORISED","5a42699a-28b7-4f01-b4f0-aba646bef4ee"
"2018-09-19","RECEIVE","ULearn Limited Current account","ULearn-Student","ulearn outstanding GP","9893","100","","ULearn-Student","9893","NONE","AUTHORISED","66f5a831-1c41-4f41-9cbe-da25fd3f479c"
"2018-09-19","RECEIVE","ULearn Limited Current account","ULearn-Student","diego menaches tui GP","218","100","","ULearn-Student","218","NONE","AUTHORISED","2e690df5-7dec-4d06-a56e-d2eb02d14b29"
"2018-09-21","RECEIVE","ULearn Limited Current account","ULearn-Student","Valitor M6138558   GP","3144.88","100","","Valitor Merch A/C","3144.88","NONE","AUTHORISED","d6162c57-2f8d-41a9-814b-cc8ce834bf7b"
"2018-09-21","RECEIVE","ULearn Limited Current account","ULearn-Student","P2018799 / ID18114","2025","100","","","2025","NONE","AUTHORISED","7b73a162-ba34-4500-8fea-bb2eb8f96db7"
"2018-09-21","RECEIVE","ULearn Limited Current account","ULearn-Student","80191113108 INVOIC GP","5085.8","100","","ULearn-Student","5085.8","NONE","AUTHORISED","2763e51d-681a-45c6-873d-e7c0a6b20398"
"2018-09-24","RECEIVE","ULearn Limited Current account","ULearn-Student","Valitor M6148366   GP","1175.77","100","","Valitor Merch A/C","1175.77","NONE","AUTHORISED","0216ef28-feb3-4764-a03d-b04eb60d7f5e"
"2018-09-24","SPEND","ULearn Limited Current account","Airport Taxi","POS20SEP AIRPORT TAXI","39","A104","","Airport Transfer","39","NONE","AUTHORISED","b9a5b31c-37a7-40d1-8ff4-c36d7ab7d665"
"2018-09-27","RECEIVE","ULearn Limited Current account","ULearn-Student","Valitor M6194297   GP","1178.61","100","","Valitor Merch A/C","1178.61","NONE","AUTHORISED","0c4e7a28-3dc4-4346-808f-fd9ce44436da"
"2018-09-27","SPEND","ULearn Limited Current account","Virgin Media","","92.25","B104","","Mobile bill","92.25","NONE","AUTHORISED","9b28d432-22c9-4bd5-b76a-be40197dfe69"
"2018-09-27","SPEND","ULearn Limited Current account","Virgin Media","","92.25","B104","","Mobile bill","92.25","NONE","AUTHORISED","ff8ccdcb-2d7c-422e-94ab-93f290b7b87d"
"2018-09-26","RECEIVE","ULearn Limited Current account","ULearn-Student","Valitor M6168578   GP","3611.56","100","","Valitor Merch A/C","3611.56","NONE","AUTHORISED","54931009-7ce8-4306-b668-8a7156904b60"
"2018-09-27","RECEIVE","ULearn Limited Current account","ULearn-Student","ULS2018 09 27 GP","1279","100","","ULearn-Student","1279","NONE","AUTHORISED","c05aebc7-d27f-4f97-8ac8-8ecb2768a033"
"2018-09-26","RECEIVE","ULearn Limited Current account","ULearn-Student","ULS2018 09 26 GP","1366","100","","ULearn-Student","1366","NONE","AUTHORISED","52729ed7-2ad5-4c2a-9a45-c395fdc9a81b"
"2018-09-25","RECEIVE","ULearn Limited Current account","ULearn-Student","1/MATIAS IGNACIO P GP","2588.1","100","","ULearn-Student","2588.1","NONE","AUTHORISED","8c266953-b6fc-462c-ad3b-97306f57e07e"
"2018-09-24","SPEND","ULearn Limited Current account","Oxford University Press","","39","B121","","Books ","39","NONE","AUTHORISED","e2ef4e72-5876-49ca-9dde-c7ee0b58366e"
"2018-09-27","SPEND","ULearn Limited Current account","Penneys","","43.5","A101","","Replacement -new  bed clothes for one of our apartments","43.5","NONE","AUTHORISED","0b243b28-96e9-4f51-beef-9ad5a64c6480"
"2018-09-10","SPEND","ULearn Limited Current account","Express VPN","","11.16","B106","","Office / IT","11.16","NONE","AUTHORISED","b51512e8-4c9c-4d14-85e3-ab0895d72c4b"
"2018-09-27","SPEND","ULearn Limited Current account","General Expenses","","94.81","B125","","Unknown expense","94.81","NONE","AUTHORISED","ceefd608-ab64-44f8-98d6-fa52913795b8"
"2018-10-11","SPEND","ULearn Limited Current account","Blacknight","","30.74","B106","","Blacknight hosting","30.74","NONE","AUTHORISED","a2362ffe-2490-4ca2-b457-00a3094b53e2"
"2018-10-09","RECEIVE","ULearn Limited Current account","ULearn-Student","ULS2018 10 09 GP","18385.2","100","","ULearn-Student","18385.2","NONE","AUTHORISED","48c8f479-5659-48d5-8016-021e77618a5a"
"2018-10-01","RECEIVE","ULearn Limited Current account","ULearn-Student","ULS2018 10 01 GP","14065.75","100","","ULearn-Student","14065.75","NONE","AUTHORISED","9679e052-5bba-48ca-b039-05ed1263824b"
"2018-10-16","SPEND","ULearn Limited Current account","Google - CARD","","500","B110","","Ulearn ","500","NONE","AUTHORISED","25767b59-b010-4fcb-bf76-06225f5acd58"
"2018-09-28","RECEIVE","ULearn Limited Current account","ULearn-Student","ENKHSAIKHAN MENDSA GP","3350","100","","ULearn-Student","3350","NONE","AUTHORISED","2de340c8-9db0-4143-9525-1812a104b3bd"
"2018-10-02","SPEND","ULearn Limited Current account","PREPAYPOWER","POS28SEP PREPAYPOWER","100","B105A","","Electricity Prepaid","100","NONE","AUTHORISED","82bdabc9-2f24-4fd2-8e9e-14ae13be175e"
"2018-10-11","RECEIVE","ULearn Limited Current account","ULearn-Student","Valitor M6324644   GP","5852.49","100","","Valitor Merch A/C","5852.49","NONE","AUTHORISED","28bf9ceb-4a6b-4efd-b60b-17cedb9b0530"
"2018-10-17","SPEND","ULearn Limited Current account","Host Ireland - DD","","676.5","B106","","PremierDedicated - [300 Mbps] , [ULearn Ded] , [89 Harcourt Street, Dublin 2,
Ireland] , [WQELE] (30/10/2018 - 29/11/2018)","676.5","NONE","AUTHORISED","6c2fa1ed-bb8a-4e67-8dea-15fd4fc5f01b"
"2018-10-15","RECEIVE","ULearn Limited Current account","ULearn-Student","Valitor M6344425   GP","2188.67","100","","Valitor Merch A/C","2188.67","NONE","AUTHORISED","d73d754c-ed2c-4f8c-8a99-0f3e3545df5a"
"2018-10-02","SPEND","ULearn Limited Current account","PMACS","POSC28SEP PMACS Bar","6","A109","","Social Activities","6","NONE","AUTHORISED","7705eeb8-e5d7-496b-8c04-11be8f6958e7"
"2018-10-19","RECEIVE","ULearn Limited Current account","ULearn-Student","Valitor M6399396   GP","3856.13","100","","Valitor Merch A/C","3856.13","NONE","AUTHORISED","702f6929-925a-456d-afa9-0d16198b1330"
"2018-10-19","RECEIVE","ULearn Limited Current account","ULearn-Student","NASANBUYAN TSEVEEN GP","3350","100","","ULearn-Student","3350","NONE","AUTHORISED","b3c8609d-a835-4f14-8e9a-17962ae0c968"
"2018-09-28","SPEND","ULearn Limited Current account","Google - CARD","","500","B110","","Ulearn ","500","NONE","AUTHORISED","c37c5fa1-14a2-4b15-9137-18335db81abd"
"2018-09-29","SPEND","ULearn Limited Current account","Taxi","taxi receipt","10.6","A104","","it was trip to our apartments","10.6","NONE","AUTHORISED","34f5260e-f5f9-49aa-91fb-1c7c2474d9dc"
"2018-10-01","SPEND","ULearn Limited Current account","New Ireland","","185","B120","","Ulearn ","185","NONE","AUTHORISED","83499e69-0948-409e-97c6-224f2b7557b9"
"2018-10-01","RECEIVE","ULearn Limited Current account","ULearn-Student","MIGUEL A SANCHEZ 1 GP","1029.2","100","","ULearn-Student","1029.2","NONE","AUTHORISED","af2a5f51-7a86-40b3-bef4-34dcd915e564"
"2018-10-02","SPEND","ULearn Limited Current account","GoDaddy.com, LLC - CARD","","8.6","B106","","Ulearn","8.6","NONE","AUTHORISED","9cb7f395-739f-47ec-a74d-24a256e3a2e3"
"2018-10-11","SPEND","ULearn Limited Current account","Bord Gais Energy - DD","4506231157","236.55","B105A","","Period 24 Jul 2018 - 25 Sep 2018","236.55","NONE","AUTHORISED","0e1149ee-1818-4ae1-99c2-2be3cfa150e5"
"2018-10-15","SPEND","ULearn Limited Current account","The Bleeding Horse","","23.9","A109","","Welcome Drinks","23.9","NONE","AUTHORISED","37a58077-d2e5-4d1a-95be-335637454a7d"
"2018-10-16","SPEND","ULearn Limited Current account","Mattress Mick","New mattress - Capel apartment","244","A101","","New mattress - apartment Capel street","244","NONE","AUTHORISED","88632fd8-0f92-4664-9ba6-1fa7f84c60f6"
"2018-10-19","SPEND","ULearn Limited Current account","THE HR COMPANY - DD","A3081","141.45","B118","","Monthly HR Subscription Plan & GDPR ","141.45","NONE","AUTHORISED","a2d36bb5-9e24-44cd-b446-2b06f60b6f46"
"2018-10-16","SPEND","ULearn Limited Current account","Halloween HQ","Decorations","29","B102","","Halloween decorations","29","NONE","AUTHORISED","67ef6f6d-7964-4088-8567-1ab3c8205467"
"2018-10-15","SPEND","ULearn Limited Current account","BOI","EFT DD CHARGES","2.72","B127","","Bank Charges","2.72","NONE","AUTHORISED","e33bf711-ffb0-403a-8aea-2670155c5c22"
"2018-10-18","SPEND","ULearn Limited Current account","Spotify","POS15OCT PAYPAL *SPOT","9.99","A108","","School Spotify Sub","9.99","NONE","AUTHORISED","88ae8a1d-59a8-4cfd-82c2-30fa73e5d71d"
"2018-10-16","SPEND","ULearn Limited Current account","Flogas SEPA - DD","","158.43","B105","","Flogas","158.43","NONE","AUTHORISED","4dda8101-8949-4ffe-aa91-2eaf11cb71b5"
"2018-10-16","SPEND","ULearn Limited Current account","Flogas SEPA - DD","","97.06","B105","","Flogas","97.06","NONE","AUTHORISED","56b8f83e-70cf-459a-9ff0-268ddbada3f9"
"2018-10-16","SPEND","ULearn Limited Current account","Flogas SEPA - DD","","101.96","B105","","Flogas","101.96","NONE","AUTHORISED","c72e1e2d-a265-4cd7-91ec-29cc370b564b"
"2018-10-02","SPEND","ULearn Limited Current account","ToutApp - CARD","P3009US 30.00@1.15651","25.94","B106","","ToutApp Email Software","25.94","NONE","AUTHORISED","f634b1ef-e295-4f82-a45c-34b49db1dd82"
"2018-10-02","SPEND","ULearn Limited Current account","Liga Berzina","","111.52","B112","","Russian conference","111.52","NONE","AUTHORISED","a0527616-7d15-458c-85c2-18f358f2564d"
"2018-10-09","SPEND","ULearn Limited Current account","General Expenses","","8.65","B125","","Unknown expense","8.65","NONE","AUTHORISED","d65dd146-201b-480c-bdf2-2e1a8a9d5269"
"2018-09-28","SPEND","ULearn Limited Current account","PMACS","","68.1","A109","","Drinks","68.1","NONE","AUTHORISED","2fc82f73-0213-49aa-9ea7-6de57d60c405"
"2018-10-01","SPEND","ULearn Limited Current account","The Bleeding Horse","","12.6","A109","","Student Welcome Drinks","12.6","NONE","AUTHORISED","24695d3d-5075-4083-b9fb-3a8f7113108e"
"2018-09-28","RECEIVE","ULearn Limited Current account","ULearn-Student","Valitor M6203831   GP","2699.63","100","","Valitor Merch A/C","2699.63","NONE","AUTHORISED","2568afc4-8893-49e6-aa8b-49b3f6f4725f"
"2018-10-04","RECEIVE","ULearn Limited Current account","ULearn-Student","Valitor M6259584   GP","2141.65","100","","Valitor Merch A/C","2141.65","NONE","AUTHORISED","cb08757c-8e69-4dc5-be8d-767610fb7c8a"
"2018-10-03","RECEIVE","ULearn Limited Current account","ULearn-Student","Valitor M6234474   GP","10180.08","100","","Valitor Merch A/C","10180.08","NONE","AUTHORISED","f5bd92bd-ecca-427c-aa79-5ab389cfd802"
"2018-10-02","SPEND","ULearn Limited Current account","EIRCOM","","63.91","B104","","September bill","63.91","NONE","AUTHORISED","88a3cdd3-826d-497e-a50f-5402f07d4d4b"
"2018-10-05","RECEIVE","ULearn Limited Current account","ULearn-Student","ULS2018 10 05 GP","3350","100","","ULearn-Student","3350","NONE","AUTHORISED","2e466e04-2044-4c25-b348-73846b583805"
"2018-10-04","SPEND","ULearn Limited Current account","Google - CARD","","500","B110","","Ulearn","500","NONE","AUTHORISED","cee9211d-4d23-4e30-ba6c-4e81e5cbbf48"
"2018-10-02","SPEND","ULearn Limited Current account","EIRCOM","","344.62","B104","","September bill","344.62","NONE","AUTHORISED","181ae846-ff96-48d3-8ffd-401fff7a3739"
"2018-10-03","SPEND","ULearn Limited Current account","Google - CARD","","73.8","B106","","Ulearn","73.8","NONE","AUTHORISED","a1ca80a6-dfb1-4317-a57c-69f06d679e53"
"2018-10-10","SPEND","ULearn Limited Current account","Audible - CARD","P0810GB  7.99@.877058","9.11","B121","","Audio Books School","9.11","NONE","AUTHORISED","616a5a56-a961-429a-8512-5e070ba4c3aa"
"2018-10-09","RECEIVE","ULearn Limited Current account","ULearn-Student","18045 Juana Sanchez Laguna","1800","100","","ULearn-Student","1800","NONE","AUTHORISED","59138a3b-30c9-4b80-b3ca-6153e9c5d329"
"2018-10-09","SPEND","ULearn Limited Current account","Beijing","","126.58","B112","","Food & Taxi Exps","126.58","NONE","AUTHORISED","470c16ff-f440-44cf-8699-507a79e8b966"
"2018-10-06","SPEND","ULearn Limited Current account","GLOBAL TAXIS","","39.4","B112","","Taxi","39.4","NONE","AUTHORISED","47a3f487-af27-4b89-a48d-725a624075bc"
"2018-10-12","RECEIVE","ULearn Limited Current account","ULearn-Student","Valitor M6334286   GP","1755.73","100","","Valitor Merch A/C","1755.73","NONE","AUTHORISED","ed8637ec-3d4d-460d-afea-78bc2791a8ae"
"2018-10-12","RECEIVE","ULearn Limited Current account","ULearn-Student","LUCAS FERREIRA","2025","100","","ULearn-Student","2025","NONE","AUTHORISED","8ef2fd6a-62bb-4995-b179-419e5630e350"
"2018-10-11","RECEIVE","ULearn Limited Current account","ULearn-Student","ERDENETSOGT ENKHJA GP","3350","100","","ULearn-Student","3350","NONE","AUTHORISED","319a57da-85cc-45e8-820f-5049085d8437"
"2018-10-10","SPEND","ULearn Limited Current account","Google - CARD","","500","B110","","Ulearn ","500","NONE","AUTHORISED","18540d7f-06c3-488a-aebb-49d8a14d7131"
"2018-10-16","SPEND","ULearn Limited Current account","Euro Giant","Halloween decorations","23","B102","","Halloween Decorations","23","NONE","AUTHORISED","c0a18b0b-29e5-44a1-944c-52f5daa4e92b"
"2018-10-15","SPEND","ULearn Limited Current account","BOI","EFT DD CHARGES","3.2","B127","","Bank Charges","3.2","NONE","AUTHORISED","52950257-9959-4388-a143-64bfa3beb72d"
"2018-10-15","RECEIVE","ULearn Limited Current account","ULearn-Student","ULS2018 10 15 GP","3390","100","","ULearn-Student","3390","NONE","AUTHORISED","90a14fff-8a75-4acc-bcd1-35d56e33f1dc"
"2018-10-16","SPEND","ULearn Limited Current account","IT Subscriptions","","60.69","B106","","IT Subscription","60.69","NONE","AUTHORISED","bdc878f0-25d4-479f-8666-587b0ffbc434"
"2018-10-16","SPEND","ULearn Limited Current account","Flogas SEPA - DD","","171.36","B105","","Flogas","171.36","NONE","AUTHORISED","c45b44d8-92cf-426d-9fb4-7849ff9390ea"
"2018-10-16","SPEND","ULearn Limited Current account","GoDaddy.com, LLC - CARD","","21.07","B106","","Ulearn - Hosting ","21.07","NONE","AUTHORISED","c1303d3c-9b58-46a6-b694-5c63eb596deb"
"2018-10-16","SPEND","ULearn Limited Current account","GoDaddy.com, LLC - CARD","","40.32","B106","","Ulearn","40.32","NONE","AUTHORISED","8fd74c3b-f330-4524-8f25-5a98a3f7a5d3"
"2018-10-18","SPEND","ULearn Limited Current account","Patrick - Excursion","","800","A109B","","Europass and students weekend trip ","800","NONE","AUTHORISED","1eeaa0e7-b5f4-40a8-a58d-3555e55edc22"
"2018-10-18","RECEIVE","ULearn Limited Current account","ULearn-Student","KHISHIGDORJ LKHAGW GP","3350","100","","ULearn-Student","3350","NONE","AUTHORISED","2a0765b2-1e73-4dce-ae7b-792f23f4c916"
"2018-10-19","RECEIVE","ULearn Limited Current account","ULearn-Student","ULS2018 10 19 GP","260","100","","ULearn-Student","260","NONE","AUTHORISED","e43fa008-1624-4ea9-b1d2-7549a5d96232"
"2018-10-19","SPEND","ULearn Limited Current account","Express Taxi","","56","A104","","Student transfer","56","NONE","AUTHORISED","54e9125b-d6f4-47aa-b143-7391bf398c84"
"2018-10-22","SPEND","ULearn Limited Current account","Express Taxi","Student Aljohani, Abdulaziz Khalid S ","38","A104","","","38","NONE","AUTHORISED","5601e202-0e87-46de-b990-4c14a98fc79d"
"2018-10-16","SPEND","ULearn Limited Current account","Home Store and More","","59.98","B102","","Neil ","59.98","NONE","AUTHORISED","916eccb4-9b87-45ad-8989-5b0c8845c709"
"2018-10-03","SPEND","ULearn Limited Current account","TradingView","","12.93","B106","","TradingView","12.93","NONE","AUTHORISED","66ba3f75-140f-4d07-82f4-7755c24f24fa"
"2018-10-04","SPEND","ULearn Limited Current account","Express VPN","","11.26","B106","","Express VPN","11.26","NONE","AUTHORISED","f0300405-2ec5-4aea-9023-3bfd4e0fb87e"
"2018-10-09","SPEND","ULearn Limited Current account","Amazon","","29.07","B102","","Bluetooth receiver 2","29.07","NONE","AUTHORISED","464c4d5b-044b-4b1c-9998-64c1f6fa85c2"
"2018-09-28","SPEND","ULearn Limited Current account","PMACS","","34","A109","","Drinks","34","NONE","AUTHORISED","ee5d211d-2c47-4c20-875b-7b6d88d3b927"
"2018-10-01","SPEND","ULearn Limited Current account","The Bleeding Horse","","42.7","A109","","Student Welcome Drinks","42.7","NONE","AUTHORISED","101add1e-8d8e-47b7-af36-8e41a2b0450d"
"2018-10-02","SPEND","ULearn Limited Current account","An Post","","8.4","B102","","Postage","8.4","NONE","AUTHORISED","ae55b89f-9e7e-46f3-8064-d561780d30d2"
"2018-10-01","SPEND","ULearn Limited Current account","Taxi","taxi trip","31","A104","","13 Harcourt street to 100B Hawthorns Rd","31","NONE","AUTHORISED","3af16ce5-679c-4337-a835-cc06f962cb20"
"2018-09-28","SPEND","ULearn Limited Current account","Virgin Media","","87.5","B104","","Mobile bill","87.5","NONE","AUTHORISED","1fc19638-d526-4dfc-b218-c316c2037fe1"
"2018-09-28","RECEIVE","ULearn Limited Current account","ULearn-Student","ULS2018 09 28 GP","2687","100","","ULearn-Student","2687","NONE","AUTHORISED","4d3370ba-573c-4427-93ef-fad2467a7d54"
"2018-10-01","RECEIVE","ULearn Limited Current account","ULearn-Student","Valitor M6213843   GP","357.64","100","","Valitor Merch A/C","357.64","NONE","AUTHORISED","76ce227f-8b3f-4c8e-b411-d2c505007f00"
"2018-10-01","SPEND","ULearn Limited Current account","GRENKE LIMITED","Grenke Limite SEPA DD","922.5","B102","","Fingerprint & Camera Security","922.5","NONE","AUTHORISED","8f36a8cd-9fea-4f03-8c57-7a821f53dc82"
"2018-10-02","SPEND","ULearn Limited Current account","GoDaddy.com, LLC - CARD","","23.26","B106","","Ulearn-hosting","23.26","NONE","AUTHORISED","b486f074-22a4-4619-9440-7b8c4ed06f2e"
"2018-10-02","RECEIVE","ULearn Limited Current account","ULearn-Student","Valitor M6224181   GP","649.51","100","","Valitor Merch A/C","649.51","NONE","AUTHORISED","83a75108-42c4-4578-b35d-f3fbf8a2313d"
"2018-10-03","SPEND","ULearn Limited Current account","Netflix","","10.99","B115A","","School Social Netflix A/C","10.99","NONE","AUTHORISED","e65a42f0-1f4f-47ee-bf07-a76c9a6d0ba8"
"2018-10-03","SPEND","ULearn Limited Current account","Facebook - CARD","","153.75","B110","","Facebook ad / post boosting","153.75","NONE","AUTHORISED","934d78d4-2c6f-4bde-bf94-8df9fd1e2c32"
"2018-10-01","RECEIVE","ULearn Limited Current account","ULearn-Student","MUNKHTSETSEG DASHN GP","3805","100","","ULearn-Student","3805","NONE","AUTHORISED","2c7fd877-d5b0-4892-be3c-ca9a84eed2d7"
"2018-10-01","RECEIVE","ULearn Limited Current account","ULearn-Student","1/SAS-KORPOREISHN GP","3067","100","","ULearn-Student","3067","NONE","AUTHORISED","f0e55820-7230-449d-b68a-d6927a02b1ce"
"2018-10-02","SPEND","ULearn Limited Current account","HighRise - CARD","P2809US 49.00@1.15675","42.36","B106","","HighRise CRM Software","42.36","NONE","AUTHORISED","0240187b-2877-49c7-a95a-f2a79ad22784"
"2018-10-05","RECEIVE","ULearn Limited Current account","ULearn-Student","Valitor M6269229   GP","2383.86","100","","Valitor Merch A/C","2383.86","NONE","AUTHORISED","81466e7d-7600-442a-a54f-f6c9ab07abbb"
"2018-10-02","RECEIVE","ULearn Limited Current account","ULearn-Student","LUCIANA MARTINS","2025","100","","ULearn-Student","2025","NONE","AUTHORISED","ce5a40b1-87cf-4ee4-839b-f33afd08a450"
"2018-10-05","SPEND","ULearn Limited Current account","Virgin Media","","113.49","B104","","Mobile bill","113.49","NONE","AUTHORISED","84bf719f-180e-40be-a61b-f3349eb50e69"
"2018-10-05","SPEND","ULearn Limited Current account","Github - CARD","P0310US  7.00@1.14566","6.11","B106","","Github Repos","6.11","NONE","AUTHORISED","b9a2de74-6db9-4dfd-9d16-91931f6702bd"
"2018-10-03","RECEIVE","ULearn Limited Current account","ULearn-Student","ULS2018 10 03 GP","3192.5","100","","ULearn-Student","3192.5","NONE","AUTHORISED","682385ee-a709-44fb-b59f-eefabf86766a"
"2018-10-04","RECEIVE","ULearn Limited Current account","ULearn-Student","IDN910911450868 GP","3250","100","","ULearn-Student","3250","NONE","AUTHORISED","4a893140-5e94-473c-a572-c6e736fa2e7c"
"2018-10-03","RECEIVE","ULearn Limited Current account","ULearn-Student","GANKHUYAG DULGUUN GP","3805","100","","ULearn-Student","3805","NONE","AUTHORISED","ea80a7d3-1ff3-4ca9-a9ba-96e27370986a"
"2018-10-10","RECEIVE","ULearn Limited Current account","ULearn-Student","Valitor M6299991   GP","11682.78","100","","Valitor Merch A/C","11682.78","NONE","AUTHORISED","c2d65fdc-2729-4d60-afc2-c7b0925da884"
"2018-10-09","RECEIVE","ULearn Limited Current account","ULearn-Student","Valitor M6289603   GP","9127.09","100","","Valitor Merch A/C","9127.09","NONE","AUTHORISED","e1d7a82b-0eb6-4375-98f1-bcd28c8117ee"
"2018-10-08","RECEIVE","ULearn Limited Current account","ULearn-Student","Valitor M6279275   GP","489.95","100","","Valitor Merch A/C","489.95","NONE","AUTHORISED","33a254b7-4599-4031-9cf7-8319e3a7b61c"
"2018-10-09","SPEND","ULearn Limited Current account","Cazoomi - SyncApps - CARD","P0610US 19.98@1.14827","17.4","B106","","Sync Apps Recurring Subscription","17.4","NONE","AUTHORISED","cabbcaf7-1377-40b1-ab1a-f7f7ad3bb953"
"2018-10-08","RECEIVE","ULearn Limited Current account","ULearn-Student","ULS2018 10 08 GP","3681","100","","ULearn-Student","3681","NONE","AUTHORISED","1cb8ecdd-f7e0-4017-a640-fb1981f2b486"
"2018-10-08","SPEND","ULearn Limited Current account","Jianguo Restaurant Beijing","","71.22","B112","","Food","71.22","NONE","AUTHORISED","d2a66714-39aa-455e-a8e0-afbfa1d272ae"
"2018-10-11","RECEIVE","ULearn Limited Current account","ULearn-Student","ULS2018 10 11 GP","4129","100","","ULearn-Student","4129","NONE","AUTHORISED","0a3c9a94-be2a-4206-8572-a906b8cb2c61"
"2018-10-12","RECEIVE","ULearn Limited Current account","ULearn-Student","ULS2018 10 12 GP","2065","100","","ULearn-Student","2065","NONE","AUTHORISED","582de898-ec05-4cc8-a07a-9ba0973ab888"
"2018-10-14","SPEND","ULearn Limited Current account","Taxi","trip","12.4","A104","","taxi trip","12.4","NONE","AUTHORISED","49669a5f-6e3b-422d-ba8c-e158aa7a2ace"
"2018-10-17","SPEND","ULearn Limited Current account","Xero Subscription - CARD","IN-1175567","26.1","B106","","ULearn. Monthly Subscription, Standard Price Plan, 17 Sep 2018 to 16 Oct 2018.","26.1","NONE","AUTHORISED","fb7570b5-a3e4-486d-b972-92cebed77d4d"
"2018-10-15","SPEND","ULearn Limited Current account","BOI","EFT DD CHARGES","2.32","B127","","Bank Charges","2.32","NONE","AUTHORISED","3b4803d8-30d8-42dc-94db-98eda091f6bd"
"2018-10-18","RECEIVE","ULearn Limited Current account","ULearn-Student","Valitor M6389709   GP","235.12","100","","Valitor Merch A/C","235.12","NONE","AUTHORISED","7dee0eab-e750-45c3-8a78-84455596b358"
"2018-10-16","SPEND","ULearn Limited Current account","Flogas SEPA - DD","","101.3","B105","","Flogas","101.3","NONE","AUTHORISED","70376fe7-6ba4-404f-b99e-f07b0d54f168"
"2018-10-16","RECEIVE","ULearn Limited Current account","ULearn-Student","Valitor M6354832   GP","1448.48","100","","Valitor Merch A/C","1448.48","NONE","AUTHORISED","d107001f-cc8b-4547-b8ed-c6c8d04678ed"
"2018-10-17","RECEIVE","ULearn Limited Current account","ULearn-Student","Valitor M6365185   GP","2623.04","100","","Valitor Merch A/C","2623.04","NONE","AUTHORISED","43b753e6-1569-45dc-be3d-f027506bce95"
"2018-10-19","SPEND","ULearn Limited Current account","Whelan's Pub","social activities","238","A109","","Social activities","238","NONE","AUTHORISED","4de93228-7957-4725-9f90-bc3da3ccb1a4"
"2018-10-12","SPEND","ULearn Limited Current account","Express Taxi","POS10OCT EXPRESS TAXI","38","A104","","Ulearn ","38","NONE","AUTHORISED","25c1a0db-6c11-4304-b874-f976390920b4"
"2018-10-17","SPEND","ULearn Limited Current account","EIRCOM","EIRCOM TIS    SEPA DD","18.15","B104","","Telephone & Internet","18.15","NONE","AUTHORISED","3fe94538-89ef-4456-8783-f933a036dea7"
"2018-10-16","SPEND","ULearn Limited Current account","Beijing Airport","","43.81","B112","","Food - Ciaran","43.81","NONE","AUTHORISED","d9cfef09-2943-4f40-8ecb-ed39035693dc"
"2018-10-18","RECEIVE","ULearn Limited Current account","ULearn-Student","ULS2018 10 18 GP","1259","100","","ULearn-Student","1259","NONE","AUTHORISED","6c240dbb-6e06-4062-804a-b5d40b19a0a5"
"2018-10-19","SPEND","ULearn Limited Current account","PREPAYPOWER","POS17OCT PREPAYPOWER","90","B105A","","Electricity Prepaid","90","NONE","AUTHORISED","00251476-a4b1-4daa-8075-910abc6fffc9"
"2018-10-18","SPEND","ULearn Limited Current account","Unknown","POS16OCT THE IVEAGH F","209","B122","","Club membership NM","209","NONE","AUTHORISED","f9adf689-90a8-4688-ad64-89be558e7975"
"2018-10-16","SPEND","ULearn Limited Current account","Grand Millennium Hotel","hotel expenses ","1326.92","B112","","Hotel in Beijing","1326.92","NONE","AUTHORISED","5e1b9ca5-ddd2-4fd7-a8fa-d6350fdfc000"
"2018-10-15","SPEND","ULearn Limited Current account","EIRCOM","","147.36","B104","","Ulearn ","147.36","NONE","AUTHORISED","ad694593-6f29-4e2d-be54-b176e270bf7a"
"2018-10-17","SPEND","ULearn Limited Current account","Skype","","10","B104","","Ulearn","10","NONE","AUTHORISED","842e21e1-8da6-4fc3-b938-c1dd3a180434"
"2018-10-16","SPEND","ULearn Limited Current account","EIRCOM","oct 2018","150","B104","","Mobile phones","150","NONE","AUTHORISED","e2f763d5-e071-4069-92e3-eff1583c5d71"
"2018-10-17","SPEND","ULearn Limited Current account","EIRCOM","oct 2018","250","B104","","Mobiles","250","NONE","AUTHORISED","67768141-f896-4e34-9347-88670a7e9cf0"
"2018-10-01","SPEND","ULearn Limited Current account","Amazon","","11.61","B102","","Bluetooth receiver","11.61","NONE","AUTHORISED","58765e79-140e-4234-8418-ac09a84973c7"
"2018-10-04","SPEND","ULearn Limited Current account","Amazon","","30.07","B102","","Desk clamp","30.07","NONE","AUTHORISED","12707a83-0638-4397-85fa-b68a36eca4a3"
"2018-10-05","SPEND","ULearn Limited Current account","DigiKey","","52.25","B102","","USB connector motherboard","52.25","NONE","AUTHORISED","bc7aef01-07d2-4da1-a642-869b87455cfb"
"2018-10-05","SPEND","ULearn Limited Current account","Amazon","","43.3","B102","","Office expense","43.3","NONE","AUTHORISED","2447306e-f552-4d87-bf5e-fda69c2ad5eb"
"2018-10-08","SPEND","ULearn Limited Current account","Amazon","","20.98","B102","","Soldering kit to fix motherboard","20.98","NONE","AUTHORISED","2e6ef33e-2dfd-4836-84c4-db4f2fa57c4f"
"2018-10-22","SPEND","ULearn Limited Current account","General Expenses","","17.25","B125","","Unknown expense","17.25","NONE","AUTHORISED","de23a17d-ab62-445f-a652-991ab72b7f44"
"2018-11-16","SPEND","ULearn Limited Current account","Green Bench","","10.8","B115","","Coffee","10.8","NONE","AUTHORISED","c4a4510a-936c-44c1-9e41-011201ec7d9d"
"2018-10-30","RECEIVE","ULearn Limited Current account","ULearn-Student","1/MEHTAP COSMAN GP","2000","100","","ULearn-Student","2000","NONE","AUTHORISED","273d546b-95e8-4a88-99fd-05c1639d3adc"
"2018-10-23","SPEND","ULearn Limited Current account","Zopim - CARD","P2010US 14.00@1.14285","12.25","B106","","Zopim Chat Module","12.25","NONE","AUTHORISED","48ade852-b12a-43d3-a0c8-1b875c1dad3b"
"2018-10-26","SPEND","ULearn Limited Current account","Four Dame Lane","Halloween Party ","26.4","A109","","Halloween Party ","26.4","NONE","AUTHORISED","6c7778af-199c-4ba9-bf28-2097f1f59eae"
"2018-10-31","RECEIVE","ULearn Limited Current account","ULearn-Student","Valitor M6498300   GP","7579.99","100","","Valitor Merch A/C","7579.99","NONE","AUTHORISED","e21c306a-70a1-4396-aea5-1eabaaf7bab0"
"2018-10-31","SPEND","ULearn Limited Current account","HighRise - CARD","P2810US 49.00@1.13320","43.24","B106","","HighRise CRM Software","43.24","NONE","AUTHORISED","de491f24-7a8c-4ca5-8e32-21f05e081f89"
"2018-10-31","SPEND","ULearn Limited Current account","GoDaddy.com, LLC - CARD","","8.6","B106","","Ulearn","8.6","NONE","AUTHORISED","c90e8664-911a-4f80-80d2-1353324ef083"
"2018-11-13","RECEIVE","ULearn Limited Current account","ULearn-Student","ULS2018 11 13 GP","5980.32","100","","ULearn-Student","5980.32","NONE","AUTHORISED","6e7ffeca-5a5a-4c9c-8e1c-0d74130d903e"
"2018-11-06","SPEND","ULearn Limited Current account","Express VPN","","11.39","B106","","Express VPN","11.39","NONE","AUTHORISED","a7fd2af8-b54c-4151-ae21-0e6e41b6f6e8"
"2018-10-29","SPEND","ULearn Limited Current account","Virgin Media","135594285","92.25","B104","","Oct 18 bill","92.25","NONE","AUTHORISED","dea282d9-c8a2-45e5-b9b3-2c1848966828"
"2018-10-26","SPEND","ULearn Limited Current account","Tesco","Haloween party ","2.68","A108","","Haloween party  - gift","2.68","NONE","AUTHORISED","9e694a1b-f2d7-436a-b35c-35175b9b52fb"
"2018-10-26","SPEND","ULearn Limited Current account","Four Dame Lane","Halloween Party ","61.6","A109","","Halloween Party ","61.6","NONE","AUTHORISED","6f00afa1-1948-4cf4-8b77-23d716e55044"
"2018-11-02","SPEND","ULearn Limited Current account","Facebook - CARD","","59.4","B110","","Ulearn ","59.4","NONE","AUTHORISED","c0f74609-bc9b-414f-bb20-3f09a38bab2b"
"2018-10-31","SPEND","ULearn Limited Current account","Google - CARD","","500","B110","","Ulearn","500","NONE","AUTHORISED","998af596-628a-479e-9d3e-228e973d08ee"
"2018-10-30","SPEND","ULearn Limited Current account","PREPAYPOWER","POS25OCT PREPAYPOWER","90","B105A","","Electricity Prepaid","90","NONE","AUTHORISED","7940dc24-df52-43d4-8648-28856e81159b"
"2018-10-23","SPEND","ULearn Limited Current account","PREPAYPOWER","POS19OCT PREPAYPOWER","100","B105A","","Electricity Prepaid","100","NONE","AUTHORISED","00276d0b-ceb0-4a41-85af-30dcdff64d85"
"2018-11-06","SPEND","ULearn Limited Current account","Github - CARD","P0311US  7.00@1.13636","6.16","B106","","Github Repos","6.16","NONE","AUTHORISED","507ea904-bf50-437d-889b-3d4764079b68"
"2018-10-30","RECEIVE","ULearn Limited Current account","ULearn-Student","ULS2018 10 30 GP","1250","100","","ULearn-Student","1250","NONE","AUTHORISED","56444c84-54c6-4ddb-82ff-3daba4d69972"
"2018-11-12","SPEND","ULearn Limited Current account","Audible - CARD","P0811GB  7.99@.869423","9.19","B121","","Audio Books School","9.19","NONE","AUTHORISED","4df228ce-10aa-44ea-97e1-45ec47f9aeee"
"2018-11-14","SPEND","ULearn Limited Current account","Google - CARD","","500","B110","","Ulearn ","500","NONE","AUTHORISED","a8995df5-3ca1-4eeb-954a-44dc8d676021"
"2018-11-15","SPEND","ULearn Limited Current account","Bloom Brasserie","","400","B115","","Deposit - Christmas Party -  ULearn staff ","400","NONE","AUTHORISED","96ca1387-4336-4b96-a4c8-3fd361d1ad9c"
"2018-10-23","SPEND","ULearn Limited Current account","Pitney Bowes","","16.69","B106","","Software","16.69","NONE","AUTHORISED","1da13d51-fad6-4675-a70a-2d4dfbae1215"
"2018-10-25","SPEND","ULearn Limited Current account","CloudVoice - DD","CV_3389","216.12","B104","","Call Charges
","216.12","NONE","AUTHORISED","e23d7f72-db96-45e6-b549-56d28e9aa910"
"2018-10-22","SPEND","ULearn Limited Current account","Taxi","apartment visit","10","A101","","Apartment visit","10","NONE","AUTHORISED","40fc45e8-a8b2-4250-806f-6a6c31da8c07"
"2018-10-22","RECEIVE","ULearn Limited Current account","ULearn-Student","Valitor M6409620   GP","2031.85","100","","Valitor Merch A/C","2031.85","NONE","AUTHORISED","c2a0b1ca-030c-4c54-8675-a06f7cd565cf"
"2018-10-22","RECEIVE","ULearn Limited Current account","ULearn-Student","AGVAANZUNDUI BATMU GP","3350","100","","ULearn-Student","3350","NONE","AUTHORISED","95881fd4-ba94-4b21-82c4-63664a9dd61e"
"2018-10-25","SPEND","ULearn Limited Current account","SOFTWARE","POS23OCT ADOBE  CREAT","30.74","B106","","Software / Hosting","30.74","NONE","AUTHORISED","b2c297e8-4964-42c3-bf3c-7db08f2a7a5e"
"2018-10-23","SPEND","ULearn Limited Current account","Google - CARD","","500","B110","","Ulearn","500","NONE","AUTHORISED","1b4443fe-39f8-4bec-acc8-8247fc9fb2f3"
"2018-10-24","RECEIVE","ULearn Limited Current account","ULearn-Student","ULS2018 10 24 GP","2342.5","100","","ULearn-Student","2342.5","NONE","AUTHORISED","0aaf7e52-c71c-41c2-8691-7f8beedc4659"
"2018-10-26","RECEIVE","ULearn Limited Current account","ULearn-Student","ULS2018 10 26 GP","7541","100","","ULearn-Student","7541","NONE","AUTHORISED","0c1791ad-ea33-482b-9022-94ce9adfa920"
"2018-10-30","SPEND","ULearn Limited Current account","Martin Services - CARD","144895","93.96","B102","","Supplies","93.96","NONE","AUTHORISED","7097b94e-17f4-4787-ac84-47edb350939c"
"2018-10-26","SPEND","ULearn Limited Current account","Four Dame Lane","Halloween Party ","37.1","A109","","Halloween Party ","37.1","NONE","AUTHORISED","cdb7eaa2-8e95-4da9-a59d-489661ca14c8"
"2018-11-01","SPEND","ULearn Limited Current account","Airport Taxi"," Yumi Grace - student","57","A104","","Name: Okereke, Yumi Grace
Time of Pickup: 18:00
Flight: BA826
Date: 04/11/18
Address of dropoff: 86 Murphystown Road, Leapardstown Heights, Dublin
18
","57","NONE","AUTHORISED","6ae6d8aa-7cec-481e-a000-76c7884ebb47"
"2018-10-30","SPEND","ULearn Limited Current account","Cafe Nero","Students drinks","6.25","A109","","Student drinks","6.25","NONE","AUTHORISED","3aa4e780-cb21-46dd-9133-a1b8c759b240"
"2018-11-02","SPEND","ULearn Limited Current account","Right Click","","49","B102","","Computer Repair","49","NONE","AUTHORISED","c9d9cb9c-fd91-400c-a1d5-6cceca9a884c"
"2018-11-05","SPEND","ULearn Limited Current account","Right Click","","119.99","B117","","New Keyboard","119.99","NONE","AUTHORISED","008726d1-bbfd-4d8c-a250-5bf1e2d77f7e"
"2018-10-30","RECEIVE","ULearn Limited Current account","ULearn-Student","Valitor M6487664   GP","1594.26","100","","Valitor Merch A/C","1594.26","NONE","AUTHORISED","dde8e240-218d-411f-b0e0-5e53dc5e33b2"
"2018-10-30","RECEIVE","ULearn Limited Current account","ULearn-Student","Valitor M6477097   GP","1313.23","100","","Valitor Merch A/C","1313.23","NONE","AUTHORISED","c893705a-329e-4b1e-9f1f-90e4fb4350ec"
"2018-11-02","RECEIVE","ULearn Limited Current account","ULearn-Student","GREICY KELLY WOSNI","424.4","100","","ULearn-Student","424.4","NONE","AUTHORISED","294ecaa7-6d40-4c4c-b98c-72b13b4a0811"
"2018-11-01","SPEND","ULearn Limited Current account","ToutApp - CARD","P3010US 30.00@1.13378","26.46","B106","","ToutApp Email Software","26.46","NONE","AUTHORISED","ac7f6c17-80a5-40b2-888d-7fc0ab82546b"
"2018-11-07","RECEIVE","ULearn Limited Current account","ULearn-Student","Valitor M6563610   GP","4886.36","100","","Valitor Merch A/C","4886.36","NONE","AUTHORISED","12bfdfe9-91f0-48d4-bf8b-8602e054699d"
"2018-10-30","RECEIVE","ULearn Limited Current account","ULearn-Student","ULS2018 10 29 GP","520","100","","ULearn-Student","520","NONE","AUTHORISED","70c9b960-a159-47b8-870e-4c5394a8f262"
"2018-11-02","RECEIVE","ULearn Limited Current account","ULearn-Student","ULS2018 11 02 GP","8050","100","","ULearn-Student","8050","NONE","AUTHORISED","f3e94d15-c827-4db2-9f7f-4e7720edc850"
"2018-11-05","RECEIVE","ULearn Limited Current account","ULearn-Student","ULS2018 11 05 GP","3350","100","","ULearn-Student","3350","NONE","AUTHORISED","4bfe4e0f-a93f-444c-ad9d-9ea5c789878b"
"2018-11-06","RECEIVE","ULearn Limited Current account","ULearn-Student","Valitor M6552905   GP","1229.48","100","","Valitor Merch A/C","1229.48","NONE","AUTHORISED","f18051e3-3ad3-4522-9e56-793e37f26de9"
"2018-11-09","RECEIVE","ULearn Limited Current account","ULearn-Student","Valitor M6598619   GP","1001.01","100","","Valitor Merch A/C","1001.01","NONE","AUTHORISED","35011ae7-9445-4d26-89e0-8905c41532af"
"2018-11-09","SPEND","ULearn Limited Current account","Google - CARD","","500","B110","","Ulearn","500","NONE","AUTHORISED","df1c9922-5e4f-4169-9a55-7fdfaf40c464"
"2018-11-19","SPEND","ULearn Limited Current account","THE HR COMPANY - DD","A3784","141.45","B118","","Monthly HR Subscription Plan & GDPR ","141.45","NONE","AUTHORISED","469fe4f3-dfd0-4069-b225-90db1734559a"
"2018-11-16","RECEIVE","ULearn Limited Current account","ULearn-Student","Valitor M6665140   GP","2504.82","100","","Valitor Merch A/C","2504.82","NONE","AUTHORISED","4bc7223f-9ac3-4591-b4a6-5e1967d5be88"
"2018-11-15","SPEND","ULearn Limited Current account","PREPAYPOWER","POS13NOV PREPAYPOWER","90","B105A","","Electricity Prepaid","90","NONE","AUTHORISED","39787bbc-2879-455a-bac4-7eb65948c4d5"
"2018-11-05","SPEND","ULearn Limited Current account","Virgin Media","","113.49","B104","","Oct 18 bill","113.49","NONE","AUTHORISED","8c82293f-ec0c-4a0b-a55c-84c6c4a88234"
"2018-10-30","SPEND","ULearn Limited Current account","Virgin Media","","92.25","B104","","Oct 18 bill","92.25","NONE","AUTHORISED","bf0514e1-f94d-4e96-b339-9efedf32dbd5"
"2018-11-16","SPEND","ULearn Limited Current account","The Beer Market","social activities","279.25","A109","","Social activities","279.25","NONE","AUTHORISED","4b0e0071-81d2-41ed-8523-8238a196697d"
"2018-11-19","RECEIVE","ULearn Limited Current account","ULearn-Student","ULS2018 11 19 GP","162.5","100","","ULearn-Student","162.5","NONE","AUTHORISED","a7e8f096-2722-4550-80e4-5300ab16aee6"
"2018-10-30","SPEND","ULearn Limited Current account","SOFTWARE","","49.95","B106","","Disk data migration","49.95","NONE","AUTHORISED","7bc2d380-71aa-43d8-9be1-5622655b30df"
"2018-11-05","SPEND","ULearn Limited Current account","General Expenses","","66.36","B125","","Unknown expense","66.36","NONE","AUTHORISED","1bd37caf-1ba4-4ce9-8b3c-6d852f6e8718"
"2018-10-22","SPEND","ULearn Limited Current account","BOI LIFE INSURANCE","OP/BoI LIFE   SEPA DD","51.03","B119","","Life Insurance BOI","51.03","NONE","AUTHORISED","beb74042-3db4-4778-a9bc-df90301a8456"
"2018-10-25","RECEIVE","ULearn Limited Current account","ULearn-Student","Valitor M6457132   GP","292.7","100","","Valitor Merch A/C","292.7","NONE","AUTHORISED","f64de6c5-f7e4-4935-b9cb-c15255ba5c4b"
"2018-10-26","RECEIVE","ULearn Limited Current account","ULearn-Student","Valitor M6466906   GP","1570.53","100","","Valitor Merch A/C","1570.53","NONE","AUTHORISED","cba9ff9a-87b8-4aa2-bad7-da7e52782bca"
"2018-10-24","RECEIVE","ULearn Limited Current account","ULearn-Student","Valitor M6430518   GP","3606.53","100","","Valitor Merch A/C","3606.53","NONE","AUTHORISED","05071a0f-99a8-40a0-b607-bef4921fc43b"
"2018-10-23","SPEND","ULearn Limited Current account","BOI LIFE INSURANCE","OP/BoI LIFE   SEPA DD","47.05","B119","","Life Insurance BOI","47.05","NONE","AUTHORISED","fbfedabc-bfbc-4bff-8886-d1ed89ffcd6c"
"2018-10-23","RECEIVE","ULearn Limited Current account","ULearn-Student","ULS2018 10 23 GP","779","100","","ULearn-Student","779","NONE","AUTHORISED","c299d9c4-bbe2-4343-9a69-e9bfc33fc1f3"
"2018-10-26","RECEIVE","ULearn Limited Current account","ULearn-Student","","3350","100","","ULearn-Student","3350","NONE","AUTHORISED","21e5acc1-72f7-4ce5-8877-a7024b9a64d2"
"2018-10-25","RECEIVE","ULearn Limited Current account","ULearn-Student","ULS2018 10 25 GP","2700","100","","ULearn-Student","2700","NONE","AUTHORISED","172df4cb-2105-4efa-86d9-feb12c521fc8"
"2018-10-24","RECEIVE","ULearn Limited Current account","ULearn-Student","KHANDSUREN LUVSANT GP","3350","100","","ULearn-Student","3350","NONE","AUTHORISED","a01b2e66-b03e-4fbf-924a-a44b177f7d1c"
"2018-10-26","SPEND","ULearn Limited Current account","Fresh","Halloween party ","8.95","A108","","Halloween party  - gifts","8.95","NONE","AUTHORISED","475a3552-f5a9-4828-bd4a-b419e6251f59"
"2018-10-26","SPEND","ULearn Limited Current account","Four Dame Lane","Halloween party ","18.4","A109","","Drinks - Halloween Party ","18.4","NONE","AUTHORISED","69ec8309-c5bb-41c5-970d-c712e14ec66e"
"2018-10-26","SPEND","ULearn Limited Current account","Four Dame Lane","Halloween Party ","477.6","A109","","Halloween Party ","477.6","NONE","AUTHORISED","ea886083-a6fe-4e1e-a1f2-f76b3b085842"
"2018-10-26","SPEND","ULearn Limited Current account","Four Dame Lane","Halloween Party ","15.1","A109","","Halloween Party ","15.1","NONE","AUTHORISED","f27d5737-8600-486f-9022-d8eaaee5c8b5"
"2018-10-26","SPEND","ULearn Limited Current account","Four Dame Lane","Halloween Party ","105.9","A109","","Halloween Party ","105.9","NONE","AUTHORISED","d6dcae20-5f2d-4519-af5b-e14d3b8e34aa"
"2018-11-05","SPEND","ULearn Limited Current account","Right Click","","50","B102","","Computer Repair","50","NONE","AUTHORISED","92cec961-b56f-4d37-bca5-cc4e72ed021f"
"2018-11-02","SPEND","ULearn Limited Current account","GoDaddy.com, LLC - CARD","","19.84","B106","","Ulearn","19.84","NONE","AUTHORISED","e9b8ad98-cca1-4e0c-beb5-fe0874c8d199"
"2018-11-02","RECEIVE","ULearn Limited Current account","ULearn-Student","Valitor M6531073   GP","387.49","100","","Valitor Merch A/C","387.49","NONE","AUTHORISED","4cd78602-ed23-4905-af72-b2da43c3dcfa"
"2018-11-01","SPEND","ULearn Limited Current account","New Ireland","","185","B120","","Ulearn ","185","NONE","AUTHORISED","35a38a31-5e12-4321-965d-f8595148f9cc"
"2018-10-30","SPEND","ULearn Limited Current account","Virgin Media","","87.5","B104","","Mobile bill","87.5","NONE","AUTHORISED","5f97b9b8-1e04-4b3f-bc4f-f250d572cc3e"
"2018-10-31","SPEND","ULearn Limited Current account","Audible - CARD","P2810GB  7.99@.885809","9.02","B121","","Audio Books School","9.02","NONE","AUTHORISED","1b70315e-4710-46df-ad84-ce5d94583575"
"2018-11-05","RECEIVE","ULearn Limited Current account","ULearn-Student","Valitor M6541374   GP","2771.02","100","","Valitor Merch A/C","2771.02","NONE","AUTHORISED","17fed81f-bab9-4883-8e48-bd2a09a3df24"
"2018-11-08","RECEIVE","ULearn Limited Current account","ULearn-Student","Valitor M6588785   GP","4714.78","100","","Valitor Merch A/C","4714.78","NONE","AUTHORISED","c33faa11-770b-4955-9fbb-f3b342877b81"
"2018-11-08","SPEND","ULearn Limited Current account","Cazoomi - SyncApps - CARD","P0611US 19.98@1.13911","17.54","B106","","Sync Apps Recurring Subscription","17.54","NONE","AUTHORISED","18e6aaf5-4c7a-4d65-ac5b-cc450b75688f"
"2018-11-08","RECEIVE","ULearn Limited Current account","ULearn-Student","1/RAKHMANOV MARAT GP","4000","100","","Ulearn ","4000","NONE","AUTHORISED","900679cc-40b8-4631-b677-f2e2bfdec4b1"
"2018-10-31","RECEIVE","ULearn Limited Current account","ULearn-Student","ULS2018 10 31 GP","4365","100","","ULearn-Student","4365","NONE","AUTHORISED","0a874640-8d84-4427-ac87-cda0cc60d4e8"
"2018-11-05","SPEND","ULearn Limited Current account","Netflix","","10.99","B115A","","Ulearn ","10.99","NONE","AUTHORISED","beb55949-3d9b-481d-ba3b-dd3744122e1c"
"2018-11-01","RECEIVE","ULearn Limited Current account","ULearn-Student","ULS2018 11 01 GP","10527.75","100","","ULearn-Student","10527.75","NONE","AUTHORISED","820e002c-4afc-4dbd-bdaa-ae5fda0bc1dc"
"2018-11-05","SPEND","ULearn Limited Current account","PREPAYPOWER","POS01NOV PREPAYPOWER","100","B105A","","Electricity Prepaid","100","NONE","AUTHORISED","874074c3-c785-4253-8c5a-a705be4cca77"
"2018-11-05","SPEND","ULearn Limited Current account","PREPAYPOWER","POS01NOV PREPAYPOWER","90","B105A","","Electricity Prepaid","90","NONE","AUTHORISED","084f95ee-c05e-4120-9dca-ab36c457f496"
"2018-11-07","RECEIVE","ULearn Limited Current account","ULearn-Student","ULS2018 11 07 GP","3838","100","","ULearn-Student","3838","NONE","AUTHORISED","00936c76-c7c5-4616-afe1-d67d57f82943"
"2018-11-07","RECEIVE","ULearn Limited Current account","ULearn-Student","MEBARKIA FARES INV GP","590","100","","ULearn-Student","590","NONE","AUTHORISED","e1fcc0f3-1cac-4716-b549-f7440ac166ca"
"2018-11-05","SPEND","ULearn Limited Current account","Google - CARD","POS01NOV GOOGLE*GSUIT","73.8","B106","","Ulearn - Hosting ","73.8","NONE","AUTHORISED","1554a6bc-c77f-4de6-8ad5-b7049a38a234"
"2018-11-06","SPEND","ULearn Limited Current account","Google - CARD","","500","B110","","Ulearn","500","NONE","AUTHORISED","ad6bea20-b488-4762-afd0-d76822c1921e"
"2018-11-06","RECEIVE","ULearn Limited Current account","ATM","CREDIT TRANSFE 957516","2590","100","","Cash drop","2590","NONE","AUTHORISED","8ed11d3d-e460-4afe-8235-bd6fdfb7650a"
"2018-11-09","RECEIVE","ULearn Limited Current account","ULearn-Student","1/RAKHMANOV MARAT GP","650","100","","Ulearn ","650","NONE","AUTHORISED","3e7a60a5-c2ab-401a-815b-db577a9b33d4"
"2018-11-14","RECEIVE","ULearn Limited Current account","ULearn-Student","Valitor M6630202   GP","340.57","100","","Valitor Merch A/C","340.57","NONE","AUTHORISED","7b2413fc-140e-4476-8e1b-ba80ff742649"
"2018-11-15","RECEIVE","ULearn Limited Current account","ULearn-Student","Valitor M6655326   GP","3930.92","100","","Valitor Merch A/C","3930.92","NONE","AUTHORISED","66a90c86-4639-4c1e-ae74-ee79420cb6f9"
"2018-11-14","RECEIVE","ULearn Limited Current account","ULearn-Student","1/TYUFYAKOV ANATOL GP","5004","100","","Ulearn ","5004","NONE","AUTHORISED","d780d2d6-a0bd-4b34-8c97-e7179984453c"
"2018-11-14","RECEIVE","ULearn Limited Current account","ULearn-Student","ULS2018 11 14 GP","455","100","","ULearn-Student","455","NONE","AUTHORISED","bc70c22d-d58e-409f-91cd-dad64ffac2eb"
"2018-11-15","RECEIVE","ULearn Limited Current account","ULearn-Student","ULS2018-11-15 ","1223.75","100","","Ulearn student","1223.75","NONE","AUTHORISED","1184a54d-192d-424c-abb2-adc3b5bdf363"
"2018-10-24","RECEIVE","ULearn Limited Current account","Ciaran Mc Mahon","365 Ciaran Beijing F","300","B112","","Ulearn ","300","NONE","AUTHORISED","b4209dc1-512d-44cc-b6e8-b7c761be546c"
"2018-11-19","SPEND","ULearn Limited Current account","Against the Grain","Social act","37.35","A109","","Social activities","37.35","NONE","AUTHORISED","a2494e8e-6090-49b5-8354-bbd7cbdf8348"
"2018-11-19","RECEIVE","ULearn Limited Current account","ULearn-Student","Valitor M6675415   GP","2761.05","100","","Valitor Merch A/C","2761.05","NONE","AUTHORISED","e54f73ed-b9c1-457a-b1e2-dc27cbedd9d6"
"2018-11-06","SPEND","ULearn Limited Current account","Cafe Nero","","8.15","B115","","Ulearn","8.15","NONE","AUTHORISED","d87186a2-0f44-4d6b-a7d3-c4ab846ebcba"
"2018-10-23","SPEND","ULearn Limited Current account","General Expenses","","10.19","B125","","Unknown expense","10.19","NONE","AUTHORISED","fe18ecfb-bce7-4755-8bf6-bcaf70c9f436"
"2018-10-23","SPEND","ULearn Limited Current account","Office Equipment","","99.29","B102","","Desk keyboard drawer","99.29","NONE","AUTHORISED","d38f7686-55d8-45f8-9147-bacc456a3e69"
"2018-10-23","SPEND","ULearn Limited Current account","General Expenses","","323.87","B125","","Unknown expense","323.87","NONE","AUTHORISED","4bd9cf33-b7a3-4ce1-9be2-f48365bc758f"
"2018-10-30","SPEND","ULearn Limited Current account","General Expenses","","37.8","B125","","Unknown expense","37.8","NONE","AUTHORISED","38b76f94-e147-46ad-aa9e-e46fe1960a89"
"2018-11-02","SPEND","ULearn Limited Current account","General Expenses","","37.25","B125","","Unknown expense","37.25","NONE","AUTHORISED","008268a2-fc52-4d36-911e-e0ea23131865"
"2018-11-05","SPEND","ULearn Limited Current account","TradingView","","13.22","B106","","TradingView","13.22","NONE","AUTHORISED","251fc12f-aaff-4a9e-9f1c-a800df8bd0c5"
"2018-11-08","SPEND","ULearn Limited Current account","Cafe Topolis","","29.1","B102","","Meal meeting / interview candidate","29.1","NONE","AUTHORISED","59431c55-a996-4f4d-8796-e996fa90951f"
"2018-11-28","SPEND","ULearn Limited Current account","Chapters Bookstore","","27.24","B121","","Books","27.24","NONE","AUTHORISED","8a59da9a-ce8d-44ef-9138-027a07c87510"
"2018-12-17","SPEND","ULearn Limited Current account","A2 Hosting","","278.3","B106","","Ulearn","278.3","NONE","AUTHORISED","507fce5f-3884-496f-8fc2-045a94e1a0d5"
"2018-12-03","RECEIVE","ULearn Limited Current account","ULearn-Student","Valitor M6812088   GP","7098.55","100","","Valitor Merch A/C","7098.55","NONE","AUTHORISED","4100d68c-f99f-4a9f-886d-05710f54d420"
"2018-12-13","SPEND","ULearn Limited Current account","Lidl","social supplies","20.97","A109","","party","20.97","NONE","AUTHORISED","b1e934c6-3c6b-4f6c-8255-062dd319746b"
"2018-11-23","SPEND","ULearn Limited Current account","Food, Coffees, Newsagents","POSC21NOV FRESH GOOD","7.99","B102","","Coffees, Food, Newsagents","7.99","NONE","AUTHORISED","ad9e949e-9a36-420e-ba00-079f99b3b635"
"2018-11-22","RECEIVE","ULearn Limited Current account","ULearn-Student","Valitor M6722134   GP","4275.52","100","","Valitor Merch A/C","4275.52","NONE","AUTHORISED","777f5a29-cc0c-491d-9fbf-0d4de473f0e0"
"2018-11-20","RECEIVE","ULearn Limited Current account","ULearn-Student","INSTITUTE OF TECHN GP","2375","100","","ULearn-Student","2375","NONE","AUTHORISED","7f7ab3a8-caf1-49bb-ab6a-08bc059e5d07"
"2018-11-30","SPEND","ULearn Limited Current account","HighRise - CARD","P2811US 49.00@1.12643","43.5","B106","","HighRise CRM Software","43.5","NONE","AUTHORISED","0eb05dae-a64b-4146-939a-0d4100e39a7d"
"2018-11-28","RECEIVE","ULearn Limited Current account","ULearn-Student","ULS2018 11 28 GP","5660","100","","ULearn-Student","5660","NONE","AUTHORISED","9936978a-809c-4f5e-9fe1-09d1ebae1514"
"2018-12-03","RECEIVE","ULearn Limited Current account","ULearn-Student","PSHENICHNIKOVA LIU GP","1800","100","","ULearn-Student","1800","NONE","AUTHORISED","76dcead1-518e-42da-900c-15cece585784"
"2018-12-10","SPEND","ULearn Limited Current account","Cazoomi - SyncApps - CARD","P0612US 19.98@1.13201","17.65","B106","","Sync Apps Recurring Subscription","17.65","NONE","AUTHORISED","823effb7-09e1-4ed8-adfc-0e2624d9223e"
"2018-12-17","RECEIVE","ULearn Limited Current account","ULearn-Student","Valitor M6951071   GP","498.05","100","","Valitor Merch A/C","498.05","NONE","AUTHORISED","2f73d16c-c2a1-40b8-91dd-18ae378b0779"
"2018-12-04","SPEND","ULearn Limited Current account","TradingView","","13.23","B106","","TradingView","13.23","NONE","AUTHORISED","5f4d8ac4-f4e3-49f4-b54e-154c740ca249"
"2018-11-23","SPEND","ULearn Limited Current account","Zopim - CARD","INV03854834","12.32","B106","","Chat Basic Subscription
11/20/2018-12/19/2018
Month ","12.32","NONE","AUTHORISED","e0a116bc-d7ad-4287-871f-286aaf17cc3f"
"2018-11-21","RECEIVE","ULearn Limited Current account","ULearn-Student","B54929732 INVOICE GP","2441","100","","ULearn-Student","2441","NONE","AUTHORISED","9b6c90dd-ae83-4058-86a7-2ae967c81852"
"2018-11-20","SPEND","ULearn Limited Current account","Google - CARD","","500","B110","","Ulearn ","500","NONE","AUTHORISED","f50ed881-4ca8-4635-8ff0-3c3a173b11ee"
"2018-11-20","RECEIVE","ULearn Limited Current account","ULearn-Student","INVOICE NR.P201816 GP","880","100","","ULearn-Student","880","NONE","AUTHORISED","d2237944-5898-40ce-b95f-2f7c183a0d9f"
"2018-11-26","RECEIVE","ULearn Limited Current account","Vera Likhatskaya","","82.5","B123A","","Wrong bank account","82.5","NONE","AUTHORISED","f9c56bd6-c6a8-4241-b778-2b2b5387abd7"
"2018-11-26","RECEIVE","ULearn Limited Current account","ULearn-Student","Valitor M6742472   GP","78.31","100","","Valitor Merch A/C","78.31","NONE","AUTHORISED","6e1459e2-23fe-4360-b7a6-2f4657ee4b34"
"2018-11-29","RECEIVE","ULearn Limited Current account","ULearn-Student","Valitor M6791369   GP","1293.01","100","","Valitor Merch A/C","1293.01","NONE","AUTHORISED","4ac7fc17-29fa-41e3-8a3b-31c2a9d833ba"
"2018-11-27","SPEND","ULearn Limited Current account","The Living Room","","171.8","A109","","Ulearn students","171.8","NONE","AUTHORISED","0155b21d-bd30-46d5-9e5f-3ff6462ce386"
"2018-11-28","SPEND","ULearn Limited Current account","Whelan's Pub","","22.7","A109","","Ulearn","22.7","NONE","AUTHORISED","4616401e-d7e4-4dd9-ae6e-1d9374083178"
"2018-11-29","SPEND","ULearn Limited Current account","Savoy","","5","A109","","Iris ticket","5","NONE","AUTHORISED","4d50f96e-caa2-4ffc-bcf3-2c733dd6202e"
"2018-11-30","RECEIVE","ULearn Limited Current account","ULearn-Student","ULS2018 11 30 GP","2000","100","","ULearn-Student","2000","NONE","AUTHORISED","318c5d70-aad1-49b6-ad99-3a7408c7ffdf"
"2018-12-05","SPEND","ULearn Limited Current account","Github - CARD","P0312US  7.00@1.13085","6.19","B106","","Github Repos","6.19","NONE","AUTHORISED","3cce8c5c-01d4-4d7a-b664-2f289d3d66c1"
"2018-12-05","RECEIVE","ULearn Limited Current account","ULearn-Student","46893357TW0 Studen GP","2900","100","","ULearn-Student","2900","NONE","AUTHORISED","5cea6fe4-3507-4091-b657-2f2540d4f2e8"
"2018-12-14","SPEND","ULearn Limited Current account","Bloom Brasserie","","700.5","B115","","Christmas Party","700.5","NONE","AUTHORISED","83efe375-4010-441c-a90c-1d00ede0af15"
"2018-12-13","SPEND","ULearn Limited Current account","Aldi stores","social activities","13.8","A108","","Social activities","13.8","NONE","AUTHORISED","fa38cdd6-fcb1-4a28-aa48-2edf271811c5"
"2018-12-11","RECEIVE","ULearn Limited Current account","Amazon","","5.77","104","","ULEARN","5.77","NONE","AUTHORISED","ab6d24e2-a4a6-4475-88d8-3d7a08d91643"
"2018-12-05","SPEND","ULearn Limited Current account","Express VPN","","11.45","B106","","Express VPN","11.45","NONE","AUTHORISED","e6e4a7ef-7a6f-463b-bc08-3732fbfa814a"
"2018-11-27","SPEND","ULearn Limited Current account","Virgin Media","135594285","92.25","B104","","Telephone","92.25","NONE","AUTHORISED","91054082-0b09-4651-aaf8-44dcdc0eb1ff"
"2018-11-20","SPEND","ULearn Limited Current account","Xero Subscription - CARD","IN-1213838","26.5","B106","","ULearn. Monthly Subscription, Standard Price Plan, 17 Oct 2018 to 16 Nov 2018","26.5","NONE","AUTHORISED","6d5e44f8-af3e-4e4f-b748-77f8d43982b3"
"2018-11-21","RECEIVE","ULearn Limited Current account","ULearn-Student","Valitor M6696742   GP","319.41","100","","Valitor Merch A/C","319.41","NONE","AUTHORISED","ebf6121d-21f9-4bc3-9fc7-50a25053543c"
"2018-11-20","SPEND","ULearn Limited Current account","Spotify","POS15NOV PAYPAL *SPOT","9.99","A108","","School Spotify Sub","9.99","NONE","AUTHORISED","a8c8502b-0dbf-4b4c-a057-67e04fc9df74"
"2018-11-20","RECEIVE","ULearn Limited Current account","ULearn-Student","Valitor M6686047   GP","1530.33","100","","Valitor Merch A/C","1530.33","NONE","AUTHORISED","7fc61dae-36d6-440c-9dab-4097ef6c9530"
"2018-11-20","RECEIVE","ULearn Limited Current account","ULearn-Student","ULS2018 11 20 GP","2800","100","","ULearn-Student","2800","NONE","AUTHORISED","3f4f8253-d930-47a7-aa23-4c7a0338ee42"
"2018-11-23","RECEIVE","ULearn Limited Current account","ULearn-Student","ULS2018 11 23 GP","10790","100","","ULearn-Student","10790","NONE","AUTHORISED","1897ebcf-ad16-45ab-a229-471a489199c2"
"2018-11-23","SPEND","ULearn Limited Current account","BOI LIFE INSURANCE","OP/BoI LIFE   SEPA DD","47.05","B119","","Life Insurance BOI","47.05","NONE","AUTHORISED","b6b67152-a81d-45b8-9722-7421a76a1750"
"2018-11-20","SPEND","ULearn Limited Current account","Bank Charges","INSTITUTE OF CHRG GP","12.5","100","","INSTITUTE OF CHRG GP","12.5","NONE","AUTHORISED","a30977d4-df27-4a40-b2ea-56e3c9fc5655"
"2018-11-26","RECEIVE","ULearn Limited Current account","ULearn-Student","ULS2018 11 26 GP","6975","100","","ULearn-Student","6975","NONE","AUTHORISED","fce9d686-5861-4a2a-9271-4829cd8c8088"
"2018-11-29","SPEND","ULearn Limited Current account","PREPAYPOWER","POS27NOV PREPAYPOWER","90","B105A","","Electricity Prepaid","90","NONE","AUTHORISED","805be7b1-8cc0-4de7-972e-4fb4b29ea882"
"2018-11-27","SPEND","ULearn Limited Current account","Virgin Media","","92.25","B104","","Oct 18 bill","92.25","NONE","AUTHORISED","7a040974-afc6-4483-a5d4-60e5d351cfe3"
"2018-11-30","RECEIVE","ULearn Limited Current account","ULearn-Student","Valitor M6801555   GP","4984.73","100","","Valitor Merch A/C","4984.73","NONE","AUTHORISED","7c9f89c4-2b13-4de6-910a-53bc86b6f06f"
"2018-11-30","SPEND","ULearn Limited Current account","EIRCOM","","19.67","B104","","november bill","19.67","NONE","AUTHORISED","e51f3f60-31a0-4c1a-a3af-4ed051886fa2"
"2018-11-30","SPEND","ULearn Limited Current account","GoDaddy.com, LLC - CARD","","8.6","B106","","Ulearn ","8.6","NONE","AUTHORISED","f161f0c4-a713-470b-882b-67f9ef74f8e3"
"2018-11-30","SPEND","ULearn Limited Current account","Patrick - Excursion","","900","A109B","","Europass excursion","900","NONE","AUTHORISED","d7abe98b-47ab-45a9-be5d-498770afc303"
"2018-11-29","RECEIVE","ULearn Limited Current account","ULearn-Student","ULS2018 11 29 GP","6050","100","","ULearn-Student","6050","NONE","AUTHORISED","8f1b69c1-eb21-4516-8f19-4a4566c064ce"
"2018-12-03","RECEIVE","ULearn Limited Current account","ULearn-Student","ULS2018 12 03 GP","4462","100","","ULearn-Student","4462","NONE","AUTHORISED","894bf6ef-2ed4-4b31-879a-66b03a5773cd"
"2018-12-03","SPEND","ULearn Limited Current account","New Ireland","","185","B120","","Ulearn ","185","NONE","AUTHORISED","d9945c90-6c04-4ffb-819d-53069473e95a"
"2018-12-07","SPEND","ULearn Limited Current account","Google - CARD","","500","B110","","Ulearn ","500","NONE","AUTHORISED","babfeb3b-8a9f-4c86-9650-74eddc60f68a"
"2018-12-05","SPEND","ULearn Limited Current account","Virgin Media","","113.49","B104","","Oct 18 bill","113.49","NONE","AUTHORISED","4d9e5372-5351-4373-8a49-6f7072370d97"
"2018-12-05","RECEIVE","ULearn Limited Current account","ULearn-Student","Valitor M6833790   GP","1320.62","100","","Valitor Merch A/C","1320.62","NONE","AUTHORISED","c6722d31-88bb-46ef-b671-5e399dd45075"
"2018-12-04","SPEND","ULearn Limited Current account","Facebook - CARD","","8.25","B110","","","8.25","NONE","AUTHORISED","3ce84ec0-9067-421f-bb87-749c8868be0e"
"2018-12-04","SPEND","ULearn Limited Current account","ToutApp - CARD","P3011US 30.00@1.13036","26.54","B106","","ToutApp Email Software","26.54","NONE","AUTHORISED","f49ad81b-2868-4602-ab57-435e82d487e7"
"2018-12-04","RECEIVE","ULearn Limited Current account","ULearn-Student","ULS2018 12 04 GP","11886","100","","Ulearn Student","11886","NONE","AUTHORISED","3802b363-b845-432d-ab5b-7b6bc8ece154"
"2018-12-14","SPEND","ULearn Limited Current account","Bloom Brasserie","","2407.27","B115","","Christmas Dinner","2407.27","NONE","AUTHORISED","35391732-2629-4688-9ad0-725f5c887815"
"2018-12-13","RECEIVE","ULearn Limited Current account","ULearn-Student","Valitor M6930022   GP","2079.32","100","","Valitor Merch A/C","2079.32","NONE","AUTHORISED","198f610e-eebd-4d79-b816-41b177db60e6"
"2018-12-11","SPEND","ULearn Limited Current account","Vera Likhatskaya","","82.5","B123A","","Accommodation refund","82.5","NONE","AUTHORISED","944b1d75-88d2-4775-a449-6fa789a2b722"
"2018-12-14","RECEIVE","ULearn Limited Current account","ULearn-Student","ULS2018 12 14 GP","2109.5","100","","ULearn-Student","2109.5","NONE","AUTHORISED","670d498f-a8c7-4580-bd45-6a87dad7dc65"
"2018-12-18","SPEND","ULearn Limited Current account","GoDaddy.com, LLC - CARD","","14.12","B106","","Ulearn","14.12","NONE","AUTHORISED","e8c34deb-928e-475c-8b51-7ccd4a44cf98"
"2018-12-11","RECEIVE","ULearn Limited Current account","ULearn-Student","ULS2018 12 11 GP","2750","100","","ULearn-Student","2750","NONE","AUTHORISED","7f09d012-4b13-4b46-b38d-6c3fc18d9c22"
"2018-12-04","SPEND","ULearn Limited Current account","Cafe Nero","","3.2","B115","","Ulearn","3.2","NONE","AUTHORISED","7a74bbbe-4cc8-42aa-87eb-7a077eb9ad90"
"2018-12-10","SPEND","ULearn Limited Current account","EuroGiant","","34","B102","","Christmas decorations","34","NONE","AUTHORISED","71c7b571-cbaf-4b1e-971a-607f039ff706"
"2018-12-11","SPEND","ULearn Limited Current account","An Post","","4.7","B102","","Post certificate","4.7","NONE","AUTHORISED","a5e41248-23bf-4c21-9590-433129fdb66a"
"2018-11-23","SPEND","ULearn Limited Current account","Amazon","","6.29","B102","","Micro USB converter","6.29","NONE","AUTHORISED","00f052c4-0ebf-4e46-bf3c-44e8c1f84055"
"2018-11-30","SPEND","ULearn Limited Current account","Host Ireland - DD","182254","676.5","B106","","

__________
ULearn Accounts
Inline image 1
89 Harcourt Street, Dublin 2
website: www.ulearnschool.com
e-mail: accounts@ulearnschool.com
Telephone: (3531) 475 1222
skype: u-learn","676.5","NONE","AUTHORISED","7c5bcff5-8a3e-4e1e-afb5-fa17b1079f73"
"2018-11-23","SPEND","ULearn Limited Current account","Mizzoni's","","28.4","B115","","Food","28.4","NONE","AUTHORISED","62493f93-66f1-4a5a-8f85-8ebda0bf770d"
"2018-11-22","SPEND","ULearn Limited Current account","BOI LIFE INSURANCE","OP/BoI LIFE   SEPA DD","51.03","B119","","Life Insurance BOI","51.03","NONE","AUTHORISED","1ff9045f-c633-4f9d-95b2-86810d376806"
"2018-11-22","SPEND","ULearn Limited Current account","Patrick - Excursion","","920","A109B","","Europass - excursion","920","NONE","AUTHORISED","c142d678-a812-4bb7-bac4-b570b3cc6082"
"2018-11-22","RECEIVE","ULearn Limited Current account","ULearn-Student","ULS2018 11 22 GP","5690.5","100","","ULearn-Student","5690.5","NONE","AUTHORISED","f0d7360b-9981-429c-ac9a-87d5ad468a84"
"2018-11-23","RECEIVE","ULearn Limited Current account","ULearn-Student","Valitor M6732031   GP","961.04","100","","Valitor Merch A/C","961.04","NONE","AUTHORISED","a3cde32d-f6a8-4e8c-bf0e-bbe2b0b2357d"
"2018-11-23","RECEIVE","ULearn Limited Current account","ULearn-Student","BOKYEONG KIM STUDE GP","1850","100","","ULearn-Student","1850","NONE","AUTHORISED","16c5695a-94fd-4daf-97e6-a1e681f1fe6e"
"2018-11-26","RECEIVE","ULearn Limited Current account","ULearn-Student","RS20181126000026 J GP","1850","100","","ULearn-Student","1850","NONE","AUTHORISED","0ce57dad-0a97-4ced-a0ed-a5b764f42801"
"2018-11-26","SPEND","ULearn Limited Current account","SOFTWARE","POS22NOV ADOBE  CREAT","30.74","B106","","Software / Hosting","30.74","NONE","AUTHORISED","b760ed70-a994-45f5-8f33-cf9a2f46099f"
"2018-11-30","SPEND","ULearn Limited Current account","Bord Gais Energy - DD","4506231157","460.64","B105A","","32 Capel street","460.64","NONE","AUTHORISED","a54fb1f4-68fd-45e8-87b3-94c6f2b13fe3"
"2018-11-30","SPEND","ULearn Limited Current account","Brown Thomas","","300","B115C","","Diego Gift","300","NONE","AUTHORISED","76360f78-bdd1-4b00-b2f1-87f1ab49f326"
"2018-11-28","RECEIVE","ULearn Limited Current account","ULearn-Student","Valitor M6765930   GP","10287.9","100","","Valitor Merch A/C","10287.9","NONE","AUTHORISED","e8111691-1810-46db-891f-f27b5e7ddfdf"
"2018-11-29","SPEND","ULearn Limited Current account","PREPAYPOWER","POS27NOV PREPAYPOWER","100","B105A","","Electricity Prepaid","100","NONE","AUTHORISED","7a555212-56c3-4477-9ffa-d3231fa4695d"
"2018-11-29","SPEND","ULearn Limited Current account","Audible - CARD","P2711GB  7.99@.882872","9.05","B121","","Audio Books School","9.05","NONE","AUTHORISED","bc3a01d7-d012-43b1-9fb3-92ad40caac07"
"2018-11-28","SPEND","ULearn Limited Current account","Virgin Media","","87.5","B104","","Oct 18 bill","87.5","NONE","AUTHORISED","29d89272-cf8c-4b1b-a7b6-ea2d18aaefab"
"2018-11-27","RECEIVE","ULearn Limited Current account","ULearn-Student","Valitor M6755179   GP","13018.17","100","","Valitor Merch A/C","13018.17","NONE","AUTHORISED","be4a74fc-6ec3-4f11-a47c-d6914d8a1aa4"
"2018-11-28","SPEND","ULearn Limited Current account","CloudVoice - DD","","238.44","B104","","Call Charges","238.44","NONE","AUTHORISED","c4c690bf-71fa-4c0d-a7f1-a5cc33f0127e"
"2018-11-27","SPEND","ULearn Limited Current account","Google - CARD","","500","B110","","Ulearn","500","NONE","AUTHORISED","9164ec10-09d5-4cb8-8fdb-f25e3d7b6861"
"2018-11-27","RECEIVE","ULearn Limited Current account","ULearn-Student","1/MEHMET EMRE DINC GP","1825","100","","ULearn-Student","1825","NONE","AUTHORISED","f65e5bf6-79d4-4d00-8484-fe11a35e2879"
"2018-11-27","RECEIVE","ULearn Limited Current account","ULearn-Student","ULZIISAIKHAN SUREN GP","3350","100","","ULearn-Student","3350","NONE","AUTHORISED","6b177bfa-0df7-4b00-afe6-dc3871bd38a1"
"2018-11-29","RECEIVE","ULearn Limited Current account","ULearn-Student","AHMED MOHAMED SALI GP","817","100","","","817","NONE","AUTHORISED","3a20165f-0e73-4dfd-a7fa-c3638b09d39e"
"2018-11-28","RECEIVE","ULearn Limited Current account","ULearn-Student","INVOICE INV. NR. GP","577.5","100","","ULearn-Student","577.5","NONE","AUTHORISED","e3977ea7-2909-4542-882b-8a1b3f258060"
"2018-11-27","RECEIVE","ULearn Limited Current account","ULearn-Student","Iscrizione al cors GP","560","100","","ULearn-Student","560","NONE","AUTHORISED","2848081a-cc11-4e10-8b61-b3724eb9d94f"
"2018-11-30","SPEND","ULearn Limited Current account","Bites & Brews","","700","B115","","Diego Leaving Staff Drinks","700","NONE","AUTHORISED","fee31e75-3d27-4019-bec5-a6bf4de7a28f"
"2018-12-03","SPEND","ULearn Limited Current account","Google - CARD","","500","B110","","Ulearn ","500","NONE","AUTHORISED","5403f841-9607-4659-acc5-ded845cf27ff"
"2018-12-03","SPEND","ULearn Limited Current account","Euro Giant","","78","B102","","Christmas decorations for school","78","NONE","AUTHORISED","1cfac428-feb6-4cc3-b170-b6e5a3bb7708"
"2018-12-07","RECEIVE","ULearn Limited Current account","ULearn-Student","Valitor M6870947   GP","235.12","100","","Valitor Merch A/C","235.12","NONE","AUTHORISED","091263ba-43c0-425d-9dab-9cf4f6f128df"
"2018-12-06","RECEIVE","ULearn Limited Current account","ULearn-Student","Valitor M6860572   GP","118.93","100","","Valitor Merch A/C","118.93","NONE","AUTHORISED","569629a7-a7f8-4ba0-957f-c9d3e6abd10a"
"2018-12-07","RECEIVE","ULearn Limited Current account","ULearn-Student","SCHOOL FEE GP","1000","100","","ULearn-Student","1000","NONE","AUTHORISED","17c08dbc-36b4-45ee-bb4d-ad314286e7ec"
"2018-12-04","RECEIVE","ULearn Limited Current account","ULearn-Student","Valitor M6823007   GP","5047.42","100","","Valitor Merch A/C","5047.42","NONE","AUTHORISED","c975169f-be01-446c-9ddf-c6fb7f070b72"
"2018-12-04","SPEND","ULearn Limited Current account","Google - CARD","","73.8","B106","","Ulearn ","73.8","NONE","AUTHORISED","407aebda-f774-4527-8f8c-df76c3b24b60"
"2018-12-05","RECEIVE","ULearn Limited Current account","ULearn-Student","ULS2018 12 05 GP","10272.75","100","","ULearn-Student","10272.75","NONE","AUTHORISED","24282dfa-f754-416d-852c-f3a060875e59"
"2018-12-11","RECEIVE","ULearn Limited Current account","ULearn-Student","Valitor M6893003   GP","366.45","100","","Valitor Merch A/C","366.45","NONE","AUTHORISED","b02e3f77-4a92-466c-aefc-ccc20792c011"
"2018-12-11","SPEND","ULearn Limited Current account","PREPAYPOWER","POS07DEC PREPAYPOWER","90","B105A","","Electricity Prepaid","90","NONE","AUTHORISED","510af8c1-b132-4f6a-aea4-f98718667b2e"
"2018-12-11","SPEND","ULearn Limited Current account","Audible - CARD","P0812GB  7.99@.887777","9","B121","","Audio Books School","9","NONE","AUTHORISED","0bbbdc37-003d-4fb2-a65f-c18d429bd0c3"
"2018-12-13","SPEND","ULearn Limited Current account","The camden casket","social activities","3.5","A108","","social activities","3.5","NONE","AUTHORISED","5ac98423-7cde-47a7-acd5-c702cd090fe5"
"2018-12-14","SPEND","ULearn Limited Current account","Fresh","Staff Drinks","98.68","B115","","Staff Drinks","98.68","NONE","AUTHORISED","1bf72a01-fce6-4579-91b4-de322857d125"
"2018-12-14","RECEIVE","ULearn Limited Current account","ULearn-Student","Valitor M6940059   GP","1004.86","100","","Valitor Merch A/C","1004.86","NONE","AUTHORISED","a3786fa9-60e1-4493-8f01-aa680c369d13"
"2018-12-17","SPEND","ULearn Limited Current account","Xero Subscription - CARD","IN-1252726","26.56","B106","","ULearn. Monthly Subscription, Standard Price Plan, 17 Nov 2018 to 16 Dec 2018.","26.56","NONE","AUTHORISED","3de4281b-7b75-4281-99a5-8cbae806f646"
"2018-12-17","SPEND","ULearn Limited Current account","Host Ireland - DD","183772","676.5","B106","","__________ULearn AccountsInline image 189 Harcourt Street, Dublin 2website: www.ulearnschool.come-mail: accounts@ulearnschool.comTelephone: (3531) 475 1222skype: u-learn","676.5","NONE","AUTHORISED","8b8af1c9-6bf9-4fd1-b17d-e5ed6402eb6e"
"2018-11-26","RECEIVE","ULearn Limited Current account","Amazon","","0.33","104","","ULEARN","0.33","NONE","AUTHORISED","3d795451-dcc4-43dc-ad75-f096161318a5"
"2018-12-13","SPEND","ULearn Limited Current account","Google - CARD","","500","B110","","ULEARN","500","NONE","AUTHORISED","8f1e9c7a-e0e6-4e12-b707-8d61eb850062"
"2018-12-12","RECEIVE","ULearn Limited Current account","ULearn-Student","ULS2018 12 12 GP","6435","100","","","6435","NONE","AUTHORISED","dba3da96-f6ca-4bcd-9b13-d1605668eeb2"
"2018-12-17","RECEIVE","ULearn Limited Current account","ULearn-Student","ULS2018-12-17 ","1784.5","100","","Ulearn Student","1784.5","NONE","AUTHORISED","72dfbc6d-30d8-4adc-9948-87f44486aa40"
"2018-12-10","SPEND","ULearn Limited Current account","Tiger","","6","B102","","Christmas decorations","6","NONE","AUTHORISED","bc8a8ddb-efa3-41c9-80dd-bbd5692a5c98"
"2018-11-23","SPEND","ULearn Limited Current account","Cafe Nero","","3.2","B115","","Ulearn","3.2","NONE","AUTHORISED","4ef51589-43a1-441d-9753-c0122e6e6a54"
"2018-11-27","SPEND","ULearn Limited Current account","Amazon","","45.71","B102","","Headset","45.71","NONE","AUTHORISED","44d7447c-9e61-43db-871b-d1519f776ac8"
"2018-11-28","SPEND","ULearn Limited Current account","General Expenses","","42.39","B125","","Unknown expense","42.39","NONE","AUTHORISED","2d7f2e2c-d7d7-4e5a-b528-aed83aadd032"
"2018-12-03","SPEND","ULearn Limited Current account","Curry's PC World","","16.99","B102","","Headset 2","16.99","NONE","AUTHORISED","e21ed1c5-0a6d-42d1-94e5-c0339e873f2a"
"2018-12-14","SPEND","ULearn Limited Current account","Travel Expenses","","248.02","B112B","","Travel","248.02","NONE","AUTHORISED","21c3a3a2-f189-4897-b95e-c909bb45b5de"
"2018-12-21","RECEIVE","ULearn Limited Current account","ULearn-Student","Valitor M7011170   GP","3517.49","100","","Valitor Merch A/C","3517.49","NONE","AUTHORISED","bd1116f4-eb02-441d-acf6-0d2c0378b967"
"2018-12-21","SPEND","ULearn Limited Current account","PREPAYPOWER","POS19DEC PREPAYPOWER","90","B105A","","Electricity Prepaid","90","NONE","AUTHORISED","d430dd0a-8165-414b-a3f8-082f6ab43d37"
"2018-12-31","RECEIVE","ULearn Limited Current account","ULearn-Student","Invoice Nr P201817 GP","2526.5","100","","ULearn-Student","2526.5","NONE","AUTHORISED","8d7618da-3e95-41a5-9c36-0cabe97c8bc1"
"2018-12-28","SPEND","ULearn Limited Current account","DOLOMITI SERVIZI S.r.l.","013/2018","25145","A109B","","Expenses extra activities","25145","NONE","AUTHORISED","7569890a-a5c7-4389-8445-0b9114ccfd37"
"2018-12-27","SPEND","ULearn Limited Current account","CloudVoice - DD","CV_3917","284.07","B104","","Call Charges","284.07","NONE","AUTHORISED","8be1a6bc-7936-41d0-8c59-2af13d12174f"
"2018-12-28","SPEND","ULearn Limited Current account","Flogas SEPA - DD","","179.51","B105","","Flogas","179.51","NONE","AUTHORISED","98d0c791-8cf6-4e51-8097-26a406b53ab9"
"2018-12-28","SPEND","ULearn Limited Current account","Virgin Media","","87.5","B104","","Dec 18 bill","87.5","NONE","AUTHORISED","d0ffc8c3-504a-4845-a1b2-1ac0c7607542"
"2018-12-24","SPEND","ULearn Limited Current account","BOI LIFE INSURANCE","OP/BoI LIFE   SEPA DD","47.05","B119","","Life Insurance BOI","47.05","NONE","AUTHORISED","6703fe53-0ffe-4761-ba57-2cbce5d116ae"
"2018-12-19","SPEND","ULearn Limited Current account","Google - CARD","","500","B110","","Ulearn ","500","NONE","AUTHORISED","ccb30d4b-2c3c-489a-9239-29c7e97daf25"
"2018-12-19","RECEIVE","ULearn Limited Current account","ULearn-Student","ULS2018 12 19 GP","1580","100","","ULearn-Student","1580","NONE","AUTHORISED","4be2e1c7-1d3c-4ea6-a4de-1f4ac6da847e"
"2018-12-28","SPEND","ULearn Limited Current account","SOFTWARE","POS22DEC ADOBE  CREAT","30.74","B106","","Software / Hosting","30.74","NONE","AUTHORISED","0a11b91a-1d5c-4d69-a36c-17a98c0f6db2"
"2018-12-19","SPEND","ULearn Limited Current account","One4all","3000216521","4531.5","B115C","","Bonuses","3031.5","NONE","AUTHORISED","5f25e722-32b6-4f45-92aa-224905b9b373"
"2018-12-28","RECEIVE","ULearn Limited Current account","ULearn-Student","ULS2018 12 27 GP","7506","100","","Ulearn","7506","NONE","AUTHORISED","dd00b69c-85af-4d41-a625-22eefdccae2f"
"2018-12-21","SPEND","ULearn Limited Current account","Xmas Party","","41.9","B115B","","Wine","41.9","NONE","AUTHORISED","d8e1529f-63f8-4555-85ac-14a9c00b468b"
"2018-12-20","SPEND","ULearn Limited Current account","THE HR COMPANY - DD","A4493","141.45","B118","","Monthly HR Subscription Plan & GDPR ","141.45","NONE","AUTHORISED","0bb034b6-06ae-47ed-ae05-3e0e35b661d7"
"2018-12-28","SPEND","ULearn Limited Current account","Flogas SEPA - DD","","137.44","B105","","Flogas","137.44","NONE","AUTHORISED","b505ebdd-b61f-4e6c-a8ff-3cc2e4c10012"
"2018-12-28","SPEND","ULearn Limited Current account","Flogas SEPA - DD","","126.86","B105","","Flogas","126.86","NONE","AUTHORISED","a06bf24c-fa1f-4ed9-b1af-7ec51ff9f349"
"2018-12-24","RECEIVE","ULearn Limited Current account","ULearn-Student","Valitor M7022652   GP","1364.2","100","","Valitor Merch A/C","1364.2","NONE","AUTHORISED","4fc75d45-9d3f-4e00-9c76-7d9b9940b793"
"2018-12-20","RECEIVE","ULearn Limited Current account","ULearn-Student","Valitor M7000619   GP","290.99","100","","Valitor Merch A/C","290.99","NONE","AUTHORISED","3d008e49-92bc-4a8c-8f33-3e6412db5cb4"
"2018-12-18","RECEIVE","ULearn Limited Current account","ULearn-Student","Valitor M6962388   GP","1398.5","100","","Valitor Merch A/C","1398.5","NONE","AUTHORISED","693dda17-fbeb-408c-9850-7d179df4c944"
"2018-12-18","SPEND","ULearn Limited Current account","PREPAYPOWER","POS14DEC PREPAYPOWER","100","B105A","","Electricity Prepaid","100","NONE","AUTHORISED","d0dbc54a-0851-4c78-b1b7-4fa42c2f3003"
"2018-12-20","RECEIVE","ULearn Limited Current account","ULearn-Student","SUSENN SANTIAGO","1345","100","","ULearn-Student","1345","NONE","AUTHORISED","cf4ae11e-e2f8-4c08-a994-739a2abc4314"
"2018-12-31","SPEND","ULearn Limited Current account","Audible - CARD","P2712GB  7.99@.897752","8.9","B121","","Audio Books School","8.9","NONE","AUTHORISED","999d2470-7243-4445-be6e-428bf3322113"
"2018-12-31","SPEND","ULearn Limited Current account","BOI","","278.19","B127","","Bank Charges","278.19","NONE","AUTHORISED","6d882e0c-9d74-4c0d-ad70-4f818a80c26b"
"2018-12-21","RECEIVE","ULearn Limited Current account","ULearn-Student","ULS2018 12 21 GP","3836","100","","Ulearn Student","3836","NONE","AUTHORISED","eb8bd8fc-9b3e-4d14-a7b1-3ca718aaf909"
"2018-12-28","SPEND","ULearn Limited Current account","Google - CARD","","500","B110","","Ulearn","500","NONE","AUTHORISED","7e839747-48a7-4048-a8de-69448a317891"
"2018-12-28","SPEND","ULearn Limited Current account","Whelan's Pub","POS21DEC WHELANS","224.4","A108","","Social Outings & Expenses","224.4","NONE","AUTHORISED","bc7cf5fc-1f51-4707-bbbc-5e8376efb469"
"2018-12-21","SPEND","ULearn Limited Current account","An Post","Post certificate","5.6","B102","","Post certificate","5.6","NONE","AUTHORISED","91aaf58a-82ac-4b1c-b12d-7aa6f5c34ce1"
"2018-12-28","SPEND","ULearn Limited Current account","One4all","","100","B115C","","Bonuses ","100","NONE","AUTHORISED","d6427b52-e4d3-40b4-87e0-6eab13aaabe3"
"2018-12-24","RECEIVE","ULearn Limited Current account","ULearn-Student","PAGATA FT. NR. P20 GP","4615.85","100",""," Mirko del Curto student payment","4615.85","NONE","AUTHORISED","88f6dd4d-9147-4344-aca1-484d8393c8b1"
"2018-12-28","SPEND","ULearn Limited Current account","Virgin Media","81739488","92.25","B104","","32 Capel street charges","92.25","NONE","AUTHORISED","e8c85962-8d46-41d7-a1c1-8fc50123bfa5"
"2018-12-28","SPEND","ULearn Limited Current account","Food, Coffees, Newsagents","POSC21DEC FRESH GOOD","17.9","B102","","Coffees, Food, Newsagents","17.9","NONE","AUTHORISED","80a3b122-23cf-4579-b81b-b8f6b41e5f12"
"2018-12-28","RECEIVE","ULearn Limited Current account","ULearn-Student","Valitor M7045657   GP","3124.22","100","","Valitor Merch A/C","3124.22","NONE","AUTHORISED","55c010a1-bf7d-440a-93b4-922672563476"
"2018-12-28","SPEND","ULearn Limited Current account","Flogas SEPA - DD","","257.42","B105","","Flogas","257.42","NONE","AUTHORISED","f835ed01-6f5a-4a7c-bb57-e95d3d6c9575"
"2018-12-28","SPEND","ULearn Limited Current account","Flogas SEPA - DD","","135.61","B105","","Flogas","135.61","NONE","AUTHORISED","ba3cdf49-4173-4e8b-8f29-f6d7d3a01f0b"
"2018-12-28","SPEND","ULearn Limited Current account","Virgin Media","","92.25","B104","","Dec 18 bill","92.25","NONE","AUTHORISED","b4e702d2-2736-41ae-bbe2-c6ee68959df0"
"2018-12-24","SPEND","ULearn Limited Current account","BOI LIFE INSURANCE","OP/BoI LIFE   SEPA DD","51.03","B119","","Life Insurance BOI","51.03","NONE","AUTHORISED","57dd4fea-6eb4-46cd-9d3f-b863fd8f7340"
"2018-12-28","SPEND","ULearn Limited Current account","Zopim - CARD","P2012US 14.00@1.13544","12.33","B106","","Zopim Chat Module","12.33","NONE","AUTHORISED","4e79189b-8912-4f36-982b-a4bdd1210d92"
"2018-12-21","SPEND","ULearn Limited Current account","PREPAYPOWER","POS19DEC PREPAYPOWER","90","B105A","","Electricity Prepaid","90","NONE","AUTHORISED","9aec2b00-0753-4a78-89d9-aeae0291ed8c"
"2018-12-18","SPEND","ULearn Limited Current account","PREPAYPOWER","POS14DEC PREPAYPOWER","90","B105A","","Electricity Prepaid","90","NONE","AUTHORISED","93b0b9b0-b698-4432-b752-a35901c09fa4"
"2018-12-18","SPEND","ULearn Limited Current account","Spotify","POS15DEC PAYPAL *SPOT","9.99","A108","","School Spotify Sub","9.99","NONE","AUTHORISED","efad473e-600b-44ee-9289-8db495c6589f"
"2018-12-20","RECEIVE","ULearn Limited Current account","ULearn-Student","ULS2018 12 20 GP","1060","100","","ULearn-Student","1060","NONE","AUTHORISED","be71f34b-7c8c-4dbc-af85-f709ab753d07"
"2018-12-18","RECEIVE","ULearn Limited Current account","ULearn-Student","ULS2018 12 18 GP","9169.25","100","","ULearn-Student","9169.25","NONE","AUTHORISED","9959913f-76b0-49f2-b5d6-a641a3fad9d7"
"2018-12-18","RECEIVE","ULearn Limited Current account","Bloom Brasserie","","400","104","","Refund - deposit","400","NONE","AUTHORISED","45c6e580-69f5-44f0-ab7b-d176f4fc6e73"
"2018-12-24","RECEIVE","ULearn Limited Current account","ULearn-Student","ULS2018 12 24 GP","8638.24","100","","Ulearn - Student","8638.24","NONE","AUTHORISED","3fe4f242-da6a-45d5-8890-8dd827dd1e32"
"2018-12-19","SPEND","ULearn Limited Current account","One4all","7000215689","450","B115C","","Bonuses ","450","NONE","AUTHORISED","39f203bb-f885-497b-b0be-9bd5717d3072"
"2018-12-22","SPEND","ULearn Limited Current account","Taxi","","7","A104","","Taxi - student","7","NONE","AUTHORISED","d09c13f9-eaf8-4a9f-b2d7-b89191158616"
"2018-12-21","RECEIVE","ULearn Limited Current account","ULearn-Student","P2018738 STUDENT I GP","2097","100","","Gustavo Bomfim Teixeira student payment","2097","NONE","AUTHORISED","7e67d73c-311f-4820-a17e-9cd0f78c1104"
"2018-12-28","RECEIVE","ULearn Limited Current account","ULearn-Student","ULS2018 12 26 GP","4577.25","100","","Ulearn Student","4577.25","NONE","AUTHORISED","f0b6c3c7-5d18-475d-9981-c3edbf700eab"
"2018-12-18","SPEND","ULearn Limited Current account","CPD Training","","15.12","B108A","","Audible purchase","15.12","NONE","AUTHORISED","f398b589-71a8-49a5-9855-df653dc6cd19"
"2018-12-19","SPEND","ULearn Limited Current account","CPD Training","","17.56","B108A","","Audible purchase","17.56","NONE","AUTHORISED","79a0a4ed-3be7-4cf1-9fc4-a5b97af2d0a2"
"2018-12-31","SPEND","ULearn Limited Current account","CPD Training","","13.73","B108A","","Audible purchase","13.73","NONE","AUTHORISED","4e5da38a-2121-44c4-aa62-9f9ac5c57c23"
"2018-12-31","SPEND","BOI deposit","Adjustment","","0.38","999","","To match statement","0.38","NONE","AUTHORISED","a4438732-d23f-4369-b217-af8e5227b057"
"2018-03-21","SPEND","ULearn Limited Current account","REVENUE COMMISSIONERS","Revenue Commi SEPA DD","993","E104","","Revenue Tax Payment","993","NONE","AUTHORISED","116113d0-6a76-4ef2-a8b8-5b0cb4e1743f"
"2018-04-13","SPEND","ULearn Limited Current account","Flogas SEPA - DD","B8S Flogas Na SEPA DD","908.27","B105A","","Gas","908.27","NONE","AUTHORISED","a88c43f1-2b40-4a5b-8641-4e2c3c633291"
"2018-06-15","SPEND","ULearn Limited Current account","Flogas SEPA - DD","B8S Flogas Na SEPA DD","91.25","B105A","","Gas","91.25","NONE","AUTHORISED","1211748b-b740-4757-aa12-5b25f56f03a2"
"2018-08-14","SPEND","ULearn Limited Current account","Flogas SEPA - DD","B8S Flogas Na SEPA DD","134.12","B105A","","Gas","134.12","NONE","AUTHORISED","184aaa06-587e-446e-a70d-7521a51aa2f9"
"2018-10-09","SPEND","ULearn Limited Current account","Flogas SEPA - DD","B8S Flogas Na SEPA DD","157","B105A","","Gas","157","NONE","AUTHORISED","cd9033a7-67f7-403a-8975-3109b6dab370"
"2018-12-11","SPEND","ULearn Limited Current account","Flogas SEPA - DD","B8S Flogas Na SEPA DD","421.58","B105A","","Gas","421.58","NONE","AUTHORISED","41852a9f-dba5-4c78-a430-d845988f8142"