Date,Type,BankAccount,ContactName,Reference,Total,AccountCode,AccountName,Description,LineAmount,TaxType,Status,BankTransactionID
"2020-01-02","SPEND","ULearn Limited Current account","CARD - Google","POS31DEC GOOGLE *ADS1","500","B110","","Google Adwords","500","INPUT","AUTHORISED","8f0195ad-216d-48aa-bf82-20c16e0af7ee"
"2020-01-02","SPEND","ULearn Limited Current account","First Data","","45.39","B127","","Gateway charges","45.39","NONE","AUTHORISED","1f7b9957-a81b-467b-b37f-58cdc98e8699"
"2020-01-02","SPEND","ULearn Limited Current account","New Ireland","OP/NewIreland SEPA DD","185","B119","","Life Assurance","185","NONE","AUTHORISED","ee09567a-67cc-405f-a149-c6626de808fa"
"2020-01-03","RECEIVE","ULearn Limited Current account","BiG SMOKE BIG SMOK","","700","102","","They are renting a classroom from us","700","NONE","AUTHORISED","00c239d8-651d-4c56-93e0-4a9fac6e1226"
"2020-01-03","RECEIVE","ULearn Limited Current account","ULearn-Student","ULS2020 01 03      GP","3655","100","","Revenue","3655","NONE","AUTHORISED","73aa519f-08dd-4db8-827b-a4e22ad5fba4"
"2020-01-12","SPEND","ULearn Limited Current account","Zoho","8000089311222","43.05","B106","","Zoho Recruit","43.05","NONE","AUTHORISED","09268f19-890d-45b7-94e4-0f69e0f8c772"
"2020-01-12","SPEND","ULearn Limited Current account","Zoho","9436375","3.57","B106","","Service: Zoho People","3.57","NONE","AUTHORISED","aa79cad3-66e4-4927-b28d-6cbfd36b52e4"
"2020-01-13","RECEIVE","ULearn Limited Current account","ULearn-Student","ULS2020 01 13      GP","3231.25","100","","Revenue","3231.25","NONE","AUTHORISED","31b315d8-a0d2-4f7b-8b93-240a48b528d6"
"2020-01-08","RECEIVE","ULearn Limited Current account","ULearn-Student","ULS2020 01 08      GP","380","100","","Revenue","380","NONE","AUTHORISED","8e7c8eba-fa0d-4bad-b4a2-59d60f011e4b"
"2020-01-07","RECEIVE","ULearn Limited Current account","ULearn-Student","ULS2020 01 07      GP","450","100","","Revenue","450","NONE","AUTHORISED","a48b600f-4f29-4df6-a917-2d356d781a99"
"2020-01-10","RECEIVE","ULearn Limited Current account","ULearn-Student","ULS2020 01 10      GP","2755","100","","Revenue","2755","NONE","AUTHORISED","573ed053-8945-4b81-944f-8f7128db1285"
"2020-01-06","RECEIVE","ULearn Limited Current account","ULearn-Student","ULS2020 01 06      GP","3845","100","","Revenue","3845","NONE","AUTHORISED","2411b8d2-c730-44f5-a313-d95baf3274e4"
"2020-01-15","RECEIVE","ULearn Limited Current account","ULearn-Student","ULS2020 01 15      GP","5810","100","","Revenue","5810","NONE","AUTHORISED","642c54b4-195b-45bc-bb01-9a39e7e9cadc"
"2020-01-09","RECEIVE","ULearn Limited Current account","ULearn-Student","ULS2020 01 09      GP","9865.55","100","","Revenue","9865.55","NONE","AUTHORISED","f662c6f1-2d18-4f19-9985-cac76e7a871d"
"2020-01-06","RECEIVE","ULearn Limited Current account","ULearn-Student","GABRIELA SCOLARI","1312.25","100","","","1312.25","NONE","AUTHORISED","3f6499b2-9265-44bb-b13d-83b01c9029a5"
"2020-01-09","RECEIVE","ULearn Limited Current account","ULearn-Student","MUNKHZAYA DASHZEVE GP","5204","100","","","5204","NONE","AUTHORISED","82eb9782-d428-4a1e-b65e-90659fc21dea"
"2020-01-06","SPEND","ULearn Limited Current account","Pier Insurance","Pier Insuranc SEPA DD","7.49","B120","","Bus Mobile Ph Insurance","7.49","NONE","AUTHORISED","d9e1a551-7fd5-49bb-8491-dd5715dd1fdc"
"2020-01-07","SPEND","ULearn Limited Current account","CARD - Google","POS06JAN GOOGLE*ADS10","500","B110","","Google Adwords","500","INPUT","AUTHORISED","43d342d1-bd10-4023-9db7-223302a09d07"
"2020-01-07","SPEND","ULearn Limited Current account","Bank Charges","NEPOSCHGUSD 000000.88","0.88","B127","","Bank fee for a transaction in foreign currency.","0.88","NONE","AUTHORISED","333903ae-9f95-4b4c-8b2a-db82c270ebc7"
"2020-01-07","SPEND","ULearn Limited Current account","Bank Charges","NEPOSCHGUSD 000000.36","0.36","B127","","Bank fee for a transaction in foreign currency.","0.36","NONE","AUTHORISED","3c12c607-e6b8-4451-97cc-6009cec691b2"
"2020-01-13","SPEND","ULearn Limited Current account","CARD - Google","POS12JAN GOOGLE *ADS1","500","B110","","Google Adwords","500","INPUT","AUTHORISED","3d63b10b-ed70-44f8-b362-f8e3a31d9efc"
"2020-01-14","SPEND","ULearn Limited Current account","SOFTWARE","POS13JAN Adobe.com","30.74","B106","","Software / Hosting","30.74","INPUT","AUTHORISED","7d41e9f6-57ba-47e7-996c-d64c8d082bad"
"2020-01-11","SPEND","ULearn Limited Current account","Zoho","2000089201420","7.38","B106","","Zoho People NonUser Upgrade#2","7.38","NONE","AUTHORISED","a068f242-0876-4337-b0de-07acec64f655"
"2020-01-11","SPEND","ULearn Limited Current account","Zoho","2000089199910","7.38","B106","","Zoho People NonUser Upgrade","7.38","NONE","AUTHORISED","c41e8ca1-0cba-4251-98aa-51326c428f43"
"2020-01-11","SPEND","ULearn Limited Current account","Zoho","2000089199522","18.45","B106","","Zoho People 1 Mth 5 Users","18.45","NONE","AUTHORISED","18b8e591-95b1-4ed5-96ec-ed5445d8292a"
"2020-01-13","SPEND","ULearn Limited Current account","Zoho","","3.57","B106","","Service: Zoho People","3.57","NONE","AUTHORISED","658b4ba9-9dd2-43b1-9c80-dedc3ced1821"
"2020-01-13","SPEND","ULearn Limited Current account","Cyclone Couriers","","10.5","B130","","Delivery to MEI","10.5","NONE","AUTHORISED","eb13f127-ed02-4506-96d0-a9504dc79b22"
"2020-01-14","SPEND","ULearn Limited Current account","GoDaddy.com, LLC - CARD","","123.42","B106","","Ulearn","123.42","NONE","AUTHORISED","66d90f66-6af2-4ebf-80a1-893dd7445b83"
"2020-01-13","SPEND","ULearn Limited Current account","PREPAYPOWER","","70","B105A","","Elec","70","NONE","AUTHORISED","5f4aacd2-341f-4945-8e2b-90471647160a"
"2020-01-09","RECEIVE","ULearn Limited Current account","ULearn-Student","ATM8022 / 23","4500","100","","Cash Lodgement ","4500","NONE","AUTHORISED","fda3df6f-6d24-4f17-9204-bec0c5ca7dc7"
"2020-01-07","SPEND","ULearn Limited Current account","zapier","","17.93","B106","","zaps","17.93","NONE","AUTHORISED","709f2282-7499-439e-9880-67081fc5a2a8"
"2020-01-06","SPEND","ULearn Limited Current account","Noel Hancock","","55","A104","","Noel Hancock","55","NONE","AUTHORISED","da2b74a0-cc3f-4d13-9d20-2a3f4a766119"
"2020-01-06","SPEND","ULearn Limited Current account","Noel Hancock","","10","A104","","student arrivals","10","NONE","AUTHORISED","30cea288-0e44-4153-b509-c6391495774b"
"2020-01-06","SPEND","ULearn Limited Current account","Virgin Media","","117","B104A","","Monthly bill - 32 Capel Street","117","NONE","AUTHORISED","002bd6c9-c1a9-4042-953c-6d3d80124769"
"2020-01-06","SPEND","ULearn Limited Current account","One4all","7000218267","250","B115C","","Bonuses - Gift Cards","250","NONE","AUTHORISED","e846b8c1-5a0a-4fe1-ae7b-ec6694675ba5"
"2020-01-10","SPEND","ULearn Limited Current account","Noel Hancock","","155","A104","","Student transport","155","NONE","AUTHORISED","c7390a0d-39bf-4873-b7ef-c814086deba1"
"2020-01-14","SPEND","ULearn Limited Current account","Argos","","96.66","B102","","Fan Heater","96.66","NONE","AUTHORISED","3cafecaa-be65-4f2d-8c9e-a0b525c09436"
"2020-01-16","RECEIVE","ULearn Limited Current account","ULearn-Student","ULS2020 01 16 GP","3550","100","","Revenue","3550","NONE","AUTHORISED","5e63b1b7-767c-4e93-9c5a-381b3a9c9f9a"
"2020-01-07","SPEND","ULearn Limited Current account","Fresh","","40.7","A109","","ULearn Social","40.7","NONE","AUTHORISED","9d25d3ec-8028-43d4-8336-37a39b01f361"
"2020-01-16","SPEND","ULearn Limited Current account","Viking Direct - CARD","132749","49.86","B116","","Office supplies","49.86","NONE","AUTHORISED","51754be4-9455-4a8a-b4e4-e2a6f942d32d"
"2020-01-17","SPEND","ULearn Limited Current account","Spotify","POS15JAN PAYPAL *SPOT","9.99","A108","","School Spotify Sub","9.99","INPUT","AUTHORISED","70845f65-22d9-429e-9e05-af1c956a34d3"
"2020-01-16","SPEND","ULearn Limited Current account","Viking Direct - CARD","131787","26.15","B116","","Office Supplies","26.15","NONE","AUTHORISED","c98e7155-41d6-4489-bae7-73635861ec46"
"2020-01-20","SPEND","ULearn Limited Current account","CARD - Google","POS18JAN GOOGLE*ADS10","500","B110","","Google Adwords","500","INPUT","AUTHORISED","6c5a2ef5-db9e-4237-8c6b-8d4e779d5118"
"2020-01-08","SPEND","ULearn Limited Current account","Host Ireland - DD","206511","676.5","B104","","PremierDedicated - [300 Mbps] , [ULearn Ded] , [89 Harcourt Street, Dublin 2,
Ireland] , [WQELE] (02/02/2020 - 01/03/2020)","676.5","NONE","AUTHORISED","a347b283-5595-48f4-aeed-30e6e0504355"
"2020-01-20","SPEND","ULearn Limited Current account","Bank Charges","NEPOSCHGUSD 000000.54","0.54","B127","","Bank fee for a transaction in foreign currency.","0.54","NONE","AUTHORISED","f079b8dd-ab40-41a3-b0b1-9152a36d8f2c"
"2020-01-20","RECEIVE","ULearn Limited Current account","ULearn-Student","ULS2020 01 20 GP","4476","100","","Revenue","4476","NONE","AUTHORISED","d0b04271-ba07-4599-a106-3d657c21a314"
"2020-01-14","SPEND","ULearn Limited Current account","Noel Hancock","110","45","A104","","Student transfer","45","NONE","AUTHORISED","9bf04713-7c00-4a18-ba40-9cddb12fce70"
"2020-01-17","SPEND","ULearn Limited Current account","Joe's Coffee","","3.2","B115","","Coffee","3.2","NONE","AUTHORISED","6b395d8b-0cd5-4ecf-807a-685bf97efe04"
"2020-01-20","RECEIVE","ULearn Limited Current account","Argos","","47.98","104","","Refund Card Voucher","47.98","NONE","AUTHORISED","33786c48-2863-4831-afb3-b23c62182fce"
"2020-01-17","SPEND","ULearn Limited Current account","Penneys","","54","A101","","Accommodation","54","NONE","AUTHORISED","06efef3d-9ce8-4631-bda6-2a60ed46f22f"
"2020-01-19","SPEND","ULearn Limited Current account","Keys Cut","","2.99","B102","","Office supplies","2.99","NONE","AUTHORISED","ea4e8b65-c121-4f24-aa2d-95c0e061d91d"
"2020-01-20","SPEND","ULearn Limited Current account","GoDaddy.com, LLC - CARD","","14.34","B106","","Ulearn","14.34","NONE","AUTHORISED","ec049803-d11f-4239-97c8-2333559f67cb"
"2020-01-21","SPEND","ULearn Limited Current account","Flogas SEPA - DD","Flogas SEPA DD","173.42","B105","","Flogas","173.42","INPUT","AUTHORISED","2ce5c007-441f-4490-9f2d-793259fb25a8"
"2020-01-20","SPEND","ULearn Limited Current account","Fresh","","17.65","B115","","Food","17.65","NONE","AUTHORISED","178508e6-c796-4cb3-8a0e-99fcb298b247"
"2020-01-20","SPEND","ULearn Limited Current account","Zopim - CARD","INV05328839","12.64","B106","","Chat Basic Subscription
01/20/2020-02/19/2020","12.64","NONE","AUTHORISED","b1afa19b-3274-4455-9e26-bb0cfd768430"
"2020-01-21","SPEND","ULearn Limited Current account","Flogas SEPA - DD","Flogas SEPA DD","149.94","B105","","Flogas","149.94","INPUT","AUTHORISED","8efdc49a-2e2d-4b65-9b75-29511615283f"
"2020-01-21","SPEND","ULearn Limited Current account","Bank Charges","NEPOSCHGUSD 000000.25","0.25","B127","","Bank fee for a transaction in foreign currency.","0.25","NONE","AUTHORISED","37111887-4c7c-4aa7-a488-8f4b2a89b040"
"2020-01-21","SPEND","ULearn Limited Current account","Flogas SEPA - DD","Flogas SEPA DD","98.76","B105","","Flogas","98.76","INPUT","AUTHORISED","92203057-aa5b-46ea-8baa-807bef294957"
"2020-01-21","SPEND","ULearn Limited Current account","Flogas SEPA - DD","Flogas SEPA DD","105.16","B105","","Flogas","105.16","INPUT","AUTHORISED","f0b3bfee-8c26-448d-891a-6e473c2be4c4"
"2020-01-21","SPEND","ULearn Limited Current account","Flogas SEPA - DD","Flogas SEPA DD","128.63","B105","","Flogas","128.63","INPUT","AUTHORISED","afb4366f-6557-405b-92ce-88b10987345e"
"2020-01-21","RECEIVE","ULearn Limited Current account","ULearn-Student","LATM CR 90011385 2966","3915","100","","Cash Lodgement ","3915","NONE","AUTHORISED","6475c5a3-b860-4220-88cb-d5a544783fe9"
"2020-01-22","SPEND","ULearn Limited Current account","BOI LIFE INSURANCE","OP/BoI LIFE SEPA DD","51.03","B119","","Life Insurance BOI","51.03","INPUT","AUTHORISED","af883dbf-65fb-4b67-bc7f-fe690d455546"
"2020-01-22","RECEIVE","ULearn Limited Current account","ULearn-Student","ULS2020 01 22 GP","5635.5","100","","Revenue","5635.5","NONE","AUTHORISED","e5081527-cdbd-4b08-b638-101ddaebb166"
"2020-01-22","SPEND","ULearn Limited Current account","SOFTWARE","POS21JAN Adobe.com","30.74","B106","","Software / Hosting","30.74","INPUT","AUTHORISED","2eb4b65c-2497-4e56-a2a8-3bd4994e2942"
"2020-01-23","SPEND","ULearn Limited Current account","Joe's Coffee","","7","B115","","Coffe","7","NONE","AUTHORISED","1a2789ea-e02c-4f47-9a78-6e4ffa1525fd"
"2020-01-22","SPEND","ULearn Limited Current account","FREE NOW","3TF2WM","12","A104","","32 Capel St to 16 Carmans Hall","12","NONE","AUTHORISED","b14ecdfd-5c4d-4ad3-bdc6-666bfccc0cca"
"2020-01-30","SPEND","ULearn Limited Current account","Tesco","","20.5","B115","","Food","20.5","NONE","AUTHORISED","37b01f6d-dff9-42d6-8aab-1dd7f29d4c11"
"2020-01-31","SPEND","ULearn Limited Current account","Viking Direct - CARD","","100","B116","","Office supplies","100","NONE","AUTHORISED","22dbcf3d-8b87-44db-9c3c-9bcc18a1c5c3"
"2020-01-31","SPEND","ULearn Limited Current account","Viking Direct - CARD","","171.99","B116","","Office Supplies","171.99","NONE","AUTHORISED","0325c611-713d-4e8a-8e7b-07eba683b9bc"
"2020-01-31","SPEND","ULearn Limited Current account","Securi","","0.91","B106","","Website security platform","0.91","NONE","AUTHORISED","6d5b0068-1923-426d-a935-ccb270b62762"
"2020-01-31","RECEIVE","ULearn Limited Current account","ULearn-Student","ULS2020 01 31 GP","2975","100","","Revenue","2975","NONE","AUTHORISED","dfcc7d82-97c7-460b-8e49-0eaf6aba0e49"
"2020-01-31","SPEND","ULearn Limited Current account","Maroly Martinez","","17.5","B123","","Visa Refusal","17.5","NONE","AUTHORISED","005ef952-de5b-478e-9572-330d6446b95e"
"2020-01-31","SPEND","ULearn Limited Current account","Elena Klyavlina","","17.5","B123","","Visa Refusal - bank fees","17.5","NONE","AUTHORISED","9d490c4e-f631-4976-a305-640f56eb6330"
"2020-01-30","RECEIVE","ULearn Limited Current account","ULearn-Student","ULS2020 01 30 GP","852.5","100","","Revenue","852.5","NONE","AUTHORISED","052372e7-a9ef-41d9-a3f5-aac2d51de98e"
"2020-01-31","RECEIVE","ULearn Limited Current account","Bank Charges","","0.91","B127","","Purchase adj - Bank adj","0.91","NONE","AUTHORISED","686b5236-7942-4801-b5cb-aba1f001d93b"
"2020-01-30","RECEIVE","ULearn Limited Current account","ULearn-Student","","575","100","","Revenue","575","NONE","AUTHORISED","de3e1466-73d6-4b08-9eae-e2a7467885ee"
"2020-01-29","SPEND","ULearn Limited Current account","Creative IT","","605.5","B117","","HP EliteDesk 800 G1 SFF - i5 - 8GB - 320GB HDD","605.5","NONE","AUTHORISED","8feebd7e-ee29-4bb0-a828-813ab847fc3d"
"2020-01-31","SPEND","ULearn Limited Current account","Compuzone","400001803","554.48","B117","","HP Elitedesk 800 G1
SFF Refurbished PC
i5 4570s 2.90GHz 4GB
320GB Windows 10 Pro

Memory Upgrade (Improve Speed): up to 8GB RAM
","554.48","NONE","AUTHORISED","df52cb38-96ea-4bc8-90e5-0e321108c2ae"
"2020-01-29","SPEND","ULearn Limited Current account","Zoho","","73.8","B106","","Service: Zoho People","73.8","NONE","AUTHORISED","7a42aba7-a2ad-4c4d-9f4b-abc76f76f8c9"
"2020-01-29","RECEIVE","ULearn Limited Current account","ULearn-Student","ULS2020 01 29 GP","2967.5","100","","Revenue","2967.5","NONE","AUTHORISED","1fe8a9ec-caa3-4e04-9c84-d5dd1fb089ba"
"2020-01-15","SPEND","ULearn Limited Current account","CloudVoice - DD","CV_9409","59.31","B104","","Monthly Bill - December 2019","59.31","NONE","AUTHORISED","8b175078-c3e9-43fc-a5e0-db77db84e93d"
"2020-01-28","SPEND","ULearn Limited Current account","BOI BOL","BOI BOL CHARGE","10","B127","","Banking Online","10","NONE","AUTHORISED","7a976ab1-990f-496f-b369-e13470c6b0fa"
"2020-01-28","RECEIVE","ULearn Limited Current account","ULearn-Student","","3155","100","","Revenue","3155","NONE","AUTHORISED","8a5a9ea1-4276-4357-b268-c6e9c8b28320"
"2020-01-28","RECEIVE","ULearn Limited Current account","ULearn-Student","ULS2020 01 28 GP","6923.1","100","","Revenue","6923.1","NONE","AUTHORISED","9eb3a1f0-529a-4693-8939-d673aacf0dbb"
"2020-01-29","SPEND","ULearn Limited Current account","Zoho","","147.6","B106","","Service Zoho people","147.6","NONE","AUTHORISED","7d4a55dd-fae4-47bf-9cbf-a0866f722af2"
"2020-01-24","SPEND","ULearn Limited Current account","Butler's Pantry","","10","B115A","","Food","10","NONE","AUTHORISED","a66bd48f-2167-48dc-9ff7-54353fc78873"
"2020-01-24","SPEND","ULearn Limited Current account","Butler's Pantry","","10","B115A","","Coffee","10","NONE","AUTHORISED","e37524fc-2dae-4652-8412-383e4135fa35"
"2020-01-27","SPEND","ULearn Limited Current account","Bank Charges","NEPOSCHGUSD 000000.04","0.04","B127","","Bank fee for a transaction in foreign currency.","0.04","NONE","AUTHORISED","e2e4cd90-01e5-450d-a399-455f94c46477"
"2020-01-27","SPEND","ULearn Limited Current account","Bank Charges","","0.43","B127","","Bank charges","0.43","NONE","AUTHORISED","8c164dd7-0036-43c8-93a9-649900c06e06"
"2020-01-27","SPEND","ULearn Limited Current account","CARD - Google","POS24JAN GOOGLE *ADS1","500","B110","","Google Adwords","500","INPUT","AUTHORISED","77ba3e16-86b8-45fb-abd3-d0171c03b557"
"2020-01-27","RECEIVE","ULearn Limited Current account","ULearn-Student","","3835","100","","Revenue","3835","NONE","AUTHORISED","07b0231f-2e60-4deb-854f-cfed6ac54804"
"2020-01-24","SPEND","ULearn Limited Current account","Butler's Pantry","","10","B115A","","Food","10","NONE","AUTHORISED","0bff1601-7c98-4ace-aa08-d8443557d276"
"2020-01-27","RECEIVE","ULearn Limited Current account","ULearn-Student","ULS2020 01 27 GP","3002","100","","Revenue","3002","NONE","AUTHORISED","aacb8446-5c47-42ee-a5dc-223a46e1b5b9"
"2020-01-27","SPEND","ULearn Limited Current account","Bank Charges","NEPOSCHGUSD 000001.25","1.25","B127","","Bank fee for a transaction in foreign currency.","1.25","NONE","AUTHORISED","f3e13763-82ca-446a-bba8-aa35eac900aa"
"2020-01-24","SPEND","ULearn Limited Current account","Butler's Pantry","","10","B115A","","Coffee","10","NONE","AUTHORISED","d10d5237-2730-4ca9-9d61-b4c3e467e7c7"
"2020-01-24","SPEND","ULearn Limited Current account","Flickr","","46.56","B106","","ULEARN","46.56","NONE","AUTHORISED","a5ddcf56-0598-4054-b14d-d9051e8912a1"
"2020-01-24","SPEND","ULearn Limited Current account","PAYROLL","TO PAUL GILL","3280.17","E104B","","DOS Salary","3280.17","NONE","AUTHORISED","a613f7b9-2e58-4544-8617-e8db211a0e76"
"2020-01-24","SPEND","ULearn Limited Current account","PAYROLL","TO NEIL MCMAHON","5057.39","B107A","","Dir Salary","5057.39","NONE","AUTHORISED","b87be914-7f4c-4a10-8709-177f033db481"
"2020-01-27","SPEND","ULearn Limited Current account","Rosario Moulian","","17.5","B123A","","Accomodation security deposit","17.5","NONE","AUTHORISED","4328bb34-b2eb-498a-ac3d-b08d57a25fc1"
"2020-01-27","SPEND","ULearn Limited Current account","Ashok Lamsal","","17.5","B123","","Refund Bank fees","17.5","NONE","AUTHORISED","970751cd-6deb-4000-b70f-04da34a2d6d1"
"2020-01-23","RECEIVE","ULearn Limited Current account","ULearn-Student","ULS2020 01 23 GP","4211","100","","Revenue","4211","NONE","AUTHORISED","274d739d-2716-432d-9c3a-00de8159c299"
"2020-01-24","SPEND","ULearn Limited Current account","Enkhzul Boldbaatar","","17.5","B123","","Student refund - bank fee","17.5","NONE","AUTHORISED","354cdc95-5fbb-4971-be81-d628753028e1"
"2020-01-22","SPEND","ULearn Limited Current account","Fresh","","19.2","B115","","Food","19.2","NONE","AUTHORISED","f0f28c08-8b5f-4b36-8db5-496a3c7ffe77"
"2020-01-24","SPEND","ULearn Limited Current account","Zahir Otmane","","17.5","B123","","Student refund - Bank fee","17.5","NONE","AUTHORISED","966f0be9-dda1-4af9-b7ce-00050537f486"
"2020-01-24","SPEND","ULearn Limited Current account","Mariam I M Saqallah","","17.5","B123","","Student refund - bank fee","17.5","NONE","AUTHORISED","6eed4fd7-e7ce-465d-bad8-ac826800a104"
"2020-01-19","SPEND","ULearn Limited Current account","THE HR COMPANY - DD","A14282","141.45","B118","","Monthly HR Subscription Plan & GDPR 

Jan 19 to Feb 19, 2020","141.45","NONE","AUTHORISED","acf70bc7-541a-4e16-8d41-1eeaf908f680"
"2020-01-22","SPEND","ULearn Limited Current account","FREE NOW","3TG8S9","22","A104","","12 Harcourt St - 16 Grange Downs","22","NONE","AUTHORISED","bcb146f2-956c-4ed9-a112-ae26868c47ba"
"2020-01-23","RECEIVE","ULearn Limited Current account","ULearn-Student","","780","100","","Revenue","780","NONE","AUTHORISED","4e643319-2f9a-48ef-b634-3ffce442a00d"
"2020-01-23","SPEND","ULearn Limited Current account","BOI LIFE INSURANCE","OP/BoI LIFE SEPA DD","47.05","B119","","Life Insurance BOI","47.05","INPUT","AUTHORISED","d1a37255-f12a-41f2-afc6-cf94b0bcfb1f"
"2020-01-22","RECEIVE","ULearn Limited Current account","ULearn-Student","","1784","100","","Revenue","1784","NONE","AUTHORISED","07050dd5-6d50-48cc-beeb-3c16a4dd1b76"
"2020-01-20","SPEND","ULearn Limited Current account","WONDER IDEA TECHNOLOGY LIMITED","","13.9","B106","","Online Brochure Flipbook Software","13.9","NONE","AUTHORISED","8323d1f4-43bc-4494-908e-180796a3d634"
"2020-01-23","RECEIVE","ULearn Limited Current account","ULearn-Student","MUNKHZAYA DASHZEVE GP","2722.75","100","","Revenue","2722.75","NONE","AUTHORISED","16f3ab19-1a78-41d6-be3c-9d2c8e08b3c0"
"2020-01-09","RECEIVE","ULearn Limited Current account","Argos","RTN BOL137849568","88","102","","Other revenue - Refund","88","NONE","AUTHORISED","6800af2b-a319-4e9a-9204-f12472a8b7ec"
"2020-01-23","SPEND","ULearn Limited Current account","Viking Direct - CARD","24.01.20","191.14","B116","","Office Supplies","191.14","NONE","AUTHORISED","8952b52d-6213-4413-ac14-da3b1293420f"
"2020-01-27","SPEND","ULearn Limited Current account","Audible - CARD","P2601GB 18.00@1.19166","21.45","B108A","","Book credits","21.45","NONE","AUTHORISED","a20452db-6672-45ed-a862-ee74ffa5d319"
"2020-01-27","SPEND","ULearn Limited Current account","GoDaddy.com, LLC - CARD","P2401US 69.00@0.90753","62.62","B106","","Domain renewal","62.62","NONE","AUTHORISED","595dcb6f-0f97-4cb1-9d31-74288d910404"
"2020-01-27","SPEND","ULearn Limited Current account","SOFTWARE","P2601BG 2.46@0.90650","2.23","B106","","software","2.23","NONE","AUTHORISED","37f711ed-6719-4fcb-8f33-7ab91a253c5a"
"2020-02-13","SPEND","ULearn Limited Current account","REVENUE COMMISSIONERS","","19563.51","B109","","Revenue Tax","19563.51","NONE","AUTHORISED","d0337223-e830-4480-af22-feb0f92481e1"
"2020-02-13","RECEIVE","ULearn Limited Current account","ULearn-Student","","72","100","","FAKTURA D 2020020 GP","72","NONE","AUTHORISED","edeb8598-5ed9-4766-8cb0-e1526a3a824d"
"2020-02-06","RECEIVE","ULearn Limited Current account","ULearn-Student","","1490","100","","ULS2020 02 06 GP","1490","NONE","AUTHORISED","10f1be72-f244-422f-aba3-438bd0753b8c"
"2020-02-04","RECEIVE","ULearn Limited Current account","ULearn-Student","","1500","100","","Invoice number D20 GP","1500","NONE","AUTHORISED","6b1d5273-ebdd-4450-9b74-02540e77adc6"
"2020-02-05","RECEIVE","ULearn Limited Current account","ULearn-Student","","1821","100","","ULS2020 02 05 GP","1821","NONE","AUTHORISED","5dc8a775-7498-4cbf-81ba-e295507dd8cf"
"2020-02-05","RECEIVE","ULearn Limited Current account","ULearn-Student","","1831","100","","JST CORPORATION 04 GP","1831","NONE","AUTHORISED","381e81fc-4ed9-4e7e-9a1b-e769137c5e4e"
"2020-02-12","RECEIVE","ULearn Limited Current account","ULearn-Student","","1932","100","","ULS2020 02 12 GP","1932","NONE","AUTHORISED","046075da-b35e-4dbc-886b-58ecf7364c18"
"2020-02-10","RECEIVE","ULearn Limited Current account","ULearn-Student","","2214","100","","ULS2020 02 10 GP","2214","NONE","AUTHORISED","50f6bbba-848a-4f2d-a017-7726afa27e83"
"2020-02-03","RECEIVE","ULearn Limited Current account","ULearn-Student","","3216","100","","ULS2020 02 03 GP","3216","NONE","AUTHORISED","4d405769-9b24-4f9f-b806-2c626e770005"
"2020-02-10","RECEIVE","ULearn Limited Current account","ULearn-Student","","3995","100","","ISCRIZIONE A SCUOL GP","3995","NONE","AUTHORISED","bcb34725-12b0-4f63-8bff-921d01b3dc9c"
"2020-02-13","RECEIVE","ULearn Limited Current account","ULearn-Student","","5675","100","","ULS2020 02 13 GP","5675","NONE","AUTHORISED","d60832e9-e198-4634-b041-3cd1d9f24282"
"2020-02-07","RECEIVE","ULearn Limited Current account","ULearn-Student","","15299.31","100","","ULS2020 02 07 GP","15299.31","NONE","AUTHORISED","77d0a20f-58f8-4921-8c56-73deecd6d8a9"
"2020-02-04","RECEIVE","ULearn Limited Current account","ULearn-Student","","23371","100","","ULS2020 02 04 GP","23371","NONE","AUTHORISED","d68fa29b-a32d-448b-bf4a-b3b29e0a1e26"
"2020-02-12","SPEND","ULearn Limited Current account","Centra","","6.95","B102","","Batteries","6.95","NONE","AUTHORISED","fdfe3368-d310-4b69-b26a-803d32d73a3a"
"2020-02-10","SPEND","ULearn Limited Current account","PREPAYPOWER","","90","B105A","","POS09FEB PREPAYPOWER","90","NONE","AUTHORISED","ba725196-6c47-456c-918a-08bf7262355f"
"2020-02-06","SPEND","ULearn Limited Current account","PREPAYPOWER","","80","B105A","","POS05FEB PREPAYPOWER","80","NONE","AUTHORISED","35e524a2-c3f0-421f-a96a-015f1ee8bf07"
"2020-02-03","SPEND","ULearn Limited Current account","PREPAYPOWER","","90","B105A","","POS01FEB PREPAYPOWER","90","NONE","AUTHORISED","7047ec8a-c689-4849-9dad-67090aafe1b0"
"2020-02-13","SPEND","ULearn Limited Current account","Zoho","","221.4","B106","","POS12FEB ZOHO-ZOHO CO","221.4","NONE","AUTHORISED","6df9a4fb-3bb1-4536-9699-ac8e0fc9334a"
"2020-02-13","SPEND","ULearn Limited Current account","Indeed - CARD","29158278","299.2","B110","","December 2019 Adverstising on Indeed","299.2","NONE","AUTHORISED","6d903b43-172d-489a-aaec-50531e32ec30"
"2020-02-12","SPEND","ULearn Limited Current account","Zoho","","43.05","B106","","Zoho Service people","43.05","NONE","AUTHORISED","182b614b-6fbe-4596-b631-129385f444d0"
"2020-02-13","SPEND","ULearn Limited Current account","Hubspot","650968","56.58","B106","","Billed Monthly - Marketing Hub Starter (1000 contacts included)","56.58","NONE","AUTHORISED","3b687b20-a94f-4580-b0b7-116fcf22fa26"
"2020-02-11","SPEND","ULearn Limited Current account","Zoho","","40.59","B106","","Zoho service People","40.59","NONE","AUTHORISED","699fe499-50c4-4cca-85e2-cc2ec622fddc"
"2020-02-07","SPEND","ULearn Limited Current account","Bank Charges","","0.36","B127","","Currency FX","0.36","TAX004","AUTHORISED","98295d46-c496-4c0c-aaec-46fa732aff7d"
"2020-02-07","RECEIVE","ULearn Limited Current account","ULearn-Student","LATM CR 90011386 1136","990","100","","Cash Lodgement","990","NONE","AUTHORISED","f4e0fd9a-643a-425e-aefd-aa4db48f9f57"
"2020-02-05","SPEND","ULearn Limited Current account","ELT Ireland","LIS014","250","B122","","Tier ThreeMembership (Annual) - 2020","250","NONE","AUTHORISED","10b2aa4c-9e90-4a6e-a7be-c30c9206b76b"
"2020-02-10","SPEND","ULearn Limited Current account","Irish Management Institute","74723","1145","B108A","","Advanced Negotiation Skills
Participant Neil McMahon","1145","NONE","AUTHORISED","fd4d6d81-9d31-48ed-83d9-674c744c0c44"
"2020-02-05","RECEIVE","ULearn Limited Current account","BiG SMOKE BIG SMOK","","700","102","","they are renting a classroom from us","700","NONE","AUTHORISED","067054e2-349a-40bb-b81f-ddecc5ff8646"
"2020-01-31","SPEND","ULearn Limited Current account","Noel Hancock","","165","A104","","Transfer student","165","NONE","AUTHORISED","2c93661b-44e9-4876-8705-772cc64b1e42"
"2020-03-27","SPEND","ULearn Limited Current account","Bank Charges","","0.05","B127","","Bank charges","0.05","NONE","AUTHORISED","867bd550-b350-49f5-a063-90c2a7d12c0e"
"2020-03-27","SPEND","ULearn Limited Current account","Flogas SEPA - DD","","137.68","B105","","Flogas","137.68","NONE","AUTHORISED","fc7df9ae-0f28-4cae-823c-0d77ca148a6c"
"2020-03-27","SPEND","ULearn Limited Current account","Flogas SEPA - DD","","98.34","B105","","Flogas","98.34","NONE","AUTHORISED","358ead8e-8589-45ce-8c23-640d865bc117"
"2020-03-27","SPEND","ULearn Limited Current account","Flogas SEPA - DD","","112.32","B105","","Flogas","112.32","NONE","AUTHORISED","41d03b91-2a4f-485b-b842-5431b5e1f233"
"2020-03-27","SPEND","ULearn Limited Current account","Flogas SEPA - DD","","172.76","B105","","Flogas","172.76","NONE","AUTHORISED","0c95e66d-19e1-4958-bc79-a2641fd0bca9"
"2020-03-27","SPEND","ULearn Limited Current account","Flogas SEPA - DD","","140.77","B105","","Flogas","140.77","NONE","AUTHORISED","8edd5e4d-26ee-4e88-9d09-606767797b6e"
"2020-03-27","SPEND","ULearn Limited Current account","TOURIA JOUILLA","","2200.46","E104B","","Salary - March 20","2200.46","NONE","AUTHORISED","b1c8cd4a-5885-42a8-9972-bf7e85e06a2d"
"2020-03-27","SPEND","ULearn Limited Current account","DIEGO TAROCO","","1493","E104B","","Salary - March 20","1493","NONE","AUTHORISED","80028aab-5f8a-4323-ad68-41b29e738090"
"2020-03-27","SPEND","ULearn Limited Current account","CAOL O HUIGIN","537","2230","E104B","","TO CAOL O HUIGIN","2230","NONE","AUTHORISED","63bd127f-731c-4fd2-88a6-b832933247fb"
"2020-03-27","SPEND","ULearn Limited Current account","David Mac Redmond","537","1951","E104B","","TO DAVID MAC REDMOND","1951","NONE","AUTHORISED","afc1322a-5b64-4ec3-b077-a8697f6138ca"
"2020-03-27","SPEND","ULearn Limited Current account","DOIREANN CARR","537","378","E104B","","TO DOIREANN CARR","378","NONE","AUTHORISED","bc707ffa-90fb-49a9-9d2e-2c15411e91c6"
"2020-03-27","SPEND","ULearn Limited Current account","Fintan Carney","537","2425","E104B","","TO FINTAN CARNEY","2425","NONE","AUTHORISED","4b025679-6c8a-4a1d-9e79-35bf5ede7432"
"2020-03-27","SPEND","ULearn Limited Current account","ROISIN KEHOE","537","2438","E104B","","TO ROISIN KEHOE","2438","NONE","AUTHORISED","14b47b32-1c31-4d34-a3a6-1d1e5c37b983"
"2020-03-27","SPEND","ULearn Limited Current account","DESMOND TRAYNOR","537","203","E104B","","TO DESMOND TRAYNOR","203","NONE","AUTHORISED","4f83818e-6ce7-4511-89b3-b6ef9c118c3e"
"2020-03-27","SPEND","ULearn Limited Current account","PATRICIA KELLETT","537","2488","E104B","","TO PATRICIA KELLETT","2488","NONE","AUTHORISED","39d6c2e5-3621-480d-8ac6-06b86480745b"
"2020-03-27","SPEND","ULearn Limited Current account","GAVIN BRENNAN","537","210","E104B","","TO GAVIN BRENNAN","210","NONE","AUTHORISED","54e5afe4-569d-40ff-a48e-c0dd649756cf"
"2020-03-27","SPEND","ULearn Limited Current account","PATRICK KEEGAN","537","173.88","E104B","","TO PATRICK  KEEGAN","173.88","NONE","AUTHORISED","fa967af6-3dd4-4ced-b464-3fae6e13e10a"
"2020-03-27","SPEND","ULearn Limited Current account","JUAN DE VIVERO WOO","537","280","E104B","","TO JUAN DE VIVERO WOO","280","NONE","AUTHORISED","c4ef0db5-13c7-40bd-a2da-052ade39e239"
"2020-02-03","SPEND","ULearn Limited Current account","New Ireland","","185","B119","","Life Assurance","185","NONE","AUTHORISED","eaf2af89-d095-48e1-932e-b1dc43fb57f8"
"2020-02-03","SPEND","ULearn Limited Current account","CARD - Google","","9.68","B106","","Google Apps Bus","9.68","INPUT","AUTHORISED","1eee6fbc-45a8-41d1-9f8a-c3f1e5309dea"
"2020-03-02","SPEND","ULearn Limited Current account","New Ireland","340","185","B119","","Life Assurance","185","NONE","AUTHORISED","fd6f05e6-2ff2-4b27-a86c-f67550312a99"
"2020-03-24","SPEND","ULearn Limited Current account","THE HR COMPANY","340","141.45","B118","","Monthly HR Subscription Plan & GDPR ","141.45","TAX005","AUTHORISED","f9ce25d8-2d0b-4fd6-af4c-a9189d091914"
"2020-03-27","SPEND","ULearn Limited Current account","SOFTWARE","553","2.26","B106","","P2603BG  2.46@0.91869","2.26","NONE","AUTHORISED","35b904cc-69e5-4b5f-b893-9faad2637e1f"
"2020-03-09","SPEND","ULearn Limited Current account","Bank Charges","407","0.19","B127","","NEPOSCHGGBP 000000.19","0.19","NONE","AUTHORISED","b586f1d2-efd1-4a41-866b-6624af3cb0a7"
"2020-03-09","SPEND","ULearn Limited Current account","Bank Charges","407","0.87","B127","","NEPOSCHGUSD 000000.87","0.87","NONE","AUTHORISED","68b4d297-2d6b-415b-adf8-9214963d2c1b"
"2020-03-09","SPEND","ULearn Limited Current account","Bank Charges","407","0.36","B127","","NEPOSCHGUSD 000000.36","0.36","NONE","AUTHORISED","47517f87-cf36-4add-b180-d6dd7e1cd7ac"
"2020-03-18","SPEND","ULearn Limited Current account","Bank Charges","407","0.55","B127","","NEPOSCHGUSD 000000.55","0.55","NONE","AUTHORISED","4bdc484e-d73a-4b8a-93e2-5ceac687e146"
"2020-03-23","SPEND","ULearn Limited Current account","Bank Charges","407","0.26","B127","","NEPOSCHGUSD 000000.26","0.26","NONE","AUTHORISED","e96fdf26-5bde-4146-937e-65e54c921de2"
"2020-03-24","SPEND","ULearn Limited Current account","Bank Charges","407","0.36","B127","","NEPOSCHGUSD 000000.36","0.36","NONE","AUTHORISED","086670d0-bf72-43d2-88ce-0b86478f77b1"
"2020-03-25","SPEND","ULearn Limited Current account","REVENUE COMMISSIONERS","","17797.83","B109","","Revenue Tax","17797.83","NONE","AUTHORISED","17384468-8a35-45db-b388-e4ab121f6aa6"
"2020-03-25","SPEND","ULearn Limited Current account","Bank Charges","","1.29","B127","","Bank Charges","1.29","NONE","AUTHORISED","6a9834ab-0ac9-4886-98a7-8fd43a9494ab"
"2020-03-25","SPEND","ULearn Limited Current account","GoDaddy.com, LLC - CARD","P2403US 69.00@0.93289","64.37","B106","","Domain Renewal","64.37","NONE","AUTHORISED","2f3b115c-d44f-46e0-88ba-b4c2af15c417"
"2020-03-24","SPEND","ULearn Limited Current account","MyInterview","","17.87","B106","","Growth Package
P2303AU 19.00@0.94052","17.87","NONE","AUTHORISED","590e3cd6-1a4c-4221-81b5-59b1b5fbb0ba"
"2020-03-25","SPEND","ULearn Limited Current account","Zopim - CARD","INV05542277","13.16","B106","","Chat Basic Subscription
03/20/2020-04/19/2020
Month","13.16","NONE","AUTHORISED","4e16a7ac-2715-49af-ae4e-e1eda44790d3"
"2020-03-06","SPEND","ULearn Limited Current account","PREPAYPOWER","545","90","B105A","","POS04MAR PREPAYPOWER","90","NONE","AUTHORISED","5ee851b4-f12f-4869-b049-a7bee11260da"
"2020-03-09","SPEND","ULearn Limited Current account","PREPAYPOWER","545","70","B105A","","POS05MAR PREPAYPOWER","70","NONE","AUTHORISED","b3debd7d-6497-451f-a75a-bbb7053e166c"
"2020-03-10","SPEND","ULearn Limited Current account","PREPAYPOWER","545","70","B105A","","POS09MAR PREPAYPOWER","70","NONE","AUTHORISED","15ef1f54-5794-471d-bb65-ce5fbfde9bea"
"2020-03-16","SPEND","ULearn Limited Current account","PREPAYPOWER","545","70","B105A","","POS12MAR PREPAYPOWER","70","NONE","AUTHORISED","6111d3f9-8317-4e96-aece-b4b9f0f83edd"
"2020-02-14","SPEND","ULearn Limited Current account","PREPAYPOWER","545","70","B105A","","POS13FEB PREPAYPOWER","70","NONE","AUTHORISED","41d64843-885c-4bfb-a841-0a5468fb6a1a"
"2020-03-16","SPEND","ULearn Limited Current account","PREPAYPOWER","545","70","B105A","","POS15MAR PREPAYPOWER","70","NONE","AUTHORISED","593890c5-5575-48ec-b477-687b77872538"
"2020-02-24","SPEND","ULearn Limited Current account","PREPAYPOWER","545","90","B105A","","POS23FEB PREPAYPOWER","90","NONE","AUTHORISED","d8979d48-882d-4d11-8479-8a3e7621b971"
"2020-03-24","SPEND","ULearn Limited Current account","PREPAYPOWER","545","60","B105A","","POS23MAR PREPAYPOWER","60","NONE","AUTHORISED","6165faf4-d513-4004-99d1-b498ac089764"
"2020-03-02","SPEND","ULearn Limited Current account","PREPAYPOWER","545","70","B105A","","POS27FEB PREPAYPOWER","70","NONE","AUTHORISED","a54b2761-1c9f-4b2b-a628-44739dd28ebf"
"2020-03-23","SPEND","ULearn Limited Current account","BOI LIFE INSURANCE","OP/BoI LIFE   SEPA DD","47.05","B119","","Life insurance BOI","47.05","NONE","AUTHORISED","516bb49b-bb1c-4e76-906e-8cffff772a9c"
"2020-03-23","SPEND","ULearn Limited Current account","BOI LIFE INSURANCE","OP/BoI LIFE SEPA DD","51.03","B119","","Life insurance BOI","51.03","NONE","AUTHORISED","9063171d-60f0-4ea2-a3fe-71d5c58775ca"
"2020-03-23","SPEND","ULearn Limited Current account","SOFTWARE","POS21MAR Adobe.com","30.74","B106","","POS21MAR Adobe.com","30.74","NONE","AUTHORISED","d15d5f24-54c8-4d9e-9275-ae05b29ca838"
"2020-03-18","SPEND","ULearn Limited Current account","Host Ireland - DD","209662","676.5","B104","","PremierDedicated - [300 Mbps] , [ULearn Ded] , [89 Harcourt Street, Dublin 2,
Ireland] , [WQELE] (02/04/2020 - 01/05/2020)
","676.5","NONE","AUTHORISED","5f699639-f78c-4b70-bf54-9d0678660d6b"
"2020-03-19","SPEND","ULearn Limited Current account","Hubspot","","565.8","B106","","Sales Hub Professionl (5 users included)
Charge for 19/03/2020 - 18/04/2020","565.8","NONE","AUTHORISED","d6d56c79-965f-4695-87d3-2047d73e5163"
"2020-03-19","SPEND","ULearn Limited Current account","FREE NOW","41LY6R","5.8","A104","","Trip from 36 R148 to 44 Ce Wellington D02","5.8","NONE","AUTHORISED","71801e2b-c34d-41ed-82a4-0c95dd2e8092"
"2020-03-10","SPEND","ULearn Limited Current account","FREE NOW","41LYV3","22.2","A104","","Trip from 6 Wesley Heights D16 to 32 Capel St. D01","22.2","NONE","AUTHORISED","e88172f8-c494-4581-99d5-81a59386e476"
"2020-03-19","SPEND","ULearn Limited Current account","Noel Hancock","137","65","A104","","Transfer","65","NONE","AUTHORISED","7a7bb88e-5f88-416e-80df-97f7c791938e"
"2020-03-15","SPEND","ULearn Limited Current account","Curry's PC World","023745","99.97","B102","","Microsoft chatheade","99.97","NONE","AUTHORISED","45ec1e47-8240-4464-8655-b7524b382abe"
"2020-03-18","SPEND","ULearn Limited Current account","Xero Subscription - CARD","IN-1952715","27.39","B106","","ULearn. Monthly Subscription, Standard Price Plan, 17 Feb 2020 to 16 Mar 2020.","27.39","NONE","AUTHORISED","35650250-1805-48ef-a1e2-7fa4b3df306d"
"2020-03-15","SPEND","ULearn Limited Current account","Spotify","","9.99","A108","","School Spotify Sub","9.99","NONE","AUTHORISED","c84d5bbc-6262-4219-a5e8-e522b4398c89"
"2020-03-17","SPEND","ULearn Limited Current account","WONDER IDEA TECHNOLOGY LIMITED","","13.98","B106","","Online Brochure Flipbook Software","13.98","NONE","AUTHORISED","f5e9105b-c7bf-404a-b499-ca7a23b5d788"
"2020-02-12","SPEND","ULearn Limited Current account","Zoho","9464913","43.05","B106","","Service : Zoho Recruit
Plan : Standard
Payment Duration : Monthly
Start 12 February 2020 End 11 March 2020
Recruiter : 1
Employee : 10","43.05","NONE","AUTHORISED","356eb128-c20e-4e48-9f83-3c4c6eb92346"
"2020-03-11","SPEND","ULearn Limited Current account","Hubspot","","56.58","B106","","Marketing Hub Starter (1000 contacts included)

Charge for 11/03/2020 - 10/04/2020","56.58","NONE","AUTHORISED","b4d4a858-b3c6-4bd5-8690-92ab8ec540c3"
"2020-03-11","SPEND","ULearn Limited Current account","Martin Services - CARD","1332-5569","127.28","B102","","Supplies","127.28","NONE","AUTHORISED","286ebddf-c26a-4789-a899-96a57cafa8a6"
"2020-03-16","SPEND","ULearn Limited Current account","GoDaddy.com, LLC - CARD","480-505-8855","20.83","B106","","Domain Name Renewal","20.83","NONE","AUTHORISED","8e455f24-8389-46ac-b543-374e98808053"
"2020-03-13","SPEND","ULearn Limited Current account","A2 Hosting","A2H-1258105","278.3","B106","","Prestige+ Managed VPS - server.ulearnschool.com (03/12/2020 - 06/11/2020)","278.3","NONE","AUTHORISED","bb959450-7f36-4bed-b1c8-6500532052c0"
"2020-03-06","SPEND","ULearn Limited Current account","Noel Hancock","135","48","A104","","Transfer - Marcello Ratazzi ","48","NONE","AUTHORISED","05a6ef87-6c40-4878-9b3b-6ac48dc90945"
"2020-03-05","SPEND","ULearn Limited Current account","Noel Hancock","133","55","A104","","Transfer - Yasuko Makino ","55","NONE","AUTHORISED","1bb1ec3a-c327-45be-8ceb-05a5612c7779"
"2020-03-04","SPEND","ULearn Limited Current account","Amazon","7789931","30.04","B102","","Statguardplus Thermostat with chargeable code","30.04","NONE","AUTHORISED","4e1d4a08-1da8-4795-886e-73993c81ca8a"
"2020-03-09","SPEND","ULearn Limited Current account","Upwork - CARD","289621131","104.17","B118","","Services","104.17","NONE","AUTHORISED","634da19f-f46d-4937-bd0c-6c49eb38712e"
"2020-02-11","SPEND","ULearn Limited Current account","Zoho","9463808","40.59","B106","","Service : Zoho People
Plan : Premium
Payment Duration : Monthly
Start 11 February 2020 End 10 March 2020
Users : 5
Non Users : 30","40.59","NONE","AUTHORISED","c1542c54-4e11-4415-8bf3-3301222bbe2c"
"2020-03-05","SPEND","ULearn Limited Current account","Argos","","84.99","A101","","Air Bed with Hedboard","84.99","NONE","AUTHORISED","064bcf2c-d3be-431e-afbc-5d93fa9ebd52"
"2020-03-05","SPEND","ULearn Limited Current account","Argos","","15.99","A101","","Air Bed Fitted Sheet","15.99","NONE","AUTHORISED","1e3bf9da-512d-4e9e-a1d8-bdf1ccebf041"
"2020-03-04","SPEND","ULearn Limited Current account","Medguard Healthcare","","103.32","B102","","GOJO Forestberry Foam Hand Wash and  refill","103.32","NONE","AUTHORISED","62339f6d-6d90-41e6-bc43-cc94f1e98a8c"
"2020-03-04","RECEIVE","ULearn Limited Current account","Medguard Healthcare","","103.32","B102","","Refund","103.32","NONE","AUTHORISED","fffeaeeb-41db-4440-bb5e-09cb3d1b580a"
"2020-03-03","SPEND","ULearn Limited Current account","FREE NOW","3ZVJZR","16","A104","","Transfer fron 16 The view sillorgan to 27 Sandyford Hall View","16","NONE","AUTHORISED","4f6dd974-16a5-4c46-9c00-d2f3b2ea9138"
"2020-03-03","SPEND","ULearn Limited Current account","FREE NOW","3ZVPRJ","28.8","A104","","Transport","28.8","NONE","AUTHORISED","37ed1c7c-9e64-429d-b34e-914991549218"
"2020-03-16","SPEND","ULearn Limited Current account","Martin Services - CARD","174076","170.82","B102","","LEMONBERRYFOAM HAND ","170.82","NONE","AUTHORISED","fdb174fa-9f04-4a28-9f13-24f4bae8236e"
"2020-03-04","SPEND","ULearn Limited Current account","Reads Printing & Design","1989-5824","7.5","B116","","Reads Custom Printing Online ","7.5","NONE","AUTHORISED","8f1dc084-97af-4a9d-83c6-ef1c3e2fdcd7"
"2020-02-26","SPEND","ULearn Limited Current account","Noel Hancock","132","65","A104","","4. Sunday March 1st
From the airport
Kana Sugiyama","65","NONE","AUTHORISED","89046f4f-ce1f-4255-b2a3-9f978c310c45"
"2020-02-29","SPEND","ULearn Limited Current account","Noel Hancock","129","45","A104","","From City center to Airport - Eva Gedeck","45","NONE","AUTHORISED","5895fb09-a50e-454f-94be-c5903d8de4a2"
"2020-02-26","SPEND","ULearn Limited Current account","Noel Hancock","131","55","A104",""," Saturday February 29th
From the airport 
Mana Nakano","55","NONE","AUTHORISED","6136c196-52c6-40ed-ab46-3a0cfbe17701"
"2020-02-28","SPEND","ULearn Limited Current account","Reads Printing & Design","1967-1229","12.5","B116","","Reads Custom Printing Online Payment","12.5","NONE","AUTHORISED","f82c86d5-67e8-4342-8ea3-98c3c7ba2396"
"2020-03-03","SPEND","ULearn Limited Current account","Indeed - CARD","","37.34","B110","","Advertising","37.34","NONE","AUTHORISED","4e8e2caf-9fcf-4134-9379-e92a4c87c1c0"
"2020-02-29","SPEND","ULearn Limited Current account","Indeed - CARD","30790507","122.73","B110","","February Advertising on Indeed.com","122.73","NONE","AUTHORISED","9774ea68-593d-4478-a308-29a4d59180c9"
"2020-03-03","RECEIVE","ULearn Limited Current account","ULearn-Student","931","414","100","","ULS2020 03 03      GP","414","NONE","AUTHORISED","2b530816-ba43-40a8-8b52-e087661a5d53"
"2020-03-04","RECEIVE","ULearn Limited Current account","ULearn-Student","931","5823","100","","ULS2020 03 04      GP","5823","NONE","AUTHORISED","8e842aa7-1133-46e6-802f-bf3470e3b0f3"
"2020-03-05","RECEIVE","ULearn Limited Current account","ULearn-Student","931","6451","100","","ULS2020 03 05      GP","6451","NONE","AUTHORISED","b85b1eae-3cd5-411d-9cbc-647a4f9c7595"
"2020-03-06","RECEIVE","ULearn Limited Current account","ULearn-Student","931","4129","100","","ULS2020 03 06      GP","4129","NONE","AUTHORISED","34f590ee-5251-426d-a261-f1a7358ae0c0"
"2020-03-09","RECEIVE","ULearn Limited Current account","ULearn-Student","931","3549","100","","ULS2020 03 09 ULS2 GP","3549","NONE","AUTHORISED","46855cc3-1450-4eea-b77f-3cf776adc02e"
"2020-03-11","RECEIVE","ULearn Limited Current account","ULearn-Student","931","13386","100","","ULS2020 03 11 ULS2 GP","13386","NONE","AUTHORISED","2f973985-c1e0-462c-b841-86a9a3fd88e8"
"2020-03-11","RECEIVE","ULearn Limited Current account","ULearn-Student","878","3397","100","","PXXXXXXXX","3397","NONE","AUTHORISED","42d4019e-0605-44a3-9a34-3ffc0279a503"
"2020-03-13","RECEIVE","ULearn Limited Current account","ULearn-Student","931","1947","100","","ULS2020 03 13 ULS2 GP","1947","NONE","AUTHORISED","27000ea6-c614-4250-bd8a-5191477955e1"
"2020-03-18","RECEIVE","ULearn Limited Current account","ULearn-Student","931","1000","100","","ULS2020 03 17 ULS2 GP","1000","NONE","AUTHORISED","31a6a706-86cf-4516-acfb-b3a28dfc60a9"
"2020-03-18","RECEIVE","ULearn Limited Current account","ULearn-Student","621","1680","100","","365  Course renew fee","1680","NONE","AUTHORISED","b5b42f3f-1a5f-4ccb-b572-5e301523a6ce"
"2020-03-02","SPEND","ULearn Limited Current account","Ivana Ledakova","537","491.57","E104B","","TO IVANA LENDAKOVA","491.57","NONE","AUTHORISED","9ea6b4ac-165f-47be-a959-3bee6f517146"
"2020-03-02","SPEND","ULearn Limited Current account","Nuria Zyden","537","545.5","E104B","","TO NURIA ZYDEN","545.5","NONE","AUTHORISED","11aac36b-5d85-4d04-b5b1-44f0f8a6633a"
"2020-03-18","RECEIVE","ULearn Limited Current account","ULearn-Student","931","0.83","102","","Valitor MXXXXXXXX  GP","0.83","NONE","AUTHORISED","672a30a6-0985-4bf8-b4a6-2f6e05cf18a3"
"2020-03-02","RECEIVE","ULearn Limited Current account","ULearn-Student","760","2678.63","104","","RET BOLXXXXXXXX9","2678.63","NONE","AUTHORISED","cc1530b0-8527-4eb1-a3b8-11cad4bfe8c1"
"2020-03-02","RECEIVE","ULearn Limited Current account","ULearn-Student","760","2678.63","104","","RET BOLXXXXXXXX6","2678.63","NONE","AUTHORISED","19fbc6b0-1d8f-49fb-b6c8-dd9d7111d16a"
"2020-03-12","RECEIVE","ULearn Limited Current account","ULearn-Student","931","424.26","104","","XXXXXXXX0000020   CTR","424.26","NONE","AUTHORISED","e38b72cd-20cf-4d1c-a442-ca3fecc05d21"
"2020-03-02","SPEND","ULearn Limited Current account","CARD - Google","545","500","B110","","POS29FEB GOOGLE*ADS10","500","NONE","AUTHORISED","7a95e4d7-16b7-4e67-b373-77abeb805ad5"
"2020-03-16","SPEND","ULearn Limited Current account","CARD - Google","545","500","B110","","POS14MAR GOOGLE *ADS1","500","NONE","AUTHORISED","99f6cc38-c595-43d0-986d-c0e1ead41f76"
"2020-03-23","SPEND","ULearn Limited Current account","CARD - Google","545","500","B110","","POS21MAR GOOGLE*ADS10","500","NONE","AUTHORISED","34371fb0-6034-4ee4-9336-61083a8a74c7"
"2020-03-23","SPEND","ULearn Limited Current account","CARD - Google","545","29.99","B110","","POS21MAR PAYPAL *GOOG","29.99","NONE","AUTHORISED","6d2324d7-7720-4163-a040-4cf37aab9866"
"2020-03-16","SPEND","ULearn Limited Current account","Green Bench","","40.1","B115","","POS13MAR GREEN BENCH / Coffee","40.1","NONE","AUTHORISED","881022f3-e68e-4711-b9a4-1163aab769a9"
"2020-03-07","SPEND","ULearn Limited Current account","Jervis Shopping","","9.9","B102","","Office supplies","9.9","NONE","AUTHORISED","8e7bb9dc-00a9-434f-8bfa-262044fb2a17"
"2020-03-09","SPEND","ULearn Limited Current account","Parnell Heritage Pub","","47.6","B115","","Food","47.6","NONE","AUTHORISED","8de957a9-d933-4aa1-9567-713c8e320e3e"
"2020-03-26","SPEND","ULearn Limited Current account","Amazon","545","56.45","B102","","POS25MAR AMZN Mktp UK","56.45","NONE","AUTHORISED","73be50f5-5000-4a51-aa2e-f8981b9b02d5"
"2020-03-20","SPEND","ULearn Limited Current account","Bank Charges","265","172.41","B127","","NOTIFIED FEES","172.41","NONE","AUTHORISED","181171b3-4ce1-4a13-90ad-abf91b7e74b5"
"2020-03-19","SPEND","ULearn Limited Current account","Ryanair","545","133.5","B112B","","POS16MAR RYANAIR","133.5","NONE","AUTHORISED","fec410fe-f82c-4539-b68e-271004401da1"
"2020-03-18","SPEND","ULearn Limited Current account","Tesco","221","14.05","B115","","POSC17MAR TESCO STORE","14.05","NONE","AUTHORISED","c949b432-c512-4a5e-8a17-f0d31d73a882"
"2020-03-16","SPEND","ULearn Limited Current account","ZOOM","545","279.09","B106","","POS13MAR ZOOM.EUR","279.09","NONE","AUTHORISED","86a52efe-11a3-4f2d-8b31-38a858ab10c0"
"2020-03-16","SPEND","ULearn Limited Current account","GMELIUS","545","90","B106","","POS15MAR GMELIUS PLUS","90","NONE","AUTHORISED","2a95ef9f-156e-46e7-8dfb-66a651c39ef1"
"2020-03-09","SPEND","ULearn Limited Current account","Guinness Storehouse","545","350","A109","","POS08MAR GUINNESS STO","350","NONE","AUTHORISED","f1f61e38-8303-49c8-8fbe-ad1ed3bf8e1e"
"2020-03-09","SPEND","ULearn Limited Current account","Audible - CARD","","9.25","B121","","Audio books school
P0803GB  7.99@1.15769","9.25","NONE","AUTHORISED","192f9f4b-dec1-409c-be72-15dd0d9bedbf"
"2020-03-09","SPEND","ULearn Limited Current account","zapier","","17.84","B106","","Sync App

P0603US 20.00@0.89200","17.84","NONE","AUTHORISED","81bbab6c-d2c5-48d0-bc33-f18dda1400f2"
"2020-03-09","SPEND","ULearn Limited Current account","Google - CARD","","500","B110","","POS07MAR GOOGLE*ADS10","500","NONE","AUTHORISED","143c1560-bb58-40be-90bb-dac2d5c3d885"
"2020-03-04","SPEND","ULearn Limited Current account","Pier Insurance","340","7.49","B120","","Pier Insuranc SEPA DD / Mobile Ph","7.49","NONE","AUTHORISED","9ed07f34-49c8-4a85-9e3a-5963fe6ab6ee"
"2020-01-09","SPEND","ULearn Limited Current account","PREPAYPOWER","POS08JAN PREPAYPOWER","70","B105A","","PREPAYPOWER","70","NONE","AUTHORISED","041ee3fe-8641-4b8a-bd0a-710ee9c22ea9"
"2020-01-20","SPEND","ULearn Limited Current account","PREPAYPOWER","POS17JAN PREPAYPOWER","80","B105A","","PREPAYPOWER","80","NONE","AUTHORISED","c7aeb115-0527-4064-a2d3-1f1068aefd0f"
"2020-01-21","SPEND","ULearn Limited Current account","PREPAYPOWER","POS20JAN PREPAYPOWER","90","B105A","","PREPAYPOWER","90","NONE","AUTHORISED","5ee02c0e-7366-48e9-9356-e7749b7f6329"
"2020-01-23","SPEND","ULearn Limited Current account","PREPAYPOWER","POS22JAN PREPAYPOWER","90","B105A","","PREPAYPOWER","90","NONE","AUTHORISED","8840b3d4-d953-4809-97fb-498afefdb626"
"2020-01-27","SPEND","ULearn Limited Current account","PREPAYPOWER","POS26JAN PREPAYPOWER","90","B105A","","PREPAYPOWER","90","NONE","AUTHORISED","7000a176-ebf1-400a-ac06-1f8ed55a0ba9"
"2020-01-30","SPEND","ULearn Limited Current account","PREPAYPOWER","POS29JAN PREPAYPOWER","80","B105A","","PREPAYPOWER","80","NONE","AUTHORISED","3f4bfd33-3c44-45a8-8619-0c629aab804c"
"2020-03-29","SPEND","ULearn Limited Current account","Google - CARD","","4.09","B110","","Beats and loops","4.09","NONE","AUTHORISED","f55b83f1-621a-4e50-83e7-5dc6a0227d5c"
"2020-04-06","SPEND","ULearn Limited Current account","Google - CARD","","500","B110","","","500","NONE","AUTHORISED","21ca7279-8dc6-44e5-97cf-0ca668919849"
"2020-04-08","RECEIVE","ULearn Limited Current account","ULearn-Student","","0.85","102","","Valitor MXXXXXXXX  GP","0.85","NONE","AUTHORISED","cbc4ae0f-eb83-4022-a895-91c14eeed841"
"2020-04-09","SPEND","ULearn Limited Current account","Tesco","","41.09","B115","","","41.09","NONE","AUTHORISED","ed9f0002-d41e-4e31-bd06-0ef04dd20a6d"
"2020-04-14","SPEND","ULearn Limited Current account","ZOOM","","279.09","B106","","ZOOM","279.09","NONE","AUTHORISED","b00f1f34-0e86-4ad4-acd5-ce17155a340e"
"2020-04-14","SPEND","ULearn Limited Current account","GODADDY","","51.64","B106","","Web","51.64","NONE","AUTHORISED","018b542e-cda2-4ca1-a3fc-a5f6c8ea5ffa"
"2020-04-15","SPEND","ULearn Limited Current account","Bank of Ireland","","1.28","B127","","","1.28","NONE","AUTHORISED","cd8a6eaf-d3ec-4de5-b0da-f65e9d1c7414"
"2020-04-15","SPEND","ULearn Limited Current account","Bank of Ireland","","7.28","B127","","EFT","7.28","NONE","AUTHORISED","96650ec2-24b7-4a52-af70-bf4c1691f1a7"
"2020-04-20","RECEIVE","ULearn Limited Current account","ULearn-Student","","1091.05","100","","Valitor MXXXXXXXX  GP","1091.05","NONE","AUTHORISED","b298579a-c99e-4ca4-b618-8d234084ce8b"
"2020-04-09","SPEND","ULearn Limited Current account","DESMOND TRAYNOR","","21.56","E104B","","TO DESMOND TRAYNOR","21.56","NONE","AUTHORISED","4d2c388c-fb1d-4c62-8c4c-e134f8a0a3de"
"2020-03-30","SPEND","ULearn Limited Current account","MARGARET WOODS","","800","E104B","","March Pay","800","NONE","AUTHORISED","ec5fe6b9-02a2-45ce-8033-337d78de6e77"
"2020-04-09","SPEND","ULearn Limited Current account","David Mac Redmond","","115.24","E104B","","TO DAVID MAC REDMOND","115.24","NONE","AUTHORISED","efaf5cbe-19ba-4742-b450-5abbf3bcf1ce"
"2020-04-09","SPEND","ULearn Limited Current account","GAVIN BRENNAN","","14","E104B","","TO GAVIN BRENNAN","14","NONE","AUTHORISED","95e03f82-4a82-4e2c-b430-97f0ef2cbfe4"
"2020-04-09","SPEND","ULearn Limited Current account","JUAN DE VIVERO WOO","","58","E104B","","TO JUAN DE VIVERO WOO","58","NONE","AUTHORISED","6e2214a5-2c78-4403-b94b-07189c74b569"
"2020-04-09","SPEND","ULearn Limited Current account","PATRICIA KELLETT","","127.12","E104B","","TO PATRICIA KELLETT","127.12","NONE","AUTHORISED","cfff5952-f467-4d0b-818f-580a1ab79e19"
"2020-04-09","SPEND","ULearn Limited Current account","MARGARET WOODS","","3","E104B","","March Pay","3","NONE","AUTHORISED","06856977-1d99-40ff-9140-f69db3342eb7"
"2020-04-09","SPEND","ULearn Limited Current account","PATRICK KEEGAN","","70.52","E104B","","TO PATRICK  KEEGAN","70.52","NONE","AUTHORISED","31310256-9bce-4f6e-928a-427719bdd2d8"
"2020-03-09","SPEND","ULearn Limited Current account","HighRise - CARD","13492370","43.71","B106","","Highrise Plus Plan
March 6, 2020 - April 6, 2020

P0603US 49.00@0.89204","43.71","NONE","AUTHORISED","96d6d582-9182-42bc-9318-a0008f64285f"
"2020-05-26","RECEIVE","ULearn Limited Current account","ULearn-Student","","250","100","","ULS2020 05 26 ULS2 GP","250","NONE","AUTHORISED","8bf26409-3e23-4ed5-ae4f-16a065f21320"
"2020-05-26","RECEIVE","ULearn Limited Current account","ULearn-Student","","414","100","","Online English Course","414","NONE","AUTHORISED","6a94b510-9f64-4e38-83e4-72c4456e979b"
"2020-05-26","RECEIVE","ULearn Limited Current account","ULearn-Student","","158","100","","Online English course","158","NONE","AUTHORISED","06086993-3a38-45a7-9e63-7dd7c4afd3e6"
"2020-05-26","SPEND","ULearn Limited Current account","PREPAYPOWER","","70","B105A","","POS25MAY PREPAYPOWER","70","NONE","AUTHORISED","a701666e-78c9-4fdb-9993-219ffbfeab2b"
"2020-05-25","SPEND","ULearn Limited Current account","Bank Charges","","0.18","B127","","NEPOSCHGGBP 000000.18","0.18","NONE","AUTHORISED","7f44cdc1-9939-4689-ae11-db067098ae96"
"2020-05-05","RECEIVE","ULearn Limited Current account","ULearn-Student","890","400","102","","CREDIT TRANSFE 794868","400","NONE","AUTHORISED","2f036af5-bf7c-4038-b396-ded0cee8cbc6"
"2020-05-05","RECEIVE","ULearn Limited Current account","Amazon","624","1.19","104","","POS02MAY AMZN Mktp UK","1.19","NONE","AUTHORISED","e4920dc6-db24-4edc-bf2d-054faeea9ce1"
"2020-05-06","RECEIVE","ULearn Limited Current account","ULearn-Student","931","158","100","","XXXXXXXX CECILIA A GP","158","NONE","AUTHORISED","6d957b0d-adbc-4eb6-aa98-8d12eb09b5d7"
"2020-05-07","RECEIVE","ULearn Limited Current account","ULearn-Student","931","156","100","","D2020314           GP","156","NONE","AUTHORISED","5c9a62e9-248b-4fcd-8e8f-9fcdd7865228"
"2020-05-07","RECEIVE","ULearn Limited Current account","ULearn-Student","931","79","100","","ULS2020 05 07 ULS2 GP","79","NONE","AUTHORISED","deb5ca6d-3bed-4a97-82d2-e3a91cf485da"
"2020-05-07","RECEIVE","ULearn Limited Current account","ULearn-Student","878","492.96","100","","FABIO PIRES DE CAM","492.96","NONE","AUTHORISED","893c9f8d-bcb1-43cb-99ce-3cbda2894266"
"2020-05-08","SPEND","ULearn Limited Current account","GoDaddy.com, LLC - CARD","545","117.83","B106","","POS07MAY GODADDY COM","117.83","NONE","AUTHORISED","2df54cc7-fe4a-46ea-8e4b-0807d6ae5d92"
"2020-05-13","RECEIVE","ULearn Limited Current account","ULearn-Student","931","79","100","","ULS2020 05 13 ULS2 GP","79","NONE","AUTHORISED","42242d50-98da-47fc-9519-5d3b8b7829b2"
"2020-05-14","SPEND","ULearn Limited Current account","GoDaddy.com, LLC - CARD","545","14.72","B106","","POS13MAY DNH*GODADDY.","14.72","NONE","AUTHORISED","db336d89-af9d-470b-bf77-1ff371621e95"
"2020-05-14","SPEND","ULearn Limited Current account","Bank Charges","407","7.4","B127","","NEPOSCHGUSD 000007.40","7.4","NONE","AUTHORISED","10bdeeb6-7d1c-4882-afa2-53f8483b24fa"
"2020-05-14","RECEIVE","ULearn Limited Current account","ULearn-Student","931","309.56","100","","Valitor MXXXXXXXX  GP","309.56","NONE","AUTHORISED","fd30e262-f9cf-4847-a2af-a9406ca59d38"
"2020-05-15","SPEND","ULearn Limited Current account","ZOOM","545","279.09","B106","","POS14MAY ZOOM.EUR","279.09","NONE","AUTHORISED","560123ea-7a3f-4fc3-8092-abbb9cb1365f"
"2020-05-15","SPEND","ULearn Limited Current account","Fresh","221","19.22","B115","","POSC14MAY FRESH GOOD","19.22","NONE","AUTHORISED","d5cd0d14-4ecb-4983-a337-29f100bd184d"
"2020-05-15","SPEND","ULearn Limited Current account","Tesco","221","8.19","B108A","","POSC14MAY TESCO STORE","8.19","NONE","AUTHORISED","a5a2a7df-2915-4cfa-a069-8e3b42430093"
"2020-05-18","SPEND","ULearn Limited Current account","GoDaddy.com, LLC - CARD","545","14.98","B106","","POS16MAY GODADDY COM","14.98","NONE","AUTHORISED","385b3a92-fcbd-4150-8f46-e26abeb6b0ed"
"2020-05-18","SPEND","ULearn Limited Current account","Facebook - CARD","545","3.62","B106","","POS15MAY FACEBK *M4GG","3.62","NONE","AUTHORISED","7fc08039-7d07-4ffb-8419-6674a406a90e"
"2020-05-18","SPEND","ULearn Limited Current account","PREPAYPOWER","545","70","B105A","","POS16MAY PREPAYPOWER","70","NONE","AUTHORISED","6c242448-f8f7-47c4-b0cc-ac379efab83e"
"2020-05-18","SPEND","ULearn Limited Current account","Bank Charges","407","0.56","B127","","NEPOSCHGUSD 000000.56","0.56","NONE","AUTHORISED","83d2c848-ea7c-416f-9145-8a3e8926a913"
"2020-05-18","RECEIVE","ULearn Limited Current account","ULearn-Student","890","400","102","","CREDIT TRANSFE 794615","400","NONE","AUTHORISED","ddd8f19b-fe8d-4106-9763-d4c541dff35f"
"2020-05-19","SPEND","ULearn Limited Current account","GoDaddy.com, LLC - CARD","545","12.29","B106","","POS18MAY GODADDY COM","12.29","NONE","AUTHORISED","7f515ef8-6610-474c-95a0-7c39f6af1d19"
"2020-05-19","RECEIVE","ULearn Limited Current account","ULearn-Student","931","316","100","","ULS2020 05 19 ULS2 GP","316","NONE","AUTHORISED","2af4cc31-875f-4efe-a533-948e27126bcd"
"2020-05-20","RECEIVE","ULearn Limited Current account","ULearn-Student","931","885","100","","725 AND 160        GP","885","NONE","AUTHORISED","e7748330-df01-476e-9e50-13b9ba1f9212"
"2020-05-20","RECEIVE","ULearn Limited Current account","ULearn-Student","931","13.86","102","","RevComXXXXXXXX92L0 GP","13.86","NONE","AUTHORISED","b4a287ff-a0ec-4311-a41d-bb581b16f5b7"
"2020-05-20","RECEIVE","ULearn Limited Current account","ULearn-Student","931","79","100","","ULS2020 05 20 ULS2 GP","79","NONE","AUTHORISED","c4d0a3d7-ef96-42b9-96aa-f8412ca11e22"
"2020-05-21","SPEND","ULearn Limited Current account","GoDaddy.com, LLC - CARD","545","47.13","B106","","POS20MAY GODADDY COM","47.13","NONE","AUTHORISED","8adf0b6d-2e4b-470f-92f5-0ba9ce5faec5"
"2020-05-21","RECEIVE","ULearn Limited Current account","ULearn-Student","931","158","100","","TRANSFERENCIA      GP","158","NONE","AUTHORISED","a108ee5a-ad3d-4fb4-a040-c5cf9673dc69"
"2020-05-22","SPEND","ULearn Limited Current account","ADOBE","545","30.74","B106","","POS21MAY Adobe.com","30.74","NONE","AUTHORISED","ee114d36-385d-4791-855a-ac94ccf81359"
"2020-05-22","SPEND","ULearn Limited Current account","Amazon","545","34.54","B102","","POS21MAY AMZNMktplace","34.54","NONE","AUTHORISED","dfa4742f-50ba-4ac7-8705-060fb1b44a50"
"2020-05-22","SPEND","ULearn Limited Current account","Bank Charges","407","0.26","B127","","NEPOSCHGUSD 000000.26","0.26","NONE","AUTHORISED","31ab231c-5676-45a7-b326-6faa8d88d9a2"
"2020-05-22","SPEND","ULearn Limited Current account","PAYROLL","331","18260.21","E104B","","CONTRA            CTO","18260.21","NONE","AUTHORISED","a090a4ae-2cc8-4900-b91e-d5bffcf8773e"
"2020-05-22","RECEIVE","ULearn Limited Current account","Neil Mc Mahon","931","1515.67","104","","ULEARN            CTO","1515.67","NONE","AUTHORISED","20eecafc-b401-45cf-8dd7-5180dccd5433"
"2020-05-22","RECEIVE","ULearn Limited Current account","From Paypal to Account","624","16.35","104","","POS20MAY PAYPAL *GODA","16.35","NONE","AUTHORISED","e266e195-a5d6-4abc-b76f-69824f9fbdf2"
"2020-05-25","SPEND","ULearn Limited Current account","Audible - CARD","553","8.95","B121","","P2305LU  7.99@1.12015","8.95","NONE","AUTHORISED","c901c7fe-7759-4e3a-86ad-b0b791bc08ae"
"2020-05-01","SPEND","ULearn Limited Current account","SOFTWARE","553","2.27","B106","","P3004BG  2.46@0.92276","2.27","NONE","AUTHORISED","aab60438-5389-4db8-8777-2f8facfef43b"
"2020-05-01","SPEND","ULearn Limited Current account","Bank Charges","407","0.05","B127","","NEPOSCHGUSD 000000.05","0.05","NONE","AUTHORISED","ade87014-bd8a-4310-b0ec-66f6b4070d73"
"2020-05-05","SPEND","ULearn Limited Current account","Bank Charges","407","0.55","B127","","NEPOSCHGUSD 000000.55","0.55","NONE","AUTHORISED","d48a08bd-77e2-4b0c-a28e-6c52e04f0a83"
"2020-05-07","SPEND","ULearn Limited Current account","GoDaddy.com, LLC - CARD","545","29.91","B106","","POS06MAY GODADDY COM","29.91","NONE","AUTHORISED","1b8c4dfb-0139-4aa0-9ca6-330ba43b59b6"
"2020-05-07","SPEND","ULearn Limited Current account","PREPAYPOWER","545","70","B105A","","POS06MAY PREPAYPOWER","70","NONE","AUTHORISED","b3cf3fcb-0caf-4925-b8a0-657b130b8dcd"
"2020-05-07","SPEND","ULearn Limited Current account","GoDaddy.com, LLC - CARD","545","6.14","B106","","POS06MAY DNH*GODADDY.","6.14","NONE","AUTHORISED","99669209-a6ba-4a28-89ca-5de87fafb7a0"
"2020-05-27","SPEND","ULearn Limited Current account","SOFTWARE","553","2.26","B106","","P2605BG  2.46@0.91869","2.26","NONE","AUTHORISED","857e861a-1abb-4bce-9db4-e7c300675bc5"
"2020-05-27","SPEND","ULearn Limited Current account","Neil Mc Mahon","537","1515.67","E104B","","TO NEIL MCMAHON","1515.67","NONE","AUTHORISED","fc8f32c6-36a4-451c-a319-fcb994d57ac4"
"2020-05-27","SPEND","ULearn Limited Current account","Bank Charges","407","0.05","B127","","NEPOSCHGUSD 000000.05","0.05","NONE","AUTHORISED","1c7554cf-f6d5-45b9-8108-44f6df40b4c5"
"2020-05-27","RECEIVE","ULearn Limited Current account","ULearn-Student","931","79","100","","ULS2020 05 27 ULS2 GP","79","NONE","AUTHORISED","9d1d720a-ad05-48ea-a1b2-f6873f75c760"
"2020-05-07","RECEIVE","ULearn Limited Current account","PAYROLL","931","1700","104","","OVERPAYMENT        GP","1700","NONE","AUTHORISED","9d634a11-864c-4475-a06a-869223d8fb7c"
"2020-05-14","SPEND","ULearn Limited Current account","EIR","553","370.03","B108A","","P1305US400.00@0.92507","370.03","NONE","AUTHORISED","c97363fa-6847-4d65-9144-656d99ba0b29"
"2020-05-19","SPEND","ULearn Limited Current account","EIR","221","7.5","A101","","POSC18MAY CAPEL STREE","7.5","NONE","AUTHORISED","219c50ee-a917-456d-a5a3-b68cc672c57f"
"2020-05-20","SPEND","ULearn Limited Current account","EIR","545","280.6","A101A","","POS19MAY HOMEBASE(RAT","280.6","NONE","AUTHORISED","176d2945-c438-44f0-a3c6-816d59cd4a7f"
"2020-05-21","SPEND","ULearn Limited Current account","EIR","545","200","B104","","POS20MAY EIR MOBILE R","200","NONE","AUTHORISED","12b7c735-f892-4c21-ba8f-06f60e071924"
"2020-05-28","SPEND","ULearn Limited Current account","Bank Charges","540","10","B127","","BOI BOL CHARGE","10","NONE","AUTHORISED","03dce04c-143b-41bd-8d8e-cded6f2091af"
"2020-04-01","RECEIVE","ULearn Limited Current account","ULearn-Student","931","115","100","","ULS2020 04 01 ULS2 GP","115","NONE","AUTHORISED","e5db06e3-7ff9-42e6-878f-7c7bf69c1687"
"2020-04-06","RECEIVE","ULearn Limited Current account","ULearn-Student","931","269","100","","ULS2020 04 06 ULS2 GP","269","NONE","AUTHORISED","c84019b4-ea78-4e4b-9193-366f7c411d66"
"2020-04-07","RECEIVE","ULearn Limited Current account","ULearn-Student","931","730","100","","ULS2020 04 07 ULS2 GP","730","NONE","AUTHORISED","c48596a1-65be-4808-9d9f-ec8e9cbe5ffb"
"2020-04-09","RECEIVE","ULearn Limited Current account","ULearn-Student","931","250","100","","ULS2020 04 09 ULS2 GP","250","NONE","AUTHORISED","1af6150a-8b62-44a4-ad22-3eda662eb5ab"
"2020-04-15","RECEIVE","ULearn Limited Current account","ULearn-Student","931","324","100","","ULS2020 04 15 ULS2 GP","324","NONE","AUTHORISED","f5cbafb0-df81-4ca7-aded-f2bdca108878"
"2020-04-16","RECEIVE","ULearn Limited Current account","ULearn-Student","931","553","100","","ULS2020 04 16 ULS2 GP","553","NONE","AUTHORISED","7dc4b8ea-f502-4652-bf2c-14134975033b"
"2020-04-21","RECEIVE","ULearn Limited Current account","ULearn-Student","931","316","100","","TRANSFERENCIA      GP","316","NONE","AUTHORISED","043eecea-075c-4c95-8dc0-479b96a46d35"
"2020-04-21","RECEIVE","ULearn Limited Current account","ULearn-Student","931","79","100","","ULS2020 04 21 ULS2 GP","79","NONE","AUTHORISED","a339e381-541d-448f-ae2f-8f0371def694"
"2020-04-23","RECEIVE","ULearn Limited Current account","ULearn-Student","931","77.28","100","","Valitor MXXXXXXXX  GP","77.28","NONE","AUTHORISED","3099c35a-c39f-436b-94ee-06a28246c72c"
"2020-04-27","RECEIVE","ULearn Limited Current account","ULearn-Student","931","150","100","","ULS2020 04 27 ULS2 GP","150","NONE","AUTHORISED","1c5886c2-a6ea-4221-935f-32b6e9319e8f"
"2020-04-27","RECEIVE","ULearn Limited Current account","ULearn-Student","931","118881.4","100","","MXXXXXXXX M1145539 GP","118881.4","NONE","AUTHORISED","36ad451b-a347-4f96-b277-3e08b01e569c"
"2020-04-30","RECEIVE","ULearn Limited Current account","ULearn-Student","931","1600","100","","ULS2020 04 29 ULS2 GP","1600","NONE","AUTHORISED","bb1f823e-9746-438c-a610-33c0e3eb5dd9"
"2020-04-27","SPEND","ULearn Limited Current account","GoDaddy.com, LLC - CARD","553","64.34","B106","","P2404US 69.00@0.93246","64.34","NONE","AUTHORISED","5238a7aa-3e6d-478f-8ec8-0c4cf0917e1c"
"2020-04-27","SPEND","ULearn Limited Current account","Bank Charges","407","1.29","B127","","NEPOSCHGUSD 000001.29","1.29","NONE","AUTHORISED","13aecca6-91a7-4961-ba62-b36905b10d9d"
"2020-04-27","SPEND","ULearn Limited Current account","Bank Charges","407","4.59","B127","","NEPOSCHGUSD 000004.59","4.59","NONE","AUTHORISED","8d9f6601-c3ee-451f-9e2d-3527d1e10b11"
"2020-04-28","SPEND","ULearn Limited Current account","PREPAYPOWER","545","70","B105A","","POS27APR PREPAYPOWER","70","NONE","AUTHORISED","0025d49e-e3d3-40ba-921a-e589c4987895"
"2020-04-28","SPEND","ULearn Limited Current account","Bank Charges","540","10","B127","","BOI BOL CHARGE","10","NONE","AUTHORISED","d8e3a132-9875-482b-a073-0a78447e3099"
"2020-04-28","SPEND","ULearn Limited Current account","Lidl","221","3.18","B102","","POSC27APR LIDL IRELAN","3.18","NONE","AUTHORISED","9fad2e31-4c1c-45c7-ab48-3117d8ba5503"
"2020-02-28","SPEND","ULearn Limited Current account","Virgin Media","159085680","92.25","B104A","","Monthly Bill Charges - Services","92.25","NONE","AUTHORISED","33197d5d-c7fc-45b3-baa9-61b7e84edba2"
"2020-03-06","SPEND","ULearn Limited Current account","Virgin Media","","117","B104A","","Service","117","NONE","AUTHORISED","b2085d3c-8376-4f2c-a739-755a4785b1a4"
"2020-01-28","SPEND","ULearn Limited Current account","Virgin Media","","91","B104A","","Service","91","NONE","AUTHORISED","c8a03641-be64-4acd-90d8-5a2d668f9806"
"2020-05-29","SPEND","ULearn Limited Current account","Bank Charges","407","0.24","B127","","NEPOSCHGUSD 000000.24","0.24","NONE","AUTHORISED","d86b75d6-4fe2-42d7-b8af-718ff09fec92"
"2020-05-29","RECEIVE","ULearn Limited Current account","ULearn-Student","931","1950","100","","MUNKHTEMUULEN FEES GP","1950","NONE","AUTHORISED","dfd29b36-35c6-4310-88e1-dd98bc4bf385"
"2020-06-02","RECEIVE","ULearn Limited Current account","ULearn-Student","931","900","100","","PAYMENT 25W COURSE GP","900","NONE","AUTHORISED","0ac727e4-9bd5-41c1-bff4-5cc8f5f8fdd2"
"2020-06-02","RECEIVE","ULearn Limited Current account","ULearn-Student","931","1000","100","","PAYMENT COURSE 25W GP","1000","NONE","AUTHORISED","5d49ed2e-a533-4ecc-a8f6-2008ac6a1621"
"2020-06-02","RECEIVE","ULearn Limited Current account","ULearn-Student","931","160","102","","1 WEEK RENT G PICC GP","160","NONE","AUTHORISED","7667c726-5258-4d20-a5a1-385232426fa0"
"2020-06-02","RECEIVE","ULearn Limited Current account","ROISIN KEHOE","931","1050","104","","OVERPAYMENT RETURN GP","1050","NONE","AUTHORISED","80675c9b-b504-4741-ba5e-517b94ac9460"
"2020-06-03","RECEIVE","ULearn Limited Current account","World2Go Ltd","931","1450","100","","WORLD2GO LIMITED   GP","1450","NONE","AUTHORISED","0e9e10b1-ad18-47a4-8d57-65c3d2a61f13"
"2020-06-03","RECEIVE","ULearn Limited Current account","ULearn-Student","931","79","100","","ULS2020 06 03 ULS2 GP","79","NONE","AUTHORISED","d47e3684-cd4d-4cf1-9914-9b9c457da8e7"
"2020-06-03","RECEIVE","ULearn Limited Current account","Mirko & Caroline","931","200","102","","de9975197adc4b619b GP","200","NONE","AUTHORISED","90633cc1-bf0d-49ac-ac85-f1916708cc3b"
"2020-05-29","SPEND","ULearn Limited Current account","SOFTWARE","553","11.82","B106","","P2905US 12.99@0.90993","11.82","NONE","AUTHORISED","2cf784d1-ab8f-4af7-8093-19bafdd3e9c7"
"2020-04-22","SPEND","ULearn Limited Current account","Bank Charges","407","0.26","B127","","NEPOSCHGUSD 000000.26","0.26","NONE","AUTHORISED","59cb2606-9f5b-437b-a124-a709a5033eb5"
"2020-04-23","SPEND","ULearn Limited Current account","PAYROLL","331","22280.03","E104B","","CONTRA            CTO","22280.03","NONE","AUTHORISED","2d1114e5-40b2-494b-8fe2-7e0a518aed83"
"2020-04-17","SPEND","ULearn Limited Current account","Tesco","221","23.67","B102","","POSC16APR TESCO STORE","23.67","NONE","AUTHORISED","0b200174-dbd5-4682-b269-f59dbe02a8b7"
"2020-04-20","SPEND","ULearn Limited Current account","PREPAYPOWER","545","70","B105A","","POS19APR PREPAYPOWER","70","NONE","AUTHORISED","1d6fe321-03a4-4dc6-91d5-37735d972bb0"
"2020-04-20","SPEND","ULearn Limited Current account","Vodafone","545","20","B104","","POS17APR VESTA  *VODA","20","NONE","AUTHORISED","0acf7bb6-f2e1-49c3-bfb7-a022f371a135"
"2020-04-21","SPEND","ULearn Limited Current account","GoDaddy.com, LLC - CARD","545","23.53","B106","","POS20APR DNH*GODADDY.","23.53","NONE","AUTHORISED","9bb28e78-64e1-4e2b-9f8c-efc4c430e0a3"
"2020-04-21","SPEND","ULearn Limited Current account","Hubspot","545","56.58","B106","","POS20APR HS_Ireland","56.58","NONE","AUTHORISED","a8e060e8-2319-46af-9bfb-903fe9067a93"
"2020-04-21","SPEND","ULearn Limited Current account","Hubspot","545","565.8","B106","","POS20APR HS_Ireland","565.8","NONE","AUTHORISED","b99acad6-e531-4ec3-9db2-26cd2f410844"
"2020-04-22","SPEND","ULearn Limited Current account","ADOBE","545","30.74","B106","","POS21APR Adobe.com","30.74","NONE","AUTHORISED","eae7f9a6-72c2-48e5-be12-5dc842ad3521"
"2020-04-23","SPEND","ULearn Limited Current account","Facebook - CARD","545","24.6","B110","","POS22APR FACEBK *BPNH","24.6","NONE","AUTHORISED","0357911c-2f08-409d-bac7-9ba0281b4f0f"
"2020-04-02","SPEND","ULearn Limited Current account","PAYROLL","331","14666.61","E104B","","CONTRA            CTO","14666.61","NONE","AUTHORISED","9d728afd-d6b9-4452-8522-89005a667924"
"2020-04-06","SPEND","ULearn Limited Current account","PREPAYPOWER","545","50","B105A","","POS03APR PREPAYPOWER","50","NONE","AUTHORISED","0c59451c-d2e8-4ee7-bd5f-2bc616c86b68"
"2020-04-06","SPEND","ULearn Limited Current account","Bank Charges","407","1.34","B127","","NEPOSCHGUSD 000001.34","1.34","NONE","AUTHORISED","82167c7a-d4af-4003-8fe3-60599d80de61"
"2020-04-09","SPEND","ULearn Limited Current account","DIEGO TAROCO","537","47.61","E104B","","TO DIEGO TAROCO","47.61","NONE","AUTHORISED","3c5e9c03-a7c9-4cc5-9bcb-3a23abb4827c"
"2020-04-09","SPEND","ULearn Limited Current account","Fintan Carney","537","100.71","E104B","","TO FINTAN CARNEY","100.71","NONE","AUTHORISED","8da310ab-4699-489a-b260-12e4549679d2"
"2020-04-14","SPEND","ULearn Limited Current account","PREPAYPOWER","545","70","B105A","","POS10APR PREPAYPOWER","70","NONE","AUTHORISED","74ca4681-dfe4-41b1-aa96-b658d5ee9b98"
"2020-04-27","SPEND","ULearn Limited Current account","GoDaddy.com, LLC - CARD","553","229.36","B106","","P2504US245.99@0.93239","229.36","NONE","AUTHORISED","775934f8-dcd9-458b-98ab-fc11f9ba177e"
"2020-03-30","SPEND","ULearn Limited Current account","SOFTWARE","553","11.86","B106","","P2903US 12.99@0.91301","11.86","NONE","AUTHORISED","25d18c99-d75e-4c74-a5f4-4dbb5ea05e68"
"2020-03-30","SPEND","ULearn Limited Current account","Bank Charges","540","10","B127","","BOI BOL CHARGE","10","NONE","AUTHORISED","e6899c36-8ecc-4b5a-b18d-6b08a175db3f"
"2020-03-30","SPEND","ULearn Limited Current account","Bank Charges","407","0.24","B127","","NEPOSCHGUSD 000000.24","0.24","NONE","AUTHORISED","a14c9a1d-6b97-47c4-98e2-9d3ce3e7201d"
"2020-03-30","RECEIVE","ULearn Limited Current account","NEILAN Govender","621","2038","104","","365  Payment","2038","NONE","AUTHORISED","3a30f40c-268c-4a3f-bbec-246b68ffbe33"
"2020-02-27","SPEND","ULearn Limited Current account","SOFTWARE","553","2.27","B106","","P2602BG  2.46@0.92276","2.27","NONE","AUTHORISED","e6860d04-74a4-4666-9d7e-f0234377fb05"
"2020-02-27","SPEND","ULearn Limited Current account","GoDaddy.com, LLC - CARD","545","28.02","B106","","POS26FEB PAYPAL *GODA","28.02","NONE","AUTHORISED","ca7e7425-6a92-4b51-bf57-6a270fccf2f8"
"2020-02-27","SPEND","ULearn Limited Current account","Green Bench","545","53.5","B115","","POS26FEB GREEN BENCH","53.5","NONE","AUTHORISED","64049291-f636-4c4b-864e-305def6b6aad"
"2020-02-27","SPEND","ULearn Limited Current account","Bank Charges","407","0.05","B127","","NEPOSCHGUSD 000000.05","0.05","NONE","AUTHORISED","87df7812-890f-402a-9ac6-3b33710dec93"
"2020-02-27","RECEIVE","ULearn Limited Current account","ULearn-Student","931","5173.25","100","","ULS2020 02 27      GP","5173.25","NONE","AUTHORISED","b6f91ba6-6f7a-4a3a-92dc-fd4896722f52"
"2020-02-28","SPEND","ULearn Limited Current account","Bank Charges","540","10","B127","","BOI BOL CHARGE","10","NONE","AUTHORISED","bc5b27c8-35e4-4727-bfbe-31aec7edd929"
"2020-02-28","RECEIVE","ULearn Limited Current account","ULearn-Student","931","213","100","","P 2019 1785   P 20 GP","213","NONE","AUTHORISED","4965fd6a-c003-48e1-9db0-acf854556f9f"
"2020-02-28","RECEIVE","ULearn Limited Current account","ULearn-Student","931","225","100","","ULS2020 02 28      GP","225","NONE","AUTHORISED","281c959a-f7ea-4e4f-b443-a957e35138d2"
"2020-02-26","SPEND","ULearn Limited Current account","CAOL O HUIGIN","537","2217.83","E104B","","TO CAOL O HUIGIN","2217.83","NONE","AUTHORISED","29b8940d-e1cc-485c-8337-54c513660e9d"
"2020-02-26","SPEND","ULearn Limited Current account","David Mac Redmond","537","2210.68","E104B","","TO DAVID MAC REDMOND","2210.68","NONE","AUTHORISED","0e873f39-b154-4e3d-8cb4-117af61c9e1a"
"2020-02-26","SPEND","ULearn Limited Current account","DIEGO TAROCO","537","2079.89","E104B","","TO DIEGO TAROCO","2079.89","NONE","AUTHORISED","d4c05830-16ad-479b-8808-b1c6a1e3e796"
"2020-02-26","SPEND","ULearn Limited Current account","DOIREANN CARR","537","2218.61","E104B","","TO DOIREANN CARR","2218.61","NONE","AUTHORISED","d4765125-c4b7-4cfa-8328-52feb88b32a4"
"2020-02-26","SPEND","ULearn Limited Current account","Fintan Carney","537","2138.73","E104B","","TO FINTAN CARNEY","2138.73","NONE","AUTHORISED","fb6a89a5-ae66-482e-9c47-a6e450cde84e"
"2020-02-26","SPEND","ULearn Limited Current account","GAVIN BRENNAN","537","294","E104B","","TO GAVIN BRENNAN","294","NONE","AUTHORISED","991b0b83-d7a0-4182-9874-728d99453663"
"2020-02-26","SPEND","ULearn Limited Current account","JUAN DE VIVERO WOO","537","306","E104B","","TO JUAN DE VIVERO WOO","306","NONE","AUTHORISED","30382f60-91b6-4767-b88c-91d7b77e53c4"
"2020-02-26","SPEND","ULearn Limited Current account","PATRICIA KELLETT","537","2618.23","E104B","","TO PATRICIA KELLETT","2618.23","NONE","AUTHORISED","5d6d7712-4df7-44d2-8e02-e5872e45047d"
"2020-02-26","SPEND","ULearn Limited Current account","MARGARET WOODS","537","730","E104B","","TO MARGARET WOODS","730","NONE","AUTHORISED","3909bb98-90b1-4641-ab08-c84a01828927"
"2020-02-26","SPEND","ULearn Limited Current account","NEILAN Govender","537","2068.13","E104B","","TO NEILAN GOVENDER","2068.13","NONE","AUTHORISED","a1e8a5ca-8217-4ed3-9b44-7d82171f94dc"
"2020-02-26","SPEND","ULearn Limited Current account","PADRAIG COSTELLO","537","1469.13","E104B","","TO PADRAIG COSTELLO","1469.13","NONE","AUTHORISED","b4172e9b-043e-49c9-98b8-ba8aedab4d0b"
"2020-02-26","SPEND","ULearn Limited Current account","PATRICK KEEGAN","537","182.16","E104B","","TO PATRICK  KEEGAN","182.16","NONE","AUTHORISED","ee393f79-41d8-427d-a43c-66edbcfb58d3"
"2020-02-26","SPEND","ULearn Limited Current account","ROISIN KEHOE","537","2146.17","E104B","","TO ROISIN KEHOE","2146.17","NONE","AUTHORISED","2bc5cdb2-f356-4055-84d7-41abfb1adafb"
"2020-02-26","SPEND","ULearn Limited Current account","TOURIA JOUILLA","537","2654.2","E104B","","TO TOURIA JOUILLA","2654.2","NONE","AUTHORISED","c693e5f8-03bf-41fa-a935-ee2cedd34508"
"2020-02-26","SPEND","ULearn Limited Current account","WILLIAM MORTON","537","1582.45","E104B","","TO WILLIAM MORTON","1582.45","NONE","AUTHORISED","fa074766-99c0-4d33-997e-33238db3369d"
"2020-02-26","SPEND","ULearn Limited Current account","DESMOND TRAYNOR","537","296.78","E104B","","TO DESMOND TRAYNOR","296.78","NONE","AUTHORISED","f74c86b7-a910-4f4b-bc19-af03d8b7c5e4"
"2020-02-26","SPEND","ULearn Limited Current account","REVENUE COMMISSIONERS","340","12194.9","B109","","Revenue Commi SEPA DD","12194.9","NONE","AUTHORISED","03667ada-f216-4f88-ba3f-773307c3f501"
"2020-02-26","SPEND","ULearn Limited Current account","CloudVoice - DD","CV_9830","68.14","B104","","Services Billing Period - January 2020","68.14","NONE","AUTHORISED","c19270a8-f321-41d1-b3fd-49f5f77b0f83"
"2020-02-21","SPEND","ULearn Limited Current account","General Post Office (GPO)","","8","B102","","Tracking number RL 773 174 029 IE","8","NONE","AUTHORISED","fb36a1b2-bdaa-4a09-a533-b846f0d187da"
"2020-02-20","SPEND","ULearn Limited Current account","Noel Hancock","124-125-126","165","A104","","Transfer students","165","NONE","AUTHORISED","ec090c30-378e-4f86-bcde-726a866e6456"
"2020-02-25","SPEND","ULearn Limited Current account","Indeed - CARD","30569166","615.27","B110","","February 2020 - Advertising on Indeed.com","615.27","NONE","AUTHORISED","24b5a227-7835-4a87-bf7c-e85e508cdc50"
"2020-02-19","SPEND","ULearn Limited Current account","An Post","","503.5","B124","","One 4 all Card","150","NONE","AUTHORISED","cf1d4fd9-ebeb-4c52-bd90-4b4ba771acc3"
"2020-02-24","SPEND","ULearn Limited Current account","Zopim - CARD","INV05428886","12.98","B106","","Chat Basic Subscription
(02/20/2020-03/19/2020)","12.98","NONE","AUTHORISED","633fb886-1d17-47f6-aa26-78db59e1cbb0"
"2020-02-23","SPEND","ULearn Limited Current account","MyInterview","2686","17.62","B106","","Growth Package","17.62","NONE","AUTHORISED","652885a3-bc60-429f-8935-c27e55de40fd"
"2020-02-25","RECEIVE","ULearn Limited Current account","ULearn-Student","931","2525","100","","linguaenglish stud GP","2525","NONE","AUTHORISED","56d26363-87e8-4d28-9090-5bc31099e136"
"2020-02-25","RECEIVE","ULearn Limited Current account","ULearn-Student","931","19083.35","100","","ULS2020 02 25      GP","19083.35","NONE","AUTHORISED","ccf50227-5c2f-4ccd-98f8-d4502dbbeccd"
"2020-02-26","RECEIVE","ULearn Limited Current account","ULearn-Student","931","3530","100","","ULS2020 02 26      GP","3530","NONE","AUTHORISED","ca577736-f23b-4f22-863c-1ba35904e66a"
"2020-02-19","SPEND","ULearn Limited Current account","Hubspot","1904648","282.9","B106","","Sales Hub Professional Onboarding - February","282.9","NONE","AUTHORISED","cfe08967-5d69-438c-a6cc-1f50d4a210c9"
"2020-02-18","SPEND","ULearn Limited Current account","WONDER IDEA TECHNOLOGY LIMITED","","14.28","B106","","Online Brochure Flipbook Software","14.28","NONE","AUTHORISED","3f9790cc-eef2-48e0-a5e9-59ac954e7e58"
"2020-02-16","SPEND","ULearn Limited Current account","GoDaddy.com, LLC - CARD","62A381193C777064S","117.32","B106","","GLOBAL Domain Name Registration - Renewal","117.32","NONE","AUTHORISED","efda829b-72cd-4ca7-a076-75cdc1664ce0"
"2020-02-26","SPEND","ULearn Limited Current account","Host Ireland - DD","208080","676.5","B104","","PremierDedicated - [300 Mbps] , [ULearn Ded] , [89 Harcourt Street, Dublin 2,
Ireland] , [WQELE] (02/03/2020 - 01/04/2020","676.5","NONE","AUTHORISED","5fcc5ad3-4d98-4dd5-b859-518d21b1395b"
"2020-02-10","SPEND","ULearn Limited Current account","Lucid Software","4828975","73.06","B106","","Lucidchart Basic
Feb 10, 2020 – Feb
10, 2021","73.06","NONE","AUTHORISED","ea22a04f-dc7b-4cfc-a016-5568b890176d"
"2020-02-04","SPEND","ULearn Limited Current account","Fresh","","7.8","B115A","","Food","7.8","NONE","AUTHORISED","d90bf782-f2dc-4f00-9dcb-4283850906aa"
"2020-02-21","RECEIVE","ULearn Limited Current account","ULearn-Student","931","815","100","","1D1030000 GFC20 97 GP","815","NONE","AUTHORISED","12caf7e4-3cc2-4757-906d-9f77c9952408"
"2020-02-21","RECEIVE","ULearn Limited Current account","ULearn-Student","931","12880","100","","ULS2020 02 21      GP","12880","NONE","AUTHORISED","86dc62b6-eed4-4920-ae49-ea03733931bf"
"2020-02-24","SPEND","ULearn Limited Current account","ADOBE","545","30.74","B106","","POS21FEB Adobe.com","30.74","NONE","AUTHORISED","64ad984d-d3fb-4202-8789-f90557c32062"
"2020-02-24","SPEND","ULearn Limited Current account","Google - CARD","545","500","B110","","POS23FEB GOOGLE*ADS10","500","NONE","AUTHORISED","9a582747-7c64-498d-bfa9-f97bb5e89f39"
"2020-02-24","SPEND","ULearn Limited Current account","Bank Charges","407","0.26","B127","","NEPOSCHGUSD 000000.26","0.26","NONE","AUTHORISED","da9fc635-39fd-4a5e-b8cf-16c516d9ab5e"
"2020-02-24","SPEND","ULearn Limited Current account","Bank Charges","407","0.35","B127","","NEPOSCHGUSD 000000.35","0.35","NONE","AUTHORISED","153c106f-2185-4347-89fa-ce070356e440"
"2020-02-10","RECEIVE","ULearn Limited Current account","ULearn-Student","General course english","14546","100","","1D0490000 GFC20 04 GP","14546","NONE","AUTHORISED","fbfb2b98-d32d-46d7-9107-37a81bf1f0d8"
"2020-02-17","RECEIVE","ULearn Limited Current account","ULearn-Student","General course english","8170","100","","ULS2020 02 17 ULS2 GP","8170","NONE","AUTHORISED","7126ae55-033b-4435-987b-571d18e4c696"
"2020-02-17","RECEIVE","ULearn Limited Current account","ULearn-Student","General course english","865","100","","Invoice DXXXXXXXX  GP","865","NONE","AUTHORISED","3240b447-8095-42c8-9bba-0f666ed572ed"
"2020-02-17","RECEIVE","ULearn Limited Current account","ULearn-Student","General course english","2308","100","","ANDRESSA ZERBINI","2308","NONE","AUTHORISED","65816371-f32c-46d6-92a4-9d8b7ba205e7"
"2020-02-18","RECEIVE","ULearn Limited Current account","ULearn-Student","General course english","415","100","","ULS2020 02 18 ULS2 GP","415","NONE","AUTHORISED","0e5bab03-8b54-40f3-8804-fdc1aed11dd0"
"2020-02-19","RECEIVE","ULearn Limited Current account","ULearn-Student","General course english","2315.4","100","","ULS2020 02 19      GP","2315.4","NONE","AUTHORISED","46cd301a-d9be-4516-a22a-a3cd13e74a13"
"2020-02-20","RECEIVE","ULearn Limited Current account","ULearn-Student","General course english","3835","100","","ULS2020 02 20      GP","3835","NONE","AUTHORISED","d19ce27f-2cbb-4964-9208-98467b23bbc0"
"2020-02-03","SPEND","ULearn Limited Current account","Noel Hancock","","55","A104","","POS31JAN PAYPAL *NOEL","55","NONE","AUTHORISED","ef15aa15-a91d-43ac-84e6-d26958ae5852"
"2020-02-03","SPEND","ULearn Limited Current account","CARD - Google","","500","B110","","POS31JAN GOOGLE*ADS10","500","NONE","AUTHORISED","f76d95b2-9721-40fc-9f6a-ca8dd08dbd53"
"2020-06-07","SPEND","ULearn Limited Current account","Homebase","","101.33","A101A","","Accommodation","101.33","NONE","AUTHORISED","306a572b-5b62-4082-bb9e-4b0b044afb7e"
"2020-02-10","SPEND","ULearn Limited Current account","Bank Charges","","0.19","B127","","NEPOSCHGGBP 000000.19","0.19","NONE","AUTHORISED","193483f4-9a53-49d7-94b2-86f2f7bc14a8"
"2020-02-14","SPEND","ULearn Limited Current account","Green Bench","277382","61.1","B115","","Meal","61.1","NONE","AUTHORISED","526458e2-dec2-438d-8955-39fa8a6aa08c"
"2020-06-08","SPEND","ULearn Limited Current account","PREPAYPOWER","545","70","B105A","","POS06JUN PREPAYPOWER","70","NONE","AUTHORISED","4c5adada-584c-43ac-95e0-327d74583e9d"
"2020-06-08","RECEIVE","ULearn Limited Current account","Gabriel Adrian Picco","931","160","102","","1 WEEK RENT        GP","160","NONE","AUTHORISED","70a01c5e-29ca-4d8a-803d-2793e8f8ad84"
"2020-06-08","RECEIVE","ULearn Limited Current account","ULearn-Student","931","158","100","","Invoice No. P20204 GP","158","NONE","AUTHORISED","768eaf4c-a972-4a43-9602-7894d71a703c"
"2020-06-08","RECEIVE","ULearn Limited Current account","ULearn-Student","931","800","100","","MONGOLIAN STUDENT  GP","800","NONE","AUTHORISED","214a4968-d241-49a4-94fe-06ad5bd330b0"
"2020-06-08","RECEIVE","ULearn Limited Current account","ULearn-Student","931","20","100","","TRANSFERENCIA Jaim GP","20","NONE","AUTHORISED","188a6d8a-f07c-4f58-9f23-9976376badc6"
"2020-06-08","RECEIVE","ULearn Limited Current account","ULearn-Student","931","59","100","","TRANSFERENCIA      GP","59","NONE","AUTHORISED","96425df7-3e52-4fcc-8a24-fb3d51c53895"
"2020-06-08","RECEIVE","ULearn Limited Current account","ULearn-Student","621","708","100","","365  Linxuan Yue","708","NONE","AUTHORISED","00f54766-bdcb-4e53-910e-38619cc00514"
"2020-02-18","SPEND","ULearn Limited Current account","GMELIUS","545","9.22","B106","","POS17FEB GMELIUS","9.22","NONE","AUTHORISED","7412a695-5759-447a-ac5f-76ee18980f3b"
"2020-02-18","SPEND","ULearn Limited Current account","Google - CARD","545","500","B110","","POS17FEB GOOGLE*ADS10","500","NONE","AUTHORISED","86cc0346-d5d7-4d68-84fd-03a4b90eebba"
"2020-02-18","SPEND","ULearn Limited Current account","Bank Charges","407","0.55","B127","","NEPOSCHGUSD 000000.55","0.55","NONE","AUTHORISED","b5af9aff-a2b8-40a4-8b6d-d54399cbb556"
"2020-02-18","SPEND","ULearn Limited Current account","Flogas SEPA - DD","340","90.77","B105","","Flogas        SEPA DD","90.77","NONE","AUTHORISED","d01169dd-1d6b-4372-9bbc-74a6cc2380bf"
"2020-02-18","SPEND","ULearn Limited Current account","Flogas SEPA - DD","340","168.02","B105","","Flogas        SEPA DD","168.02","NONE","AUTHORISED","ac02a103-0589-437d-966c-7e6ba4bd9499"
"2020-02-18","SPEND","ULearn Limited Current account","Flogas SEPA - DD","340","78.91","B105","","Flogas        SEPA DD","78.91","NONE","AUTHORISED","24b1f5ea-7370-4324-8520-7d977f32df3b"
"2020-02-18","SPEND","ULearn Limited Current account","Flogas SEPA - DD","340","159.26","B105","","Flogas        SEPA DD","159.26","NONE","AUTHORISED","24827923-26fe-449b-925f-a9ad85ef6b5b"
"2020-02-18","SPEND","ULearn Limited Current account","Flogas SEPA - DD","340","45.96","B105","","Flogas        SEPA DD","45.96","NONE","AUTHORISED","17af3d9d-8cac-46e8-997a-d09e62de0fc6"
"2020-02-20","SPEND","ULearn Limited Current account","Hubspot","545","565.8","B106","","POS19FEB HS_Ireland","565.8","NONE","AUTHORISED","eb4f5e3b-d3c8-4389-b483-73d93a473d75"
"2020-02-20","SPEND","ULearn Limited Current account","PREPAYPOWER","545","80","B105A","","POS19FEB PREPAYPOWER","80","NONE","AUTHORISED","2cb4cb79-8169-4930-a7c4-9ecb79839f89"
"2020-02-20","SPEND","ULearn Limited Current account","Bank Charges","407","0.8","B127","","NEPOSCHGGBP 000000.80","0.8","NONE","AUTHORISED","d241f4ff-f8e9-4c8a-9197-96a143600633"
"2020-02-17","SPEND","ULearn Limited Current account","GMELIUS","545","9.84","B106","","POS15FEB GMELIUS","9.84","NONE","AUTHORISED","2194d3fa-ce84-4391-b15b-3b9854571346"
"2020-02-17","SPEND","ULearn Limited Current account","GMELIUS","545","39.68","B106","","POS15FEB GMELIUS","39.68","NONE","AUTHORISED","963e8f3d-e8f2-4923-9644-8f08b2259aa7"
"2020-02-17","SPEND","ULearn Limited Current account","GMELIUS","545","9.99","B106","","POS15FEB GMELIUS","9.99","NONE","AUTHORISED","c1eae835-43c9-4a17-b1a4-cc57fef597c2"
"2020-02-17","SPEND","ULearn Limited Current account","GMELIUS","545","10","B106","","POS15FEB GMELIUS PLUS","10","NONE","AUTHORISED","ec2e4b2b-e4e5-4b16-907e-91dd17ca2384"
"2020-02-17","SPEND","ULearn Limited Current account","Spotify","545","9.99","A108","","POS15FEB PAYPAL *SPOT","9.99","NONE","AUTHORISED","60236bc9-3b65-4506-9a79-b86a0cb5a18b"
"2020-06-09","SPEND","ULearn Limited Current account","Audible - CARD","553","9.01","B121","","P0806GB  7.99@1.12765","9.01","NONE","AUTHORISED","bea0964f-c2c4-4320-b92d-62e85c1d9dc2"
"2020-06-09","SPEND","ULearn Limited Current account","Bank Charges","407","0.18","B127","","NEPOSCHGGBP 000000.18","0.18","NONE","AUTHORISED","b6219b9a-de44-4a31-b74b-612f6f68d5c3"
"2020-06-09","RECEIVE","ULearn Limited Current account","ULearn-Student","931","316","100","","PAYMENT FOR ENGLIS GP","316","NONE","AUTHORISED","ce79b3ac-3568-4f96-8d51-7744c1b2b9e0"
"2020-06-09","RECEIVE","ULearn Limited Current account","ULearn-Student","931","156","100","","D2020314 2         GP","156","NONE","AUTHORISED","b89f78f5-47d9-47b6-8f82-b9d2af02891b"
"2020-06-09","RECEIVE","ULearn Limited Current account","ULearn-Student","931","79","100","","ULS2020 06 09 ULS2 GP","79","NONE","AUTHORISED","8dcecffa-d3eb-47f7-8a77-0989b6713c74"
"2020-06-09","RECEIVE","ULearn Limited Current account","ULearn-Student","931","200","100","","d01fe1e176a7486cab GP","200","NONE","AUTHORISED","47438221-b958-41e9-91e2-d00ffc5336a6"
"2020-02-04","SPEND","ULearn Limited Current account","Irish Domain","Domain Registry","17.16","B102","","POS03FEB IRISH DOMAIN","17.16","NONE","AUTHORISED","1567930b-12bd-48b8-8ea2-6eadb4d8d3f3"
"2020-02-04","SPEND","ULearn Limited Current account","Pier Insurance","Mobile Phone insurance","7.49","B120","","Pier Insuranc SEPA DD","7.49","NONE","AUTHORISED","3cff93af-5a6c-427d-b59c-631d7260659d"
"2020-02-05","SPEND","ULearn Limited Current account","GoDaddy.com, LLC - CARD","","117.65","B106","","POS04FEB PAYPAL *GODA","117.65","NONE","AUTHORISED","9faf2fc6-e817-4554-9213-ed62f6ea3a98"
"2020-02-05","SPEND","ULearn Limited Current account","Joe's Coffee","","9.6","B115","","POSC04FEB JOES MONTAG","9.6","NONE","AUTHORISED","c38d8d4d-ecc3-49b8-89ca-0d91e8e2781d"
"2020-02-05","SPEND","ULearn Limited Current account","Joe's Coffee","","8.7","B115","","POSC04FEB JOES MONTAG","8.7","NONE","AUTHORISED","040a1869-139e-4d7d-93d0-6c45adca0608"
"2020-02-14","SPEND","ULearn Limited Current account","Maria Del Pilar","537","2283.37","E104B","","TO MARIA DEL PILAR LO","2283.37","NONE","AUTHORISED","91b85377-d1ef-4882-a6fc-72690ca014fc"
"2020-02-06","SPEND","ULearn Limited Current account","Instagram","","50","B110","","POS05FEB DUBLIN INSTA","50","NONE","AUTHORISED","a54453a8-90fc-42e9-92ef-fb98e4911c0a"
"2020-02-07","SPEND","ULearn Limited Current account","CARD - Google","","500","B110","","POS06FEB GOOGLE*ADS10","500","NONE","AUTHORISED","b53a9ac6-5da9-49e1-bc22-64c3d6ed237a"
"2020-02-07","SPEND","ULearn Limited Current account","Bank Charges","","0.89","B127","","NEPOSCHGUSD 000000.89","0.89","NONE","AUTHORISED","9e1823b7-9b4d-4569-995a-a1600df65699"
"2020-02-07","SPEND","ULearn Limited Current account","Zaytoon","Meals","24.5","B115","","POSC06FEB Zaytoon","24.5","NONE","AUTHORISED","610c9afe-a543-4233-8773-62457499d4af"
"2020-02-07","SPEND","ULearn Limited Current account","Noel Hancock","Transport","130","A104","","POS06FEB PAYPAL *NOEL","130","NONE","AUTHORISED","99c71ac9-d50c-4f06-a889-f428e6569784"
"2020-02-07","SPEND","ULearn Limited Current account","zapier","","18.24","B106","","P0602US 20.00@0.91200","18.24","NONE","AUTHORISED","bc5c1e4b-18c0-48c0-a9c9-964c199879a1"
"2020-02-07","SPEND","ULearn Limited Current account","Flogas SEPA - DD","","1250.45","B105","","B8S Flogas Na SEPA DD","1250.45","NONE","AUTHORISED","15a1a1e8-3cb5-4f0d-a0ce-cc2fca7fabc5"
"2020-02-10","SPEND","ULearn Limited Current account","Indeed - CARD","","25.46","B110","","POS08FEB INDEED TEL+3","25.46","NONE","AUTHORISED","b671e634-b7c2-4aa8-b41e-e53bed49cec9"
"2020-02-10","SPEND","ULearn Limited Current account","Amazon","IT Hardware","70.71","B117","","POS07FEB AMZNMktplace","70.71","NONE","AUTHORISED","c51a401d-8f55-447c-ae22-f4f40c4ef91f"
"2020-02-10","SPEND","ULearn Limited Current account","Vodafone","Mobile Phone","20","B104","","POS07FEB VESTA *VODA","20","NONE","AUTHORISED","d376df3f-d881-4f88-8584-41465fa5d9bc"
"2020-02-11","SPEND","ULearn Limited Current account","Tesco","Meals","9.6","B115","","POSC10FEB TESCO STORE","9.6","NONE","AUTHORISED","ee135ebc-5a33-431b-9b19-21451f18b845"
"2020-02-12","SPEND","ULearn Limited Current account","CARD - Google","Ads","500","B110","","POS11FEB GOOGLE*ADS10","500","NONE","AUTHORISED","413582e3-4586-4fed-a2f2-02772154b499"
"2020-02-14","RECEIVE","ULearn Limited Current account","ULearn-Student","931","331","100","","ULS2020 02 14      GP","331","NONE","AUTHORISED","8b5ad9cf-b196-424a-8308-b1c3d16a3cd8"
"2020-02-17","SPEND","ULearn Limited Current account","Joe's Coffee","221","6.4","B115","","POSC14FEB JOES MONTAG","6.4","NONE","AUTHORISED","40718610-2fe1-4d0a-a000-09cfce9551ed"
"2020-05-05","SPEND","ULearn Limited Current account","Xero Subscription - CARD","IN-2007506","27.44","B106","","ULearn. Monthly Subscription, Standard Price Plan, 17 Mar 2020 to 16 Apr 2020. ","27.44","NONE","AUTHORISED","b756ccb3-d505-41f4-b18c-d27a8f65db80"
"2020-05-20","SPEND","ULearn Limited Current account","Xero Subscription - CARD","IN-2062808","27.81","B106","","ULearn. Monthly Subscription, Standard Price Plan, 17 Apr 2020 to 16 May 2020.","27.81","NONE","AUTHORISED","406159b5-d82a-4429-a162-f2234d58e7eb"
"2020-01-17","SPEND","ULearn Limited Current account","Xero Subscription - CARD","IN-1846094","27.06","B106","","ULearn Monthly Subscription, Standard Price Plan, 
17 Dec 2019 to 16 Jan 2020","27.06","NONE","AUTHORISED","f66c3824-3cef-42db-82a7-8482a34edadc"
"2020-02-18","SPEND","ULearn Limited Current account","Xero Subscription - CARD","IN-1898713","27.72","B106","","ULearn. Monthly Subscription, Standard Price Plan, 17 Jan 2020 to 16 Feb 2020. ","27.72","NONE","AUTHORISED","1eae6278-0362-47a1-8554-7bd6ee0f2f41"
"2020-06-10","SPEND","ULearn Limited Current account","Bank Charges","407","0.47","B127","","NEPOSCHGGBP 000000.47","0.47","NONE","AUTHORISED","4bd7a0a1-d2b9-446e-8ce4-feeacea38451"
"2020-06-10","RECEIVE","ULearn Limited Current account","ULearn-Student","931","825","100","","MONGOLIAN STUDENT  GP","825","NONE","AUTHORISED","c36148b7-cde5-4fec-827c-11d7da95a6ed"
"2020-02-10","SPEND","ULearn Limited Current account","Audible - CARD","","9.44","B121","","P0802GB 7.99@1.18147","9.44","NONE","AUTHORISED","3514a5ea-6390-40bb-a342-217d146a1b5b"
"2020-01-15","SPEND","ULearn Limited Current account","Ecolab Limited","TO ECOLAB LIMITED","516.6","B103","","","516.6","NONE","AUTHORISED","be16a7a1-bb16-4853-a3b5-5ca2db4b2804"
"2020-01-17","SPEND","ULearn Limited Current account","McCanns Builders & DIY","POS16JAN T MCCANN BUI","34","B103","","","34","NONE","AUTHORISED","658b1937-6a8c-426e-9fd8-ff800fb66165"
"2020-04-14","SPEND","ULearn Limited Current account","ulearnschool ","545","50","B102","","ATM09APR DUB LWR CAMD","50","NONE","AUTHORISED","f96771dd-7448-4b27-b27d-e7768853d405"
"2020-01-20","SPEND-TRANSFER","ULearn Limited Current account","","","500","ACC1","","Bank Transfer to Petty Cash.","-500","","AUTHORISED","da20b557-8314-43c5-ac78-fa7798e1e936"
"2020-02-13","SPEND-TRANSFER","ULearn Limited Current account","","","31","ACC1","","Bank Transfer to Credit Card - Neil.","-31","","AUTHORISED","ccefcdc4-6a79-427e-8ced-e09786d9712e"
"2020-01-20","SPEND","ULearn Limited Current account","Petty Cash Expns","ATM17JAN DUBLIN","100","B102","","","100","NONE","AUTHORISED","bcdbf1a6-8ce5-4053-987b-09ab377c4e5d"
"2020-01-21","SPEND","ULearn Limited Current account","Bank Charges","CK/BK GOV DUTY 002201","25","B127","","","25","NONE","AUTHORISED","794a2bb9-7786-4e7d-b7a7-a0e65ba9805c"
"2020-01-21","SPEND","ULearn Limited Current account","Bank Charges","CHEQUE BOOK CHARGE","10","B127","","","10","NONE","AUTHORISED","2806ade5-45fb-41fa-ba90-b2208b20d57d"
"2020-01-29","SPEND","ULearn Limited Current account","Bank Charges","GOVT DUTY ATM/POS8203","0.24","B127","","","0.24","NONE","AUTHORISED","7616607d-0985-4b65-a951-ac5196ef8789"
"2020-01-29","SPEND","ULearn Limited Current account","Bank Charges","GOVT DUTY ATM/POS3938","2.64","B127","","","2.64","NONE","AUTHORISED","5953ef1a-55da-421d-98ef-6212f4fc4bdf"
"2020-01-27","SPEND","ULearn Limited Current account","BOOK OF KELLS - CARD","POS24JAN TCD.IE BOOK","221","A109","","","221","NONE","AUTHORISED","914ff7e2-bb2d-47c9-9a3f-0c0c356ff8f7"
"2020-01-29","SPEND","ULearn Limited Current account","PATRICK KEEGAN","TO PATRICK KEEGAN","89.7","E104B","","salary","89.7","NONE","AUTHORISED","25749461-fe60-4a3d-b01b-ca7317682bed"
"2020-02-28","SPEND","ULearn Limited Current account","Payment Sense","340","32.17","B127","","GC re PmSense SEPA DD","32.17","NONE","AUTHORISED","c4454dce-64e7-498f-88ca-1266429e7bed"
"2020-01-31","SPEND","ULearn Limited Current account","Payment Sense","SEPA DD","35.06","B127","","","35.06","NONE","AUTHORISED","887cac2d-9ed9-464c-872b-709953a415c4"
"2020-04-17","SPEND","ULearn Limited Current account","Lizdan Business Services Ltd t/a Kinore","","0.8","B118","","consulting","0.8","NONE","AUTHORISED","c6ed6837-f187-441a-bb07-d0f920f89a18"
"2020-06-11","RECEIVE","ULearn Limited Current account","ULearn-Student","931","625","100","","STUDENT ID21591    GP","625","NONE","AUTHORISED","a7ea53f8-1b7c-4fb2-8652-fe8cc5c962df"
"2020-06-11","RECEIVE","ULearn Limited Current account","ULearn-Student","931","1000","100","","STUDENT ID21591    GP","1000","NONE","AUTHORISED","e56b4423-194c-466c-a3ee-71f5d464632c"
"2020-06-11","RECEIVE","ULearn Limited Current account","ULearn-Student","931","89","100","","ULS2020 06 11 ULS2 GP","89","NONE","AUTHORISED","36693a41-de35-4721-be61-aa6053c5e34e"
"2020-06-11","RECEIVE","ULearn Limited Current account","ULearn-Student","621","990","100","","365  Viktoriia Rusal","990","NONE","AUTHORISED","179435c9-399a-42e3-9fbb-9acf0282116a"
"2020-06-11","SPEND","ULearn Limited Current account","Kellihers Electrical","545","147.92","A101A","","POS10JUN KELLIHERS EL","147.92","NONE","AUTHORISED","da90a438-7888-4f9a-aa54-231cec41fb41"
"2020-06-11","SPEND","ULearn Limited Current account","Homebase","545","33.6","A101A","","POS10JUN HOMEBASE(RAT","33.6","NONE","AUTHORISED","5ea5b578-d880-4587-a26f-d6cf8698bcde"
"2020-01-03","SPEND","ULearn Limited Current account","Thomas Lenehan","","11","B102","","Office supplies","11","NONE","AUTHORISED","c18b806a-53f1-45ad-8f84-92c09f35c3a6"
"2020-06-12","RECEIVE","ULearn Limited Current account","ULearn-Student","621","2320","100","","365  v","2320","NONE","AUTHORISED","7dffd5d3-f662-416d-a771-5c3f477721dd"
"2020-01-06","SPEND","ULearn Limited Current account","HighRise - CARD","13367604","43.93","B106","","HighRise CRM Software

January 6, 2020 - February 6, 2020
","43.93","NONE","AUTHORISED","d9250921-7db7-410b-9468-80f2a0ad8b38"
"2020-02-06","SPEND","ULearn Limited Current account","CARD - HighRise","13430347","44.69","B106","","Highrise Plus Plan 
February 6, 2020 - March 6, 2020","44.69","NONE","AUTHORISED","e89d9aea-1549-4371-a13f-eec7e0b4512b"
"2020-02-29","SPEND","ULearn Limited Current account","CARD - Google","3705563250","116.42","B106","","Google Cloud- G Suit
Feb 01,2020 - Feb 29, 2020","116.42","NONE","AUTHORISED","bbb72b32-dad2-4344-8c6c-f68f805385f6"
"2020-04-29","SPEND","ULearn Limited Current account","Google - CARD","Gsuit","121.52","B106","","G Suite Basic Usage Mar 1 - Mar 31","121.52","NONE","AUTHORISED","165edadc-1595-4b27-b034-215157b5a2e0"
"2020-04-30","SPEND","ULearn Limited Current account","CARD - Google","3726264209","110.42","B106","","Google Cloud - G Suite

Summary for Apr 1, 2020 - Apr 30, 2020","110.42","NONE","AUTHORISED","0a6986e5-578b-4a57-985f-fc972c78ff45"
"2020-06-04","SPEND","ULearn Limited Current account","CARD - Google","3742047133","76.75","B106","","Google Cloud - G suit

Summary for May 1, 2020 - May 31, 2020","76.75","NONE","AUTHORISED","e21f14e8-9210-4b66-8240-4e2e9f661f01"
"2020-02-07","SPEND","ULearn Limited Current account","Bank Charges","","17.5","B127","","Refund charges","17.5","NONE","AUTHORISED","597d3f9b-1afa-481c-b04e-50a3d7dfb443"
"2020-02-21","SPEND","ULearn Limited Current account","Bank Charges","","17.5","B127","","Refund charges","17.5","NONE","AUTHORISED","882781ce-0662-47a7-bd96-dda993aea077"
"2020-02-21","SPEND","ULearn Limited Current account","Bank Charges","","17.5","B127","","Refund charges","17.5","NONE","AUTHORISED","928015e6-1142-4fb3-87eb-a6e9c6feee28"
"2020-02-24","SPEND","ULearn Limited Current account","THE HR COMPANY - DD","A15083","141.45","B118","","Monthly HR Subscription Plan & GDPR 

Feb 19 to Mar 19, 2020","141.45","NONE","AUTHORISED","b8492c6d-4619-4b50-8f93-37f1de2e3013"
"2020-02-28","SPEND","ULearn Limited Current account","Bank Charges","","17.5","B127","","fees","17.5","NONE","AUTHORISED","a4eb3291-c65d-4d03-bde9-19cf54ba1d5c"
"2020-02-26","SPEND","ULearn Limited Current account","FREE NOW","3YW10U","24.6","A104","","Transport ","24.6","NONE","AUTHORISED","71072c12-2ff6-44e4-807f-992a19950051"
"2020-02-27","SPEND","ULearn Limited Current account","GoDaddy.com, LLC - CARD","","61.71","B106","","Domain Name Renewal","61.71","NONE","AUTHORISED","7c13bc8c-041d-4fa5-95de-6da23a682f83"
"2020-04-08","SPEND","ULearn Limited Current account","FREE NOW","424K73","20.6","A104","","Transfer from 2 Foxfield Lawn to  32 Capel St.","20.6","NONE","AUTHORISED","0eb89ec7-e893-49bd-a24f-4c8a37ad9fab"
"2020-03-26","SPEND","ULearn Limited Current account","Go Daddy Europe Limited - CARD","","12.29","B106","","Domain Name Renewal","12.29","NONE","AUTHORISED","91aa5e84-3347-4cab-a96e-fe1100d7a083"
"2020-04-20","SPEND","ULearn Limited Current account","Zopim - CARD","INV05645274","12.95","B106","","Chat Basic Subscription
04/20/2020-05/19/2020
Month ","12.95","NONE","AUTHORISED","065f0320-58c2-4693-97df-cd504e46520b"
"2020-05-20","SPEND","ULearn Limited Current account","Zopim - CARD","INV05746217","12.8","B106","","Chat Basic Subscription
05/20/2020-06/19/2020
Month ","12.8","NONE","AUTHORISED","53bf9e09-0f6a-4f00-990a-b88402f3a52b"
"2020-06-13","SPEND","ULearn Limited Current account","Woodies","","85.8","A101A","","Fixting","85.8","NONE","AUTHORISED","04a5add4-c396-401f-931a-689e8b14ecad"
"2020-06-15","RECEIVE","ULearn Limited Current account","ULearn-Student","931","160","102","","1 WEEK RENT GPICCO GP","160","NONE","AUTHORISED","432d75c4-aede-43d0-bf59-331395a64760"
"2020-06-15","RECEIVE","ULearn Limited Current account","ULearn-Student","931","79","102","","TRANSFERENCIA      GP","79","NONE","AUTHORISED","6fca4980-b2e3-4557-8e29-a291785dee97"
"2020-06-15","SPEND","ULearn Limited Current account","Woodies","545","136.45","A101A","","POS12JUN WOODIES DIY","136.45","NONE","AUTHORISED","a292bd40-22aa-4b05-81a5-e0cfdf8ac4f8"
"2020-06-15","SPEND","ULearn Limited Current account","ZOOM","545","279.09","B106","","POS13JUN ZOOM.EUR","279.09","NONE","AUTHORISED","0febbe92-8fdb-4095-ae12-acceab281674"
"2020-06-15","SPEND","ULearn Limited Current account","Woodies","","34.48","A101A","","Fixtures Accommodation","34.48","NONE","AUTHORISED","29676b50-5e7a-4060-aa4b-01b521392fce"
"2020-06-16","RECEIVE","ULearn Limited Current account","ULearn-Student","931","425","100","","JAQUELIN BOOKING   GP","425","NONE","AUTHORISED","5a10f1fd-a077-46dc-bcd4-f167eae0b096"
"2020-06-19","SPEND","ULearn Limited Current account","Bank Charges","","47.15","B127","","NOTIFIED FEES","47.15","NONE","AUTHORISED","f739e565-f24a-4acc-b5b0-3adcbd9f1fd2"
"2020-06-18","SPEND","ULearn Limited Current account","PAYROLL","145321445","16861.2","E104B","","Payroll June (4wkers & salary)","16861.2","NONE","AUTHORISED","f2505ae2-dca9-48fb-8e88-d7f743e2efd4"
"2020-06-18","SPEND","ULearn Limited Current account","Hubspot","2200767","1322.09","B106","","Marketing Hub starter (1,000 contacts included)

Sales Hub Professional (5 Users included)

Charge for: 22/04/2020 - 21/07/2020","1322.09","NONE","AUTHORISED","2038889a-f70a-415e-8b9c-86e58fd235f6"
"2020-06-18","SPEND","ULearn Limited Current account","A2 Hosting","A2H-1373230","278.3","B106","","Prestige+ Managed VPS - server.ulearnschool.com (06/12/2020 - 09/11/2020)
Softaculous License: Softaculous Basic
Server Options: Europe (Amsterdam) + SSD Storage
Extra IP Address: No additional IPs
Turbo Boost: None *","278.3","NONE","AUTHORISED","fbc52238-6a9a-4743-8b38-228225db6de0"
"2020-06-18","SPEND","ULearn Limited Current account","Xero Subscription - CARD","IN-2118542","26.77","B106","","ULearn. Monthly Subscription, Standard Price Plan, 17 May 2020 to 16 Jun 2020.","26.77","NONE","AUTHORISED","6e065e75-b087-474d-bd61-50e9f8d6c1d3"
"2020-06-18","SPEND","ULearn Limited Current account","Bank Charges","407","0.54","B127","","NEPOSCHGUSD 000000.54","0.54","NONE","AUTHORISED","d4cdaff1-8378-4c25-a989-d26d517f66e9"
"2020-06-18","SPEND","ULearn Limited Current account","Lizdan Business Services Ltd t/a Kinore","537","797.04","B118","","TO LIZDAN BUSINESS SE","797.04","NONE","AUTHORISED","ab5ca6f8-645e-444f-b21d-1c6e9310b990"
"2020-06-18","RECEIVE","ULearn Limited Current account","ULearn-Student","931","237","100","","ULS2020 06 18 ULS2 GP","237","NONE","AUTHORISED","46b06278-1b99-4587-8e88-2724d98eeca7"
"2020-06-19","SPEND","ULearn Limited Current account","CARD - Google","545","9.99","B110","","POS18JUN GOOGLE *Goog","9.99","NONE","AUTHORISED","3ca99262-a198-44c2-b19d-a6247d6d86d0"
"2020-06-22","SPEND","ULearn Limited Current account","Zopim - CARD","553","12.54","B106","","P2006US 14.00@0.89571","12.54","NONE","AUTHORISED","3ad1e2f3-ebf0-42d2-a8e5-6ef4e7f5ae5f"
"2020-06-22","SPEND","ULearn Limited Current account","ADOBE","545","30.74","B106","","POS21JUN Adobe.com","30.74","NONE","AUTHORISED","a02051eb-847e-487e-993c-8f4b425c3d43"
"2020-06-22","SPEND","ULearn Limited Current account","GoDaddy.com, LLC - CARD","545","61.44","B106","","POS19JUN GODADDY COM","61.44","NONE","AUTHORISED","477a3e60-efa2-4eb2-a56e-249cdd085f20"
"2020-06-22","SPEND","ULearn Limited Current account","Amazon","545","21.66","B102","","POS20JUN AMZNMktplace","21.66","NONE","AUTHORISED","5428a146-00af-4fc2-9b66-105b56a9aec8"
"2020-06-22","SPEND","ULearn Limited Current account","PREPAYPOWER","545","20","B105A","","POS20JUN PREPAYPOWER","20","NONE","AUTHORISED","65e1c117-a528-4860-8a3f-8c18fc476653"
"2020-06-22","SPEND","ULearn Limited Current account","PREPAYPOWER","545","20","B105A","","POS20JUN PREPAYPOWER","20","NONE","AUTHORISED","c02f66d6-25d6-4cd0-a298-1b2f00d6a9ba"
"2020-06-22","SPEND","ULearn Limited Current account","PREPAYPOWER","545","20","B105A","","POS19JUN PREPAYPOWER","20","NONE","AUTHORISED","2cd2427b-5ebb-43e3-a218-9dc132116068"
"2020-06-22","SPEND","ULearn Limited Current account","PREPAYPOWER","545","50","B105A","","POS20JUN PREPAYPOWER","50","NONE","AUTHORISED","f0770aa7-7366-4fce-ac48-c005b81f5b07"
"2020-06-22","RECEIVE","ULearn Limited Current account","Gabriel Adrian Picco","931","160","102","","1 WEEK RENT GPICCO GP","160","NONE","AUTHORISED","9aea76f9-b04b-40e0-bd03-3d6ee393fabc"
"2020-06-22","RECEIVE","ULearn Limited Current account","ULearn-Student","878","1450","100","","23252","1450","NONE","AUTHORISED","f5669303-74c6-4acc-b153-960a9e513932"
"2020-06-19","SPEND","ULearn Limited Current account","Woodies","","27.97","A101A","","Fixtures","27.97","NONE","AUTHORISED","4cc9e8d4-79da-4a95-b35b-f049165c19f0"
"2020-06-21","SPEND","ULearn Limited Current account","Homebase","","31.9","A101A","","Fixtures","31.9","NONE","AUTHORISED","9f4feb50-1747-4b1e-ab0d-ed65fc11d342"
"2020-06-22","SPEND","ULearn Limited Current account","Bank Charges","407","0.25","B127","","NEPOSCHGUSD 000000.25","0.25","NONE","AUTHORISED","0e42a28d-b5ad-423b-9bc7-202a78a0db93"
"2020-06-22","SPEND","ULearn Limited Current account","Woodies","545","29.99","A101A","","POS21JUN WWW.WOODIESD","29.99","NONE","AUTHORISED","07add748-a4c1-4cff-9e41-27bb45d9f54e"
"2020-06-22","SPEND","ULearn Limited Current account","EFLOW","545","6.1","B102","","POS19JUN EFLOW.IE","6.1","NONE","AUTHORISED","473b94d2-5714-456e-b318-f997fdbe108c"
"2020-06-23","RECEIVE","ULearn Limited Current account","ULearn-Student","931","414","100","","Invoice No. D20203 GP","414","NONE","AUTHORISED","69ace79e-3e81-49bc-be87-086dd24c297b"
"2020-06-23","RECEIVE","ULearn Limited Current account","ULearn-Student","931","1170","100","","IPXXXXXXXX375311 S GP","1170","NONE","AUTHORISED","d978883f-b958-4639-906f-d1e9f856671f"
"2020-06-23","RECEIVE","ULearn Limited Current account","ULearn-Student","931","512","100","","MS XIAOHUI WENG    GP","512","NONE","AUTHORISED","3117943c-d403-48fc-8aef-81c8c9af126b"
"2020-04-28","SPEND","ULearn Limited Current account","Neil Mc Mahon","537","20000","C105","","TO NEIL MCMAHON","20000","NONE","AUTHORISED","8c7aa0b0-6fc7-4aeb-8ef3-39984773ce98"
"2020-04-28","SPEND","ULearn Limited Current account","Neil Mc Mahon","537","20000","C105","","TO NEIL MCMAHON","20000","NONE","AUTHORISED","5b61912e-91d5-48c4-85ce-28a301d7d637"
"2020-02-03","SPEND","ULearn Limited Current account","FIRST DATA GL (DD)","Lease Payment","45.39","B127","","FIRST DATA GL SEPA DD - Gateway charges","45.39","NONE","AUTHORISED","6d464b13-f328-4837-9a66-4c89cd9caee6"
"2020-03-02","SPEND","ULearn Limited Current account","FIRST DATA GL (DD)","AVS1845512","45.39","B127","","Lease Payment - Gateway charges","45.39","NONE","AUTHORISED","b95d6835-92d3-4ee2-afc6-15a562384384"
"2020-06-24","SPEND","ULearn Limited Current account","FIRST DATA GL (DD)","545","240.96","B127","","POS23JUN FIRST DATA G","240.96","NONE","AUTHORISED","52e95cc4-7002-4b93-8c8c-dc2e209d07ab"
"2020-06-24","SPEND","ULearn Limited Current account","Woodies","545","61.96","A101A","","POS23JUN WOODIES DIY","61.96","NONE","AUTHORISED","3f395d91-4fb9-4cd4-8913-6bff32158d1f"
"2020-06-24","RECEIVE","ULearn Limited Current account","ULearn-Student","931","79","100","","ULS2020 06 24 ULS2 GP","79","NONE","AUTHORISED","259497b6-e856-4da6-88fb-d75124917d44"
"2020-06-29","SPEND","ULearn Limited Current account","Bank Charges","","10","B127","","BOI BOL CHARGE","10","NONE","AUTHORISED","691ec2c6-4ade-4f4c-ad02-b43334b56ce9"
"2020-06-29","SPEND","ULearn Limited Current account","Lenehans","221","32.43","A101A","","POSC26JUN LENEHANS","32.43","NONE","AUTHORISED","b2e61e54-041d-4942-8d5a-6722c6dd2706"
"2020-06-29","SPEND","ULearn Limited Current account","Bank Charges","407","0.04","B127","","NEPOSCHGUSD 000000.04","0.04","NONE","AUTHORISED","1916d42b-0973-4b47-9814-6a3306dc29ab"
"2020-06-29","SPEND","ULearn Limited Current account","SOFTWARE","553","2.2","B106","","P2606BG  2.46@0.89430","2.2","NONE","AUTHORISED","4d6d4b9c-9023-4ec0-b8d4-bd72dd2a3894"
"2020-06-26","RECEIVE","ULearn Limited Current account","ULearn-Student","931","395","100","","TRANSFERENCIA      GP","395","NONE","AUTHORISED","02b6d6de-acd1-4348-ac0c-513ebb93ee93"
"2020-06-25","SPEND","ULearn Limited Current account","Daft","545","64","B110","","POS24JUN DAFT","64","NONE","AUTHORISED","54f646e9-a2dc-4a5d-ba77-7f0c12fed631"
"2020-06-25","SPEND","ULearn Limited Current account","PREPAYPOWER","545","70","B105A","","POS24JUN PREPAYPOWER","70","NONE","AUTHORISED","6e8b8b8b-c92d-42f2-9ec1-4aa93cc6469c"
"2020-07-04","SPEND","ULearn Limited Current account","Woodies","","110.75","A101A","","Accommodation Fixtures ","110.75","NONE","AUTHORISED","26751cea-1f0a-42eb-9146-6538e5b9d7ba"
"2020-02-20","SPEND","ULearn Limited Current account","Amazon","553","39.78","A101","","P1902GB 32.99@1.20581","39.78","NONE","AUTHORISED","bde430d2-2fe1-41f4-aa53-f516d909056e"
"2020-03-04","SPEND","ULearn Limited Current account","Memotech","545","220.17","B102","","POS03MAR PAYPAL *MEMO","220.17","NONE","AUTHORISED","7321666e-52a7-4bdd-a3c2-e59bf8626da0"
"2020-04-06","SPEND","ULearn Limited Current account","Clipchamp","553","66.89","B106","","P0304AU 72.00@0.92902","66.89","NONE","AUTHORISED","a46f08ed-8953-4894-809c-485adf301ae3"
"2020-06-10","SPEND","ULearn Limited Current account","Amazon","553","23.68","A101","","P0806GB 20.99@1.12815","23.68","NONE","AUTHORISED","7e434ff7-d809-4a83-8032-7ab2c7389c27"
"2020-06-30","RECEIVE","ULearn Limited Current account","ULearn-Student","931","1000","100","","BRENO ENGLISH      GP","1000","NONE","AUTHORISED","2e9e3b4d-75f5-435b-8ceb-6125fdfcc9f1"
"2020-06-30","RECEIVE","ULearn Limited Current account","ULearn-Student","931","800","100","","BRENO SILVA        GP","800","NONE","AUTHORISED","e54b21af-3689-4fab-aa0c-6246d3e4437e"
"2020-06-30","RECEIVE","ULearn Limited Current account","ULearn-Student","931","1000","100","","CAMILA FERNANDES   GP","1000","NONE","AUTHORISED","48d20745-f9c6-4234-b12a-12da619b04d3"
"2020-07-01","RECEIVE","ULearn Limited Current account","ULearn-Student","931","1000","100","","ENGLISH COURSE     GP","1000","NONE","AUTHORISED","cfac8694-da18-49d5-9acb-bbd714c8c7b9"
"2020-07-01","RECEIVE","ULearn Limited Current account","ULearn-Student","931","2940","100","","alojamiento y curs GP","2940","NONE","AUTHORISED","d8e79927-a867-4e93-97b6-7d159a4e5d5c"
"2020-07-01","RECEIVE","ULearn Limited Current account","ULearn-Student","931","1680.8","100","","inscription Clara  GP","1680.8","NONE","AUTHORISED","d183577a-476e-4155-bf28-41ee81c392ea"
"2020-07-01","RECEIVE","ULearn Limited Current account","ULearn-Student","931","600","100","","CAMILA FERNANDES   GP","600","NONE","AUTHORISED","fdfc4525-2c5a-4a2f-9ffd-de3057e8b02b"
"2020-07-01","RECEIVE","ULearn Limited Current account","ULearn-Student","931","425","100","","ENGLISH COURSE     GP","425","NONE","AUTHORISED","f8248350-07ef-4095-bb0d-a0449e1622fa"
"2020-07-01","RECEIVE","ULearn Limited Current account","ULearn-Student","769","1675","100","","31490 DOLORES REGINA","1675","NONE","AUTHORISED","37abdcae-c096-40ed-b76f-b28cfb81b3a3"
"2020-07-03","RECEIVE","ULearn Limited Current account","ULearn-Student","931","978","100","","COURSE ALESSANDRA  GP","978","NONE","AUTHORISED","6a40518e-a462-468b-9663-0949aea0d44b"
"2020-07-03","RECEIVE","ULearn Limited Current account","ULearn-Student","931","79","100","","ONLINE 15 06/07/20 GP","79","NONE","AUTHORISED","a57ab52d-04c7-438e-8c82-8cf1ff6cc105"
"2020-07-03","RECEIVE","ULearn Limited Current account","ULearn-Student","931","156","100","","D2020345 V4        GP","156","NONE","AUTHORISED","44fccf0e-f95d-4fb4-adaf-46c4b849fbc0"
"2020-07-03","RECEIVE","ULearn Limited Current account","ULearn-Student","931","6","100","","ALE COURSE         GP","6","NONE","AUTHORISED","a867999c-7802-4672-96b9-ff45972925bc"
"2020-07-03","RECEIVE","ULearn Limited Current account","ULearn-Student","931","522","100","","ALE COURSE         GP","522","NONE","AUTHORISED","d4ebbda4-44df-477a-91c6-a05f1ef807b3"
"2020-07-03","RECEIVE","ULearn Limited Current account","ULearn-Student","931","158","100","","MLE   CHEVRIER CHR GP","158","NONE","AUTHORISED","f89d3fce-f9c1-4714-acec-f7fb20fac0bd"
"2020-07-06","RECEIVE","ULearn Limited Current account","ULearn-Student","931","512","100","","CYRILL SCHLITTLER? GP","512","NONE","AUTHORISED","4d84cb38-38c7-47a6-a421-dfeb16763d1c"
"2020-07-06","RECEIVE","ULearn Limited Current account","ULearn-Student","621","316","100","","365  Waraporn Raysant","316","NONE","AUTHORISED","3711595f-1435-48ea-aa87-09640a38e38c"
"2020-07-03","SPEND","ULearn Limited Current account","Google - CARD","545","76.75","B106","","POS02JUL GOOGLE *GSUI","76.75","NONE","AUTHORISED","f011bcdb-121c-42d6-8738-4c41ab34562c"
"2020-07-03","SPEND","ULearn Limited Current account","Amazon","545","18.14","B102","","POS02JUL AMZNMktplace","18.14","NONE","AUTHORISED","6035c99e-1a1b-4246-a636-42c2871863a8"
"2020-07-06","SPEND","ULearn Limited Current account","GODADDY","545","14.21","B106","","POS05JUL GODADDY COM","14.21","NONE","AUTHORISED","15402441-9497-4c28-812f-399416ba0d83"
"2020-06-30","SPEND","ULearn Limited Current account","Right Price Tiles","545","542.5","A102A","","POS29JUN RIGHT PRICE","542.5","NONE","AUTHORISED","32fa2f9d-1c7d-4a5f-981b-707742eea8c8"
"2020-07-02","SPEND","ULearn Limited Current account","LETSHOST","545","33.2","B106","","POS01JUL LETSHOST.IE","33.2","NONE","AUTHORISED","bca903c3-6ac2-46ee-95cc-667b92d98c7f"
"2020-07-02","SPEND","ULearn Limited Current account","VidaXL","545","59.99","A101A","","POS01JUL VidaxlIE","59.99","NONE","AUTHORISED","86ef9631-1550-4274-a74c-62b76eefe6da"
"2020-07-02","SPEND","ULearn Limited Current account","Hardware","545","275.26","A101A","","POS01JUL PAYPAL *BATH Hardware","275.26","NONE","AUTHORISED","ecaa1fc3-7fad-4ed2-8e02-babd4e63ede0"
"2020-07-06","SPEND","ULearn Limited Current account","Woodies","","34.98","A101A","","Fixtures","34.98","NONE","AUTHORISED","4b3642c4-0613-4e4d-8f87-4e377db0ef8a"
"2020-07-07","RECEIVE","ULearn Limited Current account","ULearn-Student","931","491","100","","ULS2020 07 07 ULS2 GP","491","NONE","AUTHORISED","ce56a087-03b6-42b3-a1a0-946a30afd5d7"
"2020-07-07","RECEIVE","ULearn Limited Current account","ULearn-Student","931","675","100","","START 3 AUGUST     GP","675","NONE","AUTHORISED","75b5bd12-642b-4890-8cf9-92893062baa9"
"2020-07-07","RECEIVE","ULearn Limited Current account","ULearn-Student","930","186","100","","NELY CARELLE","186","NONE","AUTHORISED","802ef594-e635-4ca5-a1f7-2dfd01ee573b"
"2020-07-07","RECEIVE","ULearn Limited Current account","Gabriel Adrian Picco","931","500","102","","500 EU RENT G PICC GP","500","NONE","AUTHORISED","13402d5b-4cc4-4a2e-b966-d8c0d42ba055"
"2020-07-07","SPEND","ULearn Limited Current account","Woodies","221","2.99","A101A","","POSC06JUL WOODIES DIY","2.99","NONE","AUTHORISED","9d476661-f203-42bc-9b09-566a37e7de18"
"2020-07-08","RECEIVE","ULearn Limited Current account","ULearn-Student","931","1000","104","","PAGO SARAY         GP","1000","NONE","AUTHORISED","89c58611-75c3-4ea6-96c1-2c6cdaad732f"
"2020-07-08","RECEIVE","ULearn Limited Current account","Unknown","624","47.06","104","","P0707AU 53.34@0.88226","47.06","NONE","AUTHORISED","9b3220ae-72f2-445a-ad9f-b7d7534cbfe2"
"2020-07-08","SPEND","ULearn Limited Current account","Bank Charges","407","0.16","B127","","NEPOSCHGGBP 000000.16","0.16","NONE","AUTHORISED","8c73e238-e5d8-43da-a648-2fb831ae867a"
"2020-01-06","SPEND","ULearn Limited Current account","CARD - Google","","95.94","B106","","GSuite Sub","95.94","NONE","AUTHORISED","4f31542f-d24b-4a89-a88d-b503a696b4e8"
"2020-01-06","SPEND","ULearn Limited Current account","CARD - Google","","95.94","B106","","GSuite Sub","95.94","NONE","AUTHORISED","5fb28bb9-ea9d-4f9b-a0ac-cdbf64d25e23"
"2020-07-08","SPEND","ULearn Limited Current account","SOFTWARE","553","8.23","B106","","P0607GB  7.38@1.11517","8.23","NONE","AUTHORISED","e759a4f6-6c5f-40ec-b305-028b1becb8d0"
"2020-07-08","SPEND","ULearn Limited Current account","Meadows & Byrne","221","44.9","A101A","","POSC07JUL MEADOWS AND","44.9","NONE","AUTHORISED","101095c6-b070-4c11-8f81-0269f52972b0"
"2020-07-09","RECEIVE","ULearn Limited Current account","ULearn-Student","931","60","100","","PAGO SARAY         GP","60","NONE","AUTHORISED","48ebbc19-0f08-4cad-8302-3ae3e59ab864"
"2020-07-09","RECEIVE","ULearn Limited Current account","ULearn-Student","931","565","100","","PAGO SARAY         GP","565","NONE","AUTHORISED","5bf7cd8d-d96d-47ce-aaa7-ee3782a0e206"
"2020-07-09","RECEIVE","ULearn Limited Current account","ULearn-Student","931","237","100","","Clases julio       GP","237","NONE","AUTHORISED","35dc72a1-e7dc-4e62-8003-fb2a1b2dc9cd"
"2020-07-09","RECEIVE","ULearn Limited Current account","ULearn-Student","931","1475","100","","ENGLISH COU 23256  GP","1475","NONE","AUTHORISED","f8aef8cc-989d-473a-87d9-32279a56f8ea"
"2020-07-10","RECEIVE","ULearn Limited Current account","ULearn-Student","931","999","100","","MS ALINA GAIFULLIN GP","999","NONE","AUTHORISED","4056a789-5a93-40be-b283-0427772d182d"
"2020-07-10","RECEIVE","ULearn Limited Current account","ULearn-Student","931","200","100","","ENGLISH COURSE     GP","200","NONE","AUTHORISED","cc24a016-0b12-40dd-b4b7-0aa518d219c2"
"2020-07-10","RECEIVE","ULearn Limited Current account","ULearn-Student","931","1675","100","","1/AYSE   ULUDAG    GP","1675","NONE","AUTHORISED","47978185-4806-474d-be46-386188fdda23"
"2020-07-10","RECEIVE","ULearn Limited Current account","ULearn-Student","931","100","100","","23256 CINTIA       GP","100","NONE","AUTHORISED","8bb1d0e2-5c58-4799-9181-2b75d35bb89a"
"2020-07-10","RECEIVE","ULearn Limited Current account","ULearn-Student","931","114","100","","MS ALINA GAIFULLIN GP","114","NONE","AUTHORISED","68ee4624-749d-49bf-8086-1d5befe0d604"
"2020-07-10","RECEIVE","ULearn Limited Current account","ULearn-Student","931","79","100","","ONLINE 15 13/07/20 GP","79","NONE","AUTHORISED","71fcc4b4-0083-4dda-9321-287d381c204a"
"2020-07-10","RECEIVE","ULearn Limited Current account","ULearn-Student","890","160","100","","CREDIT TRANSFE 398030","160","NONE","AUTHORISED","9a9700f6-7630-4783-9a3c-a59d2a3a1d9a"
"2020-07-13","RECEIVE","ULearn Limited Current account","ULearn-Student","931","1000","100","","JAQUELIN           GP","1000","NONE","AUTHORISED","20c58972-fb5c-4191-8702-fb2ef7e19d58"
"2020-07-13","RECEIVE","ULearn Limited Current account","ULearn-Student","931","550","100","","MARIA VASQUEZ      GP","550","NONE","AUTHORISED","c8adf219-5850-40e0-ab17-977442f357cc"
"2020-07-13","RECEIVE","ULearn Limited Current account","ULearn-Student","931","925","100","","MARIA VASQUEZ      GP","925","NONE","AUTHORISED","feba7475-0244-4bbd-ad17-a9ccec80ac63"
"2020-07-14","RECEIVE","ULearn Limited Current account","ULearn-Student","931","79","100","","ULS2020 07 14 ULS2 GP","79","NONE","AUTHORISED","dc40d4b3-8d96-4e72-b84e-646b8e52c76d"
"2020-07-13","RECEIVE","ULearn Limited Current account","Gabriel Adrian Picco","931","300","102","","G PICCO TOTAL DEBT GP","300","NONE","AUTHORISED","9cb60a7c-c875-420e-9875-7f9975904152"
"2020-07-13","SPEND","ULearn Limited Current account","B&Q","545","95.07","A101A","","POS12JUL B & Q IRELAN","95.07","NONE","AUTHORISED","5d981c55-d047-492b-83c3-57cdddbb4cb4"
"2020-07-13","SPEND","ULearn Limited Current account","GoDaddy.com, LLC - CARD","545","49.59","B106","","POS12JUL DNH*GODADDY.","49.59","NONE","AUTHORISED","d9f7fb28-1371-4ced-a4f5-0723b70a8205"
"2020-07-13","SPEND","ULearn Limited Current account","GoDaddy.com, LLC - CARD","545","125.82","B106","","POS11JUL DNH*GODADDY.","125.82","NONE","AUTHORISED","41b33ca3-b0af-4797-ad11-67afb469390e"
"2020-07-13","SPEND","ULearn Limited Current account","VidaXL","545","325.98","A101A","","POS10JUL VidaxlIE","325.98","NONE","AUTHORISED","424ea26d-9651-459d-ad90-f917921bd512"
"2020-07-10","SPEND","ULearn Limited Current account","Crown Decorating Centres","","10.89","A101A","","Hardware","10.89","NONE","AUTHORISED","2862683c-fe7b-448b-807f-885066e4649e"
"2020-07-12","SPEND","ULearn Limited Current account","Woodies","","76.01","A101A","","Fixtuees And Fitting Accomm","76.01","NONE","AUTHORISED","e5b9bb87-dfef-4e98-8970-33850c0c41c2"
"2020-07-13","SPEND","ULearn Limited Current account","Amazon","545","42.88","A101A","","POS10JUL AMZN Mktp UK","42.88","NONE","AUTHORISED","2f3710bb-d164-4da2-a23e-c12b140f2943"
"2020-07-14","SPEND","ULearn Limited Current account","PH Ross Plumbing & Heating Centre Cabra","221","21.19","A101A","","POSC13JUL PH ROSS CAB","21.19","NONE","AUTHORISED","9b4d2370-ee9c-4769-ac71-fd2440506303"
"2020-07-14","SPEND","ULearn Limited Current account","Lemon Jelly","221","28","B115","","POSC13JUL LEMON JELLY","28","NONE","AUTHORISED","9c35ce2c-398c-4493-8241-99ab9d56cc1d"
"2020-07-13","SPEND","ULearn Limited Current account","Fresh","221","8.8","B115","","POSC12JUL FRESH GOOD","8.8","NONE","AUTHORISED","c72dde99-e5d1-4504-91af-3289d4ce880e"
"2020-07-15","RECEIVE","ULearn Limited Current account","ULearn-Student","931","158","100","","0016OTXXXXXXXX22 S GP","158","NONE","AUTHORISED","c29b534e-107b-4e3e-aa41-4400f48bfdd6"
"2020-07-15","RECEIVE","ULearn Limited Current account","ULearn-Student","931","2820","100","","ULS2020 07 15 ULS2 GP","2820","NONE","AUTHORISED","a24933b3-440f-4e77-aede-7695fd974d37"
"2020-07-15","SPEND","ULearn Limited Current account","Bank Charges","540","1.04","B127","","EFT DD CHARGES","1.04","NONE","AUTHORISED","60b1da03-7186-47f0-9442-24aa979d87b1"
"2020-07-15","SPEND","ULearn Limited Current account","Bank Charges","540","1.92","B127","","EFT DD CHARGES","1.92","NONE","AUTHORISED","c24be9b9-2c83-4946-9654-d1b642e11e67"
"2020-07-15","SPEND","ULearn Limited Current account","Bank Charges","540","0.96","B127","","EFT DD CHARGES","0.96","NONE","AUTHORISED","575cc3b7-8a54-4550-98bf-d00ee7ef937f"
"2020-07-15","SPEND","ULearn Limited Current account","PREPAYPOWER","545","50","B105A","","POS14JUL PREPAYPOWER","50","NONE","AUTHORISED","e22c2ff9-a937-477a-8cc0-d211cfb206d1"
"2020-07-15","SPEND","ULearn Limited Current account","ZOOM","545","279.09","B106","","POS14JUL ZOOM.EUR","279.09","NONE","AUTHORISED","a87ee436-cef8-41f6-9ca3-c02e7334f228"
"2020-07-15","SPEND","ULearn Limited Current account","National Tile Dublin","","90","A101A","","Accommodation Fixting ","90","NONE","AUTHORISED","98a3db31-d2d8-4cfc-8d06-972aae86cdee"
"2020-07-16","SPEND","ULearn Limited Current account","Homebase","","51.42","A101A","","Fixtures ","51.42","NONE","AUTHORISED","b2c8f9b8-ae3a-4b00-92ec-4f6397a42ee0"
"2020-07-16","SPEND","ULearn Limited Current account","Crown Decorating Centres","","14.48","A101A","","Fixtures ","14.48","NONE","AUTHORISED","73228ba3-6070-4f7d-b190-84ab193783c0"
"2020-07-17","SPEND","ULearn Limited Current account","B&Q","","134.72","A101A","","Fixtures ","134.72","NONE","AUTHORISED","0d9258a9-832b-4286-8f1f-e2cfb9a9822e"
"2020-07-16","RECEIVE","ULearn Limited Current account","ULearn-Student","931","1000","100","","ENGLISH COURSE 1ST GP","1000","NONE","AUTHORISED","dd0a6f44-7eee-4adf-822e-074162b196f9"
"2020-07-16","RECEIVE","ULearn Limited Current account","ULearn-Student","931","273","100","","ENGLISH COURSE 2D  GP","273","NONE","AUTHORISED","62148cb8-c768-4e10-b5fc-8f8d1f8a688c"
"2020-07-16","RECEIVE","ULearn Limited Current account","ULearn-Student","931","144","100","","WINICIOS DA SILVA  GP","144","NONE","AUTHORISED","c3d90fbd-0222-4485-83b6-78fdd5f25109"
"2020-07-17","RECEIVE","ULearn Limited Current account","ULearn-Student","931","158","100","","ONLINE 15 20/07/20 GP","158","NONE","AUTHORISED","93a257b0-7b3b-44bc-9578-04396a0218e5"
"2020-07-17","RECEIVE","ULearn Limited Current account","ULearn-Student","878","1450","100","","23280","1450","NONE","AUTHORISED","fc1fd1a7-a8b0-4d62-928a-1826abd482d2"
"2020-07-20","RECEIVE","ULearn Limited Current account","ULearn-Student","931","1000","100","","PAULA LIMA FARIA   GP","1000","NONE","AUTHORISED","5be01ee1-9397-4bec-ac1f-e69af42c4219"
"2020-07-20","RECEIVE","ULearn Limited Current account","ULearn-Student","931","1000","100","","COURSE PAYMENT     GP","1000","NONE","AUTHORISED","e11723fd-9137-44d0-abb1-d1dc35bbf293"
"2020-07-20","RECEIVE","ULearn Limited Current account","ULearn-Student","931","1000","100","","MELISSA GONZALEZ   GP","1000","NONE","AUTHORISED","fcb5b758-48f4-4dca-a89b-75afd1e43af4"
"2020-07-20","RECEIVE","ULearn Limited Current account","ULearn-Student","931","1950","100","","VERENA MORNING CLA GP","1950","NONE","AUTHORISED","be5f5253-317f-412a-94d8-089b7e65ca94"
"2020-07-20","SPEND","ULearn Limited Current account","Bank Charges","407","0.53","B127","","NEPOSCHGUSD 000000.53","0.53","NONE","AUTHORISED","54d2d3a3-b1c1-4a0e-b573-249cb0fdbc0e"
"2020-07-17","SPEND","ULearn Limited Current account","Fintan Carney","","1413.17","E104B","","TO FINTAN CARNEY","1413.17","NONE","AUTHORISED","b5f57ce9-d953-4ae7-85df-b635e9e59e62"
"2020-07-17","SPEND","ULearn Limited Current account","David Mac Redmond","","1400.01","E104B","","TO DAVID MAC REDMOND","1400.01","NONE","AUTHORISED","6abee494-b5b7-4b10-953c-ed1155220d67"
"2020-07-17","SPEND","ULearn Limited Current account","PATRICIA KELLETT","","1542.97","E104B","","TO PATRICIA KELLETT","1542.97","NONE","AUTHORISED","01d7e837-4966-4e39-8ec0-3e706d17d270"
"2020-07-17","SPEND","ULearn Limited Current account","NEILAN Govender","","1400.01","E104B","","TO NEILAN GOVENDER","1400.01","NONE","AUTHORISED","294c40cb-bee4-4378-8a89-976290ebcfe8"
"2020-07-17","SPEND","ULearn Limited Current account","Neil Mc Mahon","","1516.67","C105","","TO NEIL MCMAHON","1516.67","NONE","AUTHORISED","8d269215-ee8c-41b3-98fb-9d255970aaf4"
"2020-07-17","SPEND","ULearn Limited Current account","Paul Gill","","1516.68","E104B","","Payroll","1516.68","NONE","AUTHORISED","2e6f87c5-903f-4e67-8630-86afd26e466e"
"2020-07-17","SPEND","ULearn Limited Current account","ROISIN MOORE","","1719.3","E104B","","Payroll","1719.3","NONE","AUTHORISED","65cc493e-1a56-426b-8d6b-5e4747e8fcad"
"2020-07-17","SPEND","ULearn Limited Current account","Diego Silva Maia","","1515.25","E104B","","Payroll","1515.25","NONE","AUTHORISED","0c122726-d91d-4e69-9c40-eb989c451749"
"2020-07-17","SPEND","ULearn Limited Current account","MARGARET WOODS","","403.77","E104B","","TO MARGARET WOODS","403.77","NONE","AUTHORISED","8e3a80f5-fcbc-437e-9be2-7643c665d7e1"
"2020-07-17","SPEND","ULearn Limited Current account","Lucas Xavier","","1516.68","E104B","","Payroll","1516.68","NONE","AUTHORISED","6acde163-ec78-48e5-854d-06cf5c57c438"
"2020-07-20","SPEND","ULearn Limited Current account","CARD - Google","545","9.99","B106","","POS18JUL GOOGLE *Goog","9.99","NONE","AUTHORISED","88389334-2ae3-4390-abe5-0666e8dd3ca0"
"2020-07-17","SPEND","ULearn Limited Current account","GoDaddy.com, LLC - CARD","545","71.93","B106","","POS16JUL GODADDY COM","71.93","NONE","AUTHORISED","31e1d465-8c15-46db-894b-33829ef12c41"
"2020-07-17","SPEND","ULearn Limited Current account","Fresh","221","14.1","B102","","POSC16JUL FRESH GOOD","14.1","NONE","AUTHORISED","ac072db2-a400-48c8-a3a8-62771872ee9c"
"2020-07-17","SPEND","ULearn Limited Current account","Phoenix Magazine","545","9","B121","","POS16JUL PHOENIX MAGA","9","NONE","AUTHORISED","4b9cd00c-97cb-4b1e-afcf-859f024be70b"
"2020-07-20","SPEND","ULearn Limited Current account","Xero Subscription - CARD","553","26.38","B106","","P1707US 30.00@0.87933","26.38","NONE","AUTHORISED","4215e0ab-ddfb-4283-acb8-16032d60c1f2"
"2020-07-20","SPEND","ULearn Limited Current account","Woodies","","21.99","A101A","","Fixtures And Fittings ","21.99","NONE","AUTHORISED","5983bdc2-e679-49d1-8355-cdc6ac1bd7e4"
"2020-07-21","RECEIVE","ULearn Limited Current account","ULearn-Student","","675","100","","MELISSA GONZALEZ   GP","675","NONE","AUTHORISED","dc850586-9086-4ac5-ac4a-76bdf57f2327"
"2020-07-21","RECEIVE","ULearn Limited Current account","ULearn-Student","","545","100","","PAULA LIMA FARIA   GP","545","NONE","AUTHORISED","84324f6e-29a2-4f50-9692-6866c7d83b96"
"2020-07-21","RECEIVE","ULearn Limited Current account","ULearn-Student","931","285","100","","ULS2020 07 21 ULS2 GP","285","NONE","AUTHORISED","0858e9b2-d17e-4475-a874-1e5e5cb1fba7"
"2020-07-21","SPEND","ULearn Limited Current account","PREPAYPOWER","545","70","B105A","","POS20JUL PREPAYPOWER","70","NONE","AUTHORISED","879e0986-6d4d-457e-af96-07bded89d422"
"2020-02-24","SPEND","ULearn Limited Current account","BOI LIFE INSURANCE","OP/BoI LIFE SEPA DD","51.03","B119","","OP/BoI LIFE   SEPA DD","51.03","NONE","AUTHORISED","d841efea-21a2-4117-b2c9-e3185d5022e9"
"2020-02-24","SPEND","ULearn Limited Current account","BOI LIFE INSURANCE","OP/BoI LIFE SEPA DD","47.05","B119","","OP/BoI LIFE   SEPA DD","47.05","NONE","AUTHORISED","136d0209-80c0-45e9-815e-fe81c6759d90"
"2020-07-22","SPEND","ULearn Limited Current account","Zopim - CARD","","12.26","B106","","Zendesk - Monthly payment","12.26","NONE","AUTHORISED","29e0175a-c717-4d8d-82fd-52e3d87dab8b"
"2020-07-22","SPEND","ULearn Limited Current account","Bank Charges","407","0.25","B127","","NEPOSCHGUSD 000000.25","0.25","NONE","AUTHORISED","2b6dff38-1359-4503-81ef-edb330c4f40f"
"2020-07-22","SPEND","ULearn Limited Current account","GoDaddy.com, LLC - CARD","545","32.23","B106","","POS21JUL GODADDY COM","32.23","NONE","AUTHORISED","385ca4d1-2b70-4aaa-aa7f-467f5e1bf1e9"
"2020-07-22","SPEND","ULearn Limited Current account","ADOBE","545","30.74","B106","","POS21JUL Adobe.com","30.74","NONE","AUTHORISED","3a72992e-7d18-4821-ad0f-6fce681fd6be"
"2020-02-25","SPEND","ULearn Limited Current account","GMELIUS","545","6.89","B106","","POS24FEB GMELIUS","6.89","NONE","AUTHORISED","a9941721-21f4-4db0-a54e-a3200d30830c"
"2020-02-25","SPEND","ULearn Limited Current account","Bank Charges","407","1.28","B127","","NEPOSCHGUSD 000001.28","1.28","NONE","AUTHORISED","631f43b7-e2d7-49f1-8fb4-5e637ee06c58"
"2020-02-25","SPEND","ULearn Limited Current account","GODADDY","545","235.3","B106","","POS24FEB PAYPAL *GODA","235.3","NONE","AUTHORISED","2f1721c4-7167-4933-bd83-2d7702f481db"
"2020-02-24","RECEIVE","ULearn Limited Current account","ULearn-Student","931","3995","100","","ULS2020 02 24      GP","3995","NONE","AUTHORISED","362729f8-349a-4c40-84e6-e5f372358c46"
"2020-07-23","RECEIVE","ULearn Limited Current account","ULearn-Student","931","1000","100","","3RD SCHOOL PRICE   GP","1000","NONE","AUTHORISED","0d60f7ab-56f0-4d61-a061-5c5dbfb2ea11"
"2020-07-23","RECEIVE","ULearn Limited Current account","ULearn-Student","931","1000","100","","3RD SCHOOL PRICE   GP","1000","NONE","AUTHORISED","ca88eff4-f8aa-4663-a0fe-e5933cf7c2b9"
"2020-07-23","RECEIVE","ULearn Limited Current account","ULearn-Student","931","200","100","","3RD SCHOOL PRICE   GP","200","NONE","AUTHORISED","4494c247-d8bd-448f-9742-ba477b402fe5"
"2020-07-23","RECEIVE","ULearn Limited Current account","ULearn-Student","931","1000","100","","3RD SCHOOL PRICE   GP","1000","NONE","AUTHORISED","1d4a4c0f-2418-4458-b1ac-99578dc98944"
"2020-07-23","RECEIVE","ULearn Limited Current account","ULearn-Student","878","1725","100","","23270","1725","NONE","AUTHORISED","f73aeee3-fc26-4c1e-833e-66c981124e44"
"2020-07-24","RECEIVE","ULearn Limited Current account","ULearn-Student","931","1000","100","","ULEARNBRUNA        GP","1000","NONE","AUTHORISED","c7f5c6a8-e931-4ec4-a8a0-e6d8120d4ba0"
"2020-07-24","SPEND","ULearn Limited Current account","Lenehans","221","44.93","A101A","","POSC23JUL LENEHANS","44.93","NONE","AUTHORISED","ce2a9570-c182-4e77-b7f4-ce96ead6e449"
"2020-07-17","SPEND","ULearn Limited Current account","Chopped","221","21.2","B102","","POSC16JUL CHOPPED CAM","21.2","NONE","AUTHORISED","085c3039-694f-4335-932c-f0ae7576ad2b"
"2020-07-15","SPEND","ULearn Limited Current account","Do Falafel","221","17","B115","","POSC14JUL DO FALAFEL","17","NONE","AUTHORISED","c6201546-5f9b-4311-8098-202a7b621da8"
"2020-07-25","SPEND","ULearn Limited Current account","B&Q","","218.7","A101A","","Fixtures and fittings ","218.7","NONE","AUTHORISED","db025cbf-d3b6-4227-aec5-a2356b740fff"
"2020-07-27","RECEIVE","ULearn Limited Current account","ULearn-Student","931","1000","100","","M LUIZA MARINHO    GP","1000","NONE","AUTHORISED","b2ae62f0-1834-4a7b-80a2-b998b8bce01c"
"2020-07-27","RECEIVE","ULearn Limited Current account","ULearn-Student","931","675","100","","b52339c9677e40938a GP","675","NONE","AUTHORISED","59479f32-0268-45a4-bc39-8d8b16a9bf55"
"2020-07-27","RECEIVE","ULearn Limited Current account","ULearn-Student","931","675","100","","ULEARNBRUNA        GP","675","NONE","AUTHORISED","ff56d0cd-9fe2-46b2-a31a-42cfad890017"
"2020-07-27","SPEND","ULearn Limited Current account","Bank Charges","407","0.04","B127","","NEPOSCHGUSD 000000.04","0.04","NONE","AUTHORISED","f7a7d3fa-b213-49bd-ac01-0683de5d3bac"
"2020-07-27","SPEND","ULearn Limited Current account","Gtmhub - OKR","553","2.12","B106","","P2607BG  2.46@0.86178","2.12","NONE","AUTHORISED","b9250818-5786-4d31-98c6-5a205510b346"
"2020-07-27","SPEND","ULearn Limited Current account","CARD - Google","545","500","B110","","POS25JUL GOOGLE *ADS1","500","NONE","AUTHORISED","748b22a6-685d-4360-869d-17e853e40473"
"2020-07-23","SPEND","ULearn Limited Current account","General Expenses","545","120","A101","","ATM22JUL DUBLIN","120","NONE","AUTHORISED","88b51071-bef9-4853-a704-29f9ab77c67e"
"2020-06-17","SPEND","ULearn Limited Current account","General Expenses","545","100","B102","","ATM15JUN DUBLIN","100","NONE","AUTHORISED","de39d3e1-0a50-495c-a83b-1e1f7512c43b"
"2020-07-27","SPEND","ULearn Limited Current account","B&Q","","84","A101A","","Fixtures ","84","NONE","AUTHORISED","60882086-4dfe-4538-bdc4-b0ae8c23933a"
"2020-07-27","SPEND","ULearn Limited Current account","Martin Services - CARD","","617.24","B102","","Scott Multifold Hand Towels , face mask & gloves.","617.24","NONE","AUTHORISED","86aa2694-1f67-4288-8cc3-8f502694d6c5"
"2020-07-28","SPEND","ULearn Limited Current account","Bank Charges","","10","B127","","BOI BOL CHARGE","10","NONE","AUTHORISED","370e7178-0726-4027-b137-c825dd7d984d"
"2020-07-27","SPEND","ULearn Limited Current account","Homebase","","43.25","A101A","","Fixtures ","43.25","NONE","AUTHORISED","6a6c05e7-3d88-4fa4-82ce-34a51d9ef14e"
"2020-07-28","RECEIVE","ULearn Limited Current account","ULearn-Student","931","2900","100","","FELIPE AND IAN FEL GP","2900","NONE","AUTHORISED","5aa9362f-1914-4bd1-a737-9e4854a36cd0"
"2020-07-28","RECEIVE","ULearn Limited Current account","ULearn-Student","931","188","100","","ULS2020 07 28 ULS2 GP","188","NONE","AUTHORISED","26e62435-3cb3-4f46-a8b8-652b165c914b"
"2020-07-29","SPEND","ULearn Limited Current account","GoDaddy.com, LLC - CARD","545","103.17","B106","","POS28JUL DNH*GODADDY.","103.17","NONE","AUTHORISED","0223cb65-7541-41da-a5ca-7392ea7e40c0"
"2020-07-29","RECEIVE","ULearn Limited Current account","Linguatrip","931","2154","104","","ULS2020 07 29 ULS2 GP","2154","NONE","AUTHORISED","d685f139-9f0e-4248-81de-6cf46bbd80cf"
"2020-07-30","RECEIVE","ULearn Limited Current account","ULearn-Student","931","420","100","","15 DIAS DE RESIDEN GP","420","NONE","AUTHORISED","53e7734a-6541-43a5-b136-2d9834003304"
"2020-07-30","RECEIVE","ULearn Limited Current account","ULearn-Student","931","1705","100","","1/CINTHIA HUELGAS  GP","1705","NONE","AUTHORISED","90d213d4-8ea4-4002-8f1b-a41f8c55dda2"
"2020-07-30","RECEIVE","ULearn Limited Current account","ULearn-Student","931","1700","100","","SCHOOL RENEW FILIP GP","1700","NONE","AUTHORISED","c960175f-48cf-420c-ac5a-fea3fb973522"
"2020-07-28","SPEND","ULearn Limited Current account","SP FUTURE","545","663.01","B102","","POS27JUL SP * FUTURE","663.01","NONE","AUTHORISED","2ca0ed55-fca6-4a45-b86d-23f20d6aa1f4"
"2020-07-30","SPEND","ULearn Limited Current account","McCann Builder Supplier","545","108.5","A101A","","POS29JUL T MCCANN BUI","108.5","NONE","AUTHORISED","65fd5b2c-802b-4d03-a2eb-736d8ec4ae2a"
"2020-07-31","SPEND","ULearn Limited Current account","CARD - Google","3768441922","76.75","B106","","Google Cloud - G Suite

Summary for Jul 1, 2020 - Jul 31, 2020","76.75","NONE","AUTHORISED","abf70733-515c-47fe-b6e2-8cbd01d87ce6"
"2020-07-31","SPEND","ULearn Limited Current account","Centra","","25.9","A101","","Accommodation","25.9","NONE","AUTHORISED","7fe88975-2a9d-4a4d-87b4-a42f2d4c7822"
"2020-07-31","RECEIVE","ULearn Limited Current account","Blackhall Green - Apartment","931","6400","101","","AUGUS RENT DEPOSIT GP","6400","NONE","AUTHORISED","d7eb2c32-935a-4ddd-89f6-2e0a0e7648cf"
"2020-08-04","RECEIVE","ULearn Limited Current account","ULearn-Student","931","79","100","","22694              GP","79","NONE","AUTHORISED","232e2a3f-a435-486c-92cc-b236a716134d"
"2020-08-04","SPEND","ULearn Limited Current account","CARD - Google","545","500","B110","","POS01AUG GOOGLE *ADS1","500","NONE","AUTHORISED","c5c9694a-6484-49d6-bfc2-fea4f020a88b"
"2020-08-04","SPEND","ULearn Limited Current account","Daft","545","64","B110","","POS03AUG DAFT","64","NONE","AUTHORISED","b5d29eba-265f-47ef-894e-d7cdded56850"
"2020-08-04","SPEND","ULearn Limited Current account","PREPAYPOWER","545","20","B105A","","POS03AUG PREPAYPOWER","20","NONE","AUTHORISED","c7f49b29-39b2-4c1f-a7af-274244b91116"
"2020-08-04","SPEND","ULearn Limited Current account","TURLEY ASSOCS","537","2000","B100","","TO TURLEY ASSOCS","2000","NONE","AUTHORISED","b9c39f33-760f-4ed7-89bf-e949cda8619c"
"2020-08-05","RECEIVE","ULearn Limited Current account","ULearn-Student","931","182","100","","Nicolas Sanchez Ma GP","182","NONE","AUTHORISED","1426d797-b588-4d3c-b093-603c9c222204"
"2020-08-05","RECEIVE","ULearn Limited Current account","ULearn-Student","931","2155","100","","1/ROBERTO MU OZ GO GP","2155","NONE","AUTHORISED","f9a50d52-c137-4fd2-a71c-a3dd85ff31e2"
"2020-08-05","RECEIVE","ULearn Limited Current account","ULearn-Student","931","1950","100","","RSXXXXXXXX000032 P GP","1950","NONE","AUTHORISED","843df68a-6019-4df0-809f-ce8159df7186"
"2020-08-05","SPEND","ULearn Limited Current account","DID Electrical","","79.99","B102","","Non contact thermometer ","79.99","NONE","AUTHORISED","bbe9cf35-5395-44eb-9b69-48fd550a9af6"
"2020-08-06","RECEIVE","ULearn Limited Current account","ULearn-Student","931","458","100","","Nogara Christian I GP","458","NONE","AUTHORISED","3e541572-c26b-4711-b765-6bafb0c88794"
"2020-08-06","RECEIVE","ULearn Limited Current account","ULearn-Student","621","316","100","","365  Waraporn Raysant","316","NONE","AUTHORISED","b20973b7-d129-481b-abcd-5b6b689ed02c"
"2020-08-06","SPEND","ULearn Limited Current account","Indeed - CARD","31581423","203.71","B110","","March 2020 Advertising indeed.com","203.71","NONE","AUTHORISED","c31f8f6d-2bdf-4996-97c8-dad91ad439fc"
"2020-08-05","SPEND","ULearn Limited Current account","Bank Charges","","24.5","B127","","Refund student - bank charge","24.5","NONE","AUTHORISED","e517ecc6-9a87-4789-b93b-812839a6f065"
"2020-08-07","RECEIVE","ULearn Limited Current account","ULearn-Student","931","512","100","","Invoice No. D20203 GP","512","NONE","AUTHORISED","684b7195-036d-4a3a-acf3-d254d2d84040"
"2020-08-10","RECEIVE","ULearn Limited Current account","ULearn-Student","931","1344","100","","PAYMENT.INVOICE.P2 GP","1344","NONE","AUTHORISED","480d4958-6a1f-47aa-8b4c-c69074d60494"
"2020-08-11","RECEIVE","ULearn Limited Current account","ULearn-Student","931","345","100","","ALESSANDRA AZEVEDO GP","345","NONE","AUTHORISED","4995479b-ebbe-4529-945a-6aaacc00ecb6"
"2020-08-11","RECEIVE","ULearn Limited Current account","ULearn-Student","931","1000","100","","ILEANA ENGLISH COU GP","1000","NONE","AUTHORISED","b3005566-f8b4-46a0-8d63-4ba9438f9799"
"2020-08-11","RECEIVE","ULearn Limited Current account","ULearn-Student","931","475","100","","ENGLISH COURSE     GP","475","NONE","AUTHORISED","649cb711-0363-471c-bde7-017dddfb3c0c"
"2020-08-10","SPEND","ULearn Limited Current account","CARD - Google","545","500","B110","","POS07AUG GOOGLE *ADS1","500","NONE","AUTHORISED","c05f8284-f415-4b0c-9906-3c302ac4a8c0"
"2020-08-12","SPEND-TRANSFER","ULearn Limited Current account","","","100","ACC1","","Bank Transfer to Petty Cash.","-100","","AUTHORISED","6881f095-557c-4966-86e8-4971a281fd2a"
"2020-08-07","SPEND","ULearn Limited Current account","Thomas Lenehan","","11.36","A101","","Hardware - Accomodation","11.36","NONE","AUTHORISED","f1d4d387-ca98-4100-a9ce-f56cd2c64d5d"
"2020-08-10","SPEND","ULearn Limited Current account","Dublin Airport","545","3","B102","","POS06AUG DUBLIN PORT","3","NONE","AUTHORISED","bd34edbe-be8e-46f0-8d2a-beb2741a0c63"
"2020-08-06","SPEND","ULearn Limited Current account","B&Q","545","85.75","A101A","","POS05AUG B & Q IRELAN","85.75","NONE","AUTHORISED","adf0080e-d296-4fe4-891a-c8a87369990a"
"2020-08-06","SPEND","ULearn Limited Current account","ScrewFix","545","48.45","A101A","","POS05AUG SCREWFIX","48.45","NONE","AUTHORISED","4ebadc49-104b-4dbc-854b-de55bd406f5a"
"2020-08-12","RECEIVE","ULearn Limited Current account","ULearn-Student","931","1900","100","","BATSAIKHAN         GP","1900","NONE","AUTHORISED","0f60aaf5-fd05-4ec1-8b5f-d59f6e6a2e8a"
"2020-03-18","SPEND","ULearn Limited Current account","Tully Rinckey Ireland","","184.5","B118A","","POS16MAR TULLY RINCKE","184.5","NONE","AUTHORISED","0249d23b-c3e1-49bb-9b00-a49d93ad15a7"
"2020-08-10","SPEND","ULearn Limited Current account","Virgin Media","545","500","B104A","","POS08AUG UPC","500","NONE","AUTHORISED","464f10bf-f07b-4ebb-a208-b73e6b0aaa88"
"2020-08-12","SPEND","ULearn Limited Current account","Virgin Media","545","95","B104A","","POS11AUG UPC","95","NONE","AUTHORISED","d483b0cc-d9e1-4655-8a46-3ed9b20a099d"
"2020-08-12","SPEND","ULearn Limited Current account","Virgin Media","545","95","B104A","","POS11AUG UPC","95","NONE","AUTHORISED","6c05a585-1df3-49f7-a5f4-baa101de8b7e"
"2020-02-28","SPEND","ULearn Limited Current account","Virgin Media","340","91","B104A","","VIRGIN MEDIA  SEPA DD","91","NONE","AUTHORISED","ff19c4fd-de31-4f42-b3aa-80eac931b3c1"
"2020-02-04","SPEND","ULearn Limited Current account","Virgin Media","Internet & Telephone","117","B104A","","VIRGIN MEDIA SEPA DD","117","NONE","AUTHORISED","5b627227-6abf-4972-a60d-8003150dfff9"
"2020-01-27","SPEND","ULearn Limited Current account","Virgin Media","","92.25","B104A","","Service","92.25","NONE","AUTHORISED","735218a3-87cf-4e59-b9d4-6ccffc66e3e6"
"2020-01-27","SPEND","ULearn Limited Current account","Virgin Media","","92.25","B104A","","Service","92.25","NONE","AUTHORISED","2926589c-66f7-42aa-a735-114429fc2868"
"2020-02-27","SPEND","ULearn Limited Current account","Virgin Media","340","92.25","B104A","","VIRGIN MEDIA  SEPA DD","92.25","NONE","AUTHORISED","27d8639a-700c-4c01-8400-f462d23055e8"
"2020-08-13","SPEND","ULearn Limited Current account","Harcourt Landrette","248047","34.5","A101","","Wash and press","34.5","NONE","AUTHORISED","bde6fd66-06e8-4bbf-aa6b-5f03ac999b02"
"2020-08-13","SPEND","ULearn Limited Current account","Fallon Byrne","1348529","0.76","B102","","supplies","0.76","NONE","AUTHORISED","d090876d-9f4d-4b93-96a4-3937749336d6"
"2020-08-13","RECEIVE","ULearn Limited Current account","ULearn-Student","931","1000","100","","MS YINGXIN JIANG   GP","1000","NONE","AUTHORISED","341e5300-c98b-4c63-9b15-19be6db680c2"
"2020-08-14","RECEIVE","ULearn Limited Current account","ULearn-Student","931","625","100","","MS YINGXIN JIANG   GP","625","NONE","AUTHORISED","beac0b2f-6157-42b0-bf53-cd38919a9fc8"
"2020-08-14","RECEIVE","ULearn Limited Current account","ULearn-Student","931","100","100","","KAREN DURAN        GP","100","NONE","AUTHORISED","e9bb82c6-51ff-467d-8dea-1329d7e14674"
"2020-08-17","RECEIVE","ULearn Limited Current account","ULearn-Student","931","39","100","","ULS2020 08 17 ULS2 GP","39","NONE","AUTHORISED","0749d8aa-f238-417e-aea1-59b0c4f003b6"
"2020-08-17","RECEIVE","ULearn Limited Current account","ULearn-Student","931","280","100","","Nicolas Sanchez Ma GP","280","NONE","AUTHORISED","544b2154-05d1-4b2e-b1dd-bbe64ce7c22f"
"2020-08-17","SPEND","ULearn Limited Current account","Bank Charges","407","0.25","B127","","NEPOSCHGUSD 000000.25","0.25","NONE","AUTHORISED","e942b161-17dc-485c-9492-67b5004b22ae"
"2020-08-17","SPEND","ULearn Limited Current account","PREPAYPOWER","545","70","B105A","","POS16AUG PREPAYPOWER","70","NONE","AUTHORISED","4b18762c-3f83-413a-9636-f0d4889c8cca"
"2020-08-17","SPEND","ULearn Limited Current account","Phoenix Magazine","545","9","B121","","POS16AUG PHOENIX MAGA","9","NONE","AUTHORISED","015117e1-bb28-4308-b4fb-2ec68aa8abc6"
"2020-08-14","SPEND","ULearn Limited Current account","ZOOM","545","279.09","B106","","POS13AUG ZOOM.EUR","279.09","NONE","AUTHORISED","36474fb7-26c2-4074-b2db-786827aa6b5b"
"2020-08-13","SPEND","ULearn Limited Current account","Zoho","545","18.45","B106","","POS12AUG ZOHO-ZOHO CO","18.45","NONE","AUTHORISED","a4a3797e-cae4-4413-88f3-1ee9f7d54c28"
"2020-08-13","SPEND","ULearn Limited Current account","Zoho","545","3.69","B106","","POS12AUG ZOHO-PEOPLE","3.69","NONE","AUTHORISED","c9c2b8b0-a654-44b0-93c3-6deeb0e6db96"
"2020-08-13","SPEND","ULearn Limited Current account","Zoho","545","1.23","B106","","POS12AUG ZOHO-PEOPLE","1.23","NONE","AUTHORISED","23ad6aeb-ce5b-48a6-80f5-665661843b0c"
"2020-08-13","SPEND","ULearn Limited Current account","GoDaddy.com, LLC - CARD","545","6.14","B106","","POS12AUG DNH*GODADDY.","6.14","NONE","AUTHORISED","3908d229-d517-433f-aae4-3f56fd07cd1f"
"2020-08-14","SPEND","ULearn Limited Current account","GoDaddy.com, LLC - CARD","545","94.27","B106","","POS13AUG GODADDY.COM","94.27","NONE","AUTHORISED","e6ff0afe-b42c-4056-a5e9-630cc1e84179"
"2020-08-13","SPEND","ULearn Limited Current account","Google - CARD","545","500","B110","","POS12AUG GOOGLE *ADS1","500","NONE","AUTHORISED","3c9be220-8765-45b2-a5dd-3929feb2d26f"
"2020-08-14","SPEND","ULearn Limited Current account","WONDER IDEA TECHNOLOGY LIMITED","545","13.19","B106","","POS12AUG PAYPAL *WOND","13.19","NONE","AUTHORISED","11bed32a-063b-47c3-8582-6b9ff9b5f45c"
"2020-08-18","RECEIVE","ULearn Limited Current account","ULearn-Student","931","5295","100","","Payment Invoice Nu GP","5295","NONE","AUTHORISED","3df28617-79d7-495a-a2e8-f81838063dab"
"2020-08-18","RECEIVE","ULearn Limited Current account","ULearn-Student","931","1000","100","","JAVIER GONZALEZ    GP","1000","NONE","AUTHORISED","d4d6dab5-7e55-4c0f-a36b-4cc4fa03d003"
"2020-08-18","RECEIVE","ULearn Limited Current account","ULearn-Student","931","158","100","","ULS2020 08 18 ULS2 GP","158","NONE","AUTHORISED","9b30ebb3-d44c-4314-beea-78b78f2f4021"
"2020-08-17","SPEND","ULearn Limited Current account","Xero Subscription - CARD","IN-2232608","25.37","B106","","ULearn. Monthly Subscription, Standard Price Plan, 17 Jul 2020 to 16 Aug 2020. ","25.37","NONE","AUTHORISED","c4338ec9-55ec-449d-aa54-df11b6af7ca9"
"2020-08-18","SPEND","ULearn Limited Current account","Bank Charges","407","0.51","B127","","NEPOSCHGUSD 000000.51","0.51","NONE","AUTHORISED","1d26f2f6-4abd-4405-9531-6099401b9b01"
"2020-08-18","SPEND","ULearn Limited Current account","Lenehans","","1.56","A101","","Hardware","1.56","NONE","AUTHORISED","60852d3d-0b94-4d81-82ba-1f4854ea650b"
"2020-08-05","RECEIVE","ULearn Limited Current account","ULearn-Student","931","6738.2","100","","Apartment Pesenti  GP","6738.2","NONE","AUTHORISED","93c74f0b-bd68-4697-a209-1686d9d0b3b2"
"2020-08-19","RECEIVE","ULearn Limited Current account","ULearn-Student","931","675","100","","JAVIER GONZALEZ M  GP","675","NONE","AUTHORISED","3ff69d95-0c6f-467b-b0fb-a0817da5b2ff"
"2020-08-17","SPEND","ULearn Limited Current account","Thomas Lenehan","","21.85","A101A","","Hardware ","21.85","NONE","AUTHORISED","0d55d228-7e47-4218-b336-c65f346569fa"
"2020-08-19","SPEND","ULearn Limited Current account","CARD - Google","545","9.99","B110","","POS18AUG GOOGLE *Goog","9.99","NONE","AUTHORISED","8cdec1fb-e537-4161-974c-cd3640cfb1c9"
"2020-08-18","SPEND","ULearn Limited Current account","Thomas Lenehan","221","13.83","A102A","","POSC17AUG LENEHANS","13.83","NONE","AUTHORISED","fdc7b864-634d-4253-ab2d-e0b21f2b6fae"
"2020-08-17","SPEND","ULearn Limited Current account","TradingView","553","12.69","B106","","P1408US 14.95@0.84882","12.69","NONE","AUTHORISED","2850530f-17fe-4134-af25-e7a4ba0fecbb"
"2020-08-10","SPEND","ULearn Limited Current account","Dunnes Stores","221","16","B102","","POSC09AUG DUNNES HENR","16","NONE","AUTHORISED","daa8eb82-ca7f-40c0-af89-f8b1acb457a7"
"2020-08-20","SPEND","ULearn Limited Current account","CARD - Google","545","500","B110","","POS19AUG GOOGLE*ADS10","500","NONE","AUTHORISED","32e93705-371a-4d4e-93bc-da2de227dc83"
"2020-08-10","SPEND","ULearn Limited Current account","Snap - Print design","545","356.7","B116","","POS07AUG SNAP LEESON","356.7","NONE","AUTHORISED","e1c7d676-d413-4da6-985e-0b536be4bf37"
"2020-08-20","SPEND","ULearn Limited Current account","Dunnes Stores","","5","B102","","Bathroom cleaner ","5","NONE","AUTHORISED","0d5d59cc-0bd6-4c32-83fc-3650a24b758c"
"2020-08-21","SPEND","ULearn Limited Current account","EFLOW","545","6.1","B102","","POS20AUG EFLOW.IE","6.1","NONE","AUTHORISED","3e3c0372-38ce-4da6-8be0-b8f71cdf6baf"
"2020-08-22","SPEND","ULearn Limited Current account","Noel Hancock","138","55","A104","","Transfer Fumie Takezawa to Heyday carman hall D8","55","NONE","AUTHORISED","53e39e63-39df-4d24-85fa-0472c6125ab0"
"2020-08-24","SPEND","ULearn Limited Current account","Bank Charges","","0.51","B127","","NEPOSCHGUSD 000000.51","0.51","NONE","AUTHORISED","4760a55c-c2c8-4472-adb4-3293659d5a0a"
"2020-08-24","SPEND","ULearn Limited Current account","Bank Charges","","0.24","B127","","NEPOSCHGUSD 000000.24","0.24","NONE","AUTHORISED","a5f89d6f-8c86-4513-9852-309076081c8e"
"2020-08-24","RECEIVE","ULearn Limited Current account","ULearn-Student","931","512","100","","ONLINE 15 24/08/20 GP","512","NONE","AUTHORISED","e2872126-ff6f-492f-bc07-3decac51a215"
"2020-08-24","RECEIVE","ULearn Limited Current account","ULearn-Student","931","2325","100","","REDREEV GEORGIY YU GP","2325","NONE","AUTHORISED","a847f7f5-0686-4dad-9798-ae5a64371381"
"2020-08-24","RECEIVE","ULearn Limited Current account","ULearn-Student","931","1806","100","","Course Payment Vir GP","1806","NONE","AUTHORISED","8aa34094-e013-4b9d-aae7-cb40df1a5051"
"2020-08-24","SPEND","ULearn Limited Current account","TradingView","553","25.48","B106","","P2208US 29.95@0.85075","25.48","NONE","AUTHORISED","a2c17991-b5da-4dfb-836a-de0c35e57186"
"2020-08-20","SPEND","ULearn Limited Current account","Zopim - CARD","INV06060154","11.91","B106","","Chat Basic Subscription
08/20/2020-09/19/2020
Mont","11.91","NONE","AUTHORISED","20998420-4f48-4545-9923-34cbe52cce36"
"2020-08-24","SPEND","ULearn Limited Current account","ADOBE","545","30.74","B106","","POS21AUG Adobe.com","30.74","NONE","AUTHORISED","f72109d1-4d9f-46b4-9e9e-c1433632e50b"
"2020-08-24","SPEND","ULearn Limited Current account","Daft","545","99","B110","","POS21AUG DAFT","99","NONE","AUTHORISED","7bfbf694-4586-4387-b03d-4b895d41c8b7"
"2020-08-24","SPEND","ULearn Limited Current account","McCanns Builders & DIY","DW116769","30","A101A","","Classi Seal - Hardware","30","NONE","AUTHORISED","9420d5f0-86e4-46de-b780-4e4b18c06555"
"2020-08-25","RECEIVE","ULearn Limited Current account","ULearn-Student","931","1450","100","","ASLI PASOGLU BLUE  GP","1450","NONE","AUTHORISED","a5cc4ccc-b342-41d3-9e6b-2f87f0527e2d"
"2020-08-25","RECEIVE","ULearn Limited Current account","ULearn-Student","931","690","100","","Ana Prieto English GP","690","NONE","AUTHORISED","16c97e38-fe1f-4132-a005-fce21eff643a"
"2020-08-25","RECEIVE","ULearn Limited Current account","ULearn-Student","931","1850","100","","MARIANA RIOS       GP","1850","NONE","AUTHORISED","7552d227-fd03-42ae-9725-6200ddf0779c"
"2020-08-25","RECEIVE","ULearn Limited Current account","ULearn-Student","931","250","100","","ZHENXU YE          GP","250","NONE","AUTHORISED","d38c8e70-59c4-4df3-9d74-99c9f53892ba"
"2020-08-25","RECEIVE","ULearn Limited Current account","ULearn-Student","931","2195","100","","ULS2020 08 25 ULS2 GP","2195","NONE","AUTHORISED","8248e562-200a-4c29-a1b4-886f0bebb551"
"2020-08-25","SPEND","ULearn Limited Current account","ScrewFix","545","32.95","A101A","","POS24AUG SCREWFIX","32.95","NONE","AUTHORISED","bae4f964-aca6-4c35-943f-ad2920f84b05"
"2020-08-26","RECEIVE","ULearn Limited Current account","ULearn-Student","931","3220","100","","ZOUBIR AOMAR       GP","3220","NONE","AUTHORISED","fc6cab80-a9eb-4ef6-a06c-d61c25dcf1b5"
"2020-08-26","RECEIVE","ULearn Limited Current account","ULearn-Student","931","741.2","100","","ULS2020 08 26 ULS2 GP","741.2","NONE","AUTHORISED","34d29ae8-65b8-4d84-8425-5fe281871823"
"2020-08-26","RECEIVE","ULearn Limited Current account","ULearn-Student","621","1086","100","","365  P2020590 Andrea","1086","NONE","AUTHORISED","6bfba2c0-f47b-4462-a38b-e30d43c200ba"
"2020-08-26","RECEIVE","ULearn Limited Current account","ScrewFix","624","65.9","A101A","","POS25AUG SCREWFIX","65.9","NONE","AUTHORISED","e179e48c-f11a-4f24-8d92-ddc018eb3965"
"2020-08-25","RECEIVE","ULearn Limited Current account","ULearn-Student","931","3715","100","","1/MLLE MARGAUX MIN GP","3715","NONE","AUTHORISED","59bc2cac-a1f8-4247-a367-8bf0b5a15f3d"
"2020-08-26","SPEND","ULearn Limited Current account","ScrewFix","545","65.9","A101A","","POS25AUG SCREWFIX","65.9","NONE","AUTHORISED","78df9f69-157e-4f24-9f9c-141eb7050331"
"2020-08-26","SPEND","ULearn Limited Current account","ScrewFix","","93.9","A101A","","POS25AUG SCREWFIX","93.9","NONE","AUTHORISED","6d385274-93bf-4e5a-aa1d-5b2db9260ec6"
"2020-08-14","SPEND","ULearn Limited Current account","PAYROLL","","16861.2","E104B","","Payroll June (4wkers & salary)","16861.2","NONE","AUTHORISED","e6cebe86-8aca-4a9c-94c1-758d280f0167"
"2020-08-27","SPEND","ULearn Limited Current account","Bank Charges","","0.04","B127","","NEPOSCHGUSD 000000.04","0.04","NONE","AUTHORISED","0bc240ae-9eac-49d0-8ad1-864857a5edda"
"2020-08-27","RECEIVE","ULearn Limited Current account","ULearn-Student","931","563","100","","MARIA PAULA ESPOND GP","563","NONE","AUTHORISED","27f5174d-a808-4a13-a26d-6b41c39aa015"
"2020-08-27","RECEIVE","ULearn Limited Current account","ULearn-Student","931","39","100","","ULS2020 08 27 ULS2 GP","39","NONE","AUTHORISED","3830651d-daa7-4941-ac58-a0bdb6882cbf"
"2020-08-27","SPEND","ULearn Limited Current account","CARD - Google","545","500","B110","","POS25AUG GOOGLE *ADS1","500","NONE","AUTHORISED","13c50f73-b8df-49ae-8ce7-55bf37469aef"
"2020-08-31","SPEND","ULearn Limited Current account","Mobile Fix","","74","B102","","Office Equipment","74","NONE","AUTHORISED","5ea6fdb7-bfd3-410f-889a-f6841c5c4267"
"2020-08-31","SPEND","ULearn Limited Current account","Indeed - CARD","34915722","295.48","B110","","August 2020 Advertising on Indeed.com","295.48","NONE","AUTHORISED","0714b891-eccc-4035-8aaf-5671a97b79cc"
"2020-08-31","SPEND","ULearn Limited Current account","CARD - Google","3783983630","76.75","B106","","Google Cloud - G suit

Summary for Aug 1, 2020 - Aug 31, 2020
","76.75","NONE","AUTHORISED","a06f36e0-20e7-40cc-a521-ad84a6047181"
"2020-09-07","RECEIVE","ULearn Limited Current account","ULearn-Student","931","5336.4","104","","8388ecXXXXXXXX07 U GP","5336.4","NONE","AUTHORISED","ad201881-0100-4273-a551-2193a80d10f9"
"2020-08-31","RECEIVE","ULearn Limited Current account","ULearn-Student","931","3059","100","","Jeremy LEGIGAN     GP","3059","NONE","AUTHORISED","b8903cd0-2e62-4439-b28a-41b1a50d27b2"
"2020-09-01","RECEIVE","ULearn Limited Current account","ULearn-Student","931","154","100","","AMELIA MARIA UCEDA GP","154","NONE","AUTHORISED","9337559c-4b7f-41b3-a046-2fa14bac3b1b"
"2020-09-01","RECEIVE","ULearn Limited Current account","ULearn-Student","931","1500","100","","SAINTUYA TAIVANKHU GP","1500","NONE","AUTHORISED","f85768c7-8834-4a75-8810-8349007c131c"
"2020-09-01","RECEIVE","ULearn Limited Current account","ULearn-Student","931","1000","100","","SCHOOL             GP","1000","NONE","AUTHORISED","b474270e-eec0-419f-a80a-332d85a198be"
"2020-09-01","RECEIVE","ULearn Limited Current account","Blackhall Green - Apartment","931","3200","101","","RENT SEPTEMBER     GP","3200","NONE","AUTHORISED","48f6bc6f-fcbc-4e3a-a4bd-5a092284dda2"
"2020-08-28","SPEND","ULearn Limited Current account","Bank Charges","540","10","B127","","BOI BOL CHARGE","10","NONE","AUTHORISED","0ccb9b9e-830d-4716-b5b1-c1e028ba208b"
"2020-08-28","SPEND","ULearn Limited Current account","Bank Charges","407","0.02","B127","","NEPOSCHGGBP 000000.02","0.02","NONE","AUTHORISED","169e9977-b6bd-4768-bf0c-093f1a37a031"
"2020-08-28","SPEND","ULearn Limited Current account","Bank Charges","407","0.18","B127","","NEPOSCHGGBP 000000.18","0.18","NONE","AUTHORISED","e3f4f416-79ab-47c8-af59-98931865f844"
"2020-08-28","SPEND","ULearn Limited Current account","Bank Charges","407","0.06","B127","","NEPOSCHGGBP 000000.06","0.06","NONE","AUTHORISED","76131317-ff18-4fd1-a0d6-6c6c9acf9141"
"2020-08-28","SPEND","ULearn Limited Current account","Bank Charges","407","0.04","B127","","NEPOSCHGGBP 000000.04","0.04","NONE","AUTHORISED","7dc4c0cb-6f58-4475-92b5-e16516afd0c6"
"2020-09-01","SPEND","ULearn Limited Current account","Bank Charges","407","0.36","B127","","NEPOSCHGGBP 000000.36","0.36","NONE","AUTHORISED","f5f5b47a-f5f2-416b-98d8-504d4faa8bfb"
"2020-08-28","SPEND","ULearn Limited Current account","SOFTWARE","553","2.93","B106","","P2708GB  2.62@1.11832","2.93","NONE","AUTHORISED","cf978a10-bb7e-46d8-800e-708930cdad1f"
"2020-08-28","SPEND","ULearn Limited Current account","SOFTWARE","553","0.92","B106","","P2708GB  0.82@1.12195","0.92","NONE","AUTHORISED","5900cc4d-d849-4d9f-9374-1c470b8d89a6"
"2020-08-28","SPEND","ULearn Limited Current account","SOFTWARE","553","8.86","B106","","P2708GB  7.91@1.12010","8.86","NONE","AUTHORISED","ef933f5a-b3b3-4f5f-93c6-34196b156cad"
"2020-08-28","SPEND","ULearn Limited Current account","SOFTWARE","553","2.11","B106","","P2708GB  1.88@1.12234","2.11","NONE","AUTHORISED","4fc7b205-4d5e-4c69-8574-59848db7478b"
"2020-09-16","RECEIVE","ULearn Limited Current account","ULearn-Student","","1000","100","","PRICILLA MEZZOTERO GP","1000","NONE","AUTHORISED","bc681115-d429-4169-acdf-769be6add39d"
"2020-09-16","RECEIVE","ULearn Limited Current account","ULearn-Student","","11490","100","","8388ECXXXXXXXX16 U GP","11490","NONE","AUTHORISED","d29bb421-218b-4164-a0e9-fdf605b3a4d6"
"2020-09-17","RECEIVE","ULearn Limited Current account","ULearn-Student","","675","100","","PRICILLA FERREIRA  GP","675","NONE","AUTHORISED","d8088a79-c47c-49f6-8d47-d3f47634d754"
"2020-09-17","RECEIVE","ULearn Limited Current account","ULearn-Student","","3340","100","","VRT ULEARN LIMITED GP","3340","NONE","AUTHORISED","7d332154-4c84-424d-b588-4b9e42eeff40"
"2020-10-12","RECEIVE","ULearn Limited Current account","PATRICIA KELLETT","Illness benefit received from deasp pay period August 10 to sept 4","609","104","","365  IB payment Trici","609","NONE","AUTHORISED","8e3ef78f-0d6b-4382-857f-3d42631531e0"
"2020-10-09","RECEIVE","ULearn Limited Current account","ULearn-Student","","362","100","","ENGLISH COURSE GLO GP","362","NONE","AUTHORISED","834d3681-d75d-4a38-8c39-5ebd2e1c8d4d"
"2020-10-12","RECEIVE","ULearn Limited Current account","ULearn-Student","","1685","100","","Carmen Esteban   m GP","1685","NONE","AUTHORISED","35f9ad75-bbaf-45a4-aea4-f8c1047f6df8"
"2020-10-12","RECEIVE","ULearn Limited Current account","ULearn-Student","","4067","100","","INVOICE  P2020690  GP","4067","NONE","AUTHORISED","dcba4e87-4ae5-48f8-a895-8738acd23f48"
"2020-10-12","RECEIVE","ULearn Limited Current account","ULearn-Student","","1927","100","","ULS2020 10 12 ULS2 GP","1927","NONE","AUTHORISED","1190e1c5-3d16-40e2-85ba-b90429623181"
"2020-10-01","RECEIVE","ULearn Limited Current account","ULearn-Student","","800","100","","KIMBERLY AGUILAR R GP","800","NONE","AUTHORISED","74796915-2e3c-4155-b23c-4b0625790111"
"2020-10-05","RECEIVE","ULearn Limited Current account","ULearn-Student","","588","100","","ULS2020 10 05 ULS2 GP","588","NONE","AUTHORISED","b98c0091-0f76-4ac7-9319-5acc3d9f33fa"
"2020-10-06","RECEIVE","ULearn Limited Current account","ULearn-Student","","1536.33","100","","FILIPPO PANARELLO  GP","1536.33","NONE","AUTHORISED","e987c9d1-3be3-4146-baeb-43499a6acd60"
"2020-10-06","RECEIVE","ULearn Limited Current account","ULearn-Student","","104","100","","ENGLISH LESSONS TO GP","104","NONE","AUTHORISED","bc383cd3-3ac8-4c26-86d3-188317811f39"
"2020-10-06","RECEIVE","ULearn Limited Current account","ULearn-Student","","79","100","","365  COURSES General","79","NONE","AUTHORISED","2292c8ad-e915-4175-88c5-c732e2f1c79d"
"2020-10-07","RECEIVE","ULearn Limited Current account","ULearn-Student","","578","100","","COURSE             GP","578","NONE","AUTHORISED","e264b2bd-540e-4a66-a913-ff943a458edf"
"2020-10-08","RECEIVE","ULearn Limited Current account","ULearn-Student","","2966","100","","ULS2020 10 08 ULS2 GP","2966","NONE","AUTHORISED","810207d4-787e-4201-af83-6552237fb689"
"2020-11-02","RECEIVE","ULearn Limited Current account","ULearn-Student","931","50","100","","ADMIN FEE          GP","50","NONE","AUTHORISED","596243ec-54d4-4603-8452-61b5d7a801e1"
"2020-11-03","RECEIVE","ULearn Limited Current account","ULearn-Student","931","35","100","","Beatriz S.nchez Co GP","35","NONE","AUTHORISED","23708219-3bc7-4e23-beb2-e02fad12c89f"
"2020-11-03","RECEIVE","ULearn Limited Current account","ULearn-Student","931","1536.33","100","","FILIPPO PANARELLO  GP","1536.33","NONE","AUTHORISED","546a428c-6965-4a70-8cb7-86308110b1ae"
"2020-11-03","RECEIVE","ULearn Limited Current account","ULearn-Student","931","250","100","","ULS2020 11 03 ULS2 GP","250","NONE","AUTHORISED","89caf600-9865-4a72-b1de-c1e20e63be24"
"2020-11-04","RECEIVE","ULearn Limited Current account","ULearn-Student","931","60","100","","LAGRANGE           GP","60","NONE","AUTHORISED","0ecb9d86-8ff7-4483-9a91-bc4c8715df83"
"2020-11-04","RECEIVE","ULearn Limited Current account","ULearn-Student","931","158","100","","ENGLISH COURSE GLO GP","158","NONE","AUTHORISED","fbeb5101-2d90-4231-9ea3-107a597cefbb"
"2020-11-05","RECEIVE","ULearn Limited Current account","ULearn-Student","931","40","100","","ULS2020 11 05      GP","40","NONE","AUTHORISED","580db20f-4077-41e6-aca9-49ce530e7f32"
"2020-11-06","RECEIVE","ULearn Limited Current account","ULearn-Student","931","580","100","","LAGRANGE           GP","580","NONE","AUTHORISED","cd0a1a35-03f9-45b3-b7c0-9bb7658e9c42"
"2020-11-09","RECEIVE","ULearn Limited Current account","ULearn-Student","931","1480","100","","PABLO ALVAREZ FLOR GP","1480","NONE","AUTHORISED","c1255eb9-851c-4bfc-bc0d-c38775d00414"
"2020-11-10","RECEIVE","ULearn Limited Current account","ULearn-Student","769","450","100","","30113 TRAVELNOWAGENCY","450","NONE","AUTHORISED","8ba72317-d2fb-4b5c-8bdf-7a66d37ea117"
"2020-11-10","SPEND","ULearn Limited Current account","Cafe Nero","221","9.6","B115","","POSC08NOV CAFFE NERO","9.6","NONE","AUTHORISED","841a8888-e1d7-4982-ac41-04cf4f79470a"
"2020-11-10","SPEND","ULearn Limited Current account","PAYROLL","331","17078.69","E104B","","CONTRA            CTO","17078.69","NONE","AUTHORISED","6de6d85d-1024-4f15-aec3-457ed5da1492"
"2020-11-10","SPEND","ULearn Limited Current account","PAYROLL","537","514.8","E104B","","TO ALEXANDRA O'NEAL","514.8","NONE","AUTHORISED","b819a42a-45e4-4137-8e0c-4c33f018313a"
"2020-11-09","RECEIVE","ULearn Limited Current account","WAACC","931","6250","101","","WAACC 11           GP","6250","NONE","AUTHORISED","fe297112-14b2-4d09-b17c-941b59d6da4c"
"2020-08-31","RECEIVE","ULearn Limited Current account","WAACC","Deposit ","6250","101","","WAACC 1            GP ","6250","NONE","AUTHORISED","557a1946-794a-457d-8298-d996e90949c2"
"2020-11-02","SPEND","ULearn Limited Current account","Bank Charges","407","0.4","B127","","NEPOSCHGGBP 000000.40","0.4","NONE","AUTHORISED","8bf16923-48f5-4021-adf6-ab81d4d99b9e"
"2020-11-04","SPEND","ULearn Limited Current account","Bank Charges","407","0.52","B127","","NEPOSCHGUSD 000000.52","0.52","NONE","AUTHORISED","73d57d86-1db3-4610-8aa0-34c5c2062fbb"
"2020-11-09","SPEND","ULearn Limited Current account","Bank Charges","407","0.18","B127","","NEPOSCHGGBP 000000.18","0.18","NONE","AUTHORISED","8cc4c380-2827-44af-a865-567ffbb1f1fc"
"2020-11-09","SPEND","ULearn Limited Current account","Centra","221","15.12","B115","","POSC07NOV CENTRA","15.12","NONE","AUTHORISED","85eb7bc7-0ceb-4639-9ea1-8c1c9dbe61d5"
"2020-11-09","SPEND","ULearn Limited Current account","Fresh","221","21.39","B115","","POSC07NOV FRESH GOOD","21.39","NONE","AUTHORISED","052b94b9-820e-4116-88f2-5ea1d13b4805"
"2020-11-09","SPEND","ULearn Limited Current account","Woodies","221","32.97","A101A","","POSC08NOV WOODIES DIY","32.97","NONE","AUTHORISED","f5575376-216e-41a7-80d1-3dbb84ac56d3"
"2020-11-09","SPEND","ULearn Limited Current account","Sprout","545","19.9","B115","","POS07NOV SPROUT BAGGO","19.9","NONE","AUTHORISED","69ec31ec-fdc7-48d6-9ca4-7e9fdee4a274"
"2020-11-09","SPEND","ULearn Limited Current account","PREPAYPOWER","545","100","B105A","","POS06NOV PREPAYPOWER","100","NONE","AUTHORISED","e1aa0a45-4736-41aa-b940-8a36339f645f"
"2020-11-09","SPEND","ULearn Limited Current account","Audible - CARD","553","8.89","B121","","P0811GB  7.99@1.11264","8.89","NONE","AUTHORISED","b890c60f-4474-4fb5-a44b-4309c06f51b1"
"2020-08-26","RECEIVE","ULearn Limited Current account","REVENUE COMMISSIONERS","","16861.09","102","","RevComXXXXXXXX2LCV GP","16861.09","NONE","AUTHORISED","bae3c499-dd2b-492f-8bb7-470bee80f56b"
"2020-11-05","RECEIVE","ULearn Limited Current account","REVENUE COMMISSIONERS","931","14891.01","102","","RevComXXXXXXXX92L0 GP","14891.01","NONE","AUTHORISED","ca6a73ff-76db-4d3e-b791-85c76ba87f7d"
"2020-11-04","SPEND","ULearn Limited Current account","Sprout","221","19.9","B115","","POSC03NOV SPROUT BAGG","19.9","NONE","AUTHORISED","35c558ba-7bcb-4e8a-a35a-75c99b7bdff6"
"2020-11-05","SPEND","ULearn Limited Current account","Tesco","221","24.86","B115","","POSC04NOV TESCO STORE","24.86","NONE","AUTHORISED","ee5108f5-24f7-4f64-97e6-01bff9aef4ab"
"2020-04-24","RECEIVE","ULearn Limited Current account","REVENUE COMMISSIONERS","931","19680","102","","RevComXXXXXXXX2LCV GP","19680","NONE","AUTHORISED","08d23ee4-e5e4-4c0a-a1a2-9c2e85eb2a9a"
"2020-11-04","SPEND","ULearn Limited Current account","Starbucks","221","8.05","B115","","POSC03NOV STARBUCKS L","8.05","NONE","AUTHORISED","8d028513-cc7f-4b36-a902-67dc81cc0d16"
"2020-07-27","RECEIVE","ULearn Limited Current account","REVENUE COMMISSIONERS","","16861.09","102","","RevComXXXXXXXX2LCV GP","16861.09","NONE","AUTHORISED","3cd0ab15-3df4-4e83-af9d-45d2a6c69432"
"2020-07-09","RECEIVE","ULearn Limited Current account","REVENUE COMMISSIONERS","931","16861.09","102","","RevComXXXXXXXX2LCV GP","16861.09","NONE","AUTHORISED","1e710d34-96ab-42cf-b349-82be5f35a6e3"
"2020-05-28","RECEIVE","ULearn Limited Current account","REVENUE COMMISSIONERS","931","16861.09","102","","RevComXXXXXXXX2LCV GP","16861.09","NONE","AUTHORISED","28a4e0ba-acf4-4adf-9d7f-982b7c1bf490"
"2020-04-06","RECEIVE","ULearn Limited Current account","REVENUE COMMISSIONERS","931","13804","102","","RevComXXXXXXXX2LCV GP","13804","NONE","AUTHORISED","f76c7614-b6f4-4b4e-ac4e-b9e7d7d47921"
"2020-11-03","SPEND","ULearn Limited Current account","SAPN","221","3.7","B125","","POSC30OCT SAPN","3.7","NONE","AUTHORISED","757e2dbf-88ee-4278-a1ca-797928342181"
"2020-11-03","SPEND","ULearn Limited Current account","General Expenses","221","1.2","B125","","POSC30OCT AUTOROUTE A","1.2","NONE","AUTHORISED","afdde2a9-104c-4076-a865-1de90214bfc6"
"2020-11-02","SPEND","ULearn Limited Current account","Centra","221","2.15","B115","","POSC01NOV CENTRA","2.15","NONE","AUTHORISED","fb9f93be-c093-4e7a-94ac-8dc277c1421b"
"2020-11-02","SPEND","ULearn Limited Current account","Centra","221","2.1","B115","","POSC31OCT CENTRA","2.1","NONE","AUTHORISED","03c113aa-2530-4967-89c8-d0b1d154a6c1"
"2020-11-03","SPEND","ULearn Limited Current account","Tesco","221","11.79","B115","","POSC02NOV TESCO STORE","11.79","NONE","AUTHORISED","71c2df10-39dd-411b-aaed-5e09b79ad657"
"2020-11-04","SPEND","ULearn Limited Current account","TradingView","553","25.76","B106","","P0311US 29.95@0.86010","25.76","NONE","AUTHORISED","4ce75cb7-c2e7-4c58-94d6-fdbb7dc75782"
"2020-11-11","SPEND","ULearn Limited Current account","PAYROLL","537","374.4","E104B","","TO ROBERT KAY","374.4","NONE","AUTHORISED","a9eb9b5c-304e-4286-bec4-ab47eeba7504"
"2020-11-11","RECEIVE","ULearn Limited Current account","ULearn-Student","931","1000","100","","RENEWAL ENGLISH M  GP","1000","NONE","AUTHORISED","e83d5334-5b36-440e-84f6-47b534a9f6d9"
"2020-11-11","SPEND","ULearn Limited Current account","The Good Food","221","9.2","B115","","POSC10NOV THE GOOD FO","9.2","NONE","AUTHORISED","f3c934b3-9978-4fc0-b9f6-e9b5c6d4f591"
"2020-11-02","SPEND","ULearn Limited Current account","General Expenses","221","18.1","B125","","POSC30OCT DYNEFF RST","18.1","NONE","AUTHORISED","bc5baed2-f7a3-435b-a2a9-3990004ad076"
"2020-11-02","SPEND","ULearn Limited Current account","General Expenses","221","1.9","B125","","POSC31OCT DIRECTROUTE","1.9","NONE","AUTHORISED","b4984625-3a9c-4de2-bc79-a3f9877bdc91"
"2020-11-02","SPEND","ULearn Limited Current account","Circle K","221","18.46","B115","","POSC31OCT CIRCLE K CA","18.46","NONE","AUTHORISED","a5544481-5276-4e43-a534-d6fbf5e82afc"
"2020-11-02","SPEND","ULearn Limited Current account","General Expenses","545","5.5","B125","","POS30OCT PT NORMANDIE","5.5","NONE","AUTHORISED","0dd33551-56c7-47cd-a604-5c63e931af09"
"2020-11-02","SPEND","ULearn Limited Current account","General Expenses","545","95.53","B125","","POS30OCT DYNEFF GIBER","95.53","NONE","AUTHORISED","7748ea5e-7ee5-4fcc-917c-1e77c5dc51e2"
"2020-11-02","SPEND","ULearn Limited Current account","General Expenses","545","1.9","B125","","POS01NOV MIDLINK M7/M","1.9","NONE","AUTHORISED","585241ee-ae98-4df9-ba70-a40b088a8b1a"
"2020-11-02","SPEND","ULearn Limited Current account","Tesco","545","61.12","B115","","POS01NOV TESCO STORES","61.12","NONE","AUTHORISED","6510e70f-8e43-46e0-b3c8-f30904808b74"
"2020-10-31","SPEND","ULearn Limited Current account","CARD - Google","3812885152","75.5","B106","","Summary for Oct 1, 2020 - Oct 31, 2020","75.5","NONE","AUTHORISED","d1651c93-7226-4664-b92a-60ad190e05e9"
"2020-11-13","RECEIVE","ULearn Limited Current account","ULearn-Student","769","350","100","","30113 TRAVELNOWAGENCY","350","NONE","AUTHORISED","23228991-1b21-4c5a-9879-6dc69eb93d0b"
"2020-11-12","RECEIVE","ULearn Limited Current account","ULearn-Student","931","100","100","","23349 KIMBERLY AGU GP","100","NONE","AUTHORISED","21d318da-ca94-4302-8c5e-b5dd662b2efd"
"2020-11-12","RECEIVE","ULearn Limited Current account","Ulearn","769","650","100","","30113 TRAVELNOWAGENCY","650","NONE","AUTHORISED","9f31ccf5-d4f3-462c-b0f9-5d091404ff70"
"2020-11-12","RECEIVE","ULearn Limited Current account","REVENUE COMMISSIONERS","931","20408","102","","RevComXXXXXXXX92L0 GP","20408","NONE","AUTHORISED","87e9731d-9065-4487-8195-5055f8d90793"
"2020-11-12","SPEND","ULearn Limited Current account","Zoho","545","22.99","B106","","POS12NOV ZOHO-PEOPLE","22.99","NONE","AUTHORISED","657497bc-ee0a-48ba-88d8-d14368bea7ae"
"2020-02-12","SPEND","ULearn Limited Current account","Bord Gais Energy - DD","4506231157","460.65","B105A","","Supply Address: 32 Capel Street, Dublin 01
Standard Price Plan (22 Nov 19 to 27 Jan 20)","460.65","NONE","AUTHORISED","2802b946-4d8f-40b0-92c0-ebef9723c2b5"
"2020-12-30","SPEND","ULearn Limited Current account","Bank Charges","540","10","B127","","BOI BOL CHARGE","10","NONE","AUTHORISED","cfd1ffe4-c8ce-4d63-a02c-9fb87c1a171e"
"2020-12-02","RECEIVE","ULearn Limited Current account","ULearn-Student","931","640","100","","LAGRANGE LAGRANGE  GP","640","NONE","AUTHORISED","a10834a4-ee52-4693-8682-3856a7a81f64"
"2020-12-02","RECEIVE","ULearn Limited Current account","ULearn-Student","769","1750","100","","30113 TRAVELNOWAGENCY","1750","NONE","AUTHORISED","816077cb-8e02-4424-94d5-6f8002443e28"
"2020-12-03","RECEIVE","ULearn Limited Current account","ULearn-Student","931","1536.33","100","","FILIPPO PANARELLO  GP","1536.33","NONE","AUTHORISED","91e3db08-bf22-46f3-81d0-05d89306647d"
"2020-12-04","RECEIVE","ULearn Limited Current account","ULearn-Student","931","2258","100","","ULS2020 12 04 ULS2 GP","2258","NONE","AUTHORISED","eecbae57-4bf3-4a63-8e34-ca9b2c7a0875"
"2020-12-08","RECEIVE","ULearn Limited Current account","ULearn-Student","931","3226.2","100","","Nichiai Ltd        GP","3226.2","NONE","AUTHORISED","00765048-cd67-4416-b950-604bf14cf1ab"
"2020-12-10","RECEIVE","ULearn Limited Current account","ULearn-Student","931","208","100","","ENGLISH COURSE GLO GP","208","NONE","AUTHORISED","8d66cca1-3fe1-475b-9ef0-2989704ecbfc"
"2020-12-18","RECEIVE","ULearn Limited Current account","ULearn-Student","769","1200","100","","30113 TRAVELNOW","1200","NONE","AUTHORISED","6af0148e-4c99-475d-88e2-35fada20d44b"
"2020-12-21","RECEIVE","ULearn Limited Current account","ULearn-Student","931","2241.4","100","","XXXXXXXXXXXXXXXX80 GP","2241.4","NONE","AUTHORISED","631d87d8-3b32-4522-bf65-0a3afa781005"
"2020-12-21","RECEIVE","ULearn Limited Current account","ULearn-Student","931","2701","100","","XXXXXXXXXXXXXXXX70 GP","2701","NONE","AUTHORISED","47650a4a-249d-4c88-b905-d78d264f842f"
"2020-12-21","RECEIVE","ULearn Limited Current account","ULearn-Student","931","4892","100","","XXXXXXXXXXXXXXXX50 GP","4892","NONE","AUTHORISED","4c9a82ad-9940-41ab-9dca-9db294bb556e"
"2020-12-21","RECEIVE","ULearn Limited Current account","ULearn-Student","769","525","100","","30033 TRAVELNOW","525","NONE","AUTHORISED","c22bc37b-5955-441b-9ae2-02a53c9ee84a"
"2020-12-23","RECEIVE","ULearn Limited Current account","ULearn-Student","931","1915","100","","ALOJAMIENTO Y CLAS GP","1915","NONE","AUTHORISED","00cfdc72-8a22-4f66-b752-0b0a0cd8f11d"
"2020-12-30","RECEIVE","ULearn Limited Current account","ULearn-Student","931","2851","100","","XXXXXXXXXXXXXXXX90 GP","2851","NONE","AUTHORISED","43afdcc4-07b2-4f78-a63c-248e8d09744b"
"2020-12-30","RECEIVE","ULearn Limited Current account","ULearn-Student","931","5312.6","100","","XXXXXXXXXXXXXXXX80 GP","5312.6","NONE","AUTHORISED","0f86d48e-3c4b-4185-9032-8f7118b5c485"
"2020-12-30","SPEND","ULearn Limited Current account","Bank Charges","","0.04","B127","","NEPOSCHGUSD 000000.04","0.04","NONE","AUTHORISED","3276ab39-01b1-4c95-ba42-a9579d3f1129"
"2020-12-18","SPEND","ULearn Limited Current account","Camden Casket","","22.5","B102","","Hardware","22.5","NONE","AUTHORISED","f4ad7eb5-cf20-4228-9e7e-41ab44b80276"
"2020-12-18","SPEND","ULearn Limited Current account","The Bleeding Horse","","24.5","B102","","Food","24.5","NONE","AUTHORISED","f4bdbf71-3781-42ca-9f2a-ee99c502cda4"
"2020-12-20","SPEND","ULearn Limited Current account","Zopim - CARD","INV06489408","11.54","B106","","Chat Basic Subscription
12/20/2020-01/19/2021
Month ","11.54","NONE","AUTHORISED","49f5bda2-be50-4a2b-89ff-e758690489a1"
"2020-12-17","SPEND","ULearn Limited Current account","Xero Subscription - CARD","IN-2470186","24.61","B106","","ULearn. Monthly Subscription, Standard Price Plan, 17 Nov 2020 to 16 Dec 2020.","24.61","NONE","AUTHORISED","8c7838fc-0e47-455a-a157-03820dea3598"
"2020-11-30","SPEND","ULearn Limited Current account","Google - CARD","3826653664","75.5","B106","","Google Cloud - G Suite

Summary for Nov 1, 2020 - Nov 30, 2020","75.5","NONE","AUTHORISED","e24eadd1-ccbe-42a1-8864-02ecda21335d"
"2020-12-04","SPEND","ULearn Limited Current account","PREPAYPOWER","545","100","B105A","","POS03DEC PREPAYPOWER","100","NONE","AUTHORISED","93b60090-48c4-455c-b755-f8ed45045182"
"2020-12-14","SPEND","ULearn Limited Current account","PREPAYPOWER","545","100","B105A","","POS11DEC PREPAYPOWER","100","NONE","AUTHORISED","5a6e9aac-98b2-42ef-b5d3-c49e752225a6"
"2020-12-21","SPEND","ULearn Limited Current account","PREPAYPOWER","545","100","B105A","","POS20DEC PREPAYPOWER","100","NONE","AUTHORISED","857903f9-45ed-473a-8724-aa291bde1476"
"2020-12-30","SPEND","ULearn Limited Current account","PREPAYPOWER","545","100","B105A","","POS29DEC PREPAYPOWER","100","NONE","AUTHORISED","51f81156-f62f-46bd-ada6-8b62107ffd52"
"2020-12-04","SPEND","ULearn Limited Current account","PAYROLL","","18155.99","E104B","","CONTRA            CTO","18155.99","NONE","AUTHORISED","a9a73f82-bd58-49b1-9657-4318fdd0d28b"
"2020-12-04","RECEIVE","ULearn Limited Current account","REVENUE COMMISSIONERS","","20272","102","","RevComXXXXXXXX92L0 GP","20272","NONE","AUTHORISED","66abfa5e-24f9-41a2-92c8-e4640eebcc4d"
"2020-12-04","RECEIVE","ULearn Limited Current account","PAYROLL","931","384.8","E104B","","31745DC398EE460787CTO - Robert Key","384.8","NONE","AUTHORISED","6693773d-16b1-409c-a6f5-3357b7c74811"
"2020-12-08","RECEIVE","ULearn Limited Current account","WAACC","931","6250","101","","WAACC 11           GP","6250","NONE","AUTHORISED","e05c00ff-77d9-4443-af28-faa4b41a6390"
"2020-12-08","SPEND","ULearn Limited Current account","Centra Capel Street","221","19.9","A101","","POSC05DEC CENTRA CAPE","19.9","NONE","AUTHORISED","1c126881-7191-449e-94ff-ba43595fa479"
"2020-12-08","SPEND","ULearn Limited Current account","Bank Charges","407","0.49","B127","","NEPOSCHGUSD 000000.49","0.49","NONE","AUTHORISED","7aa1a322-f550-45de-b357-79258879cb3d"
"2020-12-18","SPEND","ULearn Limited Current account","Bank Charges","407","0.49","B127","","NEPOSCHGUSD 000000.49","0.49","NONE","AUTHORISED","10264066-2868-45cd-a121-e9d77866df6a"
"2020-12-21","SPEND","ULearn Limited Current account","Bank Charges","407","0.21","B127","","NEPOSCHGUSD 000000.21","0.21","NONE","AUTHORISED","7a1c5f43-94b2-468c-af85-652dfb584b55"
"2020-12-22","SPEND","ULearn Limited Current account","Bank Charges","407","0.23","B127","","NEPOSCHGUSD 000000.23","0.23","NONE","AUTHORISED","6e771d30-5e34-4f39-8d2a-a55abfdfa901"
"2020-12-08","SPEND","ULearn Limited Current account","Nisbets","221","14.74","B102","","POSC05DEC NISBETS PLC","14.74","NONE","AUTHORISED","798e32d0-45e0-4c99-8bbe-c36f53e3b559"
"2020-12-08","SPEND","ULearn Limited Current account","Metro Cafe","545","32","B115","","POS06DEC METRO CAFE","32","NONE","AUTHORISED","bcd65547-4b44-46f2-a125-534e53ac812f"
"2020-12-08","SPEND","ULearn Limited Current account","Neon","221","24.6","B115","","POSC05DEC NEON","24.6","NONE","AUTHORISED","d4241c35-63b9-4dee-b282-7979206916be"
"2020-12-08","SPEND","ULearn Limited Current account","FLYEFIT","545","57","B122","","POS07DEC FLYEFIT","57","NONE","AUTHORISED","3662bc5d-5515-4b44-b24f-0032ed41f16c"
"2020-12-08","RECEIVE","ULearn Limited Current account","REVENUE COMMISSIONERS","931","19694.43","102","","RevComXXXXXXXX92L8 GP","19694.43","NONE","AUTHORISED","8490fa7c-cd39-46ff-8d2b-a46c323c27ad"
"2020-12-22","RECEIVE","ULearn Limited Current account","REVENUE COMMISSIONERS","931","21136","102","","RevComXXXXXXXX92L0 GP","21136","NONE","AUTHORISED","973403c1-75bf-415e-beae-e368cf7ab864"
"2020-12-30","RECEIVE","ULearn Limited Current account","REVENUE COMMISSIONERS","931","3033.34","102","","RevComXXXXXXXX92L0 GP","3033.34","NONE","AUTHORISED","f7b209b3-b89a-4ef5-ae5c-1a83b1698c77"
"2020-12-09","SPEND","ULearn Limited Current account","Bank Charges","407","0.18","B127","","NEPOSCHGGBP 000000.18","0.18","NONE","AUTHORISED","e6dc12b5-96e8-4a14-8a2a-2d25af35440f"
"2020-12-09","SPEND","ULearn Limited Current account","Homebase","545","56.15","A101A","","POS08DEC HOMEBASE(RAT","56.15","NONE","AUTHORISED","c17c3a14-2fe3-423a-ba96-3f01600d02cb"
"2020-12-14","SPEND","ULearn Limited Current account","KC Peaches","221","9.75","B115","","POSC12DEC KC PEACHES","9.75","NONE","AUTHORISED","bc3795e2-0e83-4daf-bcd4-48c94632d78d"
"2020-12-16","SPEND","ULearn Limited Current account","Sprout","221","27.9","B115","","POSC15DEC SPROUT BAGG","27.9","NONE","AUTHORISED","08beb7c6-19e2-4652-96a6-a631ac5a5d20"
"2020-12-17","SPEND","ULearn Limited Current account","Eddie Rockets","221","22.55","B115","","POSC16DEC EDDIE ROCKE","22.55","NONE","AUTHORISED","fc5cf386-d5b4-40f7-a8cb-6db693bb9dc8"
"2020-12-14","SPEND","ULearn Limited Current account","ZOOM","545","274.55","B106","","POS13DEC ZOOM.US 888-","274.55","NONE","AUTHORISED","e4c74dfa-a726-4073-a25f-9a1297e66f11"
"2020-12-14","SPEND","ULearn Limited Current account","Zoho","545","22.99","B106","","POS12DEC ZOHO-PEOPLE","22.99","NONE","AUTHORISED","9def51c2-81f8-41c5-9746-78ff8980aeca"
"2020-12-14","SPEND","ULearn Limited Current account","General Expenses","360","100","B102","","ATM13DEC DUB LWR CAMD","100","NONE","AUTHORISED","14146a0c-e851-4be6-a8b5-151e95c062b5"
"2020-12-14","RECEIVE","ULearn Limited Current account","PAYROLL","931","140","E104B","","ROISIN X           GP","140","NONE","AUTHORISED","1907749e-fcd6-4139-8264-4b995e07e285"
"2020-12-14","SPEND","ULearn Limited Current account","Fresh","221","36.25","B125","","POSC12DEC FRESH GOOD","36.25","NONE","AUTHORISED","ea1a0e7b-47a9-40cd-8161-71b896f2fd49"
"2020-12-14","SPEND","ULearn Limited Current account","Adamson Lug","221","47.96","B102","","POSC12DEC ADAMSON LUG","47.96","NONE","AUTHORISED","656ab8a6-da97-4c33-91d6-537315ab7bdd"
"2020-12-15","SPEND","ULearn Limited Current account","A2 Hosting","545","291.43","B106","","POS14DEC A2WEBHOST* I","291.43","NONE","AUTHORISED","9b93fb8a-d53c-4081-81ab-67946733bcd4"
"2020-12-15","SPEND","ULearn Limited Current account","PAYROLL","537","384.8","E104B","","TO ROBERT KAY","384.8","NONE","AUTHORISED","1aa26705-259d-4d6f-9688-ab32c978ca64"
"2020-12-15","SPEND","ULearn Limited Current account","Nisbets","221","26.6","B102","","POSC14DEC NISBETS PLC","26.6","NONE","AUTHORISED","f5044213-29c8-492e-8ad0-b5d53002ebf1"
"2020-12-16","SPEND","ULearn Limited Current account","Domino's Pizza UK & Ireland Limited","545","26.99","B115","","POS15DEC DOMINO'S PIZ","26.99","NONE","AUTHORISED","1b051149-764f-49ae-a85f-2f585e73bdc2"
"2020-12-16","SPEND","ULearn Limited Current account","PAYROLL","537","1632","E104B","","TO LUCAS XAVIER","1632","NONE","AUTHORISED","80c390f7-168b-428a-b87b-0d251905358c"
"2020-12-17","SPEND","ULearn Limited Current account","Tesco","221","8.97","B102","","POSC16DEC TESCO STORE","8.97","NONE","AUTHORISED","45f9003b-7a74-4c6d-a822-bb6bf3fd213b"
"2020-12-18","SPEND","ULearn Limited Current account","Tesco","545","33.84","B102","","POS17DEC TESCO STORES","33.84","NONE","AUTHORISED","4eca45b4-6e77-43f4-aaff-301d5121b31e"
"2020-12-18","SPEND","ULearn Limited Current account","Holland & Barret","545","54.58","B125","","POS17DEC HOLLAND & BA","54.58","NONE","AUTHORISED","fd94bf1d-39bd-4238-bdfe-43a957b6e69f"
"2020-12-18","SPEND","ULearn Limited Current account","PAYROLL","331","22280.1","E104B","","CONTRA            CTO","22280.1","NONE","AUTHORISED","9b9365db-6d90-482c-b47d-f745450bc7c3"
"2020-12-18","SPEND","ULearn Limited Current account","The Stags","221","23","B115A","","POSC17DEC THE STAGS H","23","NONE","AUTHORISED","dc2db4a1-d87e-40c6-b9e9-37b3e6ed61a8"
"2020-12-18","SPEND","ULearn Limited Current account","The Stags","221","11","B115A","","POSC17DEC THE STAGS H","11","NONE","AUTHORISED","4916d3ab-f8ad-4c28-844c-5ad40da94bfd"
"2020-12-21","SPEND","ULearn Limited Current account","Tesco","221","12","B102","","POSC19DEC TESCO STORE","12","NONE","AUTHORISED","9b141678-7bfd-46ef-90a1-7bc4410cc1f4"
"2020-12-21","SPEND","ULearn Limited Current account","Tesco","221","23","B102","","POSC19DEC TESCO STORE","23","NONE","AUTHORISED","2436921b-dec7-4594-8a1b-f6c4a9b769b4"
"2020-12-21","SPEND","ULearn Limited Current account","CARD - Google","545","9.99","B106","","POS18DEC GOOGLE *Goog","9.99","NONE","AUTHORISED","d3d55af2-34e3-4c83-95ab-65efab25b9df"
"2020-12-22","SPEND","ULearn Limited Current account","ADOBE","545","30.24","B106","","POS21DEC Adobe.com","30.24","NONE","AUTHORISED","b7e811c3-3dda-441e-8fcf-06820cfbfaef"
"2020-12-23","SPEND","ULearn Limited Current account","PAYROLL","537","2667.93","E104B","","TO PAUL GILL","2667.93","NONE","AUTHORISED","10726823-9d6a-435d-b0fa-7b3d7ecea0a1"
"2020-12-23","SPEND","ULearn Limited Current account","PAYROLL","537","1400","E104B","","TO DIANA GUTIERREZ MA","1400","NONE","AUTHORISED","a758bcd7-5def-4702-bfbc-1417f79d52ba"
"2020-12-23","SPEND","ULearn Limited Current account","PAYROLL","537","1972.28","E104B","","TO NEIL MCMAHON","1972.28","NONE","AUTHORISED","b29791a0-8610-4336-96ce-01e5077161c1"
"2020-12-24","SPEND","ULearn Limited Current account","Vodafone","545","20","B104","","POS23DEC VESTA  *VODA","20","NONE","AUTHORISED","f2f2b30d-6fae-47c9-b16e-44ccbd37c909"
"2020-11-02","SPEND","ULearn Limited Current account","Transport International","545","279","A104","","POS29OCT BRITTANY FER","279","NONE","AUTHORISED","188511ea-e589-4124-bfc8-ce166b9cb273"
"2020-11-03","SPEND","ULearn Limited Current account","Hughes & Liddy (Landlord from 11 Harcourt)","537","16250","B100","","TO HUGHES  LIDDY CLIE","16250","NONE","AUTHORISED","9917e90a-5c3b-4efe-8a15-04610f7dbfdb"
"2020-11-16","SPEND","ULearn Limited Current account","Tesco","545","50.27","B102","","POS13NOV TESCO STORES","50.27","NONE","AUTHORISED","eb320a3f-4a02-4c7f-9fdd-b861b53b85e9"
"2020-11-16","SPEND","ULearn Limited Current account","ZOOM","545","274.55","B106","","POS14NOV ZOOM.EUR","274.55","NONE","AUTHORISED","128a3fcd-a560-4e36-82d3-a68e4f2fbb72"
"2020-11-17","RECEIVE","ULearn Limited Current account","ULearn-Student","931","640","100","","LAGRANGE LAGRANGE  GP","640","NONE","AUTHORISED","1ffc4e1c-cc80-4f04-987a-e42c3f6958c2"
"2020-11-17","SPEND","ULearn Limited Current account","Xero Subscription - CARD","IN-2411520","25.34","B106","","ULearn. Monthly Subscription, Standard Price Plan, 17 Oct 2020 to 16 Nov 2020","25.34","NONE","AUTHORISED","82377745-d8a2-4842-83f7-91257528c125"
"2020-11-24","SPEND","ULearn Limited Current account","Bank Charges","","0.24","B127","","NEPOSCHGUSD 000000.24","0.24","NONE","AUTHORISED","9a78051c-42f8-4ab4-956c-82eb84e2d67d"
"2020-11-17","SPEND","ULearn Limited Current account","HP Nutrition","545","33.75","B102","","POS16NOV HPNUTRITION","33.75","NONE","AUTHORISED","0aeb4141-9d09-43fe-80f4-57f33e7b023f"
"2020-11-18","SPEND","ULearn Limited Current account","PREPAYPOWER","545","100","B105A","","POS17NOV PREPAYPOWER","100","NONE","AUTHORISED","9f1ac36c-cd58-41f4-83bf-9eb890553ecf"
"2020-11-18","SPEND","ULearn Limited Current account","Bank Charges","407","0.51","B127","","NEPOSCHGUSD 000000.51","0.51","NONE","AUTHORISED","62ec6ecf-6c8f-4fdc-99c4-bc74e0299830"
"2020-11-19","SPEND","ULearn Limited Current account","CARD - Google","545","9.99","B106","","POS17NOV GOOGLE*GOOGL","9.99","NONE","AUTHORISED","68ea1b6e-6010-4c0c-9d9a-f603d08a6679"
"2020-11-20","RECEIVE","ULearn Limited Current account","ULearn-Student","931","237","100","","XXXXXXXXXXXXXXXX40 GP","237","NONE","AUTHORISED","e9b2810d-6ad1-405a-984d-6aeff59199e6"
"2020-11-23","RECEIVE","ULearn Limited Current account","ULearn-Student","931","724","100","","ULEARN LTD         GP","724","NONE","AUTHORISED","41aa1a2f-c60d-44a8-9dba-9f975b45ebfb"
"2020-11-24","RECEIVE","ULearn Limited Current account","ULearn-Student","931","1450","100","","P2020639 PAOLA     GP","1450","NONE","AUTHORISED","280c3879-f5a3-4088-946a-8afb14b76147"
"2020-11-24","RECEIVE","ULearn Limited Current account","ULearn-Student","931","237","100","","ENGLISH COURSE GLO GP","237","NONE","AUTHORISED","5712ea84-7876-4390-a1b5-459d928da340"
"2020-11-24","RECEIVE","ULearn Limited Current account","ULearn-Student","931","1450","100","","P2020649 JESSICA   GP","1450","NONE","AUTHORISED","75cd4bc0-b1f7-4ee4-b9a4-1b573749873a"
"2020-11-23","SPEND","ULearn Limited Current account","B&Q","","35.5","A101A","","Hardware","35.5","NONE","AUTHORISED","b802f16f-f207-453f-99d6-68474b5634c3"
"2020-11-23","SPEND","ULearn Limited Current account","Woodies","545","131.94","A101A","","POS21NOV WOODIES DIY","131.94","NONE","AUTHORISED","ee5f906f-01bd-44bb-a47d-990f7729d858"
"2020-11-23","SPEND","ULearn Limited Current account","ADOBE","545","30.24","B106","","POS21NOV Adobe.com","30.24","NONE","AUTHORISED","70f3d882-8f9e-4439-acfb-821e73c40f12"
"2020-11-23","SPEND","ULearn Limited Current account","Vodafone","545","20","B104","","POS20NOV VESTA  *VODA","20","NONE","AUTHORISED","0864cbe3-58ed-47ec-9512-7fcbd3343dce"
"2020-11-24","SPEND","ULearn Limited Current account","Zopim - CARD","553","11.87","B106","","P2011IE 14.00@0.84785","11.87","NONE","AUTHORISED","10399a33-0ccc-46c3-87f9-e24521b1fe40"
"2020-11-24","SPEND","ULearn Limited Current account","General Expenses","360","60","B125","","ATM22NOV DUBLIN","60","NONE","AUTHORISED","2efe0dd3-9bb4-4a93-a2be-c2aebc793041"
"2020-11-25","SPEND","ULearn Limited Current account","PAYROLL","537","1900","E104B","","TO PAUL GILL","1900","NONE","AUTHORISED","b0073b41-5951-48d2-b833-d641c1fe72c6"
"2020-11-25","SPEND","ULearn Limited Current account","PAYROLL","537","1614.78","E104B","","TO NEIL MCMAHON","1614.78","NONE","AUTHORISED","13a643c1-ca26-4685-9274-434c497377a8"
"2020-11-30","RECEIVE","ULearn Limited Current account","Dublin City Council","931","608","102","","Dub City C 271012  GP","608","NONE","AUTHORISED","228b10ef-5b44-4f8c-8532-51624f647b14"
"2020-11-30","RECEIVE","ULearn Limited Current account","Dublin City Council","931","455","102","","Dub City C 271016  GP","455","NONE","AUTHORISED","89c34712-716c-4a59-b2ea-73a754e679a3"
"2020-11-30","RECEIVE","ULearn Limited Current account","Dublin City Council","931","65","102","","Dub City C 271014  GP","65","NONE","AUTHORISED","103eacb8-55db-413f-b428-0a41873d56db"
"2020-11-30","RECEIVE","ULearn Limited Current account","Dublin City Council","931","912","102","","Dub City C 271017  GP","912","NONE","AUTHORISED","158dcbbc-b386-4c9d-9305-dc33e8b175f7"
"2020-11-30","RECEIVE","ULearn Limited Current account","Dublin City Council","931","1603","102","","Dub City C 271018  GP","1603","NONE","AUTHORISED","8c20d392-b477-475c-97f3-59af497140e2"
"2020-11-30","RECEIVE","ULearn Limited Current account","Dublin City Council","931","548","102","","Dub City C 271013  GP","548","NONE","AUTHORISED","36947c3e-a977-4db5-b600-768a6a2c1be4"
"2020-11-30","RECEIVE","ULearn Limited Current account","Dublin City Council","931","65","102","","Dub City C 271015  GP","65","NONE","AUTHORISED","c91910fb-99a2-4bd9-87c2-32071fcc9de2"
"2020-11-25","RECEIVE","ULearn Limited Current account","ULearn-Student","931","1667","100","","Pagamento saldo al GP","1667","NONE","AUTHORISED","bed42b4f-2c22-497c-994f-2b225ea6ae9e"
"2020-11-25","SPEND","ULearn Limited Current account","Cartridge World","","48","B102","","Office supplies / Printing","48","NONE","AUTHORISED","87e61cdb-a782-45ef-8802-6d87d6437a12"
"2020-11-27","SPEND","ULearn Limited Current account","PREPAYPOWER","545","100","B105A","","POS26NOV PREPAYPOWER","100","NONE","AUTHORISED","90b4ec57-0533-4e83-9e76-f14e3fd88f0d"
"2020-11-27","SPEND","ULearn Limited Current account","Bank Charges","407","0.04","B127","","NEPOSCHGUSD 000000.04","0.04","NONE","AUTHORISED","dbb5f25c-631f-4b02-b22e-2e8ab52fd00c"
"2020-11-30","SPEND","ULearn Limited Current account","Bank Charges","540","10","B127","","BOI BOL CHARGE","10","NONE","AUTHORISED","e606ad70-5717-4a92-9f24-0ae96534979c"
"2020-11-27","RECEIVE","ULearn Limited Current account","REVENUE COMMISSIONERS","931","3033.34","102","","RevComXXXXXXXX92L0 GP","3033.34","NONE","AUTHORISED","8e776a78-0b01-473b-aeed-43021531f84d"
"2020-11-30","RECEIVE","ULearn Limited Current account","Blackhall Green - Apartment","931","3200","101","","RENT DECEMBER      GP","3200","NONE","AUTHORISED","5e8095e1-0548-496a-951e-34f84456708a"
"2020-11-27","SPEND","ULearn Limited Current account","Gtmhub - OKR","553","2.07","B106","","P2611BG  2.46@0.84146","2.07","NONE","AUTHORISED","5b1b3d53-ad11-4f4d-9d66-c35dd692efa7"
"2020-12-30","SPEND","ULearn Limited Current account","Gtmhub - OKR","553","2.02","B106","","P2612BG  2.46@0.82113","2.02","NONE","AUTHORISED","06a1e656-68f3-410d-84ca-5fbc745af25e"
"2020-09-29","SPEND","ULearn Limited Current account","Noel Hancock","143","65","A104","","Student Transfer","65","NONE","AUTHORISED","519c4da9-0cd7-44a9-919c-3ec3701e70d2"
"2020-10-01","SPEND","ULearn Limited Current account","PREPAYPOWER","","100","B105A","","POS30SEP PREPAYPOWER","100","NONE","AUTHORISED","126dc16f-889b-4e05-9874-4d2e84a6b2b9"
"2020-10-01","SPEND","ULearn Limited Current account","Argos","","20.66","B102","","POSC30SEP ARGOS ST. S","20.66","NONE","AUTHORISED","62c43843-79a9-4790-94e3-8f89beea2575"
"2020-10-02","RECEIVE","ULearn Limited Current account","Argos","","11.8","B102","","POS01OCT ARGOS ST. ST","11.8","NONE","AUTHORISED","00bf3644-f47b-43a8-9991-1becc54f00f9"
"2020-10-02","SPEND","ULearn Limited Current account","Vodafone","","20","B104","","POS01OCT VESTA  *VODA","20","NONE","AUTHORISED","847eddbc-a7c3-476d-8e4d-6b3090c65311"
"2020-10-02","RECEIVE","ULearn Limited Current account","Blackhall Green - Apartment","","3200","101","","OCTOBER RENT       GP","3200","NONE","AUTHORISED","fcd318bc-510b-4af1-a743-c5e2a88c8c6a"
"2020-10-05","SPEND","ULearn Limited Current account","Bank Charges","","0.33","B127","","NEPOSCHGGBP 000000.33","0.33","NONE","AUTHORISED","e776cee0-ddb6-4b4d-8f89-f953ca6b0e99"
"2020-10-05","SPEND","ULearn Limited Current account","Bank Charges","","0.51","B127","","NEPOSCHGUSD 000000.51","0.51","NONE","AUTHORISED","726b5899-ad66-45af-b829-329b62551bcf"
"2020-10-19","SPEND","ULearn Limited Current account","Bank Charges","","0.51","B127","","NEPOSCHGUSD 000000.51","0.51","NONE","AUTHORISED","abd4ce11-e8f7-40e2-a901-2329b8f59fc4"
"2020-10-22","SPEND","ULearn Limited Current account","Bank Charges","","0.24","B127","","NEPOSCHGUSD 000000.24","0.24","NONE","AUTHORISED","f9c34dd6-25a6-40c5-ab2d-8b23a306c185"
"2020-10-27","SPEND","ULearn Limited Current account","Bank Charges","","0.04","B127","","NEPOSCHGUSD 000000.04","0.04","NONE","AUTHORISED","8fc9414d-a10c-4a6c-9e3c-3c3d288c1f32"
"2020-10-05","SPEND","ULearn Limited Current account","Blacknight","","30.24","B106","","POS02OCT BLACKNIGHT I","30.24","NONE","AUTHORISED","198e02ad-8859-4097-9870-88af28e84aa9"
"2020-10-05","SPEND","ULearn Limited Current account","Blacknight","","60.44","B106","","POS02OCT BLACKNIGHT I","60.44","NONE","AUTHORISED","86249f54-234e-4b82-9522-a64d2fe40e49"
"2020-10-06","SPEND","ULearn Limited Current account","CARD - Google","","500","B110","","POS05OCT GOOGLE *ADS1","500","NONE","AUTHORISED","d3b6d5b8-b572-4bdf-bfc9-9e1ffbfb45fa"
"2020-10-06","SPEND","ULearn Limited Current account","Spar","","4.5","A101","","POSC05OCT SPAR CAPEL","4.5","NONE","AUTHORISED","bb819e5c-cda2-41e6-a10c-076af1a59da6"
"2020-10-08","RECEIVE","ULearn Limited Current account","WAACC","","6250","101","","WAACC OCT 20       GP","6250","NONE","AUTHORISED","b7707302-1459-4d91-849b-8193c78c9293"
"2020-10-08","SPEND","ULearn Limited Current account","Amazon","","19.46","B102","","POS07OCT pay.amazon.c","19.46","NONE","AUTHORISED","437da9d7-b6d9-4f89-802c-10252e9f0b82"
"2020-10-09","SPEND","ULearn Limited Current account","Bank Charges","","0.18","B127","","NEPOSCHGGBP 000000.18","0.18","NONE","AUTHORISED","df88b872-a37a-4efc-a593-d43ee4e2a402"
"2020-10-12","SPEND","ULearn Limited Current account","Zoho","","22.99","B106","","POS11OCT ZOHO-PEOPLE","22.99","NONE","AUTHORISED","4debc7f4-7ecc-414e-a5b4-d7c188dc3cdc"
"2020-10-12","SPEND","ULearn Limited Current account","PREPAYPOWER","","100","B105A","","POS10OCT PREPAYPOWER","100","NONE","AUTHORISED","8484c031-ccc0-4549-832f-7767f909a5ab"
"2020-10-09","RECEIVE","ULearn Limited Current account","REVENUE COMMISSIONERS","","6950.51","102","","RevComXXXXXXXX92L0 GP","6950.51","NONE","AUTHORISED","6b5c1eb0-e400-468d-b109-f04b92b6d9cd"
"2020-10-12","SPEND","ULearn Limited Current account","Ulearn","","1","B102","","POSC09OCT ULearn Limi","1","NONE","AUTHORISED","8d9004cd-1734-4101-a7ed-3d7b78e0a875"
"2020-10-13","SPEND","ULearn Limited Current account","Noel Hancock","144","55","A104","","Transfer","55","NONE","AUTHORISED","cf0d7849-b14e-42ce-b626-95fa1f38e087"
"2020-10-13","RECEIVE","ULearn Limited Current account","PAYROLL","","183.47","E104B","","5FAA7516EC2F49A793CTO","183.47","NONE","AUTHORISED","621dcbd2-5082-4cd9-8129-51b1910cf68c"
"2020-10-13","SPEND","ULearn Limited Current account","Flogas SEPA - DD","","1500","B105","","POS12OCT FLOGAS NATUR","1500","NONE","AUTHORISED","0e7c07bd-2c4c-46f8-9db0-d5f98e629e57"
"2020-10-13","SPEND","ULearn Limited Current account","PAYROLL","","14836.67","E104B","","CONTRA            CTO","14836.67","NONE","AUTHORISED","b6e4e224-5225-4914-a702-b4a6f2ec87fa"
"2020-10-14","SPEND","ULearn Limited Current account","ZOOM","","274.55","B106","","POS13OCT ZOOM.EUR","274.55","NONE","AUTHORISED","c8d5d107-ce06-49d7-aa55-d845748fbb94"
"2020-10-14","SPEND","ULearn Limited Current account","Aungier St","","55","B102","","POS13OCT AUNGIER STRE","55","NONE","AUTHORISED","10aae473-6ea2-4475-8383-825c04700407"
"2020-10-14","RECEIVE","ULearn Limited Current account","ULearn-Student","","576","100","","FGN 9WEEKS ONLINE  GP","576","NONE","AUTHORISED","d05dcaf8-0c99-45d8-887a-6704cb2f6406"
"2020-10-14","RECEIVE","ULearn Limited Current account","ULearn-Student","","64","100","","Beatriz S.nchez Co GP","64","NONE","AUTHORISED","265b6882-4e6e-46a6-9820-c340592ae758"
"2020-10-14","RECEIVE","ULearn Limited Current account","ULearn-Student","","0.88","100","","Valitor MXXXXXXXX  GP","0.88","NONE","AUTHORISED","dfd492f1-9ca2-4fe8-816c-344c1b006a44"
"2020-10-14","RECEIVE","ULearn Limited Current account","ULearn-Student","","1359","100","","ULS2020 10 14 ULS2 GP","1359","NONE","AUTHORISED","812bfbe2-8d61-4080-acf2-c98ebe7268c1"
"2020-10-15","RECEIVE","ULearn Limited Current account","ULearn-Student","","265.48","100","","BLUE PAYMENT KARIN GP","265.48","NONE","AUTHORISED","577122fb-a828-4b7c-b029-1f62bfe28219"
"2020-10-16","RECEIVE","ULearn Limited Current account","ULearn-Student","","258","100","","IPXXXXXXXX479888 I GP","258","NONE","AUTHORISED","fafc778e-01c7-4c12-a6ec-291d9d414e77"
"2020-10-16","RECEIVE","ULearn Limited Current account","ULearn-Student","","528","100","","ENGLISH LESSONS    GP","528","NONE","AUTHORISED","b20d82f8-70cb-4939-a564-c560523b5827"
"2020-10-19","RECEIVE","ULearn Limited Current account","ULearn-Student","","79","100","","365  COURSES General","79","NONE","AUTHORISED","180b49f0-668f-4c71-8018-2b964ddc1e17"
"2020-10-20","RECEIVE","ULearn Limited Current account","ULearn-Student","","3750","100","","XXXXXXXXXXXXXXXX70 GP","3750","NONE","AUTHORISED","5078ada0-4e6c-493c-b69d-fa334c599001"
"2020-10-22","RECEIVE","ULearn Limited Current account","ULearn-Student","","1800","100","","TEMUUJIN.E PAYMENT GP","1800","NONE","AUTHORISED","243589e1-0680-4dd3-b49a-c0a3949df9bc"
"2020-10-27","RECEIVE","ULearn Limited Current account","ULearn-Student","","79","100","","365  COURSES General","79","NONE","AUTHORISED","9e6b9a33-a9af-4aa9-b294-52b7a66ff208"
"2020-10-29","RECEIVE","ULearn Limited Current account","ULearn-Student","931","950","100","","ENGLISH COURSE     GP","950","NONE","AUTHORISED","2f6c6de9-87ad-43c6-83f3-398ea3e3d797"
"2020-10-29","RECEIVE","ULearn Limited Current account","ULearn-Student","931","50","100","","TEST               GP","50","NONE","AUTHORISED","6b5edc24-4241-4102-8a7b-c7b5ce35685e"
"2020-10-29","RECEIVE","ULearn Limited Current account","ULearn-Student","931","850","100","","YORDY LLAJSA       GP","850","NONE","AUTHORISED","7711200b-c1f2-49f6-a1f9-ba530ded217f"
"2020-10-31","RECEIVE","ULearn Limited Current account","ULearn-Student","931","1000","100","","LUANA CANO         GP","1000","NONE","AUTHORISED","75b93930-c4e4-4d4d-8420-488161eb03c4"
"2020-10-31","RECEIVE","ULearn Limited Current account","ULearn-Student","931","708","100","","INVOICE D2020507 R GP","708","NONE","AUTHORISED","6a6822c2-bd6e-47bb-9771-da10b4cc353c"
"2020-10-31","RECEIVE","ULearn Limited Current account","ULearn-Student","931","79","100","","1 week Online 15 0 GP","79","NONE","AUTHORISED","235006c3-2e3b-4ee7-b81f-175704b81f52"
"2020-10-14","SPEND","ULearn Limited Current account","Decwells DIY","","7","A101A","","POSC13OCT DECWELLS DI","7","NONE","AUTHORISED","47988017-2af6-4a10-b75b-f2b825b3d5cc"
"2020-11-23","SPEND","ULearn Limited Current account","Decwells DIY","221","17","A101A","","POSC20NOV DECWELLS DI","17","NONE","AUTHORISED","395e4535-83a0-40a7-b97a-29f9c1fc56c9"
"2020-07-01","SPEND","ULearn Limited Current account","Decwells DIY","545","53","A102A","","POS30JUN DECWELLS DIY","53","NONE","AUTHORISED","47bb167e-03f8-4a56-9fa8-a288c58ea016"
"2020-10-15","SPEND","ULearn Limited Current account","Bank Charges","","0.96","B127","","EFT DD CHARGES","0.96","NONE","AUTHORISED","48292247-7731-4b69-8a1b-fd04821f2909"
"2020-10-19","SPEND","ULearn Limited Current account","PAYROLL","","183.47","E104B","","TO ROBERT KAY","183.47","NONE","AUTHORISED","72471195-bcf4-45ad-a0ce-7da68696fe6d"
"2020-10-17","SPEND","ULearn Limited Current account","Xero Subscription - CARD","IN-2350739","25.66","B106","","ULearn. Monthly Subscription, Standard Price Plan, 17 Sep 2020 to 16 Oct 2020.","25.66","NONE","AUTHORISED","a2ca296c-1967-4b0d-81e8-553f782efe1f"
"2020-10-20","SPEND","ULearn Limited Current account","Zopim - CARD","INV06273521","11.84","B106","","Chat Basic Subscription
10/20/2020-11/19/2020
Month","11.84","NONE","AUTHORISED","d8b38f0f-3953-431f-8139-f140e1bc5715"
"2020-10-19","RECEIVE","ULearn Limited Current account","Dublin City Council","","98","102","","Dub City C 258331  GP","98","NONE","AUTHORISED","a3f13677-9a54-415d-a5d7-e2c17a655cc4"
"2020-10-19","RECEIVE","ULearn Limited Current account","Dublin City Council","","912","102","","Dub City C 258332  GP","912","NONE","AUTHORISED","0b1c6ab8-7649-4e36-b7ac-6d73b4567b83"
"2020-10-19","RECEIVE","ULearn Limited Current account","Dublin City Council","","1368","102","","Dub City C 258333  GP","1368","NONE","AUTHORISED","dc9cb84a-533f-495e-a5e3-87de9357de0e"
"2020-10-19","RECEIVE","ULearn Limited Current account","Dublin City Council","","822","102","","Dub City C 258328  GP","822","NONE","AUTHORISED","302266da-61f0-4c41-9034-e06853be8272"
"2020-10-19","RECEIVE","ULearn Limited Current account","Dublin City Council","","98","102","","Dub City C 258330  GP","98","NONE","AUTHORISED","13a878f7-0c52-4860-ae43-57c9f67e8925"
"2020-10-19","RECEIVE","ULearn Limited Current account","Dublin City Council","","683","102","","Dub City C 258329  GP","683","NONE","AUTHORISED","e4bb29a0-b828-473e-87b6-eec315d97472"
"2020-10-19","RECEIVE","ULearn Limited Current account","Dublin City Council","","2404","102","","Dub City C 258327  GP","2404","NONE","AUTHORISED","f120fb1c-4d73-4991-b3f9-d274192fda5a"
"2020-12-08","SPEND","ULearn Limited Current account","FBD INSURANCE SEPA - DD","545","1770","B120","","POS07DEC FBD INSURANC","1770","NONE","AUTHORISED","44e6cebd-2618-4112-b3cb-6e5f004af51c"
"2020-10-19","SPEND","ULearn Limited Current account","CARD - Google","","9.99","B106","","POS18OCT GOOGLE *Goog","9.99","NONE","AUTHORISED","813a9bc0-324d-4cea-90a0-7afb9de8e028"
"2020-10-19","SPEND","ULearn Limited Current account","CARD - Google","","500","B110","","POS17OCT GOOGLE *ADS1","500","NONE","AUTHORISED","c2f1cc9a-d047-49b3-801e-bee28c20cee3"
"2020-10-19","SPEND","ULearn Limited Current account","Anton Blinkenberg","","450","B118","","TO ANTON BLINKENBERG","450","NONE","AUTHORISED","70a3398a-3a40-488e-bfbe-bf862c52f6e9"
"2020-10-19","SPEND","ULearn Limited Current account","General Expenses","","6.4","B125","","POSC18OCT AMSTERDAM G","6.4","NONE","AUTHORISED","babd25c1-c9cb-4b38-9856-0d828fd0da65"
"2020-10-21","SPEND","ULearn Limited Current account","AirBnB","","493.93","A103","","POS20OCT AIRBNB * HM9","493.93","NONE","AUTHORISED","4a6ec30f-79f0-40b1-a620-838bf71db78d"
"2020-10-21","SPEND","ULearn Limited Current account","PAYROLL","","1189","E104B","","TO MEADHBH NI LOCHLAI","1189","NONE","AUTHORISED","a626ef20-6d77-4b49-8164-3543fa90f6d4"
"2020-10-22","SPEND","ULearn Limited Current account","ADOBE","","30.24","B106","","POS21OCT Adobe.com","30.24","NONE","AUTHORISED","14a62d60-d627-4d06-8f26-e7d0662979e8"
"2020-10-22","SPEND","ULearn Limited Current account","CARD - Google","","19.99","B110","","POS20OCT PAYPAL *HARV","19.99","NONE","AUTHORISED","d0807f67-f473-4017-8a07-4e89bc48c955"
"2020-10-27","SPEND","ULearn Limited Current account","PAYROLL","","1900","E104B","","TO PAUL GILL","1900","NONE","AUTHORISED","61daddab-d472-4ab1-aea6-80c679197b09"
"2020-10-27","SPEND","ULearn Limited Current account","PAYROLL","","1762.69","E104B","","TO LUCAS XAVIER","1762.69","NONE","AUTHORISED","0e1a0178-8fba-4936-b126-698437f1413d"
"2020-10-28","SPEND","ULearn Limited Current account","Bank Charges","","10","B127","","ULearn","10","NONE","AUTHORISED","b866f058-f149-48da-b040-02be04b35b4f"
"2020-10-22","SPEND","ULearn Limited Current account","CARD - Google","","500","B110","","POS21OCT GOOGLE *ADS1","500","NONE","AUTHORISED","a4354f57-ce7b-421b-82f9-5d46190770c0"
"2020-10-27","SPEND","ULearn Limited Current account","Gtmhub - OKR","","2.08","B106","","P2610BG  2.46@0.84552","2.08","NONE","AUTHORISED","5f82e78c-e2cb-4d45-b000-212217ae98bd"
"2020-10-27","SPEND","ULearn Limited Current account","PREPAYPOWER","","100","B105A","","POS25OCT PREPAYPOWER","100","NONE","AUTHORISED","c0c4eaac-2e13-49b4-8eac-76f45a238d66"
"2020-10-28","RECEIVE","ULearn Limited Current account","General Expenses","","25","B125","","LATM CR 900033 8203","25","NONE","AUTHORISED","0ba591ff-8ce2-42d2-9513-74a26d7fb9aa"
"2020-10-28","SPEND","ULearn Limited Current account","UPC","","260.95","B104","","POS27OCT UPC","260.95","NONE","AUTHORISED","2cce6eb2-6549-4855-bb36-69454cab8756"
"2020-10-31","RECEIVE","ULearn Limited Current account","Blackhall Green - Apartment","931","3200","101","","NOVEMBER RENT      GP","3200","NONE","AUTHORISED","141178bc-60d3-41d2-b3ad-f9693b686109"
"2020-10-29","SPEND","ULearn Limited Current account","Ibis Hotel","545","70","A103","","POS28OCT HOTEL IBIS","70","NONE","AUTHORISED","b007e099-d229-400f-9435-ff56f09bde90"
"2020-10-29","SPEND","ULearn Limited Current account","General Expenses","360","40","B125","","ATM28OCT DUBLIN","40","NONE","AUTHORISED","329da490-2a42-4528-8b86-f89d7cd5b340"
"2020-10-29","SPEND","ULearn Limited Current account","SANEF","221","9.2","B102","","POSC27OCT SANEF","9.2","NONE","AUTHORISED","c9b6905d-5493-4352-b9f0-dcbac01a6f86"
"2020-10-29","SPEND","ULearn Limited Current account","SANEF","221","8.4","B102","","POSC27OCT SAPN","8.4","NONE","AUTHORISED","174f5a0d-a0d0-471e-87c9-3527b3ac178c"
"2020-10-29","SPEND","ULearn Limited Current account","SANEF","221","6","B102","","POSC27OCT SANEF","6","NONE","AUTHORISED","77831cba-9ffe-4d6d-be7a-c2d87621ad07"
"2020-09-01","SPEND","ULearn Limited Current account","Cafe Nero","221","11.05","B115","","POSC31AUG CAFFE NERO","11.05","NONE","AUTHORISED","2eb60261-2aea-4ab3-9854-b843d3841ee6"
"2020-09-16","SPEND","ULearn Limited Current account","ROISIN MOORE","","303.34","E104B","","Payroll","303.34","NONE","AUTHORISED","720857a6-700b-4e68-9875-c98b886a8e32"
"2020-09-17","RECEIVE","ULearn Limited Current account","REVENUE COMMISSIONERS","","5669.91","102","","RevComXXXXXXXX2LCV GP","5669.91","NONE","AUTHORISED","9293d3a5-ab0c-4450-9191-133d5787f186"
"2020-09-18","SPEND","ULearn Limited Current account","Bank Charges","","0.51","B127","","NEPOSCHGUSD 000000.51","0.51","NONE","AUTHORISED","efe1ab82-5e38-4a8d-99bf-43e29d676d85"
"2020-09-20","SPEND","ULearn Limited Current account","Noel Hancock","141","110","A104","","Student transfer","110","NONE","AUTHORISED","376b6c87-69e1-42a2-a18f-05c6bca59231"
"2020-09-19","SPEND","ULearn Limited Current account","Thomas Lenehan","","73.06","A101A","","Hardware","73.06","NONE","AUTHORISED","911a3b37-3226-4710-907b-75b33199ae6c"
"2020-09-22","SPEND","ULearn Limited Current account","Zopim - CARD","INV06165988","11.94","B106","","Chat Basic Subscription
09/20/2020-10/19/2020
Month ","11.94","NONE","AUTHORISED","0db7079a-bafc-4788-a020-16be3663a343"
"2020-09-22","SPEND","ULearn Limited Current account","UISCE (Irish Water)","828725903172","334","B105","","Anually Bill 

Billing Period: 
01/01/2019 - 31/12/2019","334","NONE","AUTHORISED","63f4963d-ad5e-4234-8904-309ac10d83e7"
"2020-09-22","SPEND","ULearn Limited Current account","Bank Charges","","0.24","B127","","NEPOSCHGUSD 000000.24","0.24","NONE","AUTHORISED","c0d0c01e-fb2f-414f-9595-4af93119efb9"
"2020-09-21","SPEND","ULearn Limited Current account","DID Electrical","","89.99","B102","","Thermometer ","89.99","NONE","AUTHORISED","a1450b26-632d-438c-bac7-12f0f9f6882b"
"2020-09-24","SPEND","ULearn Limited Current account","Hughes & Liddy (Landlord from 11 Harcourt)","","16250","B100","","TO HUGHES  LIDDY CLIE","16250","NONE","AUTHORISED","fb913358-8558-468c-b8ac-bc5d3cf30f10"
"2020-09-25","SPEND","ULearn Limited Current account","Bank Charges","","61.62","B127","","NOTIFIED FEES","61.62","NONE","AUTHORISED","46f21fb4-128c-46ca-aabe-a9bb777b0939"
"2020-09-24","SPEND","ULearn Limited Current account","Tesco","","11.78","B102","","Cleaning products","11.78","NONE","AUTHORISED","149da1df-ab33-4eba-b870-7de3c8a3eac2"
"2020-09-28","SPEND","ULearn Limited Current account","Bank Charges","","10","B127","","ULearn","10","NONE","AUTHORISED","bad2a7d9-2b83-4917-af34-fd921aa4dae9"
"2020-09-28","SPEND","ULearn Limited Current account","PAYROLL","","1900","E104B","","TO PAUL GILL","1900","NONE","AUTHORISED","34e12eab-1c50-4b5b-8658-341c47ecfb9f"
"2020-09-28","SPEND","ULearn Limited Current account","PAYROLL","","1762.69","E104B","","TO LUCAS XAVIER","1762.69","NONE","AUTHORISED","331e88a0-9952-46ea-9286-895856fc8946"
"2020-09-28","SPEND","ULearn Limited Current account","Bank Charges","","0.04","B127","","NEPOSCHGUSD 000000.04","0.04","NONE","AUTHORISED","a20e592b-3971-4870-8315-ea0652fb81fd"
"2020-09-29","SPEND","ULearn Limited Current account","PAYROLL","","1614.78","E104B","","TO NEIL MCMAHON","1614.78","NONE","AUTHORISED","fb906d06-440f-4a7c-8620-d2e8b62283fa"
"2020-09-29","SPEND","ULearn Limited Current account","Hubspot","2309626","2206.62","B106","","Marketing Hub Starter and Sales Hub Professional","2206.62","NONE","AUTHORISED","31a30479-ba63-4010-b333-83aeb1b02a25"
"2020-10-07","SPEND","ULearn Limited Current account","GoDaddy.com, LLC - CARD","","13.33","B106","","POS06OCT GODADDY.COM","13.33","NONE","AUTHORISED","00d9a87a-c731-41e5-a9fc-2322bb81230e"
"2020-09-15","SPEND","ULearn Limited Current account","Lenehans","","48.48","A101A","","POSC14SEP LENEHANS","48.48","NONE","AUTHORISED","db8d94e0-a570-4e07-bcf8-36f876cd75f6"
"2020-09-17","SPEND","ULearn Limited Current account","GoDaddy.com, LLC - CARD","","10.88","B106","","POS16SEP GODADDY.COM","10.88","NONE","AUTHORISED","970257b3-aad0-4826-9258-9b317d1bb4ec"
"2020-09-17","SPEND","ULearn Limited Current account","Phoenix Magazine","","9","B121","","POS16SEP PHOENIX MAGA","9","NONE","AUTHORISED","452edbae-dcee-49b7-a1fc-4063d05504e5"
"2020-09-17","SPEND","ULearn Limited Current account","GoDaddy.com, LLC - CARD","","1.22","B106","","POS16SEP DNH*GODADDY.","1.22","NONE","AUTHORISED","40316864-3a47-4a98-8889-ef2ec39d0b65"
"2020-09-17","SPEND","ULearn Limited Current account","GoDaddy.com, LLC - CARD","","12.29","B106","","POS16SEP DNH*GODADDY.","12.29","NONE","AUTHORISED","48df2b47-ba7b-4847-b8c9-fbf56917dbf3"
"2020-09-18","SPEND","ULearn Limited Current account","PREPAYPOWER","","70","B105A","","POS17SEP PREPAYPOWER","70","NONE","AUTHORISED","ed6f6219-09fc-4e90-884d-93de693897de"
"2020-08-17","SPEND","ULearn Limited Current account","GoDaddy.com, LLC - CARD","545","23.57","B106","","POS14AUG DNH*GODADDY.","23.57","NONE","AUTHORISED","53a2cf77-96f0-4e68-be05-0fa560c98e40"
"2020-10-13","SPEND","ULearn Limited Current account","GoDaddy.com, LLC - CARD","","43.85","B106","","POS12OCT DNH*GODADDY.","43.85","NONE","AUTHORISED","412384e8-a0fb-411a-a7ea-ad1a99879925"
"2020-10-14","SPEND","ULearn Limited Current account","GoDaddy.com, LLC - CARD","","40.62","B106","","POS13OCT DNH*GODADDY.","40.62","NONE","AUTHORISED","0fb0cb66-1134-46f2-a9f4-41308d5264cb"
"2020-10-19","SPEND","ULearn Limited Current account","GoDaddy.com, LLC - CARD","","10.88","B106","","POS16OCT GODADDY.COM","10.88","NONE","AUTHORISED","2cd96039-38b0-4230-a49b-546eb6fa662f"
"2020-11-02","SPEND","ULearn Limited Current account","GoDaddy.com, LLC - CARD","545","23.18","B106","","POS31OCT GODADDY.COM","23.18","NONE","AUTHORISED","2e3e839d-e583-41d1-8b1b-219e8e0188d5"
"2020-11-17","SPEND","ULearn Limited Current account","GoDaddy.com, LLC - CARD","545","10.88","B106","","POS16NOV GODADDY.COM","10.88","NONE","AUTHORISED","fc226c7a-c1c3-4ad6-aa25-7344072086ca"
"2020-12-17","SPEND","ULearn Limited Current account","GoDaddy.com, LLC - CARD","545","10.88","B106","","POS16DEC GODADDY.COM","10.88","NONE","AUTHORISED","c2f74f19-e1f8-4ee0-986c-9e9b9f5517e1"
"2020-09-17","SPEND","ULearn Limited Current account","Xero Subscription - CARD","IN-2291152","25.56","B106","","ULearn. Monthly Subscription, Standard Price Plan, 17 Aug 2020 to 16 Sep 2020.","25.56","NONE","AUTHORISED","287f642a-a6ab-4d07-9c09-b9de2268d756"
"2020-09-18","SPEND","ULearn Limited Current account","My Home","","50","B110","","POS17SEP MYHOME.IE","50","NONE","AUTHORISED","d1cb06f4-c00d-4afa-bbf7-23555b1d622b"
"2020-09-18","RECEIVE","ULearn Limited Current account","PAYROLL","","168","E104B","","ULEARN OVERPAYMENT GP","168","NONE","AUTHORISED","58b09860-713e-44a0-ae80-441a98dba2cc"
"2020-09-18","RECEIVE","ULearn Limited Current account","ULearn-Student","","1955","100","","Pagamento acconto  GP","1955","NONE","AUTHORISED","91d63290-44c8-47b5-bb88-49adb33e3a81"
"2020-09-18","RECEIVE","ULearn Limited Current account","ULearn-Student","","10657.4","100","","ULS2020 09 18 ULS2 GP","10657.4","NONE","AUTHORISED","2483f3ad-26ae-491d-868e-772bcfd630bd"
"2020-09-18","RECEIVE","ULearn Limited Current account","ULearn-Student","","288","100","","365  English Course 8","288","NONE","AUTHORISED","44972383-d98e-4889-bd0b-488a81bc67c5"
"2020-09-21","RECEIVE","ULearn Limited Current account","ULearn-Student","","1475","100","","SEPIDEH ESLMAI 25W GP","1475","NONE","AUTHORISED","0e20eb91-8886-47c6-b1f8-b83db44b864f"
"2020-09-21","RECEIVE","ULearn Limited Current account","ULearn-Student","","3877.36","100","","ULS2020 09 21 ULS2 GP","3877.36","NONE","AUTHORISED","22078ce4-67e2-4077-a07d-8017828a4905"
"2020-09-22","RECEIVE","ULearn Limited Current account","ULearn-Student","","1625","100","","30113 ULEARN LIMITED","1625","NONE","AUTHORISED","5e696b8e-8793-44b1-8def-337e4f477d86"
"2020-09-24","RECEIVE","ULearn Limited Current account","ULearn-Student","","3900","100","","REGISTRATION AND A GP","3900","NONE","AUTHORISED","a6bee132-45ed-437d-ac86-99e8542eea86"
"2020-09-24","RECEIVE","ULearn Limited Current account","ULearn-Student","","450","100","","LUANA PEREIRA      GP","450","NONE","AUTHORISED","79b08bb3-2020-4686-9df9-0cfcc522b53a"
"2020-09-24","RECEIVE","ULearn Limited Current account","ULearn-Student","","396","100","","Nicolas Sanchez    GP","396","NONE","AUTHORISED","ac8e1513-0b15-4066-ad03-e907d7a075a6"
"2020-09-24","RECEIVE","ULearn Limited Current account","ULearn-Student","","137","100","","IPXXXXXXXX711931 P GP","137","NONE","AUTHORISED","bd425e81-d53a-434f-9eba-638ab63b6bea"
"2020-09-24","RECEIVE","ULearn Limited Current account","ULearn-Student","","137","100","","IPXXXXXXXX711987 P GP","137","NONE","AUTHORISED","77a4f852-7662-4dda-8f38-e6b497e1074f"
"2020-09-25","RECEIVE","ULearn Limited Current account","ULearn-Student","","79","100","","IPXXXXXXXX722019 C GP","79","NONE","AUTHORISED","8420856a-8b3b-42fc-a4d7-cb46dde109ca"
"2020-09-25","RECEIVE","ULearn Limited Current account","ULearn-Student","","11410","100","","ULS2020 09 25 ULS2 GP","11410","NONE","AUTHORISED","2fce1dee-9374-4733-b870-5bec7ff6bb70"
"2020-09-25","RECEIVE","ULearn Limited Current account","ULearn-Student","","660","100","","STUDENT 23377 SARA GP","660","NONE","AUTHORISED","6c295695-c629-4934-a426-a3445d525ceb"
"2020-09-25","RECEIVE","ULearn Limited Current account","ULearn-Student","","708","100","","IPXXXXXXXX758295 N GP","708","NONE","AUTHORISED","d63a25ca-5f92-464c-aed3-9da37fad07d9"
"2020-09-28","RECEIVE","ULearn Limited Current account","ULearn-Student","","1800","100","","PUREVDORJ PUREVDOR GP","1800","NONE","AUTHORISED","a5190377-42e4-43b1-80c6-20451205db83"
"2020-09-28","RECEIVE","ULearn Limited Current account","ULearn-Student","","1950","100","","PAY COURSE         GP","1950","NONE","AUTHORISED","7b17e432-c6da-45be-b47d-364bf4f81ab1"
"2020-09-28","RECEIVE","ULearn Limited Current account","ULearn-Student","","56","100","","Beatriz S.nchez Co GP","56","NONE","AUTHORISED","233111b0-310f-4253-b441-7638eb51b718"
"2020-09-29","RECEIVE","ULearn Limited Current account","ULearn-Student","","153.55","100","","outstanding paymen GP","153.55","NONE","AUTHORISED","86a27e7b-a792-498d-b987-6589118f5ada"
"2020-09-29","RECEIVE","ULearn Limited Current account","ULearn-Student","","50","100","","TEST               GP","50","NONE","AUTHORISED","1afb54d7-25dd-44c9-a031-8dafe3518012"
"2020-09-30","RECEIVE","ULearn Limited Current account","ULearn-Student","","1323.13","100","","Valitor MXXXXXXXX  GP","1323.13","NONE","AUTHORISED","fb0f0fcb-21a2-4363-b0e5-b8af361cda46"
"2020-09-18","SPEND","ULearn Limited Current account","Bank Charges","","24.5","B127","","International transfer fees","24.5","NONE","AUTHORISED","6fe3dbf9-f6ef-4a69-9d1f-f991c76370c9"
"2020-09-21","SPEND","ULearn Limited Current account","CARD - Google","","9.99","B106","","POS17SEP GOOGLE*GOOGL","9.99","NONE","AUTHORISED","08f16efd-5d53-4dc0-b3ae-4de6c2edcfe8"
"2020-09-21","SPEND","ULearn Limited Current account","CARD - Google","","500","B110","","POS20SEP GOOGLE *ADS1","500","NONE","AUTHORISED","113b9648-c022-444e-8e40-843ba30ad440"
"2020-09-21","SPEND","ULearn Limited Current account","Dublin City Council","","80","A101","","POS19SEP DCC CLAMP &","80","NONE","AUTHORISED","9ddedb95-20a8-4d54-9a07-40090cdeae63"
"2020-09-21","SPEND","ULearn Limited Current account","Keywaste - DD","","69","B102","","POS18SEP KEYWASTE.IE","69","NONE","AUTHORISED","91761842-17b9-4389-a06c-e62d50442530"
"2020-09-22","SPEND","ULearn Limited Current account","General Expenses","","250","B102","","ATMD 22SEP BOI 900113","250","NONE","AUTHORISED","04e758f5-8fe8-4774-98fa-8ae1d55bc462"
"2020-09-23","SPEND","ULearn Limited Current account","ADOBE","","30.24","B106","","POS21SEP Adobe.com","30.24","NONE","AUTHORISED","c06b3452-595a-4b7c-b557-ba2ae615c93f"
"2020-09-28","SPEND","ULearn Limited Current account","Gtmhub - OKR","","2.12","B106","","P2609BG  2.46@0.86178","2.12","NONE","AUTHORISED","3e4fe01a-c3fa-460d-b64b-19336022f081"
"2020-09-28","SPEND","ULearn Limited Current account","Fresh","","101.15","B115","","POS26SEP FRESH GOOD F","101.15","NONE","AUTHORISED","d93eac9b-46c4-44fb-a527-74ecc8280e3e"
"2020-09-28","SPEND","ULearn Limited Current account","CARD - Google","","500","B110","","POS27SEP GOOGLE *ADS1","500","NONE","AUTHORISED","1c290ae1-8640-456e-b0d1-ba6075595bd5"
"2020-09-28","SPEND","ULearn Limited Current account","Say Fish","","27","B115","","POSC27SEP SAY FISH","27","NONE","AUTHORISED","d1f93a5b-ab86-4b5e-8c70-4d4b2c40012f"
"2020-09-30","SPEND","ULearn Limited Current account","Dublin Plumb","","202.5","A101","","POS29SEP DUBLIN PLUMB","202.5","NONE","AUTHORISED","e1d6ded3-7022-4b1e-bfcd-59f6553e343f"
"2020-09-30","SPEND","ULearn Limited Current account","Bord Gais Energy - DD","","666.96","B105A","","POS28SEP BORD GAIS EI","666.96","NONE","AUTHORISED","53179f2f-0b37-4de2-879b-018e7cd5b60e"
"2020-09-30","SPEND","ULearn Limited Current account","Nisbets","","39.89","B102","","POS29SEP NISBETS PLC","39.89","NONE","AUTHORISED","98442d26-b976-47bd-8b5b-fba14ec17c26"
"2020-09-30","SPEND","ULearn Limited Current account","Intrum","","265.89","B118","","POS29SEP INTRUM IRELA","265.89","NONE","AUTHORISED","0fb137ee-895f-41e0-85fa-98628a37bad1"
"2020-09-30","SPEND","ULearn Limited Current account","Argos","","11.8","B102","","POSC29SEP ARGOS ST. S","11.8","NONE","AUTHORISED","39294a5d-0713-427d-b660-c71963f737c4"
"2020-08-04","SPEND","ULearn Limited Current account","Williams Locksmiths Ltd","","15.6","A101","","Locks","15.6","NONE","AUTHORISED","7db79e0a-009d-4ec6-89eb-2d15626404ff"
"2020-08-09","SPEND","ULearn Limited Current account","All Rooms","","68","B102","","Stainless & Plastic","68","NONE","AUTHORISED","e67fe3c9-101c-437c-9431-2a3849358364"
"2020-08-10","SPEND","ULearn Limited Current account","Tesco","","28.58","B102","","Cleaning Products","28.58","NONE","AUTHORISED","0ca9ccfe-59b0-4d44-9b09-d3b6216e1025"
"2020-08-18","SPEND","ULearn Limited Current account","Nisbets","","42.02","B102","","Blue Rolls","42.02","NONE","AUTHORISED","c32e44e1-40d2-48df-b46b-bf0ab2176d94"
"2020-08-27","SPEND","ULearn Limited Current account","Gtmhub - OKR","553","2.09","B106","","P2608BG  2.46@0.84959","2.09","NONE","AUTHORISED","cb79a5fa-672d-41f3-a729-92a0efe58d4d"
"2020-08-27","SPEND","ULearn Limited Current account","General Expenses","240","7.5","B102","","MARIA PAULA E CHRG GP","7.5","NONE","AUTHORISED","97dc9c74-50a3-4b72-aa3c-657930879544"
"2020-08-28","SPEND","ULearn Limited Current account","Dunnes Hardware","221","5","A101A","","POSC27AUG DUNNES GEOR","5","NONE","AUTHORISED","d5d5013c-8d2d-459c-808f-f3b21ce98ae3"
"2020-02-27","SPEND","ULearn Limited Current account","PAYROLL","331","19191.81","E104B","","CONTRA            CTO","19191.81","NONE","AUTHORISED","eb141677-c1c8-4405-9fbf-3e3a231ce125"
"2020-10-09","SPEND","ULearn Limited Current account","Audible - CARD","","8.81","B121","","P0810GB  7.99@1.10262","8.81","NONE","AUTHORISED","0ff5d657-75e2-49b9-b63f-3262dd06d8f4"
"2020-12-09","SPEND","ULearn Limited Current account","Audible - CARD","553","8.83","B121","","P0812GB  7.99@1.10513","8.83","NONE","AUTHORISED","a201e2f0-40b2-40bc-93b6-49ec685b9026"
"2020-10-05","SPEND","ULearn Limited Current account","TradingView","","25.61","B106","","P0310US 29.95@0.85509","25.61","NONE","AUTHORISED","ed00a2e8-1ac6-4cb7-b21e-9ac20f4d8c38"
"2020-12-08","SPEND","ULearn Limited Current account","TradingView","553","24.73","B106","","P0412US 29.95@0.82570","24.73","NONE","AUTHORISED","5d6ff059-3412-4a6e-9c24-2d9ab44c238c"
"2020-10-05","SPEND","ULearn Limited Current account","SOFTWARE","","16.44","B106","","P0310GB 14.87@1.10558","16.44","NONE","AUTHORISED","f3c0e408-db36-4401-880d-2c8d37965342"
"2020-12-21","SPEND","ULearn Limited Current account","SOFTWARE","553","10.59","B106","","P1912GI 12.95@0.81776","10.59","NONE","AUTHORISED","a75966f4-4a46-4b06-b383-870515a24976"
"2020-02-25","SPEND","ULearn Limited Current account","SOFTWARE","553","63.86","B106","","P2402US 69.00@0.92550","63.86","NONE","AUTHORISED","7e3632ec-12e7-428a-9778-89bfa3e28c9a"
"2020-11-02","SPEND","ULearn Limited Current account","SOFTWARE","553","20.04","B106","","P3010GB 18.00@1.11333","20.04","NONE","AUTHORISED","b45e0402-23c4-436d-89b2-6e5340e4657a"
"2020-01-30","SPEND-TRANSFER","ULearn Limited Current account","","","3810.72","ACC1","","Bank Transfer to ULearn Term Loan.","-3810.72","","AUTHORISED","83b47767-6720-4309-a067-62ff8d886b4c"
"2020-02-27","RECEIVE","ULearn Limited Current account","PAYROLL","","5057.39","E104B","","ULEARN            CTO","5057.39","NONE","AUTHORISED","94eb5ffc-3cdf-4edf-b3b2-a862e61ffc16"
"2020-03-02","SPEND-TRANSFER","ULearn Limited Current account","","","3810.72","ACC1","","Bank Transfer to ULearn Term Loan.","-3810.72","","AUTHORISED","59a57a1b-ef7c-405c-83e8-5683e3e3c0ff"
"2020-06-30","SPEND-TRANSFER","ULearn Limited Current account","","","3810.72","ACC1","","Bank Transfer to ULearn Term Loan.","-3810.72","","AUTHORISED","6b21f74f-50c1-4565-b3ea-c7ef0ed314c2"
"2020-08-31","SPEND-TRANSFER","ULearn Limited Current account","","","3810.72","ACC1","","Bank Transfer to ULearn Term Loan.","-3810.72","","AUTHORISED","17ce2537-614c-47da-9500-54db6ace17e8"
"2020-09-30","SPEND-TRANSFER","ULearn Limited Current account","","","3810.72","ACC1","","Bank Transfer to ULearn Term Loan.","-3810.72","","AUTHORISED","427bd644-2f14-40c0-b080-aab24389cafc"
"2020-10-31","SPEND-TRANSFER","ULearn Limited Current account","","","3810.72","ACC1","","Bank Transfer to ULearn Term Loan.","-3810.72","","AUTHORISED","dc618eaa-c363-4533-9d64-31dbc7b1d8f8"
"2020-11-30","SPEND-TRANSFER","ULearn Limited Current account","","","3810.72","ACC1","","Bank Transfer to ULearn Term Loan.","-3810.72","","AUTHORISED","1d054c4f-97e3-4171-8e9c-f1ed8b121939"
"2020-12-30","SPEND-TRANSFER","ULearn Limited Current account","","","3810.72","ACC1","","Bank Transfer to ULearn Term Loan.","-3810.72","","AUTHORISED","d47ad3a8-2c6d-4c95-85f7-cd2a7402c351"
"2020-07-30","SPEND-TRANSFER","ULearn Limited Current account","","","3810.72","ACC1","","Bank Transfer to ULearn Term Loan.","-3810.72","","AUTHORISED","7fff0bda-c32c-4f8a-886c-493cc3b1a3fa"
"2020-04-28","SPEND","ULearn Limited Current account","Neil Mc Mahon","331","50000","C105","","CONTRA            CTO","50000","NONE","AUTHORISED","16031ab1-330a-470a-a3e0-424bb1796350"
"2020-04-28","RECEIVE","ULearn Limited Current account","Neil Mc Mahon","931","50000","C105","","XXXXXXXX0000001   CTO","50000","NONE","AUTHORISED","46ef4601-21c0-4310-82cd-a9a6fc6dec7b"
"2020-12-08","RECEIVE","ULearn Limited Current account","Neil Mc Mahon","931","30000","C105","","201204 FHZ0VP841 R GP","30000","NONE","AUTHORISED","64c1d667-95ba-40cb-996e-33ea7f5fc43a"
"2020-12-24","SPEND","ULearn Limited Current account","Neil Mc Mahon","548","10000","C105","","365 Online  MCMAHON N","10000","NONE","AUTHORISED","50028f23-9d04-4bc6-9731-506f2713fbca"
"2020-11-30","SPEND","ULearn Limited Current account","Neil Mc Mahon","537","30000","C105","","TO NEIL MC MAHON","30000","NONE","AUTHORISED","67e2d8f0-4e5e-4a11-87bc-3a0976ae96cd"
"2020-07-28","SPEND","ULearn Limited Current account","PAYROLL","537","2250","E104B","","TO NEIL MC MAHON","2250","NONE","AUTHORISED","0c94c2ac-0ab5-4f9e-ad85-5a26e66743c9"
"2020-10-09","SPEND","ULearn Limited Current account","PAYROLL","","2000","E104B","","TO NEIL MCMAHON","2000","NONE","AUTHORISED","dd88af39-bce0-420c-aefa-449ace15a547"
"2020-12-01","SPEND","ULearn Limited Current account","PAYROLL","537","2000","E104B","","TO NEIL MCMAHON","2000","NONE","AUTHORISED","bc5c077d-4439-47f7-9832-98ab28df6e99"
"2020-08-24","SPEND","ULearn Limited Current account","CRO.com","545","499.87","B106","","POS21AUG MCO","499.87","NONE","AUTHORISED","934f92d3-6d33-46a2-85f5-f86c0f150d3a"
"2020-08-25","SPEND","ULearn Limited Current account","CRO.com","545","498.33","B106","","POS24AUG MCO","498.33","NONE","AUTHORISED","34226d7f-59bb-4abd-9004-f2f3f56fb77e"
"2020-12-08","SPEND","ULearn Limited Current account","CRO.com","545","1602.77","B106","","POS05DEC CRO","1602.77","NONE","AUTHORISED","844611d8-69cf-47fb-b069-324017ef176e"
"2020-12-21","SPEND","ULearn Limited Current account","CRO.com","545","100","B106","","POS19DEC CRO","100","NONE","AUTHORISED","85c589fd-3439-46bf-a305-8ac2c26dd128"
"2020-12-31","SPEND","ULearn Limited Current account","Neil Mc Mahon","","200000","C105","","CONTRA CTO","200000","NONE","AUTHORISED","1b9de08e-11fb-4056-8876-e289c27d9b3f"
"2020-12-31","SPEND","ULearn Limited Current account","Bank Charges","","67.15","B127","","NOTIFIED FEES","67.15","NONE","AUTHORISED","cdd5ab78-2229-4a28-a2d5-28b0f57c9e21"
"2020-12-31","SPEND","ULearn Limited Current account","UPC","","233.96","B104","","POS29DEC UPC","233.96","NONE","AUTHORISED","5da6af69-4636-4ac6-a0d1-64c51615c48c"
"2020-12-31","RECEIVE","ULearn Limited Current account","Blackhall Green - Apartment","","3200","101","","BLACKHALL RENT JAN GP","3200","NONE","AUTHORISED","e636a611-f82f-4fb7-92c1-36a1d1d92524"
"2020-09-30","SPEND","ULearn Limited Current account","CARD - Google","3799130901","75.5","B106","","Summary for Sep 1, 2020 - Sep 30, 2020","75.5","NONE","AUTHORISED","7e481612-1957-4d62-85f7-354296c4ccb4"
"2020-09-30","SPEND","ULearn Limited Current account","Indeed - CARD","36029695","91.8","B110","","September 2020 Advertising ","91.8","NONE","AUTHORISED","77886b12-7953-4e16-bd92-36da882825a8"
"2020-10-19","SPEND","ULearn Limited Current account","CAI","","570","B108A","","POS16OCT THE INSTITUT","570","NONE","AUTHORISED","043f0c2a-233a-420f-bd40-f9f84ecd6f84"
"2020-06-03","SPEND","ULearn Limited Current account","EIR","545","330.84","B104","","POS02JUN EIR MOBILE R","330.84","NONE","AUTHORISED","81f55539-abb2-4de1-9c44-346f63b8e456"
"2020-08-12","SPEND","ULearn Limited Current account","Fresh","","9.25","B102","","Milk, tea and coffee","9.25","NONE","AUTHORISED","bb45eaa2-8db4-4433-9681-840e1ca1bd19"
"2020-09-01","SPEND","ULearn Limited Current account","SOFTWARE","553","17.91","B106","","P3108GB 15.96@1.12218","17.91","NONE","AUTHORISED","7a788cba-4d57-4c20-afa1-7137447c6ace"
"2020-09-01","SPEND","ULearn Limited Current account","Vodafone","545","20","B104A","","POS31AUG VESTA  *VODA","20","NONE","AUTHORISED","7548c289-e23f-4e6b-a651-94eea303cfa5"
"2020-09-02","SPEND","ULearn Limited Current account","CARD - Google","545","500","B106","","POS01SEP GOOGLE *ADS1","500","NONE","AUTHORISED","9ce5e573-2b96-4dcb-847b-c0c4b2a6f866"
"2020-09-02","SPEND","ULearn Limited Current account","General Expenses","360","100","B102","","ATM01SEP Dublin","100","NONE","AUTHORISED","06babed6-d96b-4daf-999e-f86dd1a6bf8c"
"2020-09-02","SPEND","ULearn Limited Current account","General Expenses","360","20","B102","","ATMD 02SEP BOI 900113","20","NONE","AUTHORISED","bd37ae4a-8416-4889-847f-43ca94f62535"
"2020-09-02","RECEIVE","ULearn Limited Current account","ULearn-Student","931","250","100","","1/GENESIS LORENA O GP","250","NONE","AUTHORISED","553a6ab6-b16f-401d-a8e3-be1ca1855731"
"2020-09-02","RECEIVE","ULearn Limited Current account","ULearn-Student","931","972","100","","0c821720ec5c11ea8b GP","972","NONE","AUTHORISED","3355f10f-095e-4e08-8003-82dad6fe56c5"
"2020-09-02","RECEIVE","ULearn Limited Current account","ULearn-Student","931","700","100","","SCHOOL             GP","700","NONE","AUTHORISED","1e817bfa-9de1-418e-a7fa-1a48514b3d5d"
"2020-09-03","RECEIVE","ULearn Limited Current account","ULearn-Student","931","800","100","","INVOICE P2020619   GP","800","NONE","AUTHORISED","ff290e8e-dfba-4a84-9dcb-93daca0fd717"
"2020-09-03","RECEIVE","ULearn Limited Current account","ULearn-Student","931","875","100","","INVOICE P2020619   GP","875","NONE","AUTHORISED","348925b1-f4ff-4faa-8420-5a541f5c4fe1"
"2020-09-04","RECEIVE","ULearn Limited Current account","ULearn-Student","931","960","100","","IPXXXXXXXX050350 S GP","960","NONE","AUTHORISED","b480db7c-70ea-48d2-a5f7-937bbca25292"
"2020-09-04","RECEIVE","ULearn Limited Current account","Unknown","931","610.86","100","","XXXXXXXX1 John Ren GP","610.86","NONE","AUTHORISED","cd0708b4-106d-4796-a290-f9b1525e1e56"
"2020-09-04","RECEIVE","ULearn Limited Current account","Unknown","931","396","100","","Nicolas Sanchez    GP","396","NONE","AUTHORISED","e2894148-2426-4714-bf64-72ca05c997b0"
"2020-09-07","RECEIVE","ULearn Limited Current account","WAACC","931","6250","101","","WAACC SEPT20       GP","6250","NONE","AUTHORISED","e7279249-b8a5-4783-941b-29dd2fc1d170"
"2020-09-07","RECEIVE","ULearn Limited Current account","Locksmith Money","931","85","104","","LOCKSMITH MONEY    GP","85","NONE","AUTHORISED","8b488f26-66ed-4a52-839d-c4b389ede700"
"2020-09-08","SPEND","ULearn Limited Current account","CARD - Google","545","500","B106","","POS07SEP GOOGLE *ADS1","500","NONE","AUTHORISED","b668e4b3-00d6-4261-be67-00e4c6ac7c64"
"2020-09-07","SPEND","ULearn Limited Current account","Odeon","545","29.5","B115A","","POS05SEP ODEON CINEMA","29.5","NONE","AUTHORISED","4d2f3042-e2f2-4806-9340-2e953b7a04b0"
"2020-09-07","SPEND","ULearn Limited Current account","CRO.com","545","429.06","B106","","POS05SEP MCO","429.06","NONE","AUTHORISED","cdc944ba-a6fd-4908-a97b-dd47a2cfac44"
"2020-09-07","SPEND","ULearn Limited Current account","CRO.com","545","424.82","B106","","POS05SEP MCO","424.82","NONE","AUTHORISED","8f6e730d-2686-4ec3-a476-a2c5453307cc"
"2020-09-07","SPEND","ULearn Limited Current account","B&Q","545","58","A101A","","POS06SEP B & Q IRELAN","58","NONE","AUTHORISED","10087353-17a7-4994-beb7-2f937763cce9"
"2020-09-08","RECEIVE","ULearn Limited Current account","ULearn-Student","931","578","100","","4 weeks Morning En GP","578","NONE","AUTHORISED","33cb337f-54c7-4dff-8271-a2cbcb4ed6d7"
"2020-09-08","RECEIVE","ULearn Limited Current account","ULearn-Student","931","800","100","","MR ALICAN IPBUKEN  GP","800","NONE","AUTHORISED","aeac45f1-db5a-498c-ab03-70c79f66b0ec"
"2020-09-08","RECEIVE","ULearn Limited Current account","ULearn-Student","931","1000","100","","MR ALICAN IPBUKEN  GP","1000","NONE","AUTHORISED","0dfbc67b-8ad1-46e8-afb6-a82fab57fc96"
"2020-09-08","RECEIVE","ULearn Limited Current account","ULearn-Student","931","737","100","","RONAN PETER MURTAG GP","737","NONE","AUTHORISED","95ad561c-c4a2-4e52-ab7d-e57f4c11f049"
"2020-09-08","RECEIVE","ULearn Limited Current account","ULearn-Student","931","416","100","","AMELIA UCEDA PLAZA GP","416","NONE","AUTHORISED","6553a549-a5fd-4763-8057-6bc100844ce6"
"2020-09-08","RECEIVE","ULearn Limited Current account","ULearn-Student","931","14767.27","100","","8388ecXXXXXXXX08 U GP","14767.27","NONE","AUTHORISED","b24b1e88-2449-4f80-bed9-d385aac12399"
"2020-09-10","RECEIVE","ULearn Limited Current account","ULearn-Student","931","78","100","","8388ecXXXXXXXX09 U GP","78","NONE","AUTHORISED","1f718365-ecd8-4910-b636-06092d414042"
"2020-09-10","RECEIVE","ULearn Limited Current account","ULearn-Student","931","2415","100","","8388ECXXXXXXXX10 U GP","2415","NONE","AUTHORISED","8fc448fc-1f1b-4d24-9356-1a4c67b13edd"
"2020-09-11","RECEIVE","ULearn Limited Current account","ULearn-Student","878","1725","100","","23360","1725","NONE","AUTHORISED","44abdb87-ca10-404f-a213-2ff64f661f7b"
"2020-09-14","RECEIVE","ULearn Limited Current account","ULearn-Student","931","80","100","","8388ECXXXXXXXX14 U GP","80","NONE","AUTHORISED","2f8c120e-026a-4876-bd41-576f97b0b854"
"2020-09-14","RECEIVE","ULearn Limited Current account","ULearn-Student","621","237","100","","365  Waraporn Raysant","237","NONE","AUTHORISED","72440115-2a64-4f9f-87a9-bf01479b245b"
"2020-09-15","RECEIVE","ULearn Limited Current account","ULearn-Student","","1665","100","","Carmen Esteban   m GP","1665","NONE","AUTHORISED","4ee52f6a-9343-48ca-af2e-169311595ab7"
"2020-09-15","RECEIVE","ULearn Limited Current account","ULearn-Student","","3480","100","","8388ECXXXXXXXX15 U GP","3480","NONE","AUTHORISED","be5477b6-ae86-45d5-abbc-b6ddbf27a268"
"2020-09-14","RECEIVE","ULearn Limited Current account","PAYROLL","931","1000","E104B","","ROISIN MOORE       GP","1000","NONE","AUTHORISED","68e6deb7-487d-446d-acbe-3bf4b03a319d"
"2020-09-14","RECEIVE","ULearn Limited Current account","Dublin City Council","931","326","102","","Dub City C 245979  GP","326","NONE","AUTHORISED","30a6abc9-0204-4924-a6a5-04cc16429aaa"
"2020-09-14","RECEIVE","ULearn Limited Current account","Dublin City Council","931","2276","102","","Dub City C 245978  GP","2276","NONE","AUTHORISED","1aa03b3f-07fe-4d18-9699-c93a78b8253f"
"2020-09-14","RECEIVE","ULearn Limited Current account","Dublin City Council","931","326","102","","Dub City C 245976  GP","326","NONE","AUTHORISED","172373e0-2494-4b6b-b4b0-6686a13bb98e"
"2020-09-14","RECEIVE","ULearn Limited Current account","Dublin City Council","931","3041","102","","Dub City C 245975  GP","3041","NONE","AUTHORISED","0fee9559-198a-470e-ac4e-5216e40c3c41"
"2020-09-14","RECEIVE","ULearn Limited Current account","Dublin City Council","931","2741","102","","Dub City C 245981  GP","2741","NONE","AUTHORISED","88034eeb-e85a-4ee6-91e4-b5cfaea35c6b"
"2020-09-14","RECEIVE","ULearn Limited Current account","Dublin City Council","931","4560","102","","Dub City C 245977  GP","4560","NONE","AUTHORISED","b39e9b88-bbd1-4efe-8328-fa574334087d"
"2020-09-14","RECEIVE","ULearn Limited Current account","Dublin City Council","931","8013","102","","Dub City C 245980  GP","8013","NONE","AUTHORISED","029898af-e3be-42c9-8c66-02b83f984805"
"2020-09-10","SPEND","ULearn Limited Current account","Bank Charges","","0.18","B127","","NEPOSCHGGBP 000000.18","0.18","NONE","AUTHORISED","2fef8958-869a-43a8-b1f8-5a851eaa7aad"
"2020-09-10","SPEND","ULearn Limited Current account","PAYROLL","537","1390.91","E104B","","TO SEAN MCGUIRK","1390.91","NONE","AUTHORISED","100085ce-ac01-4e39-96f0-fdde817080ed"
"2020-09-10","SPEND","ULearn Limited Current account","PAYROLL","537","1372.76","E104B","","TO RAHUL JAIN","1372.76","NONE","AUTHORISED","d4649c5f-4db0-4a4c-9786-56c709c6e8ab"
"2020-09-10","SPEND","ULearn Limited Current account","PAYROLL","537","260","E104B","","TO DEEP SHAH","260","NONE","AUTHORISED","af06aa2c-1fcb-4205-b1e7-2017b0126970"
"2020-09-11","SPEND","ULearn Limited Current account","PAYROLL","537","1382.15","E104B","","TO CAOL O HUIGIN","1382.15","NONE","AUTHORISED","d76f64dc-5b19-4608-9f3d-eefc80692b36"
"2020-09-11","SPEND","ULearn Limited Current account","PAYROLL","537","1392.3","E104B","","TO DAVID MAC REDMOND","1392.3","NONE","AUTHORISED","f3d3437f-2fc6-4f08-a3a7-0b851cd94c12"
"2020-09-11","SPEND","ULearn Limited Current account","PAYROLL","537","1404.47","E104B","","TO FINTAN CARNEY","1404.47","NONE","AUTHORISED","36ab3f62-6529-46bc-a21f-538cc310a591"
"2020-09-11","SPEND","ULearn Limited Current account","PAYROLL","537","1430.87","E104B","","TO PATRICIA KELLETT","1430.87","NONE","AUTHORISED","a43d5400-65e4-4877-a38b-4fef96b60b70"
"2020-09-11","SPEND","ULearn Limited Current account","PAYROLL","537","302.85","E104B","","TO MARGARET WOODS","302.85","NONE","AUTHORISED","3c3a6c39-6671-4316-905a-53cd405724b8"
"2020-09-11","SPEND","ULearn Limited Current account","PAYROLL","537","1381.63","E104B","","TO NEILAN GOVENDER","1381.63","NONE","AUTHORISED","05c4074a-754b-467f-8844-4d81159b8776"
"2020-09-11","SPEND","ULearn Limited Current account","PAYROLL","537","1353.37","E104B","","TO ROISIN MOORE","1353.37","NONE","AUTHORISED","df564aae-34e7-471a-9783-8acae4604feb"
"2020-09-11","SPEND","ULearn Limited Current account","PAYROLL","537","360","E104B","","TO CRAIG FORDE","360","NONE","AUTHORISED","fef93802-4be6-4bf0-bef6-3de94bb4cd79"
"2020-09-11","SPEND","ULearn Limited Current account","PAYROLL","537","1275.86","E104B","","TO DIEGO TAROCO","1275.86","NONE","AUTHORISED","52ad3451-c6a4-4c41-9ca3-6cf4ec8edfee"
"2020-09-11","SPEND","ULearn Limited Current account","PAYROLL","537","180","E104B","","TO KAREN MURPHY","180","NONE","AUTHORISED","dbdd2a2f-5d2a-4082-a30a-1bca49438256"
"2020-09-11","SPEND","ULearn Limited Current account","PAYROLL","537","468","E104B","","TO LAURA FLEMING","468","NONE","AUTHORISED","2f7dcb46-9049-48d2-8759-0dbe03e4cd9d"
"2020-09-11","SPEND","ULearn Limited Current account","PAYROLL","537","468","E104B","","TO MEADHBH NI LOCHLAI","468","NONE","AUTHORISED","bac3b6f2-f801-4a68-a7b0-7340ffac5797"
"2020-09-10","SPEND","ULearn Limited Current account","Audible - CARD","553","8.92","B121","","P0809GB  7.99@1.11639","8.92","NONE","AUTHORISED","e5e55148-5070-45f8-b878-83bdab712a07"
"2020-09-10","SPEND","ULearn Limited Current account","Keywaste - DD","545","69","B102","","POS08SEP KEYWASTE.IE","69","NONE","AUTHORISED","f57516fe-98da-427f-a574-a797b28384f8"
"2020-09-10","SPEND","ULearn Limited Current account","B&Q","545","92","A101A","","POS08SEP B & Q IRELAN","92","NONE","AUTHORISED","549a8279-a594-473c-995d-a44b297a79c2"
"2020-08-10","SPEND","ULearn Limited Current account","Nisbets","545","35.65","B102","","POS07AUG NISBETS PLC","35.65","NONE","AUTHORISED","6ca6e420-0299-48e8-8c34-5f77139e7510"
"2020-09-10","SPEND","ULearn Limited Current account","Bank Charges","533","50","B127","","O/DRAFT FACILITY FEE","50","NONE","AUTHORISED","7fa684cc-7f57-4594-b4aa-c3e55cee635a"
"2020-09-14","SPEND","ULearn Limited Current account","ZOOM","545","274.55","B106","","POS13SEP ZOOM.EUR","274.55","NONE","AUTHORISED","95fc1ab9-1319-46cc-b909-2ad6d6064f09"
"2020-09-14","SPEND","ULearn Limited Current account","Noel Hancock","545","48","A104","","POS11SEP PAYPAL *NOEL","48","NONE","AUTHORISED","b45ffa94-708f-46fc-8cfd-d43997e26952"
"2020-09-14","SPEND","ULearn Limited Current account","Noel Hancock","545","130","A104","","POS12SEP PAYPAL *NOEL","130","NONE","AUTHORISED","de16ac8d-a72c-46ba-ac78-d808adf3a7b7"
"2020-09-14","SPEND","ULearn Limited Current account","Zoho","545","22.99","B106","","POS11SEP ZOHO-PEOPLE","22.99","NONE","AUTHORISED","689b000b-ad6c-4824-b22b-5875dd50e0f5"
"2020-09-14","SPEND","ULearn Limited Current account","WONDER IDEA TECHNOLOGY LIMITED","545","13.09","B106","","POS12SEP PAYPAL *WOND","13.09","NONE","AUTHORISED","37ec1eee-9596-4104-b0e3-e66cb54c6004"
"2020-09-14","SPEND","ULearn Limited Current account","Tesco","221","2.44","B102","","POSC12SEP TESCO STORE","2.44","NONE","AUTHORISED","6922c177-0713-4b2c-9e80-6fa11cf47217"
"2020-09-15","SPEND","ULearn Limited Current account","CARD - Google","","500","B106","","POS14SEP GOOGLE *ADS1","500","NONE","AUTHORISED","63a61493-e955-44ed-b71f-d5de54a2a436"
"2020-09-15","RECEIVE","ULearn Limited Current account","PAYROLL","","353.37","E104B","","ROISIN MOORE       GP","353.37","NONE","AUTHORISED","3332fd01-ee1e-418f-89a0-dc28bbabecdb"
"2020-09-14","SPEND","ULearn Limited Current account","B&Q","221","40.85","A101A","","POSC12SEP B & Q IRELA","40.85","NONE","AUTHORISED","bd21898b-badf-4544-b1be-3c211b768a16"
"2020-09-14","SPEND","ULearn Limited Current account","JUAN JOSE AGUILAR BURBANO","","17.5","B127","","bank fee refund","17.5","NONE","AUTHORISED","a01cf9f8-0ceb-452a-8ef6-9e8bc9f2f2e5"
"2020-09-18","SPEND","ULearn Limited Current account","Creative Consulting","","24.5","B127","","Fees - refund","24.5","NONE","AUTHORISED","8bfad25c-6b18-41d5-8c6f-470fec5e7dff"
"2020-09-18","SPEND","ULearn Limited Current account","Andrey Melnikov","","524.5","B123","","ANDREY MELNIKOV    DD","524.5","NONE","AUTHORISED","3531f94f-3e29-422f-8e6b-2650ec11b0b5"
"2020-09-14","SPEND","ULearn Limited Current account","PAYROLL","537","25","E104B","","TO JAVIER GONZALEZ","25","NONE","AUTHORISED","588dd5f4-9ef2-4d8c-b6c9-6d1b4d7e3b64"
"2020-01-24","SPEND","ULearn Limited Current account","ROISIN MOORE","TO ROISIN MOORE","2550.59","E104B","","Teacher Wages","2550.59","NONE","AUTHORISED","be79b5d4-98d7-430b-b7cc-4cc591feee7b"
"2020-01-29","SPEND","ULearn Limited Current account","PAYROLL","","1201.62","E104B","","Salary & Wages Payroll","1201.62","TAX004","AUTHORISED","53e55aa8-b2a6-45a9-b44c-06102541798c"
"2020-01-24","SPEND","ULearn Limited Current account","PAYROLL","","1999.75","E104B","","Salary & Wages Payroll","1999.75","TAX004","AUTHORISED","7267bfc8-d20d-4613-8cf3-0def703900c3"
"2020-01-29","SPEND","ULearn Limited Current account","PAYROLL","","276","E104B","","Salary & Wages Payroll","276","TAX004","AUTHORISED","f6fc9bba-d51a-4b0e-8ec0-2ff03adadbf6"
"2020-01-29","SPEND","ULearn Limited Current account","PAYROLL","","220","E104B","","Salary & Wages Payroll","220","TAX004","AUTHORISED","41996fdb-9e4e-4e75-8323-37c40e2ccecc"
"2020-01-27","SPEND","ULearn Limited Current account","PAYROLL","","1742.4","E104B","","Nuria Zyden - payroll","1742.4","NONE","AUTHORISED","8da049a0-d5c6-43d9-b678-4b5170fba203"
"2020-01-24","SPEND","ULearn Limited Current account","PAYROLL","","2118.92","E104B","","Salary & Wages Payroll","2118.92","TAX004","AUTHORISED","8eb44d14-e31d-4451-bcb0-155611b5c338"
"2020-01-29","SPEND","ULearn Limited Current account","PAYROLL","","168","E104B","","Salary & Wages Payroll","168","TAX004","AUTHORISED","f6570d88-9939-4433-b948-83fcf52d2de6"
"2020-01-29","SPEND","ULearn Limited Current account","PAYROLL","","1259.87","E104B","","Salary & Wages Payroll","1259.87","TAX004","AUTHORISED","ca706b8b-0639-4628-a311-90a64220020d"
"2020-01-29","SPEND","ULearn Limited Current account","PATRICIA KELLETT","TO PATRICIA KELLETT","1790.27","E104B","","Payroll","1790.27","NONE","AUTHORISED","7b65717f-052d-4227-9dbd-541739da1670"
"2020-01-29","SPEND","ULearn Limited Current account","PAYROLL","","462.68","E104B","","Salary & Wages Payroll","462.68","TAX004","AUTHORISED","e2e579f0-a2f2-4230-8385-5fbb1e74fea2"
"2020-01-29","SPEND","ULearn Limited Current account","PAYROLL","","1528.84","E104B","","Salary & Wages Payroll","1528.84","TAX004","AUTHORISED","1e70138d-98c2-4562-b311-74dc40c3644d"
"2020-01-29","SPEND","ULearn Limited Current account","PAYROLL","","149.25","E104B","","Salary & Wages Payroll","149.25","TAX004","AUTHORISED","a76d18e7-8b2d-42c5-8a2c-7e82984eb61a"
"2020-01-29","SPEND","ULearn Limited Current account","PAYROLL","","1307.46","E104B","","Salary & Wages Payroll","1307.46","TAX004","AUTHORISED","b61c091b-cf35-4405-aefd-8b5886f3c6eb"
"2020-01-27","SPEND","ULearn Limited Current account","PAYROLL","","1806.11","E104B","","Ivana L - Payroll","1806.11","NONE","AUTHORISED","91a53a8d-073a-44f6-acb5-6a27622011cb"
"2020-01-09","SPEND","ULearn Limited Current account","PAYROLL","","267.88","E104B","","Salary & Wages Payroll","267.88","TAX004","AUTHORISED","b59ed527-e64e-4a79-964e-fecab207e98e"
"2020-01-29","SPEND","ULearn Limited Current account","PAYROLL","","1631.54","E104B","","Salary & Wages Payroll","1631.54","TAX004","AUTHORISED","9a9eb543-8774-46df-b0a2-d8f07d448ed2"
"2020-01-29","SPEND","ULearn Limited Current account","PAYROLL","","1501.27","E104B","","Salary & Wages Payroll","1501.27","TAX004","AUTHORISED","3ea5727c-7a15-49e7-b758-addcd1ed1c77"
"2020-01-29","SPEND","ULearn Limited Current account","PAYROLL","","1561.34","E104B","","Salary & Wages Payroll","1561.34","TAX004","AUTHORISED","4cd6363f-e495-4bf0-93c5-984b1afb26a6"
"2020-01-29","SPEND","ULearn Limited Current account","PAYROLL","","1493.35","E104B","","Salary & Wages Payroll","1493.35","TAX004","AUTHORISED","c42bd92f-a5bc-43a7-b071-c4b1132a2a6c"
"2020-01-29","SPEND","ULearn Limited Current account","PAYROLL","TO PADRAIG COSTELLO","109.44","E104B","","Padraig Costello - Payroll","109.44","NONE","AUTHORISED","b3c13673-b6f4-4cf4-ac3b-dc4c0f171d9b"
"2020-04-09","SPEND","ULearn Limited Current account","PADRAIG COSTELLO","","81.54","E104B","","Mar Pay","81.54","NONE","AUTHORISED","c68a0ce3-44c4-4b60-a5c3-205d6c1b4ebd"
"2020-04-09","SPEND","ULearn Limited Current account","KYLE HIGGINS","","97.47","E104B","","Mar Pay","97.47","NONE","AUTHORISED","9cc09a5f-b337-47b9-863a-2d2fa4e2c59f"
"2020-03-27","SPEND","ULearn Limited Current account","NEILAN Govender","","2085.5","E104B","","Salary - March 20","2085.5","NONE","AUTHORISED","54020ef5-666b-44d3-a937-9b3292390037"
"2020-03-27","SPEND","ULearn Limited Current account","MARY GLEESON","","208","E104B","","Salary - March 20","208","NONE","AUTHORISED","b5446bd4-5e7d-442e-9c80-4bfc4b85b801"
"2020-03-27","SPEND","ULearn Limited Current account","NEILAN Govender","","2038","E104B","","Salary - March 20","2038","NONE","AUTHORISED","be02b76e-b4c3-49e7-936c-4b8cec7f2104"
"2020-03-30","SPEND","ULearn Limited Current account","BARBARA BRENNAN","","1042.35","E104B","","Mar Pay","1042.35","NONE","AUTHORISED","1c177205-a862-4ab7-b78c-8980dd9904f3"
"2020-03-30","SPEND","ULearn Limited Current account","SHARON PIGOTT","","85.5","E104B","","March Pay","85.5","NONE","AUTHORISED","9fa9f48d-7c2f-4913-b900-f670b36f35ca"
"2020-04-01","SPEND","ULearn Limited Current account","Anna Cecilia Svanberg","","1771.22","E104B","","March Pay","1771.22","NONE","AUTHORISED","4eb12701-5185-431a-b138-beafb952dc29"
"2020-03-30","SPEND","ULearn Limited Current account","PADRAIG COSTELLO","","2245","E104B","","Mar Pay","2245","NONE","AUTHORISED","c17678dc-e28c-4888-a4d7-a680fe398124"
"2020-04-09","SPEND","ULearn Limited Current account","NEILAN Govender","","93.61","E104B","","Salary - March 20","93.61","NONE","AUTHORISED","7fde130b-88e6-490b-b804-e49eb3efe163"
"2020-07-17","SPEND","ULearn Limited Current account","KYLE HIGGINS","","1400.01","E104B","","Payroll","1400.01","NONE","AUTHORISED","18fcf9fc-8852-4954-b712-a0190588ac35"
"2020-07-17","SPEND","ULearn Limited Current account","Anna Cecilia Svanberg","","1516.68","E104B","","Payroll","1516.68","NONE","AUTHORISED","c37cf766-3e57-4b93-9eca-c6b24f83b2bc"
"2020-11-10","RECEIVE","ULearn Limited Current account","PAYROLL","931","374.4","E104B","","194628BF0B1840B492CTO","374.4","NONE","AUTHORISED","f8740814-b639-4ac9-ae13-ad66aa7242a0"
"2020-01-02","SPEND","ULearn Limited Current account","GRENKE LIMITED","Grenke Limite SEPA DD","1150.87","B117","","","1150.87","NONE","AUTHORISED","0034c098-c9ae-43d4-8de0-c0a86b043451"
"2020-01-02","SPEND","ULearn Limited Current account","GRENKE LIMITED","","1506","B117","","","1506","NONE","AUTHORISED","bf9c614f-0741-49b8-bede-e19ac3c4f0cc"
"2020-01-30","RECEIVE-TRANSFER","ULearn Term Loan","","","3810.72","AC3","","Bank Transfer from ULearn Limited Current account.","3810.72","","AUTHORISED","c6769445-7bec-4ff6-87aa-6e5165ff7473"
"2020-12-31","SPEND","ULearn Limited Current account","ULearn-Student","MJ-31.12.2020","200","E107","","Manual Journal Year End Update 31.12.2020","200","NONE","AUTHORISED","1fafd938-587a-4deb-9a75-33431233a114"
"2020-02-13","RECEIVE-TRANSFER","Credit Card - Neil","","","31","AC-CC-NM","","Bank Transfer from ULearn Limited Current account.","31","","AUTHORISED","5cd39f59-cf6f-4c16-8ac3-a8a01b43fe36"
"2020-03-02","RECEIVE-TRANSFER","ULearn Term Loan","","","3810.72","AC3","","Bank Transfer from ULearn Limited Current account.","3810.72","","AUTHORISED","4371c082-0986-41ac-9740-d5d5b9514e52"
"2020-06-30","RECEIVE-TRANSFER","ULearn Term Loan","","","3810.72","AC3","","Bank Transfer from ULearn Limited Current account.","3810.72","","AUTHORISED","b51a3e66-4f65-42ff-aa13-53edf004119d"
"2020-07-30","RECEIVE-TRANSFER","ULearn Term Loan","","","3810.72","AC3","","Bank Transfer from ULearn Limited Current account.","3810.72","","AUTHORISED","1d46d641-7db0-4574-b806-33c474401759"
"2020-08-31","RECEIVE-TRANSFER","ULearn Term Loan","","","3810.72","AC3","","Bank Transfer from ULearn Limited Current account.","3810.72","","AUTHORISED","8eee873f-8557-47d1-8eff-73f5aac23365"
"2020-09-30","RECEIVE-TRANSFER","ULearn Term Loan","","","3810.72","AC3","","Bank Transfer from ULearn Limited Current account.","3810.72","","AUTHORISED","190a1f40-b9e2-40ae-826b-1784c22a7ecf"
"2020-10-31","RECEIVE-TRANSFER","ULearn Term Loan","","","3810.72","AC3","","Bank Transfer from ULearn Limited Current account.","3810.72","","AUTHORISED","3423925d-fa3f-4a90-a44e-fefa037d37b3"
"2020-11-30","RECEIVE-TRANSFER","ULearn Term Loan","","","3810.72","AC3","","Bank Transfer from ULearn Limited Current account.","3810.72","","AUTHORISED","1fe507c5-fe51-437a-98a1-9d2f849dfa8d"
"2020-12-30","RECEIVE-TRANSFER","ULearn Term Loan","","","3810.72","AC3","","Bank Transfer from ULearn Limited Current account.","3810.72","","AUTHORISED","b0bae092-5d32-4ed7-935d-28a083a0a97a"
"2020-12-31","SPEND","Credit Card - Neil","BOI","MJ-31.12.2020","31.3","E107","","Year End Adjust MJ 31.12.2020","31.3","NONE","AUTHORISED","88428b7b-b813-4991-b11e-b79815af79ee"
"2020-12-31","SPEND","ULearn Term Loan","BOI","MJ-31.12.2020","34296.12","E107","","Year End Adjust - MJ 31.12.2020","34296.12","NONE","AUTHORISED","7d7ffe27-4b9d-4375-a601-017f4bebfe90"
"2020-12-31","SPEND","ULearn Limited Current account","Year end adjustment","Year end adjustment","1410","E107","","Year end adjustment","1410","NONE","AUTHORISED","7b59f721-3ba5-413c-8df5-702caf50b56d"