Date,Type,BankAccount,ContactName,Reference,Total,AccountCode,AccountName,Description,LineAmount,TaxType,Status,BankTransactionID
"2022-01-02","SPEND","ULearn Limited Current account","FREE NOW","5YGK2U","27.3","A104","","Student transport","27.3","NONE","AUTHORISED","897f63fd-8d07-4aff-9477-53983232381c"
"2022-01-04","RECEIVE","ULearn Limited Current account","WAACC","","6250","101","","WAACC 13 SP","6250","NONE","AUTHORISED","e9b1f7e0-19b9-4471-893c-3dc903b7ac5c"
"2022-01-04","SPEND","ULearn Limited Current account","Bank Charges","","0.11","B127","","NEPOSCHGUSD 000000.11","0.11","NONE","AUTHORISED","2f9a1bc7-e715-49cf-bfd0-955ea8c9e0dd"
"2022-01-05","SPEND","ULearn Limited Current account","Bank Charges","","0.53","B127","","NEPOSCHGUSD 000000.53","0.53","NONE","AUTHORISED","a742f856-bf7e-4031-a6c5-ccde68d45d7a"
"2022-01-05","RECEIVE","ULearn Limited Current account","ULearn-Student","","4261","100","","23514 SP","4261","NONE","AUTHORISED","4af51527-d5cf-45e9-8024-e8ed3303dd9a"
"2022-01-07","RECEIVE","ULearn Limited Current account","WAACC","","1","101","","WAACC 13 SP","1","NONE","AUTHORISED","873851bf-4939-47cd-9d2c-e227bba11d69"
"2022-01-10","SPEND","ULearn Limited Current account","Bank Charges","","0.19","B127","","NEPOSCHGGBP 000000.19","0.19","NONE","AUTHORISED","bcceae3a-c3ae-426f-9aa7-dbf7c24fd7c2"
"2022-01-17","SPEND","ULearn Limited Current account","Bank Charges","","0.8","B127","","EFT DD CHARGES","0.8","NONE","AUTHORISED","790494dc-cebb-4d03-825c-5be28ebdc43c"
"2022-01-17","SPEND","ULearn Limited Current account","Bank Charges","","0.32","B127","","EFT DD CHARGES","0.32","NONE","AUTHORISED","ed7307e5-69a8-45e6-991e-8985ff00bbce"
"2022-01-17","SPEND","ULearn Limited Current account","Bank Charges","","0.4","B127","","EFT DD CHARGES","0.4","NONE","AUTHORISED","1988d7fa-4f43-4280-abb5-6a5cf9cf7fb4"
"2022-01-17","SPEND","ULearn Limited Current account","Bank Charges","","0.23","B127","","NEPOSCHGUSD 000000.23","0.23","NONE","AUTHORISED","95677a50-e122-415a-912b-896199d3e800"
"2022-01-21","SPEND","ULearn Limited Current account","Bank Charges","","0.25","B127","","NEPOSCHGUSD 000000.25","0.25","NONE","AUTHORISED","d5c71bd1-dfaf-411b-918e-8b9ea0e53ed9"
"2022-01-21","SPEND","ULearn Limited Current account","Zopim - CARD","","12.39","B106","","Chat Basic Subscription
01/20/2022-02/19/2022
Month ","12.39","NONE","AUTHORISED","7ccaa267-a86a-4c2a-bbc4-9ef9922d52a8"
"2022-01-25","RECEIVE","ULearn Limited Current account","Apartment Capel","","3226.39","101","","32 Capel SP","3226.39","NONE","AUTHORISED","743ee837-e428-4e19-8c81-85a2ee55e3fe"
"2022-01-26","SPEND","ULearn Limited Current account","Bank Charges","","0.53","B127","","NEPOSCHGUSD 000000.53","0.53","NONE","AUTHORISED","78b05c24-fd70-467f-9460-c54284ac517d"
"2022-01-28","SPEND","ULearn Limited Current account","Bank Charges","","10","B127","","BOI BOL CHARGE","10","NONE","AUTHORISED","de35f185-e6b6-4cd2-9cd0-f7a654a53ef6"
"2022-01-28","SPEND","ULearn Limited Current account","PAYROLL","","5209.24","E104B","","Payroll","5209.24","NONE","AUTHORISED","bf9e510b-66bc-4679-9c32-87ccb9464537"
"2022-01-31","SPEND","ULearn Limited Current account","PAYROLL","","2250","E104B","","TO PAUL GILL","2250","NONE","AUTHORISED","5f126daa-4ec8-47ba-af20-47ca8cd19dfe"
"2022-01-31","SPEND","ULearn Limited Current account","PAYROLL","","2250","E104B","","TO NEIL MC MAHON","2250","NONE","AUTHORISED","2b5c7dff-d6e6-41d1-ba32-a5bfb4877dff"
"2022-01-31","SPEND","ULearn Limited Current account","PAYROLL","","2250","E104B","","TO DIANA GUTIERREZ MA","2250","NONE","AUTHORISED","a6cc9f97-85c1-4dac-aed3-423c8f43d69d"
"2022-01-31","RECEIVE","ULearn Limited Current account","Google - CARD","","56.43","B110","","Google Ads","56.43","NONE","AUTHORISED","72f3829d-c171-4b35-926a-3886afdfc2a0"
"2022-01-24","RECEIVE","ULearn Limited Current account","ULearn-Student","","67","100","","Virement depuis Ma SP","67","NONE","AUTHORISED","7ee7d6f9-6f83-4b59-9faf-10fa0d16951a"
"2022-01-10","RECEIVE","ULearn Limited Current account","ULearn-Student","","180","100","","STUDENT ID 23724ST SP","180","NONE","AUTHORISED","81431c3d-88f3-40ca-a3c4-9ed49ac214aa"
"2022-01-17","RECEIVE","ULearn Limited Current account","ULearn-Student","","180","100","","Virement depuis Ma SP","180","NONE","AUTHORISED","179975b6-abdb-4925-97bd-9df710cd27e8"
"2022-01-20","RECEIVE","ULearn Limited Current account","ULearn-Student","","374","100","","MORNING GENERAL PL SP","374","NONE","AUTHORISED","1d6cde3e-f05f-4fc8-8035-01cfdaf425f4"
"2022-01-10","RECEIVE","ULearn Limited Current account","ULearn-Student","","560","100","","RGLT F342 SP","560","NONE","AUTHORISED","2f97d975-1f59-4bac-927a-415a15767875"
"2022-01-25","RECEIVE","ULearn Limited Current account","ULearn-Student","","725","100","","D2021006STUDENT ID SP","725","NONE","AUTHORISED","3507cc19-4549-4767-bfc8-f1f7f6e0c7f1"
"2022-01-10","RECEIVE","ULearn Limited Current account","ULearn-Student","","954","100","","VIREMENT VERS ULEA SP","954","NONE","AUTHORISED","796ca8e2-3dc0-4ad3-85ad-b7e3d79b4001"
"2022-01-07","RECEIVE","ULearn Limited Current account","ULearn-Student","","1000","100","","VIREMENT VERS ULEA SP","1000","NONE","AUTHORISED","955c943e-5be3-4dcd-b403-2402457d11bd"
"2022-01-10","RECEIVE","ULearn Limited Current account","ULearn-Student","","1000","100","","VIREMENT VERS ULEA SP","1000","NONE","AUTHORISED","180f74b1-2b9e-4305-b08a-e06c100a2cb3"
"2022-01-20","RECEIVE","ULearn Limited Current account","ULearn-Student","","1150","100","","STUDENT CASSANDRE SP","1150","NONE","AUTHORISED","01541eed-d176-4dc5-80be-7bf6084ef720"
"2022-01-10","RECEIVE","ULearn Limited Current account","ULearn-Student","","1160","100","","D2022012 JOSE CARL SP","1160","NONE","AUTHORISED","a37f9216-1621-4880-91d2-31b7f0f3a6a2"
"2022-01-04","RECEIVE","ULearn Limited Current account","ULearn-Student","","1190","100","","P2021122 - Student SP","1190","NONE","AUTHORISED","8c29eda7-9757-4da0-b42a-7c76497093b1"
"2022-01-25","RECEIVE","ULearn Limited Current account","ULearn-Student","","1310","100","","BLUE CONSULTORIA E GP","1310","NONE","AUTHORISED","612e8ea4-24bb-4613-8a41-ce5c30473d3d"
"2022-01-25","RECEIVE","ULearn Limited Current account","ULearn-Student","","1310","100","","BLUE CONSULTORIA E GP","1310","NONE","AUTHORISED","52925ea4-002e-407a-bf53-7745dc1b51c0"
"2022-01-25","RECEIVE","ULearn Limited Current account","ULearn-Student","","1310","100","","BLUE CONSULTORIA E GP","1310","NONE","AUTHORISED","f0d0c09b-66fb-4306-8d85-8e33aa3b908a"
"2022-01-25","RECEIVE","ULearn Limited Current account","ULearn-Student","","1310","100","","BLUE CONSULTORIA E GP","1310","NONE","AUTHORISED","41f81658-5c47-48f8-8199-325d974e4a7b"
"2022-01-04","RECEIVE","ULearn Limited Current account","ULearn-Student","","2000","100","","P2021122 - Student SP","2000","NONE","AUTHORISED","76a3c67b-2e77-4f42-8015-0c09500864be"
"2022-01-11","RECEIVE","ULearn Limited Current account","ULearn-Student","","2260","100","","MIGUEL BAGAN. 2368 SP","2260","NONE","AUTHORISED","e1923543-14f2-4b3f-aea7-fc80ac621e27"
"2022-01-18","RECEIVE","ULearn Limited Current account","ULearn-Student","","2511.25","100","","Payment for RASIT SP","2511.25","NONE","AUTHORISED","a4a6bbd3-8a1f-4f95-9416-d2febd427e1a"
"2022-01-04","RECEIVE","ULearn Limited Current account","ULearn-Student","","2850","100","","PAIMENT OF THE COU SP","2850","NONE","AUTHORISED","fcba11b1-ce68-471d-9fbf-8900df742052"
"2022-01-04","RECEIVE","ULearn Limited Current account","ULearn-Student","","3900","100","","BATAA DEMBEREL GP","3900","NONE","AUTHORISED","3cf97035-c19e-4539-8aca-d63f706a069e"
"2022-01-05","RECEIVE","ULearn Limited Current account","ULearn-Student","","4805","100","","ST ID 22050 (ELISA SP","4805","NONE","AUTHORISED","ff70976d-f67a-47d4-89ae-b9a873eb3c40"
"2022-01-05","RECEIVE","ULearn Limited Current account","ULearn-Student","","5635","100","","Invoice number P20 SP","5635","NONE","AUTHORISED","227e5c1b-1232-4487-b9ec-2090ddbec00c"
"2022-01-17","RECEIVE","ULearn Limited Current account","ULearn-Student","","5928.4","100","","Invoice number: P2 SP","5928.4","NONE","AUTHORISED","d344b681-fb92-46c7-b29b-f1bf58d71c9f"
"2022-01-06","RECEIVE","ULearn Limited Current account","ULearn-Student","","8789","100","","23691 Camille Alle SP","8789","NONE","AUTHORISED","4b38ed6b-442a-4c71-95d1-5492218563d7"
"2022-01-04","RECEIVE","ULearn Limited Current account","ULearn-Student","","22855.5","100","","23692 Dalbin - 236 SP","22855.5","NONE","AUTHORISED","616c6181-fd64-405f-bb02-b7fbbfcfaf91"
"2022-01-04","SPEND","ULearn Limited Current account","AirBnB","","1047.94","A100","","POS03JAN AIRBNB * HM8","1047.94","NONE","AUTHORISED","32fa5e98-0965-4253-8185-622a3027fdd1"
"2022-01-04","RECEIVE","ULearn Limited Current account","Blackhall Green - Apartment","","3200","101","","RENT JANUARY SP","3200","NONE","AUTHORISED","40734ed2-ed7e-42db-8de3-74178ca0d825"
"2022-01-04","SPEND","ULearn Limited Current account","SOFTWARE","","5.44","B106","","P0101US 6.15@0.88455","5.44","NONE","AUTHORISED","7d63caff-b9d0-437a-a8d0-f363b805df1e"
"2022-01-05","SPEND","ULearn Limited Current account","TradingView","","26.57","B106","","P0401US 29.95@0.88714","26.57","NONE","AUTHORISED","c8067bf6-0c55-4bea-a8cd-e00aeff18726"
"2022-01-06","SPEND","ULearn Limited Current account","Randox Laboratories","","59","B102","","POS05JAN RANDOX TEORA","59","NONE","AUTHORISED","407c47c3-4a2e-4157-8ac1-7179630eaf6f"
"2022-01-10","SPEND","ULearn Limited Current account","Audible - CARD","","9.58","B121","","P0801GB 7.99@1.19899","9.58","NONE","AUTHORISED","9e7a637a-3b30-4bd6-8843-4a27594d8f37"
"2022-01-10","SPEND","ULearn Limited Current account","Skype","","8","B106","","POS04JAN GO.SKYPE.COM","8","NONE","AUTHORISED","6bb3d5a6-9a2d-4a70-9adb-49cf72ff1f2f"
"2022-01-11","SPEND","ULearn Limited Current account","Company Bureau","","50.43","B102","","POS10JAN COMPANY BURE","50.43","NONE","AUTHORISED","c6d39003-3cc3-4a51-9503-c5e7e8db100a"
"2022-01-11","SPEND","ULearn Limited Current account","Vodafone","","49.2","B104","","POS10JAN VODAFONE AT","49.2","NONE","AUTHORISED","80a2df08-f62d-4044-97de-c4901862aa52"
"2022-01-12","SPEND","ULearn Limited Current account","Zoho","","23.37","B106","","POS12JAN ZOHO-PEOPLE","23.37","NONE","AUTHORISED","b9e31b61-4458-4360-a149-4771492899c3"
"2022-01-12","SPEND","ULearn Limited Current account","MEI LTD","","2","B122","","POS11JAN MEI GARDA VE","2","NONE","AUTHORISED","fb65810c-86fc-4486-8dd5-09c1e891d214"
"2022-01-12","SPEND","ULearn Limited Current account","Noel Hancock","","265","A104","","POS11JAN PAYPAL *NOEL","265","NONE","AUTHORISED","6d65c101-b54f-400c-81d5-1334feadfc4a"
"2022-01-13","SPEND","ULearn Limited Current account","Centra","","19.95","B102","","POSC12JAN CENTRA DAME","19.95","NONE","AUTHORISED","73bdff39-126b-47c6-a6a6-a378d981dc87"
"2022-01-14","SPEND","ULearn Limited Current account","GoDaddy.com, LLC - CARD","","110.55","B106","","POS13JAN DNH*GODADDY.","110.55","NONE","AUTHORISED","8d07bff7-8a79-4d5e-a6cf-255f614cf25d"
"2022-01-17","SPEND","ULearn Limited Current account","PAYPAL EUROPE","","30","B102","","POS16JAN PAYPAL *CYAT","30","NONE","AUTHORISED","d8ef3618-4bc4-49bb-a332-171465335739"
"2022-01-17","SPEND","ULearn Limited Current account","Vodafone","","20","B104","","POS15JAN VESTA *VODA","20","NONE","AUTHORISED","70fd848c-cf08-44d6-98f6-48ad622278e0"
"2022-01-17","SPEND","ULearn Limited Current account","GoDaddy.com, LLC - CARD","","11.06","B106","","POS16JAN DNH*GODADDY.","11.06","NONE","AUTHORISED","d7251f81-6957-4a63-94af-55c1652947a4"
"2022-01-17","SPEND","ULearn Limited Current account","TradingView","","11.36","B106","","P1501GI 12.95@0.87722","11.36","NONE","AUTHORISED","24330235-2b42-4ee5-abc6-f91c1703b560"
"2022-01-18","SPEND","ULearn Limited Current account","Bank Charges","","0.61","B127","","NEPOSCHGUSD 000000.61","0.61","NONE","AUTHORISED","3855d509-4577-4246-bdb6-af2c235952cc"
"2022-01-17","SPEND","ULearn Limited Current account","Xero Subscription - CARD","IN-3283646","30.73","B106","","ULearn. Monthly Subscription, Standard Price Plan, 17 Dec 2021 to 16 Jan 2022.","30.73","NONE","AUTHORISED","b8de5523-c6b6-49d1-aada-c44e8ed83dc2"
"2022-01-17","SPEND","ULearn Limited Current account","Hughes & Liddy (Landlord from 11 Harcourt)","","5000","B100","","TO HUGHES LIDDY CLIE","5000","NONE","AUTHORISED","d3d256fe-7678-44be-aeb4-3dea29dfacba"
"2022-01-28","SPEND","ULearn Limited Current account","Hughes & Liddy (Landlord from 11 Harcourt)","","5000","B100","","TO HUGHES LIDDY CLIE","5000","NONE","AUTHORISED","4d4e8c88-8770-4d8d-b237-b384739ffe05"
"2022-01-24","SPEND","ULearn Limited Current account","Hughes & Liddy (Landlord from 11 Harcourt)","","5416.66","B100","","TO HUGHES LIDDY CLIE","5416.66","NONE","AUTHORISED","f98d7f9a-6341-49f5-9949-8d15d66355e9"
"2022-01-19","SPEND","ULearn Limited Current account","CARD - Google","","9.99","B110","","POS17JAN GOOGLE*GOOGL","9.99","NONE","AUTHORISED","7490320a-cd29-4488-b26f-4773e14a6696"
"2022-01-21","SPEND","ULearn Limited Current account","Dunnes Stores","","3.72","B102","","POS20JAN DUNNES GEORG","3.72","NONE","AUTHORISED","18129429-ad10-45b2-9286-3eb5cfefb9a6"
"2022-01-24","SPEND","ULearn Limited Current account","ADOBE","","30.74","B106","","POS21JAN Adobe.com","30.74","NONE","AUTHORISED","4f4765a0-c596-4348-a334-e9d58d8d47c2"
"2022-01-24","SPEND","ULearn Limited Current account","PAYPAL EUROPE","","6.44","B102","","POS23JAN PAYPAL *FLIC","6.44","NONE","AUTHORISED","672fa2b1-b95d-43d2-9ed7-d86f63de29b7"
"2022-01-26","SPEND","ULearn Limited Current account","Bank Charges","","0.36","B127","","GOVT DUTY ATM/POS0536","0.36","NONE","AUTHORISED","edc6143d-27d1-4cb9-968f-0f1a5974a02f"
"2022-01-26","SPEND","ULearn Limited Current account","Bank Charges","","0.6","B127","","GOVT DUTY ATM/POS8203","0.6","NONE","AUTHORISED","ad50c60f-c8da-4d8e-a0d2-1e5238f13022"
"2022-01-26","SPEND","ULearn Limited Current account","TradingView","","26.6","B106","","P2501US 29.95@0.88814","26.6","NONE","AUTHORISED","3c746e64-6a93-449d-bb2a-7b064a559bf4"
"2022-01-27","SPEND","ULearn Limited Current account","Storage Worl","","222.75","B102","","POS26JAN STORAGE WORL","222.75","NONE","AUTHORISED","0222bd7e-ef18-43c8-a92e-4733b603d67a"
"2022-02-01","RECEIVE","ULearn Limited Current account","ULearn-Student","","1292.5","100","","STUDENT ID 14956 - SP","1292.5","NONE","AUTHORISED","2b002b5f-5fa8-45f0-af0f-50abb6015822"
"2022-02-01","SPEND","ULearn Limited Current account","Hughes & Liddy (Landlord from 11 Harcourt)","","5416.66","B100","","TO HUGHES LIDDY CLIE","5416.66","NONE","AUTHORISED","bd619674-02b8-4f7f-bf4d-1d0cc7fb8226"
"2022-02-01","RECEIVE","ULearn Limited Current account","ULearn-Student","","532","100","","STUDENT ID 14956 - SP","532","NONE","AUTHORISED","ba31412e-d4a3-47c6-b7d7-8e1b360c96e9"
"2022-02-01","RECEIVE","ULearn Limited Current account","WAACC","","6250","101","","WAACC 13 SP","6250","NONE","AUTHORISED","319db871-d7c3-4c17-ab6a-5415a898c538"
"2022-02-01","RECEIVE","ULearn Limited Current account","Blackhall Green - Apartment","","3200","101","","","3200","NONE","AUTHORISED","8f0862d0-c93b-4665-9402-c035d2ae72af"
"2022-02-02","SPEND","ULearn Limited Current account","Bank Charges","","0.11","B127","","NEPOSCHGUSD 000000.11","0.11","NONE","AUTHORISED","252b4fac-3f86-45ab-a54d-427b59029959"
"2022-02-07","SPEND","ULearn Limited Current account","Bank Charges","","0.53","B127","","NEPOSCHGUSD 000000.53","0.53","NONE","AUTHORISED","9b1eda72-bc30-41f8-84a7-31d400a68153"
"2022-02-07","SPEND","ULearn Limited Current account","General Expenses","","7.1","B102","","","7.1","NONE","AUTHORISED","1d516941-2cec-46f7-8566-e346a406e68e"
"2022-02-09","SPEND","ULearn Limited Current account","Bank Charges","","0.19","B127","","NEPOSCHGGBP 000000.19","0.19","NONE","AUTHORISED","74816387-5b19-40cf-a62d-2365957e08dd"
"2022-02-14","RECEIVE","ULearn Limited Current account","ULearn-Student","","885","100","","Virement depuis Ma SP","885","NONE","AUTHORISED","0e83acff-a428-4a69-8186-7691f5b369cd"
"2022-02-16","SPEND","ULearn Limited Current account","Bank Charges","","0.23","B127","","NEPOSCHGUSD 000000.23","0.23","NONE","AUTHORISED","33a3bdb8-8258-454e-9aa9-2c0ee9fc5cae"
"2022-02-18","SPEND","ULearn Limited Current account","Bank Charges","","0.62","B127","","NEPOSCHGUSD 000000.62","0.62","NONE","AUTHORISED","4e4d2bcb-4bfd-45ff-aa07-d2bd5b9f9cab"
"2022-02-18","RECEIVE","ULearn Limited Current account","ULearn-Student","","215","100","","VIREMENT VERS ULEA SP","215","NONE","AUTHORISED","73cc3300-d564-462f-8d14-90e428912395"
"2022-02-18","SPEND","ULearn Limited Current account","Xero Subscription - CARD","IN-3348963","30.92","B106","","ULearn. Monthly Subscription, Standard Price Plan, 17 Jan 2022 to 16 Feb 2022. ","30.92","NONE","AUTHORISED","ef2a1b4a-80cb-49ba-a863-9d063bf32896"
"2022-02-21","SPEND","ULearn Limited Current account","Zopim - CARD","INV08125837","12.38","B106","","Chat Basic Subscription
02/20/2022-03/19/2022
Month ","12.38","NONE","AUTHORISED","6c66fee9-dc3e-4f99-ae53-9413deebb3c7"
"2022-02-21","SPEND","ULearn Limited Current account","UISCE (Irish Water)","828078356510","126.9","B105","","01/10/2021 - 31/12/2021 Annually","126.9","NONE","AUTHORISED","712b7535-27a9-4b08-b91c-1c0a60fa75cc"
"2022-02-24","SPEND","ULearn Limited Current account","PAYROLL","","2250","E104B","","TO PAUL GILL","2250","NONE","AUTHORISED","cc2cd77a-9485-4c76-ab36-88287a70bbb8"
"2022-02-24","SPEND","ULearn Limited Current account","PAYROLL","","6628.83","E104B","","Payroll","6628.83","NONE","AUTHORISED","f5426a93-fb77-42e1-8530-89d06fc785d7"
"2022-02-24","SPEND","ULearn Limited Current account","PAYROLL","","2250","E104B","","TO DIANA GUTIERREZ MA","2250","NONE","AUTHORISED","dc64c794-ddea-483d-9e7c-23ad12d5dced"
"2022-02-25","RECEIVE","ULearn Limited Current account","Apartment Capel","","3226.39","101","","32 Capel SP","3226.39","NONE","AUTHORISED","5c2204bc-9376-4cd8-b7f2-06e76c305052"
"2022-02-28","SPEND","ULearn Limited Current account","Bank Charges","","10","B127","","BOI BOL CHARGE","10","NONE","AUTHORISED","a5167973-3ea8-49c8-9a74-590ca5f20abc"
"2022-02-28","SPEND","ULearn Limited Current account","GoDaddy.com, LLC - CARD","","43.98","B106","","POS27FEB DNH*GODADDY.","43.98","NONE","AUTHORISED","d2fcc40c-fc87-4535-bf28-ed4cd81a2f99"
"2022-02-28","SPEND","ULearn Limited Current account","Bank Charges","","0.54","B127","","NEPOSCHGUSD 000000.54","0.54","NONE","AUTHORISED","7adb0ee1-85a8-489e-9068-1e4550ddb22a"
"2022-02-28","SPEND","ULearn Limited Current account","GoDaddy.com, LLC - CARD","","33.09","B106","","POS26FEB DNH*GO DADDY","33.09","NONE","AUTHORISED","e62149d4-88b2-4d78-80ab-f7cfeb67eaab"
"2022-02-04","RECEIVE","ULearn Limited Current account","ULearn-Student","","133.92","100","","365 Seonhee Kim 2324","133.92","NONE","AUTHORISED","f677caa9-f674-43e0-bc39-7d27c3687c68"
"2022-02-21","RECEIVE","ULearn Limited Current account","ULearn-Student","","215","100","","COURS D'ANGLAIS. SP","215","NONE","AUTHORISED","48dd66ff-b067-473f-ae56-74b49e302090"
"2022-02-08","RECEIVE","ULearn Limited Current account","ULearn-Student","","360","100","","STUDENT ID 23729 M SP","360","NONE","AUTHORISED","34c0f469-8ebd-4f29-803a-2eb434fc87c1"
"2022-02-21","RECEIVE","ULearn Limited Current account","ULearn-Student","","421.25","100","","5449794969a64430aa SP","421.25","NONE","AUTHORISED","4aface64-1d18-45c8-8f45-a388250ed58e"
"2022-02-08","RECEIVE","ULearn Limited Current account","ULearn-Student","","500","100","","INV. NR. D2022033 SP","500","NONE","AUTHORISED","0f84a32a-a021-4be2-8e52-decaf2adf81d"
"2022-02-28","RECEIVE","ULearn Limited Current account","ULearn-Student","","572","100","","STUDENT: ELISA DEL SP","572","NONE","AUTHORISED","1b232d8b-bcee-4437-aec5-52b9ad19f1a0"
"2022-02-07","RECEIVE","ULearn Limited Current account","ULearn-Student","","660","100","","INV. NR. D2020033 SP","660","NONE","AUTHORISED","5bc679c2-8af7-422f-a733-c71a0a7d8c54"
"2022-02-09","RECEIVE","ULearn Limited Current account","ULearn-Student","","759","100","","Ulearn EN Dublin - SP","759","NONE","AUTHORISED","23b861c3-18e5-4502-8c0a-dc3ff922b04c"
"2022-02-21","RECEIVE","ULearn Limited Current account","ULearn-Student","","1310","100","","d469c0b0cbd34312b7 SP","1310","NONE","AUTHORISED","029cd08d-6ef8-41c9-9fcf-e3197ff26b3e"
"2022-02-17","RECEIVE","ULearn Limited Current account","ULearn-Student","","1490","100","","ZZ1BE0WU8P1AKYI9RE SP","1490","NONE","AUTHORISED","f9cda2b3-d012-4f89-a760-958c7bb7b4fd"
"2022-02-17","RECEIVE","ULearn Limited Current account","ULearn-Student","","2425","100","","MILENKA SP","2425","NONE","AUTHORISED","0d470b88-4742-4e7d-acc6-2ef418804a33"
"2022-02-18","RECEIVE","ULearn Limited Current account","ULearn-Student","","5223","100","","23742 TAQUIN DUB23 SP","5223","NONE","AUTHORISED","43460815-2bad-40fd-9c8f-876427c268ec"
"2022-02-02","SPEND","ULearn Limited Current account","Phoenix Magazine","","9","B121","","POS01FEB PHOENIX MAGA","9","NONE","AUTHORISED","6f64e19c-4c6a-4e60-af82-fa9d0a6b997c"
"2022-02-02","SPEND","ULearn Limited Current account","SOFTWARE","","5.52","B111","","P0102US 6.15@0.89756","5.52","NONE","AUTHORISED","0dd4474b-9566-46ca-bce2-15307433fa8e"
"2022-02-03","SPEND","ULearn Limited Current account","Noel Hancock","","55","A104","","POS02FEB PAYPAL *NOEL","55","NONE","AUTHORISED","13993f5b-83ff-4634-8ec4-ab5bf5a5a519"
"2022-02-04","SPEND","ULearn Limited Current account","ZOOM","","51.62","B106","","POS03FEB ZOOM.US 888-","51.62","NONE","AUTHORISED","af6da162-793a-4790-99eb-56b874daa240"
"2022-02-07","SPEND","ULearn Limited Current account","TradingView","","26.25","B106","","P0402US 29.95@0.87646","26.25","NONE","AUTHORISED","d8357bfe-bdc4-41af-996e-6c4832c64aef"
"2022-02-07","SPEND","ULearn Limited Current account","General Expenses","","70","B102","","ATM05FEB JERVIS SC","70","NONE","AUTHORISED","fd1df5a0-520a-43c4-a6d5-4492ce09fd5d"
"2022-02-07","SPEND","ULearn Limited Current account","Home Depot","","355.19","A101","","P0502MX 8321@0.04268","355.19","NONE","AUTHORISED","ac617a78-57eb-4bfc-aec8-5f16ae81d5bf"
"2022-02-08","SPEND","ULearn Limited Current account","Skype","","8","B106","","POS04FEB GO.SKYPE.COM","8","NONE","AUTHORISED","729d3d7d-7cc4-4c2d-ac3d-9617404165c2"
"2022-02-09","SPEND","ULearn Limited Current account","Audible - CARD","","9.5","B121","","P0802GB 7.99@1.18898","9.5","NONE","AUTHORISED","b39a5048-eca1-4eb4-b13f-ea7ce7aec320"
"2022-02-11","SPEND","ULearn Limited Current account","Lucid Software","","102.58","B106","","POS10FEB LUCIDCHART.C","102.58","NONE","AUTHORISED","0f820d37-ae18-4c24-9d6e-1f5d1408d334"
"2022-02-11","SPEND","ULearn Limited Current account","EIR","","20","B104","","POS10FEB Vesta EIR To","20","NONE","AUTHORISED","212debf2-98be-49c6-bc9b-9276200b63e2"
"2022-02-14","SPEND","ULearn Limited Current account","Bank Charges","","0.88","B127","","P1102CA 1.00@0.88000","0.88","NONE","AUTHORISED","0564cc74-0b0d-419b-9971-b23e26fe3480"
"2022-02-14","SPEND","ULearn Limited Current account","Zoho","","26.88","B106","","POS12FEB ZOHO-PEOPLE","26.88","NONE","AUTHORISED","fb5418a4-2b66-4a1f-b527-90e02c999225"
"2022-02-14","SPEND","ULearn Limited Current account","Bank Charges","","2.55","B127","","NEPOSCHGMXN 000002.55","2.55","NONE","AUTHORISED","55436fd6-391d-4835-8d88-0d4baea1caac"
"2022-02-14","SPEND","ULearn Limited Current account","Office Depot","","127.28","B102","","P1002MX 2965@0.04292","127.28","NONE","AUTHORISED","d0146c0b-ae99-4332-b5c9-31b1ac48723c"
"2022-02-14","SPEND","ULearn Limited Current account","Curry's PC World","","85.96","B102","","POS13FEB CURRYS IRELA","85.96","NONE","AUTHORISED","d0b0622d-eb3b-4ce3-851e-89e675e550d3"
"2022-02-14","SPEND","ULearn Limited Current account","Bank Charges","","0.02","B127","","NEPOSCHGUSD 000000.02","0.02","NONE","AUTHORISED","1fc54d0c-d67a-4cd6-aa92-e3545679088e"
"2022-02-16","SPEND","ULearn Limited Current account","TradingView","","11.47","B106","","P1502GI 12.95@0.88571","11.47","NONE","AUTHORISED","3e57956b-8f94-440e-8e2e-298aeea2ff2c"
"2022-02-17","SPEND","ULearn Limited Current account","Vodafone","","49.2","B104","","POS16FEB VODAFONE AT","49.2","NONE","AUTHORISED","9573a797-d248-4ade-802c-c4bbcc3badd3"
"2022-02-17","SPEND","ULearn Limited Current account","Vodafone","","49.2","B104","","POS16FEB VODAFONE AT","49.2","NONE","AUTHORISED","9a6dac30-18a4-4ed4-9f44-0d56679ca386"
"2022-02-17","SPEND","ULearn Limited Current account","Vodafone","","49.2","B104","","POS16FEB VODAFONE AT","49.2","NONE","AUTHORISED","c77f5d3c-20e4-4380-ae12-5ee7c2c4ece7"
"2022-02-17","SPEND","ULearn Limited Current account","Vodafone","","20","B104","","POS15FEB Vesta Vodafo","20","NONE","AUTHORISED","af545138-54f6-4d05-ba4b-c9f752582446"
"2022-02-17","SPEND","ULearn Limited Current account","GoDaddy.com, LLC - CARD","","11.06","B106","","POS16FEB DNH*GODADDY.","11.06","NONE","AUTHORISED","9e97b672-cc30-4c5b-ab46-c2fc865a4de2"
"2022-02-17","SPEND","ULearn Limited Current account","Vodafone","","49.2","B104","","POS16FEB VODAFONE AT","49.2","NONE","AUTHORISED","0bb441a2-e0ba-44d5-8309-1c54f7479a9c"
"2022-02-17","SPEND","ULearn Limited Current account","PAYPAL EUROPE","","30","B102","","POS16FEB PAYPAL *CYAT","30","NONE","AUTHORISED","1bfb448e-cf47-4fab-a535-919bd27e7796"
"2022-02-17","SPEND","ULearn Limited Current account","Vodafone","","49.2","B104","","POS16FEB VODAFONE AT","49.2","NONE","AUTHORISED","7e1b9518-88ce-4eed-ab53-3d2bf58bbdb3"
"2022-02-18","SPEND","ULearn Limited Current account","EIR","","50","B104","","POS17FEB Vesta EIR To","50","NONE","AUTHORISED","ebdbb79b-8b36-48cd-a1b5-712358aa67c9"
"2022-02-18","SPEND","ULearn Limited Current account","FBD INSURANCE SEPA - DD","","205","B120","","POS17FEB FBD INSURANC","205","NONE","AUTHORISED","01d19244-13d5-49ec-b484-ed5de073932d"
"2022-02-21","SPEND","ULearn Limited Current account","Amazon","","43.38","A101","","P1802MX993.20@0.04367","43.38","NONE","AUTHORISED","00824f03-fb45-411c-bbe2-281bd0950807"
"2022-02-21","SPEND","ULearn Limited Current account","Lenehans","","29.45","A102A","","POSC19FEB LENEHANS","29.45","NONE","AUTHORISED","4576975d-1543-4af3-941a-fd866e9265c3"
"2022-02-21","SPEND","ULearn Limited Current account","Bank Charges","","0.55","B127","","NEPOSCHGMXN 000000.55","0.55","NONE","AUTHORISED","db36cc37-6676-4ae7-a5bd-51aa9ed28f21"
"2022-02-21","SPEND","ULearn Limited Current account","Bank Charges","","1.29","B127","","NEPOSCHGMXN 000001.29","1.29","NONE","AUTHORISED","edc42c89-18c6-49ae-8f3a-78cc059f7c77"
"2022-02-21","SPEND","ULearn Limited Current account","Bank Charges","","0.87","B127","","NEPOSCHGMXN 000000.87","0.87","NONE","AUTHORISED","a335bd34-f7ff-4e2a-8a9d-142cab96cf68"
"2022-02-21","SPEND","ULearn Limited Current account","Amazon","","27.63","A101","","P1802MX633.00@0.04364","27.63","NONE","AUTHORISED","b43de9f2-7095-4da0-8eaf-892186d3656d"
"2022-02-21","SPEND","ULearn Limited Current account","Bank Charges","","0.25","B127","","NEPOSCHGUSD 000000.25","0.25","NONE","AUTHORISED","2f00d774-99f9-4e02-9ccd-477948fe6be8"
"2022-02-21","SPEND","ULearn Limited Current account","Amazon","","64.54","A101","","P2002MX 1478@0.04365","64.54","NONE","AUTHORISED","c7bfc8a1-8914-42dc-85fa-4815d6c00f5d"
"2022-02-21","SPEND","ULearn Limited Current account","CARD - Google","","9.99","B106","","POS18FEB Google Payme","9.99","NONE","AUTHORISED","2e7943bc-3f30-49f4-a7d3-42ef63918cc0"
"2022-02-21","SPEND","ULearn Limited Current account","Curry's PC World","","34.99","B102","","POSC18FEB CURRYS IREL","34.99","NONE","AUTHORISED","f91766c6-67a9-4b3d-9c0f-6027a05b2984"
"2022-02-22","SPEND","ULearn Limited Current account","Bank Charges","","0.24","B127","","NEPOSCHGMXN 000000.24","0.24","NONE","AUTHORISED","47d98f13-0f82-4202-b44b-3f811d0cf0a3"
"2022-02-22","SPEND","ULearn Limited Current account","Amazon","","11.75","B102","","P2102MX269.00@0.04368","11.75","NONE","AUTHORISED","e9207625-4f79-45f6-8cbf-dec9a6d7b823"
"2022-02-22","SPEND","ULearn Limited Current account","ADOBE","","30.74","B106","","POS21FEB Adobe.com","30.74","NONE","AUTHORISED","fb33539d-24e2-46e7-9095-ebcea2279b4f"
"2022-02-23","SPEND","ULearn Limited Current account","Tesco","","14.3","B102","","POSC22FEB TESCO STORE","14.3","NONE","AUTHORISED","4e1eb6c1-fc35-488e-a3a5-b762a3b13056"
"2022-02-24","SPEND","ULearn Limited Current account","PAYPAL EUROPE","","7.61","B106","","POS23FEB PAYPAL *FLIC","7.61","NONE","AUTHORISED","7e2e5481-1588-434b-bb80-13341efab1ba"
"2022-02-28","SPEND","ULearn Limited Current account","GoDaddy.com, LLC - CARD","","247.72","B106","","POS24FEB DNH*GO DADDY","247.72","NONE","AUTHORISED","8541f7a7-c826-487c-95ff-6a2196eedd2f"
"2022-02-28","SPEND","ULearn Limited Current account","Amazon","","36.04","B102","","POS27FEB AMZN Mktp US","36.04","NONE","AUTHORISED","6054d99a-991b-4e12-b54d-fbcbfbbc7e8d"
"2022-02-28","SPEND","ULearn Limited Current account","TradingView","","26.83","B106","","P2502US 29.95@0.89582","26.83","NONE","AUTHORISED","bc61c5ce-7d4f-4625-80e5-b137a350d92c"
"2022-02-28","SPEND","ULearn Limited Current account","General Expenses","","71.85","B125","","POS25FEB INTERNATIONA","71.85","NONE","AUTHORISED","ec47a59b-d99a-47fe-a937-eebb270eceb8"
"2022-03-01","RECEIVE","ULearn Limited Current account","Blackhall Green - Apartment","","3200","101","","","3200","NONE","AUTHORISED","86b68ae6-4794-4bf8-b01b-4aed77f556f1"
"2022-03-01","RECEIVE","ULearn Limited Current account","WAACC","","6250","101","","WAACC 13 SP","6250","NONE","AUTHORISED","028dd8f1-c01f-4eeb-b679-ad207172680e"
"2022-03-03","SPEND","ULearn Limited Current account","Indeed - CARD","57606776","316.9","B110","","February 2022 Sponsored Jobs on Indeed.com","316.9","NONE","AUTHORISED","461b70ea-7644-4094-b99e-5d0cd964aa5f"
"2022-03-02","SPEND","ULearn Limited Current account","Bank Charges","","0.11","B127","","NEPOSCHGUSD 000000.11","0.11","NONE","AUTHORISED","87afd0b4-d6b9-4925-8dc5-c6b65189e06a"
"2022-03-09","SPEND","ULearn Limited Current account","Bank Charges","","0.19","B127","","NEPOSCHGGBP 000000.19","0.19","NONE","AUTHORISED","83ab8f69-3c88-4244-be0f-04640d529b6e"
"2022-03-09","RECEIVE","ULearn Limited Current account","ULearn-Student","","250","100","","Ulearn EN Dublin - SP","250","NONE","AUTHORISED","53f9bb5a-2673-468c-8d03-bce293308425"
"2022-03-14","SPEND","ULearn Limited Current account","Zoho","","26.88","B106","","POS12MAR ZOHO-PEOPLE","26.88","NONE","AUTHORISED","c49824db-efa5-406d-bf2c-09ed5195aead"
"2022-03-13","SPEND","ULearn Limited Current account","FREE NOW","690777","12.76","A104","","Student Transport","12.76","NONE","AUTHORISED","0afe3c88-4b3a-424c-a169-597d49476990"
"2022-03-09","RECEIVE","ULearn Limited Current account","ULearn-Student","","305","100","","ECOLE ULEARN DINNA SP","305","NONE","AUTHORISED","8ed04352-36dc-4925-a098-04351e56343a"
"2022-03-11","RECEIVE","ULearn Limited Current account","ULearn-Student","","450","100","","student ID : 23739 SP","450","NONE","AUTHORISED","e13e1113-b59f-4ae3-b8e6-a551004cb2a5"
"2022-03-01","RECEIVE","ULearn Limited Current account","ULearn-Student","","568","100","","BASIRE CASSANDRE SP","568","NONE","AUTHORISED","e5e9b842-b7ce-4d0a-8f65-ec12624450d1"
"2022-03-14","RECEIVE","ULearn Limited Current account","ULearn-Student","","805","100","","316355015Student I SP","805","NONE","AUTHORISED","05560e7a-f537-4b55-bbce-82fab3157c19"
"2022-03-14","RECEIVE","ULearn Limited Current account","ULearn-Student","","805","100","","316355048Student I SP","805","NONE","AUTHORISED","39754ae2-5344-4623-817e-3cf77a39f1c5"
"2022-03-14","RECEIVE","ULearn Limited Current account","ULearn-Student","","805","100","","3163550994 weeks a SP","805","NONE","AUTHORISED","93abae78-315e-43e1-8ed7-a1fd235d74b9"
"2022-03-14","RECEIVE","ULearn Limited Current account","ULearn-Student","","805","100","","316355095Student I SP","805","NONE","AUTHORISED","804520e2-3328-446e-a4b1-f71eb61d3c7c"
"2022-03-14","RECEIVE","ULearn Limited Current account","ULearn-Student","","1285","100","","316353487Accommoda SP","1285","NONE","AUTHORISED","91043798-68a5-4fa8-90a8-0e1f70e07fd9"
"2022-03-10","RECEIVE","ULearn Limited Current account","ULearn-Student","","1500","100","","D2022048 JOSE CARL SP","1500","NONE","AUTHORISED","b3f2a31f-87e7-4ce2-9a4c-07fff3227698"
"2022-03-09","RECEIVE","ULearn Limited Current account","ULearn-Student","","1915","100","","23756 Melie Jonqui SP","1915","NONE","AUTHORISED","795bf2b9-95d3-443d-b840-51bad329b4a5"
"2022-03-08","RECEIVE","ULearn Limited Current account","ULearn-Student","","2000","100","","Student 23530 INV SP","2000","NONE","AUTHORISED","4e76d140-6b74-4f1f-ba24-674d6b9bf9de"
"2022-03-09","RECEIVE","ULearn Limited Current account","ULearn-Student","","2065","100","","VANTAGGT0503408/03 SP","2065","NONE","AUTHORISED","2be83eea-fd7d-42a9-8c66-c659034ad3eb"
"2022-03-03","RECEIVE","ULearn Limited Current account","ULearn-Student","","5505","100","","23642 Thais Henaul SP","5505","NONE","AUTHORISED","18440846-c235-4b45-93ff-2ec4aa2b47b5"
"2022-03-14","SPEND","ULearn Limited Current account","Bank Charges","","1.46","B127","","NEPOSCHGGBP 000001.46","1.46","NONE","AUTHORISED","5df0a7af-8709-4bc5-a8a7-09c95d94a72c"
"2022-03-14","SPEND","ULearn Limited Current account","Bank Charges","","1.33","B127","","NEPOSCHGUSD 000001.33","1.33","NONE","AUTHORISED","d052c35e-957f-4f8c-b2e9-e97a3d4fb1f5"
"2022-03-07","SPEND","ULearn Limited Current account","Bank Charges","","0.55","B127","","NEPOSCHGUSD 000000.55","0.55","NONE","AUTHORISED","cd664974-8bf7-478d-86ba-3e18c14b4cf2"
"2022-03-02","SPEND","ULearn Limited Current account","Bank Charges","","0.36","B127","","NEPOSCHGMXN 000000.36","0.36","NONE","AUTHORISED","cc5d183b-e55b-49cb-8b8a-03fa5b979441"
"2022-03-03","SPEND","ULearn Limited Current account","Bank Charges","","0.34","B127","","NEPOSCHGUSD 000000.34","0.34","NONE","AUTHORISED","74b50262-e5b1-4e2e-8abb-bc5737057466"
"2022-03-03","SPEND","ULearn Limited Current account","Bank Charges","","0.33","B127","","NEPOSCHGUSD 000000.33","0.33","NONE","AUTHORISED","7bcfe36e-0ec5-482a-adbd-8c9753b4b5e8"
"2022-03-10","RECEIVE","ULearn Limited Current account","Bank Charges","","0.15","B127","","P0903MX 3.38@0.04437","0.15","NONE","AUTHORISED","1a0fcc34-c3b4-4638-bd67-65aafa4014ec"
"2022-03-07","RECEIVE","ULearn Limited Current account","Argos","","21","B102","","POS04MAR ARGOS ST. ST","21","NONE","AUTHORISED","7bc4fb12-94be-4d26-b4a3-aba405ae0bc1"
"2022-03-07","RECEIVE","ULearn Limited Current account","Argos","","42","B102","","POS05MAR ARGOS ST. ST","42","NONE","AUTHORISED","dbdb4c28-44d0-4730-a78b-c1908753c726"
"2022-03-01","SPEND","ULearn Limited Current account","Curry's PC World","","19.99","B102","","POSC28FEB CURRYS IREL","19.99","NONE","AUTHORISED","079910f1-61f6-4f04-8daa-95d40be97f5c"
"2022-03-02","SPEND","ULearn Limited Current account","SOFTWARE","","5.53","B106","","P0103US 6.15@0.89918","5.53","NONE","AUTHORISED","2c134f70-fb12-4fd3-9584-574526daf0ba"
"2022-03-02","SPEND","ULearn Limited Current account","Phoenix Magazine","","9","B121","","POS01MAR PHOENIX MAGA","9","NONE","AUTHORISED","b35959bc-113c-45bd-a508-580157400afb"
"2022-03-02","SPEND","ULearn Limited Current account","General Expenses","","18.14","B125","","P0103MX410.00@0.04424","18.14","NONE","AUTHORISED","32105975-6567-4143-a607-4e66283d82f9"
"2022-03-03","SPEND","ULearn Limited Current account","General Expenses","","17.18","B125","","P0203HK 18.99@0.90468","17.18","NONE","AUTHORISED","ffd5ee7b-1f92-4db1-a237-f5a1f620ad0d"
"2022-03-03","SPEND","ULearn Limited Current account","Bank Charges","","6.25","B127","","NEPOSCHGMXN 000006.25","6.25","NONE","AUTHORISED","7dc305ba-66d8-4c74-880a-bc5b87010cff"
"2022-03-03","SPEND","ULearn Limited Current account","Centra","","10.95","B102","","POSC02MAR CENTRA DAME","10.95","NONE","AUTHORISED","01e4ee50-6937-4bfa-9ccd-609ee33dc00b"
"2022-03-03","SPEND","ULearn Limited Current account","General Expenses","","16.53","B125","","P0203LU 18.28@0.90426","16.53","NONE","AUTHORISED","f6b7c3a2-0a9c-4920-97a9-95d6dad77e9d"
"2022-03-03","SPEND","ULearn Limited Current account","Office Depot","","312.48","B102","","P0103MX 7058@0.04427","312.48","NONE","AUTHORISED","f1fc0931-72e1-49a3-be61-b028b38ef445"
"2022-03-04","SPEND","ULearn Limited Current account","Storage Worl","","222.75","B102","","POS03MAR STORAGE WORL","222.75","NONE","AUTHORISED","dde5bc68-2de6-4d7f-bc25-297a003da3b0"
"2022-03-07","SPEND","ULearn Limited Current account","TradingView","","27.52","B106","","P0403US 29.95@0.91886","27.52","NONE","AUTHORISED","57b1c7a2-7c10-4717-8481-5073bc4ddcc1"
"2022-03-07","SPEND","ULearn Limited Current account","ZOOM","","51.62","B106","","POS04MAR ZOOM.US 888-","51.62","NONE","AUTHORISED","4250b223-15bd-43b1-a790-729c974cfa61"
"2022-03-07","SPEND","ULearn Limited Current account","Argos","","63","B102","","POS04MAR ARGOS ST. ST","63","NONE","AUTHORISED","17f6d852-71c5-4923-b1aa-8ed34189b46c"
"2022-03-07","SPEND","ULearn Limited Current account","IT STAR","","25","B117","","POSC05MAR IT STAR","25","NONE","AUTHORISED","886b9033-342b-4971-8fc5-5a03c2835aaf"
"2022-03-08","SPEND","ULearn Limited Current account","Skype","","8","B106","","POS04MAR GO.SKYPE.COM","8","NONE","AUTHORISED","3a433e81-1009-4e57-bf44-d31bfaa917f9"
"2022-03-08","SPEND","ULearn Limited Current account","General Expenses","","39.8","B125","","POS07MAR INTERNATIONA","39.8","NONE","AUTHORISED","5c544117-06f1-4c49-b940-fb747018cad4"
"2022-03-09","SPEND","ULearn Limited Current account","Audible - CARD","","9.65","B121","","P0803GB 7.99@1.20775","9.65","NONE","AUTHORISED","62132317-31c6-4b43-b6ff-71ac2dcccb66"
"2022-03-11","SPEND","ULearn Limited Current account","Noel Hancock","","55","A104","","POS09MAR PAYPAL *NOEL","55","NONE","AUTHORISED","2dfb6987-1c82-43cc-ae00-ffb3c8d2c061"
"2022-03-14","SPEND","ULearn Limited Current account","Amazon","","66.57","B102","","P1103US 72.56@0.91744","66.57","NONE","AUTHORISED","34ad2739-cbb1-483b-9ff4-58c835769fed"
"2022-03-14","SPEND","ULearn Limited Current account","Amazon","","73.04","B102","","P1103GB 60.73@1.20270","73.04","NONE","AUTHORISED","465bda95-4108-49e8-b106-0cd567634b1e"
"2022-03-14","SPEND","ULearn Limited Current account","Curry's PC World","","43.97","B102","","POS11MAR CURRYS IRELA","43.97","NONE","AUTHORISED","c3e8ef06-5093-40f4-bfa1-38b97f27f077"
"2022-03-14","SPEND","ULearn Limited Current account","AAA BOUND LTD (DYNO LOCKS)","","43","B102","","POS12MAR Dyno Locks","43","NONE","AUTHORISED","83d6d4e1-e44f-4ae2-b025-6291663ff13a"
"2022-03-14","SPEND","ULearn Limited Current account","Centra","","33.85","A101","","POS12MAR CENTRA CAPEL","33.85","NONE","AUTHORISED","37ebead3-6be3-4904-8171-593d2a802bd6"
"2022-03-15","SPEND","ULearn Limited Current account","UPC","","76.41","B104A","","POS14MAR UPC","76.41","NONE","AUTHORISED","58d668e8-f511-4048-8b8c-917fd06c233e"
"2022-01-03","SPEND","ULearn Limited Current account","Google - CARD","4043033965","76.75","B106","","Google Workplace - Summary for Dec 1, 2021 - Dec 31, 2021","76.75","NONE","AUTHORISED","afa5f89e-817d-4c5e-a1e4-cc734ab45a8c"
"2022-02-02","SPEND","ULearn Limited Current account","Indeed - CARD","56229930","34.53","B110","","January 2022 Sponsored Jobs on Indeed.com","34.53","NONE","AUTHORISED","137d0cca-4acd-428f-81c6-ebd53aecb4e5"
"2022-02-03","SPEND","ULearn Limited Current account","Google - CARD","4066995859","76.75","B106","","Summary for Jan 1, 2022 - Jan 31, 2022","76.75","NONE","AUTHORISED","03899b1a-bb3f-4e36-b2eb-3c44ef22d872"
"2022-03-03","SPEND","ULearn Limited Current account","Google - CARD","4078337430","76.75","B106","","Summary for Feb 1, 2022 - Feb 28, 2022","76.75","NONE","AUTHORISED","d7a2435a-7398-4605-bb44-7b8acbe54a7a"
"2022-03-16","SPEND","ULearn Limited Current account","Noel Hancock","","175","A104","","Student transport","175","NONE","AUTHORISED","0b290ccb-a51d-42d7-b4c2-d796ab40d675"
"2022-03-16","SPEND","ULearn Limited Current account","Bank Charges","","0.24","B127","","NEPOSCHGUSD 000000.24","0.24","NONE","AUTHORISED","6e94a227-aa0b-4925-904b-190bce5333ca"
"2022-03-21","SPEND","ULearn Limited Current account","Zopim - CARD","INV08251772","12.73","B106","","Chat Basic Subscription
03/20/2022-04/19/2022
Month ","12.73","NONE","AUTHORISED","019fa2c6-932e-4270-9c0d-83ddf1b10ac0"
"2022-03-21","SPEND","ULearn Limited Current account","PAYPAL EUROPE","","30","B102","","POS16MAR PAYPAL *CYAT","30","NONE","AUTHORISED","22b4e38c-31a3-43ec-8b50-64f0862f33cd"
"2022-03-21","SPEND","ULearn Limited Current account","Bank Charges","","0.25","B127","","NEPOSCHGUSD 000000.25","0.25","NONE","AUTHORISED","f14ef59a-c056-49e3-9e8f-2769476490db"
"2022-03-24","SPEND","ULearn Limited Current account","PAYROLL","","5839.18","E104B","","Payroll","5839.18","NONE","AUTHORISED","3938d7f7-018e-4a79-815f-6a6f56489371"
"2022-03-24","SPEND","ULearn Limited Current account","Flickr","","7.84","B106","","POS23MAR PAYPAL *FLIC","7.84","NONE","AUTHORISED","701d4de9-f581-44db-99f5-45aed1dcd151"
"2022-03-25","SPEND","ULearn Limited Current account","Bank Charges","","35.65","B127","","NOTIFIED FEES","35.65","NONE","AUTHORISED","7f70e15f-9d9d-42c5-a092-e778326e555d"
"2022-03-28","SPEND","ULearn Limited Current account","Bank Charges","","10","B127","","BOI BOL CHARGE","10","NONE","AUTHORISED","f04dad76-63d8-4cdc-a3f5-6f0a5d911ab6"
"2022-03-28","SPEND","ULearn Limited Current account","Bank Charges","","0.55","B127","","NEPOSCHGUSD 000000.55","0.55","NONE","AUTHORISED","f1cf53d0-99ed-4b93-bc8a-14e0692e654c"
"2022-03-29","SPEND","ULearn Limited Current account","General Expenses","","40","B125","","","40","NONE","AUTHORISED","d73ce467-8fe7-4f4f-9e37-a11126a5ac37"
"2022-03-30","SPEND","ULearn Limited Current account","PAYROLL","","2250","E104B","","TO PAUL GILL","2250","NONE","AUTHORISED","323beb97-1b14-4284-8e64-ae45af822b76"
"2022-03-30","SPEND","ULearn Limited Current account","PAYROLL","","2250","E104B","","TO DIANA GUTIERREZ MA","2250","NONE","AUTHORISED","644f56f7-8c13-4ee6-b2fe-fe3aa49208b5"
"2022-03-30","SPEND","ULearn Limited Current account","PAYROLL","","2250","E104B","","TO NEIL MC MAHON","2250","NONE","AUTHORISED","3de43aa7-ae29-4ee0-b0d4-1f2db54880da"
"2022-03-30","RECEIVE","ULearn Limited Current account","ULearn-Student","","1065","100","","1/DRFiP MARTINIQUE GP","1065","NONE","AUTHORISED","d05a423a-ed9a-4dfa-a981-3a32f2e2791b"
"2022-03-29","RECEIVE","ULearn Limited Current account","Apartment Capel","","3226.39","101","","32 Capel SP","3226.39","NONE","AUTHORISED","b699030d-dbee-4df6-9ebe-43e77279e26f"
"2022-03-16","RECEIVE","ULearn Limited Current account","ULearn-Student","","215","100","","JAVIER M CAMACHO GP","215","NONE","AUTHORISED","edaea180-de72-4b44-b3de-018a7bc59410"
"2022-03-23","RECEIVE","ULearn Limited Current account","ULearn-Student","","215","100","","Student ID: 23855 SP","215","NONE","AUTHORISED","a653a772-503c-43e3-a80a-01b9a09a1e46"
"2022-03-30","RECEIVE","ULearn Limited Current account","ULearn-Student","","230","100","","365 Emma Moreau 086","230","NONE","AUTHORISED","105a547e-440a-41b5-a8ab-a61042248ab3"
"2022-03-30","RECEIVE","ULearn Limited Current account","ULearn-Student","","564.8","100","","P2022149 SP","564.8","NONE","AUTHORISED","d25e1dca-cd09-4ef8-8f6d-e11974539cd1"
"2022-03-21","RECEIVE","ULearn Limited Current account","ULearn-Student","","570","100","","318666697My invoic SP","570","NONE","AUTHORISED","2da6f233-fa8b-4372-b992-0dea1f7dc41f"
"2022-03-31","RECEIVE","ULearn Limited Current account","ULearn-Student","","875","100","","COOL-STAY SLSTUDEN SP","875","NONE","AUTHORISED","c753bfcf-8e58-4e14-998d-87af0ed550c7"
"2022-03-21","RECEIVE","ULearn Limited Current account","ULearn-Student","","935","100","","ANDREI MARCU SP","935","NONE","AUTHORISED","33087879-91d2-4713-b53c-f1b30c2bcc09"
"2022-03-28","RECEIVE","ULearn Limited Current account","ULearn-Student","","936","100","","PAILHE Student 235 SP","936","NONE","AUTHORISED","f7fc559b-6601-4d14-bff7-11217a18d36c"
"2022-03-16","RECEIVE","ULearn Limited Current account","ULearn-Student","","1045","100","","STUDENT ID: 23848 SP","1045","NONE","AUTHORISED","3d4dbcf8-1d1e-4f91-b19b-a4967319ad9b"
"2022-03-16","RECEIVE","ULearn Limited Current account","ULearn-Student","","1045","100","","STUDENT ID:23847. SP","1045","NONE","AUTHORISED","dcc2835b-8364-48e1-8560-5d7e0386f24a"
"2022-03-22","RECEIVE","ULearn Limited Current account","ULearn-Student","","1465","100","","Alessia Tavaroli S SP","1465","NONE","AUTHORISED","0c69dee5-b09f-4b12-a516-4e8388a5ca58"
"2022-03-29","RECEIVE","ULearn Limited Current account","ULearn-Student","","1830","100","","23390 Joao Gabrie2 SP","1830","NONE","AUTHORISED","6455e1af-98af-4e5e-b3b1-d8a60144a4ea"
"2022-03-24","RECEIVE","ULearn Limited Current account","ULearn-Student","","1975","100","","1/AMERICA ROCIO VI GP","1975","NONE","AUTHORISED","f9292058-f876-4c4f-b82b-c00c8437b035"
"2022-03-23","RECEIVE","ULearn Limited Current account","ULearn-Student","","2132.32","100","","SHERIDAN - Invoive SP","2132.32","NONE","AUTHORISED","83ca2c63-9e9e-4a3a-a811-88e500d92e7c"
"2022-03-16","RECEIVE","ULearn Limited Current account","ULearn-Student","","2193.75","100","","ULEARN ENGLISH SCH SP","2193.75","NONE","AUTHORISED","c27fdfcf-e61a-4a8d-9677-c86a052074cd"
"2022-03-25","RECEIVE","ULearn Limited Current account","ULearn-Student","","4800","100","","IP22084043254757Se SP","4800","NONE","AUTHORISED","7d4c9b18-adfa-4a1f-8822-4f58e1cb6905"
"2022-03-21","RECEIVE","ULearn Limited Current account","ULearn-Student","","5755","100","","STUDENT 23555 INVO SP","5755","NONE","AUTHORISED","81642d5c-ef7e-4e7f-b735-f69f33603c47"
"2022-03-29","RECEIVE","ULearn Limited Current account","ULearn-Student","","7527.2","100","","INVOICE D20191945 SP","7527.2","NONE","AUTHORISED","00fd7ce4-691d-4635-9cf8-a0701866be3d"
"2022-03-23","RECEIVE","ULearn Limited Current account","ULearn-Student","","7869","100","","23792 Lorenzo Cuba SP","7869","NONE","AUTHORISED","19c1eba9-1d5e-4f8c-a4aa-2a0fa5c35fac"
"2022-03-31","RECEIVE","ULearn Limited Current account","Blackhall Green - Apartment","","3200","101","","RENT APRIL SP","3200","NONE","AUTHORISED","979d4e90-dda4-4ccb-bf93-47e963d9917f"
"2022-03-16","SPEND","ULearn Limited Current account","TradingView","","11.85","B106","","P1503GI 12.95@0.91505","11.85","NONE","AUTHORISED","3b6e649b-eb0f-4621-88ff-ccda1301aba7"
"2022-03-21","SPEND","ULearn Limited Current account","Bank Charges","","0.8","B127","","NEPOSCHGMXN 000000.80","0.8","NONE","AUTHORISED","91e15ff3-a920-4af7-87a0-104cfe99af2c"
"2022-03-21","SPEND","ULearn Limited Current account","Bank Charges","","0.64","B127","","NEPOSCHGUSD 000000.64","0.64","NONE","AUTHORISED","6b5ae1cb-8219-47f5-8b62-4b51829f54a4"
"2022-03-21","SPEND","ULearn Limited Current account","Bank Charges","","17.5","B127","","Transfer fees","17.5","NONE","AUTHORISED","1114a4d8-37f7-43f7-9a4f-5b8bcce4b4c5"
"2022-03-21","SPEND","ULearn Limited Current account","Bank Charges","","17.5","B127","","Transfer fees","17.5","NONE","AUTHORISED","9ce25886-1766-4df6-9bd3-0efbf987fe47"
"2022-03-21","SPEND","ULearn Limited Current account","Bank Charges","","17.5","B127","","Transfer fees","17.5","NONE","AUTHORISED","8f063705-d524-4096-8ec2-f22c1c1d81b9"
"2022-03-21","SPEND","ULearn Limited Current account","GoDaddy.com, LLC - CARD","","11.06","B106","","POS16MAR DNH*GODADDY.","11.06","NONE","AUTHORISED","3df9dd0a-6d46-4002-93d0-7d0fb50af6db"
"2022-03-21","SPEND","ULearn Limited Current account","Companies Registration Office","","2.5","B102","","POS16MAR COMPANIES RE","2.5","NONE","AUTHORISED","ebf4ee5a-e3ed-4ce4-aec2-43d70ddeffcf"
"2022-03-21","SPEND","ULearn Limited Current account","Vodafone","","20","B104","","POS16MAR Vesta Vodafo","20","NONE","AUTHORISED","9ecf5489-7147-4080-b48c-dbf5814769b6"
"2022-03-21","SPEND","ULearn Limited Current account","Amazon","","40.18","B102","","P2003MX899.00@0.04469","40.18","NONE","AUTHORISED","745f60c5-2ab0-4291-bf2a-0dcb08b52375"
"2022-03-21","SPEND","ULearn Limited Current account","CARD - Google","","9.99","B106","","POS18MAR Google Payme","9.99","NONE","AUTHORISED","69a112e3-779c-40c6-be17-8b16d8ce20a0"
"2022-03-21","SPEND","ULearn Limited Current account","Companies Registration Office","","3.5","B102","","POS18MAR COMPANIES RE","3.5","NONE","AUTHORISED","008a5de6-060c-4c7f-99e8-9727f84d8b6d"
"2022-03-21","SPEND","ULearn Limited Current account","Farnell Company","","38.81","B102","","POS16MAR FARNELL COMP","38.81","NONE","AUTHORISED","4761d861-4381-400e-8901-191eab2c410c"
"2022-03-22","SPEND","ULearn Limited Current account","ADOBE","","30.74","B106","","POS21MAR ADOBE CREATI","30.74","NONE","AUTHORISED","797f4eb7-4850-48c7-9ff6-bf3a1502e7a3"
"2022-03-23","SPEND","ULearn Limited Current account","LastPass","","42.8","B106","","POS22MAR GoTo LastPas","42.8","NONE","AUTHORISED","f1e8ad86-1aa7-4036-bef4-77040da82778"
"2022-03-23","SPEND","ULearn Limited Current account","Argos","","20.99","B102","","POSC22MAR ARGOS ILAC","20.99","NONE","AUTHORISED","7be84ec3-8b81-4f9e-b1a7-07e8c035bb32"
"2022-03-23","SPEND","ULearn Limited Current account","Argos","","20.99","B102","","POSC22MAR ARGOS ILAC","20.99","NONE","AUTHORISED","091d9922-fb33-4256-a941-6d9a612cf864"
"2022-03-25","SPEND","ULearn Limited Current account","A2 Hosting","","296.25","B106","","POS25MAR A2WEBHOST* I","296.25","NONE","AUTHORISED","687fbb49-4207-4417-aa93-5af10cff9065"
"2022-03-25","SPEND","ULearn Limited Current account","Curry's PC World","","64.98","B102","","POS24MAR CURRYS IRELA","64.98","NONE","AUTHORISED","bb5b9d0e-3b3c-4428-815c-71f726b10ed4"
"2022-03-28","SPEND","ULearn Limited Current account","TradingView","","27.28","B106","","P2503US 29.95@0.91085","27.28","NONE","AUTHORISED","92717668-6444-4c08-9f61-aa19b884ffc5"
"2022-03-28","SPEND","ULearn Limited Current account","FREE NOW","","15.18","A104","","POS27MAR FREENOW*6BP4","15.18","NONE","AUTHORISED","37ed6f55-129c-47a1-aebb-daef9bd35925"
"2022-03-29","SPEND","ULearn Limited Current account","Storage Worl","","222.75","B102","","POS28MAR STORAGE WORL","222.75","NONE","AUTHORISED","e709ac05-076e-44c0-b248-09c48d5bdc2c"
"2022-03-29","SPEND","ULearn Limited Current account","FREE NOW","","13.2","A104","","POS28MAR FREENOW*6BUW","13.2","NONE","AUTHORISED","32e69aaf-2b4e-4dca-be56-26b32ef18f3d"
"2022-03-29","SPEND","ULearn Limited Current account","Tesco","","5.58","B102","","POSC28MAR TESCO STORE","5.58","NONE","AUTHORISED","83551102-7491-4ea8-9bb3-009706e057a2"
"2022-03-30","SPEND","ULearn Limited Current account","Indeed - CARD","","616.73","B110","","POS29MAR INDEED TEL+3","616.73","NONE","AUTHORISED","371eb15d-4b2b-4b90-900b-468a3b787f01"
"2022-03-31","SPEND","ULearn Limited Current account","Dublin Bus","","897.5","A104","","POS30MAR BUS ATHA CLI","897.5","NONE","AUTHORISED","5b8f9323-4d8f-4a2f-8379-4d1297c09cad"
"2022-04-01","RECEIVE","ULearn Limited Current account","WAACC","","6250","101","","WAACC 13 SP","6250","NONE","AUTHORISED","a4a123bf-8f6f-4f54-a7dd-14281fd91bb4"
"2022-04-01","RECEIVE","ULearn Limited Current account","ULearn-Student","","7540","100","","IP22084043254757Se SP","7540","NONE","AUTHORISED","85bf23ca-edd0-4850-8047-7136c81f5201"
"2022-03-21","SPEND","ULearn Limited Current account","Xero Subscription - CARD","IN-3414886","31.8","B106","","ULearn. Monthly Subscription, Standard Price Plan, 17 Feb 2022 to 16 Mar 2022.","31.8","NONE","AUTHORISED","fe444d98-d569-45d6-ad39-ff5e98f21e58"
"2022-04-04","SPEND","ULearn Limited Current account","SOFTWARE","","5.58","B111","","P0102US 6.15@0.89756","5.58","NONE","AUTHORISED","eaadd94a-8cee-45f9-a426-69f825885fa4"
"2022-04-02","SPEND","ULearn Limited Current account","Indeed - CARD","59493519","71.91","B110","","March Sponsored Jobs on Indeed.com","71.91","NONE","AUTHORISED","48095a9a-090f-4d36-8b1f-48cac2aeb926"
"2022-04-03","SPEND","ULearn Limited Current account","CARD - Google","4091406865","76.75","B110","","Google Workpspace

Summary for Mar 1, 2022 - Mar 31, 2022","76.75","NONE","AUTHORISED","29424768-ca43-48f8-91a0-cbecd2d1629e"
"2022-04-04","SPEND","ULearn Limited Current account","Bank Charges","","0.36","B127","","NEPOSCHGUSD 000000.33","0.36","NONE","AUTHORISED","ae2c9bc3-fc6e-434d-a825-37bf668f09f0"
"2022-04-04","SPEND","ULearn Limited Current account","Bank Charges","","0.11","B127","","NEPOSCHGUSD 000000.11","0.11","NONE","AUTHORISED","e177d8c1-34ce-4fbd-a165-b9c4595c87fc"
"2022-04-05","SPEND","ULearn Limited Current account","TradingView","","27.33","B106","","P0404US 29.95@0.85141","27.33","NONE","AUTHORISED","62d76cbf-a716-4d10-8267-a0d3d576fa32"
"2022-04-05","SPEND","ULearn Limited Current account","Bank Charges","","0.55","B127","","NEPOSCHGUSD 000000.55","0.55","NONE","AUTHORISED","712099b9-7196-4698-892d-3e67b2418afc"
"2022-04-05","RECEIVE","ULearn Limited Current account","ULearn-Student","","725","100","","IP22084043254757Se SP","725","NONE","AUTHORISED","edcf864d-4a52-4722-924d-6a8f75d68bd6"
"2022-04-05","RECEIVE","ULearn Limited Current account","ULearn-Student","","200","100","","Student ID: 23668 SP","200","NONE","AUTHORISED","b22de326-99d6-45b7-a901-55b09580de0e"
"2022-04-06","SPEND","ULearn Limited Current account","Dublin Bus","","490","A104","","POS30MAR BUS ATHA CLI","490","NONE","AUTHORISED","83007f33-aebf-484c-973b-78601233f4da"
"2022-04-06","SPEND","ULearn Limited Current account","FREE NOW","","25.3","A104","","POS28MAR FREENOW*6BUW","25.3","NONE","AUTHORISED","a1a9e6ba-af70-4c67-947a-579543c072eb"
"2022-04-06","SPEND","ULearn Limited Current account","FREE NOW","","22.66","A104","","POS28MAR FREENOW*6BUW","22.66","NONE","AUTHORISED","e3620379-1210-4f88-bd20-fb5d481bc853"
"2022-04-06","SPEND","ULearn Limited Current account","Bank Charges","","7.19","B127","","NEPOSCHGUSD 000000.11","7.19","NONE","AUTHORISED","3a9918cd-33d2-42f3-b0d2-1fc1535a3b3b"
"2022-04-06","SPEND","ULearn Limited Current account","Bank Charges","","7.19","B127","","NEPOSCHGUSD 000000.11","7.19","NONE","AUTHORISED","bf178e9e-b715-4529-92d1-0527f59c7c61"
"2022-04-06","SPEND","ULearn Limited Current account","Tesco","","5","B102","","POSC28MAR TESCO STORE","5","NONE","AUTHORISED","9d80a6a3-f601-41f5-ace6-40fdec38edf5"
"2022-04-06","SPEND","ULearn Limited Current account","Argos","","15.99","B102","","POSC22MAR ARGOS ILAC","15.99","NONE","AUTHORISED","625e91af-b0cd-4bcb-8158-f0de6dc67b66"
"2022-04-06","RECEIVE","ULearn Limited Current account","ULearn-Student","","752","100","","IP22084043254757Se SP","752","NONE","AUTHORISED","5e44af48-5a31-4bb5-b584-755d4e3d4c54"
"2022-04-08","SPEND","ULearn Limited Current account","Curry's PC World","","34.99","B102","","POSC28FEB CURRYS IREL","34.99","NONE","AUTHORISED","283ade35-b7df-4352-8009-a78db750d6cd"
"2022-04-11","SPEND","ULearn Limited Current account","Audible - CARD","","9.62","B121","","P0804GB 7.99@1.16020","9.62","NONE","AUTHORISED","4411681d-ef9f-4ecb-8d91-1b3229d8e39e"
"2022-04-11","SPEND","ULearn Limited Current account","Bank Charges","","0.19","B127","","NEPOSCHGGBP 000000.19","0.19","NONE","AUTHORISED","2c82ed4e-8a4a-45bf-8a64-988e41fed948"
"2022-04-11","RECEIVE","ULearn Limited Current account","ULearn-Student","","306","100","","IP22084043254757Se SP","306","NONE","AUTHORISED","3c732e0f-e850-424d-9df4-fd370864c1cd"
"2022-04-12","SPEND","ULearn Limited Current account","Zoho","","26.88","B106","","POS11APR ZOHO-PEOPLE","26.88","NONE","AUTHORISED","1b24a291-ca84-40a0-8390-84973f9b334e"
"2022-04-13","SPEND","ULearn Limited Current account","CARD - Google","","500","B110","","","500","NONE","AUTHORISED","6b16f392-bdc0-4c8e-95a8-179f72f15dc5"
"2022-04-13","RECEIVE","ULearn Limited Current account","ULearn-Student","","1750","100","","MIGUEL BAGAN. 2368 SP","1750","NONE","AUTHORISED","acc27898-f9ba-44f8-8d17-c5c74d21c2db"
"2022-04-14","SPEND","ULearn Limited Current account","Vodafone","","20","B104","","POS16MAR Vesta Vodafo","20","NONE","AUTHORISED","1d657b3b-35a0-4a79-a1c6-81d3da8e3f83"
"2022-04-19","SPEND","ULearn Limited Current account","Bank Charges","","0.4","B127","","EFT DD CHARGES","0.4","NONE","AUTHORISED","5ebad9fa-9394-427a-9eb7-fa7c5902dba7"
"2022-04-19","SPEND","ULearn Limited Current account","Bank Charges","","0.48","B127","","EFT DD CHARGES","0.48","NONE","AUTHORISED","51238775-2f9b-483d-b8e7-c51d086f6c3b"
"2022-04-19","SPEND","ULearn Limited Current account","Bank Charges","","0.48","B127","","EFT DD CHARGES","0.48","NONE","AUTHORISED","1eeaca14-bca3-4583-bc38-db0a1ef9dcb2"
"2022-04-19","SPEND","ULearn Limited Current account","TradingView","","12","B106","","P1504GI 12.95@0.83629","12","NONE","AUTHORISED","68dedf7f-de40-4208-a1c2-67453a1d3f34"
"2022-04-17","SPEND","ULearn Limited Current account","Xero Subscription - CARD","IN-3481632","32.43","B106","","ULearn. Monthly Subscription, Standard Price Plan, 17 Mar 2022 to 16 Apr 2022. ","32.43","NONE","AUTHORISED","b063075e-65cd-4107-9281-9ef9e9d15145"
"2022-04-19","SPEND","ULearn Limited Current account","CARD - Google","","9.99","B106","","POS17APR GOOGLE*GOOGL","9.99","NONE","AUTHORISED","aa1d9753-1efe-4b96-8828-e7bbf6dfb26b"
"2022-04-19","SPEND","ULearn Limited Current account","Noel Hancock","","110","A104","","Student transport","110","NONE","AUTHORISED","3e6dd7a7-da29-40f6-b315-8ad405fb2b04"
"2022-04-19","SPEND","ULearn Limited Current account","PAYPAL EUROPE","","30","B102","","POS16APR PAYPAL *CYAT","30","NONE","AUTHORISED","455eaff2-f51a-46c4-b960-6a544b6dca56"
"2022-04-19","SPEND","ULearn Limited Current account","GoDaddy.com, LLC - CARD","","51.64","B106","","POS16APR DNH*GODADDY.","51.64","NONE","AUTHORISED","bf03e7f0-d940-4696-97cd-9987d83e953b"
"2022-04-19","SPEND","ULearn Limited Current account","GoDaddy.com, LLC - CARD","","12.29","B106","","POS24FEB DNH*GO DADDY","12.29","NONE","AUTHORISED","8edab888-ad6b-4e39-ab5e-e4cb3c6f7642"
"2022-04-22","SPEND","ULearn Limited Current account","FREE NOW","6FDR10","22","A104","","Pick  up - student transport","22","NONE","AUTHORISED","8039cf03-1ce5-4523-a1a8-d5b9768c0e87"
"2022-04-19","SPEND","ULearn Limited Current account","Bank Charges","","0.24","B127","","NEPOSCHGUSD 000000.24","0.24","NONE","AUTHORISED","3f22a28a-3e12-4f01-b79c-45a7dd4f2278"
"2022-04-19","SPEND","ULearn Limited Current account","Bank Charges","","0.65","B127","","NEPOSCHGUSD 000000.55","0.65","NONE","AUTHORISED","4fb5870d-f1b9-4227-b8f1-aa2ddf1ad298"
"2022-04-19","RECEIVE","ULearn Limited Current account","ULearn-Student","","140","100","","IP22084043254757Se SP","140","NONE","AUTHORISED","8f16e059-aa93-4c41-b0e1-62d6c4129d17"
"2022-04-19","RECEIVE","ULearn Limited Current account","ULearn-Student","","925","100","","316355095Student I SP","925","NONE","AUTHORISED","c01eb0e4-a5f4-4ebc-a55a-b1bc4a2d73bb"
"2022-04-19","RECEIVE","ULearn Limited Current account","ULearn-Student","","2080","100","","BLUE CONSULTORIA E GP","2080","NONE","AUTHORISED","9cbdc9b8-0b3f-4507-928f-10a698a90201"
"2022-04-20","SPEND","ULearn Limited Current account","Audible - CARD","","9.66","B121","","P0804GB 7.99@1.16020","9.66","NONE","AUTHORISED","948beb36-f370-4e68-a61c-1656683f7038"
"2022-04-20","SPEND","ULearn Limited Current account","Bank Charges","","0.19","B127","","NEPOSCHGGBP 000000.19","0.19","NONE","AUTHORISED","0c268d94-c8b7-4236-859b-3ae16a110dfa"
"2022-04-20","SPEND","ULearn Limited Current account","Tesco","","13.38","B102","","POSC28MAR TESCO STORE","13.38","NONE","AUTHORISED","2b5b580d-d0fa-4733-a9f8-1ad31877d959"
"2022-04-20","RECEIVE","ULearn Limited Current account","ULearn-Student","","1115","100","","Student ID: 23668 SP","1115","NONE","AUTHORISED","3c7474af-5ab4-47a3-ab82-ad54e0fe82df"
"2022-04-20","RECEIVE","ULearn Limited Current account","ULearn-Student","","1070","100","","Student ID: 23668 SP","1070","NONE","AUTHORISED","190bfdd7-938d-4e9d-82d5-426e100ca23c"
"2022-04-21","SPEND","ULearn Limited Current account","Bank Charges","","0.26","B127","","NEPOSCHGUSD 000000.24","0.26","NONE","AUTHORISED","39646746-3608-463c-9103-9826d27437d8"
"2022-04-21","RECEIVE","ULearn Limited Current account","ULearn-Student","","1000","100","","IP22084043254757Se SP","1000","NONE","AUTHORISED","63952b91-b9ef-43d5-90be-6fdd4cdf1a76"
"2022-04-22","SPEND","ULearn Limited Current account","PAYROLL","","7551.51","E104B","","Payroll","7551.51","NONE","AUTHORISED","2b332a4e-e060-4841-840b-65c3e46bd5f5"
"2022-04-22","SPEND","ULearn Limited Current account","ADOBE","","30.74","B106","","POS21MAR ADOBE CREATI","30.74","NONE","AUTHORISED","791329b9-a749-477e-9a95-35ffc51442e1"
"2022-04-22","SPEND","ULearn Limited Current account","Lizdan Business Services Ltd t/a Kinore","","436.65","B118","","Consulting ","436.65","NONE","AUTHORISED","2e560ab8-afcd-4fe6-ae1f-9f6ae8c5bc0a"
"2022-04-22","RECEIVE","ULearn Limited Current account","ULearn-Student","","2315","100","","STUDENT ID 23724ST SP","2315","NONE","AUTHORISED","9bf34cd4-d001-4393-ad8a-5763b35afc24"
"2022-04-25","SPEND","ULearn Limited Current account","PAYPAL EUROPE","","7.98","B102","","POS23APR PAYPAL *FLIC","7.98","NONE","AUTHORISED","001c7fbb-084f-4892-9103-e290bcc93418"
"2022-04-28","SPEND","ULearn Limited Current account","FREE NOW","6GTHJP","31","A104","","Student transport","31","NONE","AUTHORISED","eea6f634-41de-4aec-9140-c48a083ac7a8"
"2022-04-24","SPEND","ULearn Limited Current account","FREE NOW","6H4SGB","24","A104","","student transport ","24","NONE","AUTHORISED","0ab10788-c324-41eb-83f9-1a25c5dc9b12"
"2022-04-25","SPEND","ULearn Limited Current account","GoDaddy.com, LLC - CARD","","12.29","B106","","POS24FEB DNH*GO DADDY","12.29","NONE","AUTHORISED","10f4e231-995d-4c3a-afdf-43e98636455c"
"2022-04-25","SPEND","ULearn Limited Current account","EIR","","10","B104","","POS17FEB Vesta EIR To","10","NONE","AUTHORISED","ecbaa003-a0a6-4c71-9172-48617886816a"
"2022-04-25","SPEND","ULearn Limited Current account","PAYROLL","","2250","E104B","","TO DIANA GUTIERREZ MA","2250","NONE","AUTHORISED","dc0c20e1-8823-422d-a7e3-d02dd8f1cecd"
"2022-04-25","SPEND","ULearn Limited Current account","PAYROLL","","2250","E104B","","TO PAUL GILL","2250","NONE","AUTHORISED","be62a907-a1b9-4526-be82-3ce48f42afe6"
"2022-04-25","SPEND","ULearn Limited Current account","PAYROLL","","2250","E104B","","TO NEIL MC MAHON","2250","NONE","AUTHORISED","1ead3383-e22b-4a2b-8fc4-e769700d6cd5"
"2022-04-25","SPEND","ULearn Limited Current account","Bank Charges","","4.61","B127","","NEPOSCHGMXN 000000.11","4.61","NONE","AUTHORISED","52a820c9-94ea-41e2-a1d4-abf12cb6e5cd"
"2022-04-26","SPEND","ULearn Limited Current account","CARD - Google","","500","B110","","","500","NONE","AUTHORISED","69277c74-a624-4166-af43-ef0cd5386084"
"2022-04-26","SPEND","ULearn Limited Current account","Bank Charges","","4.6","B127","","NEPOSCHGUSD 000004.10","4.6","NONE","AUTHORISED","87fe11b0-54b5-4904-a02b-331d25731ef6"
"2022-04-26","SPEND","ULearn Limited Current account","Bank Charges","","0.56","B127","","NEPOSCHGUSD 000000.24","0.56","NONE","AUTHORISED","3680b4be-5ca5-4316-ac25-efffe6db0834"
"2022-04-26","RECEIVE","ULearn Limited Current account","Apartment Capel","","3226.39","101","","32 Capel SP","3226.39","NONE","AUTHORISED","99e5baa6-3b81-4cbb-92f6-8b771620c23d"
"2022-04-27","SPEND","ULearn Limited Current account","Noel Hancock","","65","A104","","Student transport","65","NONE","AUTHORISED","3be35e96-d773-4a04-9758-8ea9b468d079"
"2022-04-28","SPEND","ULearn Limited Current account","Bank Charges","","10","B127","","BOI BOL CHARGE","10","NONE","AUTHORISED","e589cc28-5b9d-4979-94d0-d6961bd541a7"
"2022-04-28","SPEND","ULearn Limited Current account","FREE NOW","6HW5FK","45","A104","","Student Transport - Lucan","45","NONE","AUTHORISED","880db8c8-e3c6-4870-92bd-5a2f29e20df1"
"2022-04-28","SPEND","ULearn Limited Current account","FREE NOW","6HWK46","28","A104","","Student Transport - Dublin","28","NONE","AUTHORISED","ec851e99-6b23-4793-9a75-5121dc0c3abe"
"2022-04-29","RECEIVE","ULearn Limited Current account","ULearn-Student","","1115","100","","Student ID: 23668 SP","1115","NONE","AUTHORISED","d4fe8dd9-1d23-4783-8fc0-d637f2f7b0c1"
"2022-04-08","RECEIVE","ULearn Limited Current account","ULearn-Student","","8958","100","","23735 Lopes - 2393 SP","8958","NONE","AUTHORISED","9406ecb0-3576-49a8-99ad-e1533608a00d"
"2022-04-01","RECEIVE","ULearn Limited Current account","ULearn-Student","","8509.5","100","","196020594INVOICE N SP","8509.5","NONE","AUTHORISED","4722f867-8b11-4248-a900-06c766281379"
"2022-04-25","RECEIVE","ULearn Limited Current account","ULearn-Student","","6368","100","","P2022221 SP","6368","NONE","AUTHORISED","21cada23-eacc-489f-b99a-a96cfe9153ce"
"2022-04-28","RECEIVE","ULearn Limited Current account","ULearn-Student","","5267","100","","XOvQIhpr2604202215 SP","5267","NONE","AUTHORISED","a52bbe3b-cb69-465c-bfdf-24544fe0a8e9"
"2022-04-21","RECEIVE","ULearn Limited Current account","ULearn-Student","","4495","100","","PRISCILA DEL CARME GP","4495","NONE","AUTHORISED","a237b234-0bf6-4755-a49c-29f8b925e09d"
"2022-04-01","RECEIVE","ULearn Limited Current account","ULearn-Student","","4275","100","","DE'KYA-MURPHY HARM GP","4275","NONE","AUTHORISED","6c5b931c-5880-441f-acbb-cc99d588f580"
"2022-04-19","RECEIVE","ULearn Limited Current account","ULearn-Student","","3825","100","","PAYMENT OF STUDENT SP","3825","NONE","AUTHORISED","3401d5b5-53fd-4a4d-8c1f-8daf09a59c2a"
"2022-04-07","RECEIVE","ULearn Limited Current account","ULearn-Student","","2756.25","100","","URANTULGASCHOOL PA SP","2756.25","NONE","AUTHORISED","5122b529-fe6c-481b-b243-95cca785d249"
"2022-04-14","RECEIVE","ULearn Limited Current account","ULearn-Student","","2509","100","","RAFAEL ROBERTO MAT GP","2509","NONE","AUTHORISED","859e73b4-c804-4c5b-a20a-ca93c4f66c44"
"2022-04-06","RECEIVE","ULearn Limited Current account","ULearn-Student","","2193.75","100","","OTGONGEREL PAYMENT SP","2193.75","NONE","AUTHORISED","2c8b3406-7909-4c42-bf11-c72baf04fc65"
"2022-04-13","RECEIVE","ULearn Limited Current account","ULearn-Student","","1840","100","","advance payment st SP","1840","NONE","AUTHORISED","b6f5cb76-3cfd-4c0a-b02d-ae5a8c4046fe"
"2022-04-20","RECEIVE","ULearn Limited Current account","ULearn-Student","","1780","100","","ULearn Limited P20 SP","1780","NONE","AUTHORISED","f4330eb0-0d9c-48ad-a9f9-056536201a1b"
"2022-04-28","RECEIVE","ULearn Limited Current account","ULearn-Student","","1760","100","","PATRICIA BENITOSTU SP","1760","NONE","AUTHORISED","52e0812c-8240-4bd8-9aa3-d48b8c46c93a"
"2022-04-28","RECEIVE","ULearn Limited Current account","ULearn-Student","","1610","100","","STUDENT ID 24087 S SP","1610","NONE","AUTHORISED","e2da6bb1-144a-4afd-884c-80dd7a0b6c66"
"2022-04-11","RECEIVE","ULearn Limited Current account","ULearn-Student","","1515","100","","4-WEEK LANGUAGE CO SP","1515","NONE","AUTHORISED","7ddabfe9-b8ff-4b94-aff3-de92dc1ef073"
"2022-04-19","RECEIVE","ULearn Limited Current account","ULearn-Student","","925","100","","333699296student n SP","925","NONE","AUTHORISED","71607cae-c448-4bf3-a700-59eba7cc7224"
"2022-04-19","RECEIVE","ULearn Limited Current account","ULearn-Student","","925","100","","333343444Uyara Aco SP","925","NONE","AUTHORISED","bc14a3bb-0fd3-4681-9293-646590fa06bf"
"2022-04-19","RECEIVE","ULearn Limited Current account","ULearn-Student","","925","100","","333342016VAZQUES D SP","925","NONE","AUTHORISED","85d59f72-daef-4381-92e8-2eb7c40e119d"
"2022-04-05","RECEIVE","ULearn Limited Current account","ULearn-Student","","900","100","","ID 23844 INVOICE P SP","900","NONE","AUTHORISED","a94c9585-4ff4-483a-92d2-0310bf41eb11"
"2022-04-05","RECEIVE","ULearn Limited Current account","ULearn-Student","","650","100","","english class cami SP","650","NONE","AUTHORISED","29c89ad0-a750-4fc8-bbe5-8afa30edc2f8"
"2022-04-29","RECEIVE","ULearn Limited Current account","ULearn-Student","","422","100","","General classes SP","422","NONE","AUTHORISED","41a0e9f5-6f62-435e-9681-508af123099d"
"2022-04-29","RECEIVE","ULearn Limited Current account","ULearn-Student","","400","100","","MLE OLIVIA COURAU SP","400","NONE","AUTHORISED","dd66c729-007e-4dbe-9dab-cb341580098a"
"2022-04-26","RECEIVE","ULearn Limited Current account","ULearn-Student","","400","100","","Invoice Number : P SP","400","NONE","AUTHORISED","f5681b81-4537-4c41-aaca-169bcb24f68f"
"2022-04-27","RECEIVE","ULearn Limited Current account","ULearn-Student","","330","100","","ULearn LimitedEngl SP","330","NONE","AUTHORISED","f160fe2f-9204-41ce-ac62-942caaef0ff6"
"2022-04-13","RECEIVE","ULearn Limited Current account","ULearn-Student","","256","100","","ENGLISH LESSON SP","256","NONE","AUTHORISED","1bd8c73a-952c-4f3b-aa02-0bdc932b7cb7"
"2022-04-29","RECEIVE","ULearn Limited Current account","ULearn-Student","","225","100","","SEPAFORMATION DUBL SP","225","NONE","AUTHORISED","160c7f7b-a307-4a92-b0af-5eb715ed041c"
"2022-04-22","RECEIVE","ULearn Limited Current account","ULearn-Student","","194","100","","Payment of English SP","194","NONE","AUTHORISED","b562e73d-4492-4d73-87fe-2a8f67c1d858"
"2022-04-06","RECEIVE","ULearn Limited Current account","ULearn-Student","","154","100","","P2022044 SP","154","NONE","AUTHORISED","fe207f1a-f3f7-46d8-ac78-18d04dacf9e6"
"2022-04-25","RECEIVE","ULearn Limited Current account","ULearn-Student","","80","100","","transfert airport SP","80","NONE","AUTHORISED","00a08dbe-43b1-4366-b885-2300aa9a4009"
"2022-04-04","SPEND","ULearn Limited Current account","SOFTWARE","","17.96","B106","","P0304LU 19.80@0.90707","17.96","NONE","AUTHORISED","58a28c53-b193-4092-b0f5-531fa151df5b"
"2022-04-06","SPEND","ULearn Limited Current account","Amazon","","359.45","B102","","P0604US391.73@0.91759","359.45","NONE","AUTHORISED","a4e90224-4131-4e23-9141-59acbdb19cfe"
"2022-04-06","SPEND","ULearn Limited Current account","Amazon","","359.45","B102","","P0604US391.73@0.91759","359.45","NONE","AUTHORISED","3fbe71df-4b22-4e9e-b87a-343036eb0339"
"2022-04-11","SPEND","ULearn Limited Current account","Easons","","5.99","B102","","POSC10APR EASON","5.99","NONE","AUTHORISED","b2c6049a-47df-4f2c-b431-ecfef1328d31"
"2022-04-19","SPEND","ULearn Limited Current account","Condor","","2819.98","A104","","POS17APR Condor Flugd","2819.98","NONE","AUTHORISED","710cc543-fddf-4672-b5fb-dc5ccbd47dca"
"2022-04-19","SPEND","ULearn Limited Current account","Aer Lingus","","275.32","A104","","POS17APR AERLING","275.32","NONE","AUTHORISED","144b95fa-d438-4bf1-a016-81e9c01c3089"
"2022-04-21","SPEND","ULearn Limited Current account","Tesco","","5","B102","","POS20APR TESCO STORES","5","NONE","AUTHORISED","abbf131d-9209-425f-9cb0-a11cfe242759"
"2022-04-25","SPEND","ULearn Limited Current account","General Expenses","","230.62","B125","","P2404MX 4998@0.04614","230.62","NONE","AUTHORISED","3b875969-1122-4016-9a46-a085d606d542"
"2022-04-25","SPEND","ULearn Limited Current account","AirBnB","","823.66","A103","","POS24APR AIRBNB * HMQ","823.66","NONE","AUTHORISED","683e8cf1-8902-481e-9901-9f391861c1fc"
"2022-04-26","SPEND","ULearn Limited Current account","AirBnB","","2193.67","A103","","POS25APR AIRBNB * HMS","2193.67","NONE","AUTHORISED","6fcf1a3e-d9a4-41a5-b87d-934c66d73263"
"2022-04-28","SPEND","ULearn Limited Current account","Storage Worl","","222.75","B102","","POS27APR STORAGE WORL","222.75","NONE","AUTHORISED","8b0f3633-60bc-4e21-90c7-82b928cd845d"
"2022-04-26","SPEND","ULearn Limited Current account","General Expenses","","230","B125","","P2504US245.99@0.93499","230","NONE","AUTHORISED","0ae730ec-b813-461c-8455-983e62fc01d7"
"2022-04-26","SPEND","ULearn Limited Current account","General Expenses","","28","B125","","P2504US 29.95@0.93489","28","NONE","AUTHORISED","e32d4bb0-06bd-4dfb-a38c-10f95f493206"
"2022-04-20","SPEND","ULearn Limited Current account","Zopim - CARD","INV08410754","12.98","B106","","Chat Basic Subscription
04/20/2022-05/19/2022
Month","12.98","NONE","AUTHORISED","04419281-9dbc-4c6f-ab37-4bc22bbd1539"
"2022-04-25","SPEND","ULearn Limited Current account","Bank Charges","","24.5","B127","","bank fees","24.5","NONE","AUTHORISED","1f77a495-8630-41f2-9311-999bad554f38"
"2022-04-25","SPEND","ULearn Limited Current account","Bank Charges","","17.5","B127","","Charges","17.5","NONE","AUTHORISED","4c7d77f4-b4ce-4d7b-a420-f6ded9df2b01"
"2022-05-03","SPEND","ULearn Limited Current account","Bank Charges","","17.5","B127","","Fees","17.5","NONE","AUTHORISED","5d1e998b-f084-4719-8196-28451bfad285"
"2022-04-22","RECEIVE","ULearn Limited Current account","MARY GLEESON","","135.2","E104B","","E81A0A6F17AD4D0780CTO","135.2","NONE","AUTHORISED","4e7a8f65-73b5-44dd-b114-aaee2170c10b"
"2022-05-03","SPEND","ULearn Limited Current account","Home Depot","","12.13","A101A","","Tools ","12.13","NONE","AUTHORISED","17b0bec7-ec61-4ff8-ad81-55990e1d086b"
"2022-05-03","SPEND","ULearn Limited Current account","SOFTWARE","","5.86","B111","","P0105US 6.15@0.83252","5.86","NONE","AUTHORISED","2bc6619e-dd62-46e6-ad39-f68484450e5b"
"2022-05-03","SPEND","ULearn Limited Current account","CARD - Google","","210.75","B110","","","210.75","NONE","AUTHORISED","2e50f57e-412d-465b-b9f5-6ca892ba6d38"
"2022-05-03","SPEND","ULearn Limited Current account","Bank Charges","","0.37","B127","","NEPOSCHGUSD 000000.33","0.37","NONE","AUTHORISED","4a70bbfc-a6b8-48c2-bd2a-d60663e9588f"
"2022-05-03","SPEND","ULearn Limited Current account","Bank Charges","","0.24","B127","","NEPOSCHGMXN 000000.24","0.24","NONE","AUTHORISED","b9e0137c-0964-44c6-bf88-bca7deb6afbc"
"2022-05-03","SPEND","ULearn Limited Current account","Bank Charges","","0.12","B127","","NEPOSCHGUSD 000000.11","0.12","NONE","AUTHORISED","5acce90e-7d47-48d4-a201-b977e7f89ae7"
"2022-05-03","SPEND","ULearn Limited Current account","Argos","","17.99","B102","","POSC22MAR ARGOS ILAC","17.99","NONE","AUTHORISED","95471730-48ee-4f1b-bb02-ff190dcdba7a"
"2022-05-03","SPEND","ULearn Limited Current account","Argos","","17.99","B102","","POSC22MAR ARGOS ILAC","17.99","NONE","AUTHORISED","beb1e92a-a3d7-4e88-a509-da037004476d"
"2022-05-03","RECEIVE","ULearn Limited Current account","Blackhall Green - Apartment","","3200","101","","RENT APRIL SP","3200","NONE","AUTHORISED","d2744d09-5d92-4b12-9bf2-19d85f339170"
"2022-05-03","RECEIVE","ULearn Limited Current account","ULearn-Student","","1500","100","","P2022044 SP","1500","NONE","AUTHORISED","d44adba3-c475-4712-9660-ff9b73002e93"
"2022-05-03","RECEIVE","ULearn Limited Current account","WAACC","","6250","101","","WAACC 13 SP","6250","NONE","AUTHORISED","3c7f0073-c32b-431b-ac8b-aa6e39bfe7f0"
"2022-05-04","SPEND","ULearn Limited Current account","Office Depot","","10.76","B102","","Office Supplies","10.76","NONE","AUTHORISED","237752aa-46a6-4a5d-ad60-78551643d748"
"2022-05-04","SPEND","ULearn Limited Current account","Bank Charges","","1.03","B127","","NEPOSCHGMXN 000001.29","1.03","NONE","AUTHORISED","891baf66-a065-4297-ada5-0fe955c82a8a"
"2022-05-04","SPEND","ULearn Limited Current account","Bank Charges","","0.22","B127","","NEPOSCHGMXN 000000.24","0.22","NONE","AUTHORISED","22b0c054-14c8-44ae-a4cf-6703178bb778"
"2022-05-04","SPEND","ULearn Limited Current account","Curry's PC World","","34.99","B102","","POSC28FEB CURRYS IREL","34.99","NONE","AUTHORISED","2f2bd563-307b-44d4-8cc0-c42762b658b5"
"2022-05-03","SPEND","ULearn Limited Current account","SOFTWARE","","18.39","B111","","P0105US 6.15@0.83252","18.39","NONE","AUTHORISED","6f05365f-3e0f-4fa1-8e92-2e67dad716ea"
"2022-05-05","SPEND","ULearn Limited Current account","Bank Charges","","0.57","B127","","NEPOSCHGUSD 000000.33","0.57","NONE","AUTHORISED","4bbca5fc-fdc3-4b46-a7e7-454b9644b52e"
"2022-05-05","RECEIVE","ULearn Limited Current account","ULearn-Student","","122","100","","Invoice number P20 SP","122","NONE","AUTHORISED","bd86e7ba-f3b1-429b-9297-544bc2747816"
"2022-05-06","RECEIVE","ULearn Limited Current account","ULearn-Student","","194","100","","P2022044 SP","194","NONE","AUTHORISED","2ebb6f8b-fe49-46f4-a682-7e1deea4399e"
"2022-05-03","RECEIVE","ULearn Limited Current account","ULearn-Student","","80","100","","PAYMENT FOR AIRPOR SP","80","NONE","AUTHORISED","da98b76b-5eb4-4027-b14c-d45d4c99866a"
"2022-05-03","RECEIVE","ULearn Limited Current account","ULearn-Student","","248","100","","EVENING GENERAL ID SP","248","NONE","AUTHORISED","fb5c7d51-8c0b-40e2-b06b-8e3b28f21365"
"2022-05-06","RECEIVE","ULearn Limited Current account","ULearn-Student","","405","100","","Advance Payment Fr SP","405","NONE","AUTHORISED","c60d0b4d-1ee8-42dc-aa57-8a50119e9f3e"
"2022-05-06","RECEIVE","ULearn Limited Current account","ULearn-Student","","442.75","100","","Payment for Laura SP","442.75","NONE","AUTHORISED","bfd09f6a-eb18-4410-94b1-381d27814e46"
"2022-05-06","RECEIVE","ULearn Limited Current account","ULearn-Student","","1324","100","","2X DESTINO CERTO SP","1324","NONE","AUTHORISED","ff611907-84e8-48e6-9ad7-7b155fdbda32"
"2022-05-06","RECEIVE","ULearn Limited Current account","ULearn-Student","","2193.75","100","","SARANZAYA SP","2193.75","NONE","AUTHORISED","e8a35a03-53fd-4890-8533-4db5250fcdd7"
"2022-05-06","RECEIVE","ULearn Limited Current account","ULearn-Student","","2620","100","","5 WEEKS MORNING GE SP","2620","NONE","AUTHORISED","26bc3dbd-1bd9-4b39-8589-23e9eaec9b1b"
"2022-05-06","RECEIVE","ULearn Limited Current account","ULearn-Student","","2995","100","","STUDENT ID 24114 M SP","2995","NONE","AUTHORISED","649b3a82-6bcb-433e-86cd-e80dbd8e5283"
"2022-04-04","SPEND","ULearn Limited Current account","ZOOM","","51.62","B106","","POS04MAR ZOOM.US 888-","51.62","NONE","AUTHORISED","7a5d7c68-21fb-4c3c-9481-f4fc08124001"
"2022-05-05","SPEND","ULearn Limited Current account","ZOOM","","51.62","B106","","POS04MAR ZOOM.US 888-","51.62","NONE","AUTHORISED","ed3a96ee-973c-44ab-b8cd-8e74d43d2677"
"2022-05-03","SPEND","ULearn Limited Current account","MacStore","","51.62","B102","","Office Suplies","51.62","NONE","AUTHORISED","86de21db-4326-4cbb-ab86-bf22b8a03cad"
"2022-05-05","SPEND","ULearn Limited Current account","TradingView","","28.51","B106","","P0405US 29.95@0.83338","28.51","NONE","AUTHORISED","6277b52a-d248-4c2a-ab9e-345b8f4a2cfd"
"2022-05-06","SPEND","ULearn Limited Current account","GoDaddy.com, LLC - CARD","","5.82","B106","","06MAY DNH*GO DADDY E","5.82","NONE","AUTHORISED","53bfeeb4-c313-498b-babe-d7b6e80240a0"
"2022-05-06","SPEND","ULearn Limited Current account","General Expenses","","9","B125","","05MAY MEGA NUEVA GAL","9","NONE","AUTHORISED","b7ef6cc5-8d62-445c-8971-d537a625e85c"
"2022-05-06","SPEND","ULearn Limited Current account","GoDaddy.com, LLC - CARD","","12.84","B106","","05MAY DNH*GO DADDY E","12.84","NONE","AUTHORISED","ca121afd-5dd5-4826-9a67-95da20476949"
"2022-05-09","SPEND","ULearn Limited Current account","Amazon","","9","B102","","P2003MX899.00@0.04469","9","NONE","AUTHORISED","9fe78de4-c2a4-4905-8864-457a8dd2c2e9"
"2022-05-09","SPEND","ULearn Limited Current account","Audible - CARD","","9.39","B121","","P0805GB 7.99@1.15394","9.39","NONE","AUTHORISED","a565c5f4-c4bc-4e4a-99cb-35330e21a1df"
"2022-05-09","SPEND","ULearn Limited Current account","SOFTWARE","","19.07","B111","","","19.07","NONE","AUTHORISED","9d5ac6b7-213f-4893-ad19-71c7bb11b4b7"
"2022-05-09","SPEND","ULearn Limited Current account","GoDaddy.com, LLC - CARD","","12.84","B106","","POS05MAY DNH*GO DADDY","12.84","NONE","AUTHORISED","b646981b-11dc-4fd2-abd4-473fad19e1c2"
"2022-05-05","SPEND","ULearn Limited Current account","CARD - Google","4117098689","76.75","B106","","Summary for Apr 1, 2022 - Apr 30, 2022","76.75","NONE","AUTHORISED","8fa32b4b-c192-4067-bc58-397fea1ff33a"
"2022-05-09","SPEND","ULearn Limited Current account","GoDaddy.com, LLC - CARD","","5.82","B106","","POS24FEB DNH*GO DADDY","5.82","NONE","AUTHORISED","ea8765a4-4adb-4aa9-895b-6d3ead0a6cde"
"2022-05-09","SPEND","ULearn Limited Current account","UPC","","118","B104","","POS14MAR UPC","118","NONE","AUTHORISED","67e3c38a-ed1d-4f07-b081-c90877404756"
"2022-05-09","SPEND","ULearn Limited Current account","Bank Charges","","0.18","B127","","NEPOSCHGMXN 000000.11","0.18","NONE","AUTHORISED","ce2604b9-17f6-4ed1-b0fe-a075c70b578b"
"2022-05-09","SPEND","ULearn Limited Current account","Bank Charges","","0.19","B127","","NEPOSCHGGBP 000000.19","0.19","NONE","AUTHORISED","3fcbf813-7c2f-4d72-9dfa-642a0becfbe3"
"2022-05-09","SPEND","ULearn Limited Current account","Bank Charges","","0.38","B127","","NEPOSCHGUSD 000000.33","0.38","NONE","AUTHORISED","f5c5817d-06ca-4584-84a7-a6971d347f5d"
"2022-05-10","SPEND","ULearn Limited Current account","General Expenses","","53.06","B102","","","53.06","NONE","AUTHORISED","4b800235-1320-4a94-928e-83ffdfd0825d"
"2022-05-10","SPEND","ULearn Limited Current account","Bank Charges","","1.06","B127","","NEPOSCHGUSD 000001.66","1.06","NONE","AUTHORISED","34a1f478-0bc1-4377-b272-6b3f2ba102f6"
"2022-05-09","SPEND","ULearn Limited Current account","Bank Charges","","17.5","B127","","Bank Fees","17.5","NONE","AUTHORISED","1b99f3f5-9223-455d-991e-096137ce0865"
"2022-05-10","SPEND","ULearn Limited Current account","Bank Charges","","17.5","B127","","Bank transfer fee","17.5","NONE","AUTHORISED","c29d65fe-7740-4332-ad44-16943eae18a3"
"2022-05-11","SPEND","ULearn Limited Current account","GoDaddy.com, LLC - CARD","","25.68","B106","","POS09MAY DNH*GO DADDY","25.68","NONE","AUTHORISED","c138276c-419d-4835-9827-1db5f01afe9b"
"2022-05-12","SPEND","ULearn Limited Current account","Noel Hancock","","110","A104","","Student transport","110","NONE","AUTHORISED","70f671ee-a874-4294-9e8f-2a010cc195c3"
"2022-05-12","SPEND","ULearn Limited Current account","Zoho","","26.88","B106","","POS11MAY ZOHO-PEOPLE","26.88","NONE","AUTHORISED","03b91371-e61c-4398-8d69-5cb6a57e2e30"
"2022-05-13","SPEND","ULearn Limited Current account","Vodafone","","20","B104","","POS15JAN VESTA *VODA","20","NONE","AUTHORISED","e6ade8c0-4f7a-4b78-ae62-d3cc061eb6eb"
"2022-05-13","SPEND","ULearn Limited Current account","CARD - Google","","500","B110","","","500","NONE","AUTHORISED","8f7644f7-5816-4c90-82cb-e42d8b33a380"
"2022-05-13","SPEND","ULearn Limited Current account","Tesco","","15.15","B102","","POSC28MAR TESCO STORE","15.15","NONE","AUTHORISED","a9ad0991-4a67-4664-baec-23a04ab40ce9"
"2022-05-13","RECEIVE","ULearn Limited Current account","ULearn-Student","","755","100","","P2022044 SP","755","NONE","AUTHORISED","ef48a4bc-2e48-498c-bba4-3454622a4cd7"
"2022-05-13","RECEIVE","ULearn Limited Current account","ULearn-Student","","250","100","","Student ID: 23668 SP","250","NONE","AUTHORISED","c885b9f5-b38f-4dd8-81e8-b73c50b19a90"
"2022-05-13","RECEIVE","ULearn Limited Current account","ULearn-Student","","37.5","100","","316355095Student I SP","37.5","NONE","AUTHORISED","5e885d50-6783-4a23-8449-b48e085b4865"
"2022-05-13","RECEIVE","ULearn Limited Current account","ULearn-Student","","37.5","100","","316355095Student I SP","37.5","NONE","AUTHORISED","a34af2a9-4277-41d6-806c-8d05d578f136"
"2022-05-16","SPEND","ULearn Limited Current account","Office Depot","","151.93","B102","","P2509MX 6288@0.04266","151.93","NONE","AUTHORISED","12fc469d-be77-4a08-8829-da2578502d29"
"2022-05-16","SPEND","ULearn Limited Current account","TradingView","","12.51","B106","","P1505GI 12.95@0.82857","12.51","NONE","AUTHORISED","dfe25de1-a826-48ae-811f-f6373fa16c08"
"2022-05-16","SPEND","ULearn Limited Current account","Bank Charges","","3.04","B127","","NEPOSCHGMXN 000001.29","3.04","NONE","AUTHORISED","31ef2f0a-9637-42f2-af75-d0ab9bd92e97"
"2022-05-16","SPEND","ULearn Limited Current account","Bank Charges","","0.25","B127","","NEPOSCHGUSD 000000.25","0.25","NONE","AUTHORISED","af88746c-7cfd-4826-8577-e4accd7f37ed"
"2022-05-16","SPEND","ULearn Limited Current account","Tesco","","10.12","B102","","POSC28MAR TESCO STORE","10.12","NONE","AUTHORISED","78edcfdb-83be-4436-85af-5f5107b3d10b"
"2022-05-16","RECEIVE","ULearn Limited Current account","ULearn-Student","","260","100","","STUDENT ID 23724ST SP","260","NONE","AUTHORISED","203d0c37-0152-4873-a28d-45b386a4a5ce"
"2022-05-16","RECEIVE","ULearn Limited Current account","ULearn-Student","","2015","100","","Invoice number P20 SP","2015","NONE","AUTHORISED","432839c6-a0bf-45a1-a3e4-6af32c47756e"
"2022-05-16","RECEIVE","ULearn Limited Current account","ULearn-Student","","297.5","100","","P2022044 SP","297.5","NONE","AUTHORISED","5de7bd9d-732e-46b1-861f-b83449b0badb"
"2022-05-16","RECEIVE","ULearn Limited Current account","ULearn-Student","","297.5","100","","P2022044 SP","297.5","NONE","AUTHORISED","4e8dd8a6-5feb-4b2e-9821-37da21cb29c5"
"2022-05-16","SPEND","ULearn Limited Current account","ULearn-Student","","12.5","100","","MS VERONICA P CHRG GP","12.5","NONE","AUTHORISED","0f75fbef-1847-4626-b182-1e5d140297d7"
"2022-05-12","RECEIVE","ULearn Limited Current account","ULearn-Student","","215","100","","73770505YDIEGO GAB SP","215","NONE","AUTHORISED","00b897b7-6b29-4821-ab65-45f63a14537b"
"2022-05-11","RECEIVE","ULearn Limited Current account","ULearn-Student","","1579","100","","Private lessons an SP","1579","NONE","AUTHORISED","a04430d4-e9e6-4c53-bc55-56e5d634269f"
"2022-05-16","RECEIVE","ULearn Limited Current account","ULearn-Student","","3540","100","","MS VERONICA P GUIN GP","3540","NONE","AUTHORISED","e1f13c5b-37ab-4bd0-8f8a-3015ab5fb674"
"2022-05-11","RECEIVE","ULearn Limited Current account","LastPass","","37.28","B106","","POS10MAY GoToCom*Last","37.28","NONE","AUTHORISED","14954162-53cc-4278-8f30-04e4ed2a59c8"
"2022-05-03","SPEND","ULearn Limited Current account","Temple Inns Limited","43-44 TB May","6000","B100","","TO TEMPLE REALTY MANA","6000","NONE","AUTHORISED","306998c2-70bb-49e1-842d-25565907e496"
"2022-01-20","RECEIVE","ULearn Limited Current account","AirBnB","","171.33","A103","","POS20JAN AIRBNB * HM8","171.33","NONE","AUTHORISED","d0742aec-4013-4596-9e99-65d2c03d69a5"
"2022-04-28","SPEND","ULearn Limited Current account","PAYPAL EUROPE","SINV255022","290.14","B102","","POS27APR PAYPAL *ALBA","290.14","NONE","AUTHORISED","f079adf2-170e-48e3-ae1d-bec13be124a2"
"2022-05-17","SPEND","ULearn Limited Current account","PAYPAL EUROPE","","30","B102","","POS16MAY PAYPAL *CYAT","30","NONE","AUTHORISED","c06f182e-1a8d-4e1e-a7d4-0a6c75dfe910"
"2022-05-17","RECEIVE","ULearn Limited Current account","ULearn-Student","","390","100","","ID 24002 SP","390","NONE","AUTHORISED","49e262bb-53f7-4fae-9682-1df9dabed4da"
"2022-05-17","RECEIVE","ULearn Limited Current account","ULearn-Student","","570","100","","STUDENT ID 24208 SP","570","NONE","AUTHORISED","78482c64-e428-4eb1-b5c7-c44e98922d5b"
"2022-05-17","RECEIVE","ULearn Limited Current account","ULearn-Student","","2200","100","","INVOICE P2022290 S SP","2200","NONE","AUTHORISED","d5b5efce-0a19-4859-b1e6-d543cbf51381"
"2022-05-17","RECEIVE","ULearn Limited Current account","ULearn-Student","","850","100","","ZV0100333538362700 SP","850","NONE","AUTHORISED","e6e32cbe-0698-4e79-a696-0c22d0b49dea"
"2022-05-17","RECEIVE","ULearn Limited Current account","ULearn-Student","","512","100","","Student ID 24240 SP","512","NONE","AUTHORISED","a6c9b150-f6b4-4914-a103-6d7f7ebbe2f0"
"2022-05-18","SPEND","ULearn Limited Current account","GoDaddy.com, LLC - CARD","","12.29","B106","","POS09MAY DNH*GO DADDY","12.29","NONE","AUTHORISED","e290b133-1ef6-4afc-8fe7-e51a28196823"
"2022-05-18","SPEND","ULearn Limited Current account","Bank Charges","","0.67","B127","","NEPOSCHGUSD 000000.33","0.67","NONE","AUTHORISED","8c4528f6-402c-4fbd-ab32-3c99d28d222b"
"2022-05-19","SPEND","ULearn Limited Current account","CARD - Google","","9.99","B106","","POS18MAR Google Payme","9.99","NONE","AUTHORISED","e8397d41-3594-494b-8501-edc39764e502"
"2022-05-19","RECEIVE","ULearn Limited Current account","ULearn-Student","","2738.75","100","","MARALMAA OTGONBAYA SP","2738.75","NONE","AUTHORISED","30245444-1329-4a3b-bd6b-01b7a06c05ad"
"2022-05-19","RECEIVE","ULearn Limited Current account","ULearn-Student","","1000","100","","349055451LEITE MEL SP","1000","NONE","AUTHORISED","dbf7b274-7d72-4681-9a9f-10c50d13169e"
"2022-05-20","SPEND","ULearn Limited Current account","PAYROLL","","10180.51","E104B","","Payroll","10180.51","NONE","AUTHORISED","b8ce5687-b591-49e9-acaa-ec9a580f4552"
"2022-05-20","RECEIVE","ULearn Limited Current account","MARY GLEESON","","78","E104B","","E81A0A6F17AD4D0780CTO","78","NONE","AUTHORISED","09e3826f-b1b1-46fe-99f9-d865d7aba637"
"2022-05-20","SPEND","ULearn Limited Current account","EIR","","50","B104","","POS17FEB Vesta EIR To","50","NONE","AUTHORISED","b8ca07fb-211d-4610-9393-2bd3e99af4df"
"2022-05-20","SPEND","ULearn Limited Current account","An Post","","2.1","B102","","POS18MAY AN POST-OFFI","2.1","NONE","AUTHORISED","918bae96-f7e5-4b6d-b88a-946544f7e0a3"
"2022-05-20","RECEIVE","ULearn Limited Current account","ULearn-Student","","1242","100","","English Course Pay SP","1242","NONE","AUTHORISED","80c4d929-bb4b-46ba-8eb6-baa094a89a1c"
"2022-05-20","RECEIVE","ULearn Limited Current account","ULearn-Student","","6507.22","100","","RE ABROAD.INC. 025 GP","6507.22","NONE","AUTHORISED","62bcd10d-c1b5-459f-b62d-2c579af1676e"
"2022-05-20","RECEIVE","ULearn Limited Current account","ULearn-Student","","2640","100","","E Mineau - Student SP","2640","NONE","AUTHORISED","db287811-374c-46c3-858d-1a631e23c56a"
"2022-05-20","RECEIVE","ULearn Limited Current account","ULearn-Student","","250","100","","353899827339 SP","250","NONE","AUTHORISED","bdbb81c7-77c3-47e2-9e69-2263cc62365b"
"2022-05-20","RECEIVE","ULearn Limited Current account","ULearn-Student","","2440","100","","LATM CR 900033 8203","2440","NONE","AUTHORISED","743144ed-d80e-41f8-9564-f475a3ccba10"
"2022-05-21","SPEND","ULearn Limited Current account","Starbucks","","11.69","B115","","Client meeting","11.69","NONE","AUTHORISED","e8ecb554-0b8c-42a4-9674-9382ca6b3d0f"
"2022-05-21","SPEND","ULearn Limited Current account","Starbucks","","4.17","B115","","Client meeting","4.17","NONE","AUTHORISED","a0aaab06-84a3-4351-aedc-1d698e2cf2d8"
"2022-05-23","SPEND","ULearn Limited Current account","ADOBE","","30.74","B106","","POS21MAR ADOBE CREATI","30.74","NONE","AUTHORISED","b811c9c6-b700-444d-a3bc-be44dfff849c"
"2022-05-23","SPEND","ULearn Limited Current account","Amazon","","61.78","B102","","POS27FEB AMZN Mktp US","61.78","NONE","AUTHORISED","7c020083-3bb6-42e8-a8ad-8312338419c4"
"2022-05-23","SPEND","ULearn Limited Current account","CARD - Google","","500","B110","","","500","NONE","AUTHORISED","d95713a8-7df6-48ff-a0a7-915ccb63e665"
"2022-05-23","SPEND","ULearn Limited Current account","Bank Charges","","0.27","B127","","NEPOSCHGUSD 000000.33","0.27","NONE","AUTHORISED","19c78ec9-485e-4262-937f-e09c5a38b348"
"2022-05-23","SPEND","ULearn Limited Current account","Bank Charges","","0.23","B127","","NEPOSCHGMXN 000000.24","0.23","NONE","AUTHORISED","3d8e5b49-a494-407c-bcc2-50d4431c9487"
"2022-05-23","SPEND","ULearn Limited Current account","Bank Charges","","0.08","B127","","NEPOSCHGMXN 000000.11","0.08","NONE","AUTHORISED","d69be6df-9543-40c8-8477-c1fce4c2c5dd"
"2022-05-23","RECEIVE","ULearn Limited Current account","ULearn-Student","","560","100","","220520-VBGJMJ401SI SP","560","NONE","AUTHORISED","dc5e5370-d1c9-4de8-9187-3bc4103062ad"
"2022-05-23","RECEIVE","ULearn Limited Current account","ULearn-Student","","560","100","","220520-5XM7MN731SI SP","560","NONE","AUTHORISED","6c943849-7a09-481e-84de-7db1caa38b51"
"2022-05-24","RECEIVE","ULearn Limited Current account","ULearn-Student","","144","100","","English Classes 4 SP","144","NONE","AUTHORISED","4fff1cb7-8ed0-4e46-99ba-34bd400f7137"
"2022-05-24","RECEIVE","ULearn Limited Current account","ULearn-Student","","225","100","","INVOICE NUMBER P20 SP","225","NONE","AUTHORISED","03b23a88-ee60-4ddd-a9a8-7a503ef37b59"
"2022-05-24","RECEIVE","ULearn Limited Current account","ULearn-Student","","2828","100","","PFR 1 2 PEDRO SP","2828","NONE","AUTHORISED","38140d59-f100-4a11-923a-4f52ddfb7ed6"
"2022-05-24","SPEND","ULearn Limited Current account","PAYPAL EUROPE","","8.16","B102","","POS23MAY PAYPAL *FLIC","8.16","NONE","AUTHORISED","64eb5edc-f0a0-488a-973b-95480ac38a0d"
"2022-05-24","SPEND","ULearn Limited Current account","PAYROLL","","144","E104B","","TO CORMAC BASQUILLE","144","NONE","AUTHORISED","c228f8d3-5764-43b6-98f7-024ba8648d3c"
"2022-05-25","SPEND","ULearn Limited Current account","PAYROLL","","2250","E104B","","TO NEIL MC MAHON","2250","NONE","AUTHORISED","cec86342-38f7-4af2-8b8a-ac8f228c25ba"
"2022-05-25","SPEND","ULearn Limited Current account","PAYROLL","","2250","E104B","","TO DIANA GUTIERREZ MA","2250","NONE","AUTHORISED","8e3c65d6-a599-41a7-94e1-310b467dc695"
"2022-05-25","SPEND","ULearn Limited Current account","PAYROLL","","2250","E104B","","TO PAUL GILL","2250","NONE","AUTHORISED","b9e6daa9-902b-4de9-b959-f46e8de9c1a6"
"2022-05-25","RECEIVE","ULearn Limited Current account","ULearn-Student","","380","100","","BILLATO ANDREA COU SP","380","NONE","AUTHORISED","02a63d30-531e-4a12-a277-991972a65f06"
"2022-05-26","RECEIVE","ULearn Limited Current account","ULearn-Student","","2484","100","","PMNT X2 STUDENTS SP","2484","NONE","AUTHORISED","443291c1-6c1b-4201-b4a9-01cd359c6e69"
"2022-05-25","RECEIVE","ULearn Limited Current account","Apartment Capel","","3226.39","101","","32 Capel SP","3226.39","NONE","AUTHORISED","5e29a998-56d4-4969-9385-b629c185f549"
"2022-05-27","RECEIVE","ULearn Limited Current account","ULearn-Student","","330","100","","ID 18686 SP","330","NONE","AUTHORISED","189bec4b-0a85-4dea-a896-c72fbaac0e54"
"2022-05-30","RECEIVE","ULearn Limited Current account","ULearn-Student","","310","100","","AFTERNOON GENERAL SP","310","NONE","AUTHORISED","3adf9928-2603-45c0-9372-16f5cba86188"
"2022-05-30","RECEIVE","ULearn Limited Current account","ULearn-Student","","105","100","","IP22148047221730Se SP","105","NONE","AUTHORISED","d307ea43-01cc-44b8-9e77-363da1d227e2"
"2022-05-30","RECEIVE","ULearn Limited Current account","ULearn-Student","","440","100","","1/EDUCACION INTERN GP","440","NONE","AUTHORISED","69f987ca-7c4c-46d2-8fd0-4a65ae817fef"
"2022-05-31","RECEIVE","ULearn Limited Current account","ULearn-Student","","305","100","","Student ID 24362 I SP","305","NONE","AUTHORISED","a1c17f5d-abe9-4c6e-9292-9409bc1f4f81"
"2022-05-31","RECEIVE","ULearn Limited Current account","ULearn-Student","","3043","100","","24084 Bozo DUBLIN2 SP","3043","NONE","AUTHORISED","5e919419-9e19-496a-ad00-fc99b433c775"
"2022-05-26","SPEND","ULearn Limited Current account","TradingView","","28.15","B106","","P2505US 29.95@0.82170","28.15","NONE","AUTHORISED","6b3eac72-3ded-4ec7-9428-f93ce3fbd0d0"
"2022-05-26","SPEND","ULearn Limited Current account","FBD INSURANCE SEPA - DD","","638.7","B120","","POS17FEB FBD INSURANC","638.7","NONE","AUTHORISED","b6db38e3-3db2-4dcf-8464-bb989a59d533"
"2022-05-26","SPEND","ULearn Limited Current account","Bank Charges","","0.56","B127","","NEPOSCHGUSD 000000.24","0.56","NONE","AUTHORISED","bc834ea7-afed-4a5d-8f46-58992c7b9722"
"2022-05-31","SPEND","ULearn Limited Current account","Tesco","","18","B102","","POSC28MAR TESCO STORE","18","NONE","AUTHORISED","de675122-d145-4a07-a626-15011c0ab2b9"
"2022-05-30","SPEND","ULearn Limited Current account","General Expenses","","50","B102","","","50","NONE","AUTHORISED","53719216-6bd6-4ac3-9590-9c15f4062eba"
"2022-05-30","SPEND","ULearn Limited Current account","Tesco","","10.55","B102","","POSC28MAR TESCO STORE","10.55","NONE","AUTHORISED","a1931a4d-f010-48ec-8a57-b19b931f1748"
"2022-05-30","SPEND","ULearn Limited Current account","Storage Worl","","222.75","B102","","POS27APR STORAGE WORL","222.75","NONE","AUTHORISED","a095f26c-ab20-43a2-bc9e-852b128b7528"
"2022-05-30","SPEND","ULearn Limited Current account","CARD - Google","","500","B110","","","500","NONE","AUTHORISED","1623121a-59e2-416d-ad30-af72d337e71d"
"2022-05-30","SPEND","ULearn Limited Current account","Bank Charges","","10","B127","","BOI BOL CHARGE","10","NONE","AUTHORISED","4014e7d9-03ca-4c4c-a5e5-8dc5e65e11ab"
"2022-05-31","SPEND","ULearn Limited Current account","Bank Charges","","17.5","B126","","bank fees","17.5","NONE","AUTHORISED","3dc7f2b1-2197-4bb0-bb43-7cb301945bc5"
"2022-05-26","SPEND","ULearn Limited Current account","Brickworks","","1760","A103","","TO BRICKWORKS OPS","1760","NONE","AUTHORISED","f5fe5449-b0a3-474d-aa50-31a17d5ae411"
"2022-05-17","SPEND","ULearn Limited Current account","Xero Subscription - CARD","IN-3548990","33.57","B106","","ULearn. Monthly Subscription, Standard Price Plan, 17 Apr 2022 to 16 May 2022.","33.57","NONE","AUTHORISED","86860f07-4214-42ea-b688-675a0d2d9163"
"2022-05-18","SPEND","ULearn Limited Current account","Indeed - CARD","60739211","577.73","B110","","april 2022 Sponsored Jobs on Indeed.com","577.73","NONE","AUTHORISED","461e4a62-aeff-48d7-a3a0-89bff9775aab"
"2022-05-20","SPEND","ULearn Limited Current account","Zopim - CARD","INV08531217","13.29","B106","","Chat Basic Subscription
05/20/2022-06/19/2022
Month ","13.29","NONE","AUTHORISED","7636046b-22c9-45cd-ae5d-575bbaa7439a"
"2022-06-01","SPEND","ULearn Limited Current account","Dublin Bus","","390","A104","","POS30MAR BUS ATHA CLI","390","NONE","AUTHORISED","b7c2516f-1d66-4c2f-b898-78bbc352f984"
"2022-06-01","SPEND","ULearn Limited Current account","Tesco","","42.6","B115","","POSC28MAR TESCO STORE","42.6","NONE","AUTHORISED","038a171b-c46e-4238-b60d-9eeedee90818"
"2022-06-01","SPEND","ULearn Limited Current account","Tesco","","5.8","B115","","POSC28MAR TESCO STORE","5.8","NONE","AUTHORISED","470fce61-2a77-4077-9972-d2606c6300ba"
"2022-06-01","RECEIVE","ULearn Limited Current account","WAACC","","6250","101","","WAACC 13 SP","6250","NONE","AUTHORISED","380600d8-03bc-46f5-a562-284585f063ee"
"2022-06-01","RECEIVE","ULearn Limited Current account","Blackhall Green - Apartment","","3200","101","","RENT JUNE SP","3200","NONE","AUTHORISED","4fe1524c-4e8d-4e68-8d75-ccfec628871b"
"2022-06-01","RECEIVE","ULearn Limited Current account","ULearn-Student","","1157","100","","invoice P2022361 I SP","1157","NONE","AUTHORISED","2a9da778-adbd-442b-a71d-e8af21627ccf"
"2022-06-01","RECEIVE","ULearn Limited Current account","ULearn-Student","","520","100","","Student ID 24401in SP","520","NONE","AUTHORISED","6b11c858-970f-4538-a701-3ad45f310db1"
"2022-06-02","RECEIVE","ULearn Limited Current account","ULearn-Student","","1055","100","","student ID 24415 SP","1055","NONE","AUTHORISED","dc378520-c856-48ab-b7b9-aec04f9d11ac"
"2022-06-02","RECEIVE","ULearn Limited Current account","ULearn-Student","","520","100","","ZZ1C02NELYKD9JDQHP SP","520","NONE","AUTHORISED","acab4f68-e8e3-4f2f-9e29-3908cb64a637"
"2022-06-02","RECEIVE","ULearn Limited Current account","ULearn-Student","","920","100","","24409 STUDENT ID SP","920","NONE","AUTHORISED","b78e84f7-7368-4e48-9ebe-e6abe8dc3a2d"
"2022-06-02","RECEIVE","ULearn Limited Current account","ULearn-Student","","690","100","","23935 MARTIN JIMEN SP","690","NONE","AUTHORISED","79160cde-89f9-423e-baad-d8ce2f5e9c33"
"2022-06-03","RECEIVE","ULearn Limited Current account","ULearn-Student","","952","100","","Marcia Micaela Her SP","952","NONE","AUTHORISED","1adc848f-c83b-4ce1-a2f9-119463e36d76"
"2022-06-02","SPEND","ULearn Limited Current account","SOFTWARE","","5.8","B106","","P0106US 6.15@0.82439","5.8","NONE","AUTHORISED","4381c295-4b0e-4f00-87ba-1a6a841a3c4e"
"2022-06-01","SPEND","ULearn Limited Current account","Indeed - CARD","62490498","587.5","B110","","May 2022 Sponsored Jobs on Indeed.com","587.5","NONE","AUTHORISED","b315e1bf-1ac8-488d-a6d1-31574fbbc045"
"2022-06-02","SPEND","ULearn Limited Current account","CARD - Google","","49.2","B110","","","49.2","NONE","AUTHORISED","ebdb26f0-a642-441e-8a54-41ed88315196"
"2022-06-02","SPEND","ULearn Limited Current account","CARD - Google","","500","B110","","","500","NONE","AUTHORISED","63dadc41-69d3-4b0f-9f83-ef6c23dd8f47"
"2022-06-03","SPEND","ULearn Limited Current account","Bank Charges","","0.4","B127","","NEPOSCHGUSD 000000.33","0.4","NONE","AUTHORISED","b823dc79-65fb-4ae4-a85a-e6c43c3f6ea9"
"2022-06-03","SPEND","ULearn Limited Current account","Bank Charges","","9","B127","","NEPOSCHGUSD 000000.02","9","NONE","AUTHORISED","7667e15b-6400-42d9-80a5-e54c07d631e0"
"2022-06-03","SPEND","ULearn Limited Current account","FREE NOW","A94YY84","20","A104","","Student transport","20","NONE","AUTHORISED","6839a6e4-599c-4199-91d8-a847e5facd4c"
"2022-06-07","SPEND","ULearn Limited Current account","ZOOM","","51.6","B106","","POS04MAR ZOOM.US 888-","51.6","NONE","AUTHORISED","7eaa64ad-2d55-4af4-8c2c-937ad7f8b8e8"
"2022-06-07","SPEND","ULearn Limited Current account","LETSHOST","","40.6","B106","","POS16JUN LETSHOST.IE","40.6","NONE","AUTHORISED","12d11c27-1c2f-46a6-8523-756993631b7d"
"2022-06-07","SPEND","ULearn Limited Current account","Tesco","","62","B115","","POS20APR TESCO STORES","62","NONE","AUTHORISED","455731d9-ac4b-4cea-b464-61c9dd2190de"
"2022-06-07","SPEND","ULearn Limited Current account","CARD - Google","","500","B110","","","500","NONE","AUTHORISED","81178980-a095-4dcd-8979-07f5ce6417ff"
"2022-06-07","SPEND","ULearn Limited Current account","Tesco","","12.6","B115","","POSC28MAR TESCO STORE","12.6","NONE","AUTHORISED","aa59415e-3452-4c4b-a148-a7ed5d045dd3"
"2022-06-07","SPEND","ULearn Limited Current account","Bank Charges","","0.6","B127","","NEPOSCHGUSD 000000.24","0.6","NONE","AUTHORISED","98efd9e9-403f-4670-b7b8-d13d8252bc96"
"2022-06-07","RECEIVE","ULearn Limited Current account","ULearn-Student","","180","100","","INVOICE NUMBER P20 SP","180","NONE","AUTHORISED","1a0f4cf0-1690-4369-b0e4-c707ee0bd5f4"
"2022-06-08","RECEIVE","ULearn Limited Current account","ULearn-Student","","6066.7","100","","ZZ1C02NELYKD9JDQHP SP","6066.7","NONE","AUTHORISED","51fb9702-fb0d-40b8-8dba-2d177c85b2b6"
"2022-06-09","SPEND","ULearn Limited Current account","Audible - CARD","","9.4","B121","","P0806GB 7.99@1.16395","9.4","NONE","AUTHORISED","d0ce5e26-7b63-43a7-a4b3-13211cfa6694"
"2022-06-09","SPEND","ULearn Limited Current account","Bank Charges","","0.2","B127","","NEPOSCHGGBP 000000.19","0.2","NONE","AUTHORISED","8a08a358-1cb8-4f13-93fd-9b6bc08be3f4"
"2022-06-09","RECEIVE","ULearn Limited Current account","ULearn-Student","","194","100","","P2021122 - Student SP","194","NONE","AUTHORISED","2e5b5c47-a93c-457c-9e06-5863f52d4a7f"
"2022-06-10","SPEND","ULearn Limited Current account","General Expenses","","308.3","B125","","P2504US245.99@0.93499","308.3","NONE","AUTHORISED","45a0484d-dbf0-42e8-95a5-a9fa0a1d14e4"
"2022-06-10","SPEND","ULearn Limited Current account","LETSHOST","","40.6","B106","","POS16JUN LETSHOST.IE","40.6","NONE","AUTHORISED","c497682c-1c74-4057-945d-4797bf2a3523"
"2022-06-10","SPEND","ULearn Limited Current account","Bank Charges","","0.2","B127","","NEPOSCHGUSD 000000.11","0.2","NONE","AUTHORISED","1a65e29b-1808-4af8-b084-68442c894637"
"2022-06-10","SPEND","ULearn Limited Current account","Bank Charges","","6.2","B127","","NEPOSCHGUSD 000000.33","6.2","NONE","AUTHORISED","5ac40dbc-f7af-4b86-89a8-0eabe927c2f5"
"2022-06-06","SPEND","ULearn Limited Current account","FREE NOW","6RX1I1","23","A104","","Student transfer / transport","23","NONE","AUTHORISED","4fb304f3-09fc-44b9-8fdb-a465c6347f54"
"2022-06-13","SPEND","ULearn Limited Current account","Office Depot","","104","B102","","P1002MX 2965@0.04292","104","NONE","AUTHORISED","31f51d52-102c-4008-8aae-c24cddee2172"
"2022-06-13","SPEND","ULearn Limited Current account","SOFTWARE","","114.6","B106","","P0709MX134.00@0.04253","114.6","NONE","AUTHORISED","94137ec9-ebdd-45f5-8811-71429f4ed5a1"
"2022-06-13","SPEND","ULearn Limited Current account","PAYPAL EUROPE","","77.2","B125","","POS10JUN PAYPAL *HMA","77.2","NONE","AUTHORISED","0d789b33-8ee3-4751-85f7-43d2f9fed81a"
"2022-06-13","SPEND","ULearn Limited Current account","Zoho","","26.9","B106","","POS11JUN ZOHO-PEOPLE","26.9","NONE","AUTHORISED","30effafc-7da4-4cca-b9b0-a08e583d0940"
"2022-06-13","SPEND","ULearn Limited Current account","Dublin Bus","","32","A104","","POS30MAR BUS ATHA CLI","32","NONE","AUTHORISED","c67ccc96-7317-47cb-b0f6-efcdddb23424"
"2022-06-13","SPEND","ULearn Limited Current account","FREE NOW","","22","A104","","Student transport","22","NONE","AUTHORISED","b266731a-2e21-4da0-b366-bd39a8ccfca7"
"2022-06-13","SPEND","ULearn Limited Current account","Bank Charges","","2.1","B127","","NEPOSCHGMXN 000000.11","2.1","NONE","AUTHORISED","d63004a8-adbd-49b5-ab6e-01901dc03314"
"2022-06-13","SPEND","ULearn Limited Current account","Bank Charges","","2.3","B127","","NEPOSCHGMXN 000001.29","2.3","NONE","AUTHORISED","89347c93-3112-42af-a18e-775dbd1f6768"
"2022-06-13","RECEIVE","ULearn Limited Current account","ULearn-Student","","194","100","","ZZ1C02NELYKD9JDQHP SP","194","NONE","AUTHORISED","b07a4621-a147-4a3e-94b9-36275a7c0f8e"
"2022-06-13","RECEIVE","ULearn Limited Current account","ULearn-Student","","1200","100","","Student ID 24401in SP","1200","NONE","AUTHORISED","1d3e2596-1847-4b61-a2b6-b4967d6f868a"
"2022-06-14","SPEND","ULearn Limited Current account","General Expenses","","279.4","B125","","P2404MX 4998@0.04614","279.4","NONE","AUTHORISED","28b3cd4d-1024-4875-abd3-3b9ef15f3d02"
"2022-06-14","SPEND","ULearn Limited Current account","Bank Charges","","5.6","B127","","NEPOSCHGMXN 000000.59","5.6","NONE","AUTHORISED","1f8239bd-ce7a-477d-9000-5067c021b04a"
"2022-06-14","RECEIVE","ULearn Limited Current account","ULearn-Student","","500","100","","24409 STUDENT ID SP","500","NONE","AUTHORISED","e0289385-1852-4534-b36c-80c36efbfd0b"
"2022-06-14","RECEIVE","ULearn Limited Current account","ULearn-Student","","4125","100","","ZZ1C02NELYKD9JDQHP SP","4125","NONE","AUTHORISED","a1d8bc91-817f-436f-ad09-f57fa3a4bf49"
"2022-06-14","RECEIVE","ULearn Limited Current account","ULearn-Student","","190","100","","17446 SP","190","NONE","AUTHORISED","319e9ecc-7e6c-487f-a4f1-6eb9928bdd7c"
"2022-06-14","RECEIVE","ULearn Limited Current account","ULearn-Student","","5515","100","","Student ID: 23668 SP","5515","NONE","AUTHORISED","69f9eba7-3fcb-4062-a189-a7830dcbaeeb"
"2022-06-15","SPEND","ULearn Limited Current account","CARD - Google","","500","B110","","","500","NONE","AUTHORISED","bee8a39f-dde3-41c9-a6f5-c207637e4ce6"
"2022-06-19","SPEND","ULearn Limited Current account","FREE NOW","6UJ3I6","28","A104","","Student Transport","28","NONE","AUTHORISED","ec52a547-ed38-4aaf-9d57-4a8fa6c95794"
"2022-06-20","SPEND","ULearn Limited Current account","Bank Charges","","1.7","B127","","NEPOSCHGMXN 000000.11","1.7","NONE","AUTHORISED","51f34471-d9ff-4794-a0ff-05bb479b4521"
"2022-06-20","SPEND","ULearn Limited Current account","Bank Charges","","0.2","B127","","NEPOSCHGGBP 000000.19","0.2","NONE","AUTHORISED","69c6a3ad-321c-4eb7-b973-673f8d11f107"
"2022-06-20","SPEND","ULearn Limited Current account","Bank Charges","","0.7","B127","","NEPOSCHGUSD 000000.33","0.7","NONE","AUTHORISED","1ce82c2e-6c7e-4d4c-8252-ab228fb6383d"
"2022-06-22","SPEND","ULearn Limited Current account","Starbucks","","24.1","B115","","Client meeting","24.1","NONE","AUTHORISED","63137db2-7aa7-4f2c-8a72-50a71cc221fc"
"2022-06-21","RECEIVE","ULearn Limited Current account","ULearn-Student","","760","100","","Student ID: 23668 SP","760","NONE","AUTHORISED","e1b6b685-95fa-48b4-a264-954ad1a4f944"
"2022-06-21","RECEIVE","ULearn Limited Current account","ULearn-Student","","1542","100","","24409 STUDENT ID SP","1542","NONE","AUTHORISED","23cefa5b-6ee4-485f-b868-cca3e638d78d"
"2022-06-22","SPEND","ULearn Limited Current account","ADOBE","","30.7","B106","","POS21MAR ADOBE CREATI","30.7","NONE","AUTHORISED","caa94eac-552f-4543-b354-45e367b354a1"
"2022-06-22","SPEND","ULearn Limited Current account","Bank Charges","","0.5","B127","","NEPOSCHGMXN 000000.11","0.5","NONE","AUTHORISED","3c1beb23-3e66-42f1-993e-0bc7fa8c303c"
"2022-06-24","SPEND","ULearn Limited Current account","Bank Charges","","62.9","B127","","NOTIFIED FEES","62.9","NONE","AUTHORISED","834c58fd-ec42-4be9-b94c-88482889e993"
"2022-06-24","RECEIVE","ULearn Limited Current account","ULearn-Student","","4563","100","","PMNT X2 STUDENTS SP","4563","NONE","AUTHORISED","64616017-0f1e-4cf4-afad-60798b4d5338"
"2022-06-27","SPEND","ULearn Limited Current account","TradingView","","28.5","B106","","P2506US 29.95@0.83873","28.5","NONE","AUTHORISED","2a15bbbb-eb7e-402e-bcf4-a52e0ac9ad88"
"2022-06-25","SPEND","ULearn Limited Current account","FREE NOW","6VX533","19","A104","","Student transfer / transport","19","NONE","AUTHORISED","ac455371-e634-44c9-818d-32167d838d14"
"2022-06-25","SPEND","ULearn Limited Current account","FREE NOW","6VZOMI","21","A104","","Student transfer / transport","21","NONE","AUTHORISED","c80b693e-ce9c-4335-b642-aab530e0404d"
"2022-06-27","SPEND","ULearn Limited Current account","Bank Charges","","2.2","B127","","NEPOSCHGMXN 000001.29","2.2","NONE","AUTHORISED","5a480fc9-d954-4196-9703-782f03cc1e40"
"2022-06-27","SPEND","ULearn Limited Current account","Bank Charges","","0.6","B127","","NEPOSCHGUSD 000000.33","0.6","NONE","AUTHORISED","affeaaae-a749-4d03-adfa-1c5aba87cd32"
"2022-06-27","SPEND","ULearn Limited Current account","Bank Charges","","1.8","B127","","NEPOSCHGMXN 000001.29","1.8","NONE","AUTHORISED","18b71dfe-22fd-4542-aba6-6096cf7d7a23"
"2022-06-28","SPEND","ULearn Limited Current account","Storage Worl","","222.8","B102","","POS27APR STORAGE WORL","222.8","NONE","AUTHORISED","a8ffe98b-5838-47d1-97c6-e54804e96ad7"
"2022-06-28","SPEND","ULearn Limited Current account","CARD - Google","","500","B110","","","500","NONE","AUTHORISED","7e165ed4-daa3-49a3-bdda-368cf20a2996"
"2022-06-28","SPEND","ULearn Limited Current account","Bank Charges","","0.5","B127","","NEPOSCHGMXN 000000.55","0.5","NONE","AUTHORISED","d6f5a8bd-5f20-4bd3-b23f-c6bcc33c3954"
"2022-06-29","SPEND","ULearn Limited Current account","PAYROLL","","2250","E104B","","TO NEIL MC MAHON","2250","NONE","AUTHORISED","01c640d4-c0b3-4300-a235-f3cd7b378627"
"2022-06-29","SPEND","ULearn Limited Current account","PAYROLL","","2250","E104B","","TO PAUL GILL","2250","NONE","AUTHORISED","001cd550-1fa7-4b1a-b03a-118cd660e2c8"
"2022-06-29","SPEND","ULearn Limited Current account","PAYROLL","","2250","E104B","","TO DIANA GUTIERREZ MA","2250","NONE","AUTHORISED","e430e5c8-6199-48a4-b1d4-3c08c079e9c7"
"2022-06-29","SPEND","ULearn Limited Current account","Bank Charges","","0.5","B127","","NEPOSCHGMXN 000000.50","0.5","NONE","AUTHORISED","d645045e-d0c5-4144-a8d0-e552a9a1297d"
"2022-06-03","SPEND","ULearn Limited Current account","SOFTWARE","","18.6","B106","","P2505US 29.95@0.82170","18.6","NONE","AUTHORISED","38a31b35-6101-4600-bc1e-20f70c60d60b"
"2022-06-07","SPEND","ULearn Limited Current account","TradingView","","28","B106","","P0406US 29.95@0.82537","28","NONE","AUTHORISED","a1ee446c-e091-4981-8961-4596af440c3e"
"2022-06-03","SPEND","ULearn Limited Current account","PAYPAL EUROPE","","19.6","B102","","POS02JUN PAYPAL *DIGI","19.6","NONE","AUTHORISED","ffc58b7b-4604-4f24-a7e3-3491af1c92fa"
"2022-06-15","RECEIVE","ULearn Limited Current account","ULearn-Student","","20","100","","363387089LEITE MEL SP","20","NONE","AUTHORISED","e9e0aad2-428a-4aaf-a6c3-354fa9e348ba"
"2022-06-09","RECEIVE","ULearn Limited Current account","ULearn-Student","","104","100","","SCHOOL ULEARN SP","104","NONE","AUTHORISED","b5383760-3520-4719-8e78-ea792e46b4f2"
"2022-06-07","RECEIVE","ULearn Limited Current account","ULearn-Student","","190","100","","EVA CRIS FRANCISCO SP","190","NONE","AUTHORISED","f8a39bfe-80b5-462e-b069-f8eb821dd7b5"
"2022-06-21","RECEIVE","ULearn Limited Current account","ULearn-Student","","225","100","","Payement one week SP","225","NONE","AUTHORISED","e7a17091-0b4e-40c5-ba57-b1d75d6ce430"
"2022-06-15","RECEIVE","ULearn Limited Current account","ULearn-Student","","230","100","","ZAVETTIERI ROSETTA SP","230","NONE","AUTHORISED","c7b34248-840d-4d8a-b48b-5f01ed120575"
"2022-06-23","RECEIVE","ULearn Limited Current account","ULearn-Student","","230","100","","ENGLISH COURSE DIE SP","230","NONE","AUTHORISED","9a294451-968b-46b8-af3d-d8c77b5759cc"
"2022-06-29","RECEIVE","ULearn Limited Current account","ULearn-Student","","260","100","","StuID 24469 InvNum SP","260","NONE","AUTHORISED","bd518a4b-b2e6-424f-aeb2-0f791ebfccd6"
"2022-06-22","RECEIVE","ULearn Limited Current account","ULearn-Student","","290","100","","24457 24457 SP","290","NONE","AUTHORISED","2fc233f1-261b-4cdd-baa9-5f2ef25075fd"
"2022-06-23","RECEIVE","ULearn Limited Current account","ULearn-Student","","300","100","","ADEL BANGOLIENGLIS SP","300","NONE","AUTHORISED","92d82dc1-49a1-49c2-97d8-0d45df597e27"
"2022-06-15","RECEIVE","ULearn Limited Current account","ULearn-Student","","305","100","","Registration. STU SP","305","NONE","AUTHORISED","8326efcf-c8f2-4e89-b01a-3ca89efab3c7"
"2022-06-29","RECEIVE","ULearn Limited Current account","ULearn-Student","","330","100","","ID Student 24497 i SP","330","NONE","AUTHORISED","58e5b35b-e2a2-4561-b6a5-b6cc147406d8"
"2022-06-09","RECEIVE","ULearn Limited Current account","ULearn-Student","","400","100","","CLARA FC STUDENT I SP","400","NONE","AUTHORISED","d3ac9c1c-a2be-442a-98b5-72590aa8c744"
"2022-06-07","RECEIVE","ULearn Limited Current account","ULearn-Student","","680","100","","corso di lingua al SP","680","NONE","AUTHORISED","e02cacda-f2f4-4fd3-b358-c00a8e71529f"
"2022-06-09","RECEIVE","ULearn Limited Current account","ULearn-Student","","782","100","","REGISTRATIONMONTSE SP","782","NONE","AUTHORISED","f3d8c9a3-e545-4fc3-95b7-102fee4b38ff"
"2022-06-28","RECEIVE","ULearn Limited Current account","ULearn-Student","","807.3","100","","Nichiai LtdKana Is SP","807.3","NONE","AUTHORISED","7e114bf3-fa2b-4541-b801-20ecfafb9b9b"
"2022-06-20","RECEIVE","ULearn Limited Current account","ULearn-Student","","857.5","100","","INV P2022403 APREN SP","857.5","NONE","AUTHORISED","f55329ee-61fc-46fc-9dd0-1dca220a8d8e"
"2022-06-20","RECEIVE","ULearn Limited Current account","ULearn-Student","","862","100","","D202231 SP","862","NONE","AUTHORISED","591c9813-ae55-421c-8bb9-c9814b7b283f"
"2022-06-16","RECEIVE","ULearn Limited Current account","ULearn-Student","","875","100","","STUDENY ID : 24443 SP","875","NONE","AUTHORISED","72a2068f-f228-4f6f-b495-5e281f2847bc"
"2022-06-23","RECEIVE","ULearn Limited Current account","ULearn-Student","","905","100","","1ID:24498 SP","905","NONE","AUTHORISED","406861ad-9c46-4bb5-8c98-cff144d95f9d"
"2022-06-17","RECEIVE","ULearn Limited Current account","ULearn-Student","","910","100","","INV P2022402 APREN SP","910","NONE","AUTHORISED","11ed423b-2000-4559-8152-0533b645af07"
"2022-06-10","RECEIVE","ULearn Limited Current account","ULearn-Student","","945","100","","1/JUAN CARLOS MONT GP","945","NONE","AUTHORISED","5d167a9c-b911-44c2-bb83-8c672203444f"
"2022-06-08","RECEIVE","ULearn Limited Current account","ULearn-Student","","994","100","","STUDENTE 24361 LA SP","994","NONE","AUTHORISED","52653c45-3502-490e-9d1e-3f68c0c17dc9"
"2022-06-03","RECEIVE","ULearn Limited Current account","ULearn-Student","","1000","100","","Payment Galeazzi F SP","1000","NONE","AUTHORISED","c86a69f1-8517-4fc7-9550-2e0414cffb84"
"2022-06-15","RECEIVE","ULearn Limited Current account","ULearn-Student","","1000","100","","363386981LEITE MEL SP","1000","NONE","AUTHORISED","a5909da8-b0a5-451c-98d5-fb5d748ca9a3"
"2022-06-20","RECEIVE","ULearn Limited Current account","ULearn-Student","","1164","100","","1/EDUCACION INTERN GP","1164","NONE","AUTHORISED","4bdb4509-01cf-4304-b736-924a3eee41dc"
"2022-06-08","RECEIVE","ULearn Limited Current account","ULearn-Student","","1302","100","","Curso Nestor Ruben SP","1302","NONE","AUTHORISED","98472701-b8c2-428e-92a7-cffe28ae40b9"
"2022-06-16","RECEIVE","ULearn Limited Current account","ULearn-Student","","1360","100","","Pago factura de : SP","1360","NONE","AUTHORISED","366b0d4a-83be-4724-9dbb-8ff2d72f119e"
"2022-06-23","RECEIVE","ULearn Limited Current account","ULearn-Student","","1600","100","","ULearn LimitedRogg SP","1600","NONE","AUTHORISED","2b1af5c7-2901-404a-9b96-a12a573b8e02"
"2022-06-28","RECEIVE","ULearn Limited Current account","ULearn-Student","","2000","100","","30172 STUDENTID24562","2000","NONE","AUTHORISED","69f3c975-de39-45da-8361-57ed0e4fdf7e"
"2022-06-24","RECEIVE","ULearn Limited Current account","ULearn-Student","","2120","100","","ILSE SP","2120","NONE","AUTHORISED","1389fe7d-3224-4ee6-9833-d5cb46ceac7d"
"2022-06-13","RECEIVE","ULearn Limited Current account","ULearn-Student","","2791.3","100","","BOLDBAATAR SP","2791.3","NONE","AUTHORISED","35a8f70a-df3c-45a7-9dbc-a0415094d82e"
"2022-06-24","RECEIVE","ULearn Limited Current account","ULearn-Student","","3339","100","","24040 RADENAC - 24 SP","3339","NONE","AUTHORISED","4e457c25-e7cf-4929-b245-dc6b08e7f676"
"2022-06-27","RECEIVE","ULearn Limited Current account","ULearn-Student","","3345","100","","PMNT X2 STUDENTS SP","3345","NONE","AUTHORISED","48c701c6-56c5-4be8-82f1-faac40d15d95"
"2022-06-29","RECEIVE","ULearn Limited Current account","ULearn-Student","","4059","100","","KODAI YORIFUJI GP","4059","NONE","AUTHORISED","51881dfe-0faf-41ed-bb97-75d21ee419cf"
"2022-06-20","RECEIVE","ULearn Limited Current account","ULearn-Student","","4750","100","","M. GASTE MATTHIAS SP","4750","NONE","AUTHORISED","69893f0f-d0f2-4775-99a8-51da1b724871"
"2022-06-30","RECEIVE","ULearn Limited Current account","ULearn-Student","","4853.3","100","","23886 Zimmermann - SP","4853.3","NONE","AUTHORISED","38d259bb-89bd-4bf6-af92-fd3b0b79c77c"
"2022-06-29","RECEIVE","ULearn Limited Current account","ULearn-Student","","4908.5","100","","23973 Laurianne Ja SP","4908.5","NONE","AUTHORISED","fb5b4ec7-bc7e-4e23-a1c0-1f056ea13568"
"2022-06-21","RECEIVE","ULearn Limited Current account","ULearn-Student","","5980","100","","FERNANDEZ RUIZ PED SP","5980","NONE","AUTHORISED","3b8595bd-1c81-44cb-94a2-1de63d787602"
"2022-06-20","RECEIVE","ULearn Limited Current account","PAYROLL","","390","E104B","","285F4206A8C24AC987CTO","390","NONE","AUTHORISED","62dc62d1-0084-475c-87f5-bb1c873cc74d"
"2022-06-03","SPEND","ULearn Limited Current account","Zoho","","36.9","B106","","POS03JUN ZOHO-ZOHO CO","36.9","NONE","AUTHORISED","dcdd9b62-4ad0-46c2-86db-ed1bc01e8e2b"
"2022-06-02","SPEND","ULearn Limited Current account","Bank Charges","","0.1","B127","","NEPOSCHGUSD 000000.12","0.1","NONE","AUTHORISED","35ee3257-61f3-40fe-82dc-d268c982879a"
"2022-06-07","SPEND","ULearn Limited Current account","Argos","","80","B102","","POS06JUN ARGOS ILAC C","80","NONE","AUTHORISED","a3fc2ee5-4b5d-4546-a574-756dd2b9e1a7"
"2022-06-09","SPEND","ULearn Limited Current account","Noel Hancock","","130","A104","","POS07JUN PAYPAL *NOEL","130","NONE","AUTHORISED","23e85e1f-f75a-4cd6-bee2-f7eaeafa2a91"
"2022-06-10","SPEND","ULearn Limited Current account","SOFTWARE","","9.5","B106","","P0906US 10.04@0.94223","9.5","NONE","AUTHORISED","6eb0ac72-3bfa-4f91-80d2-4cbd0f2c66c5"
"2022-06-10","SPEND","ULearn Limited Current account","PAYPAL EUROPE","","15","B102","","POS08JUN PAYPAL *DIRI","15","NONE","AUTHORISED","7f1d31d1-1042-4e6b-9d50-a8cc1e9a10f0"
"2022-06-10","SPEND","ULearn Limited Current account","Vodafone","","20","B104","","POS09JUN VESTA *VODA","20","NONE","AUTHORISED","ae1fd828-afdf-4c70-90c8-8891c6dc20af"
"2022-06-10","SPEND","ULearn Limited Current account","CARD - Google","","500","B110","","POS09JUN GOOGLE *ADS1","500","NONE","AUTHORISED","252017d4-0f12-4569-846f-c75b16c428f7"
"2022-06-15","SPEND","ULearn Limited Current account","PAYPAL EUROPE","","1","B102","","POS14JUN PAYPAL *RENT","1","NONE","AUTHORISED","45093eaf-1d39-4858-a7bd-753a0984229e"
"2022-06-16","SPEND","ULearn Limited Current account","TradingView","","12.5","B106","","P1506GI 12.95@0.96525","12.5","NONE","AUTHORISED","90c112fd-2d02-4e75-ad17-c91866960556"
"2022-06-16","SPEND","ULearn Limited Current account","Bank Charges","","0.3","B127","","NEPOSCHGUSD 000000.25","0.3","NONE","AUTHORISED","1625b17a-1dcf-486c-ad22-644fcf2a1856"
"2022-06-16","SPEND","ULearn Limited Current account","Tesco","","22.6","A109B","","POSC15JUN TESCO STORE","22.6","NONE","AUTHORISED","43376049-5ad6-4a19-b5dc-eb1a7cb846c4"
"2022-06-16","RECEIVE","ULearn Limited Current account","ULearn-Student","","63","100","","Pago de envio de d SP","63","NONE","AUTHORISED","40a2cd80-aaa8-41d1-9183-1f8bfde9cc64"
"2022-06-17","SPEND","ULearn Limited Current account","GoDaddy.com, LLC - CARD","","12.3","B106","","POS15JUN DNH*GO DADDY","12.3","NONE","AUTHORISED","6079357b-e6ea-4649-a2cb-a0d7fc58ddf4"
"2022-06-17","SPEND","ULearn Limited Current account","PAYPAL EUROPE","","30","B102","","POS16JUN PAYPAL *CYAT","30","NONE","AUTHORISED","cb24df72-4dd4-4b14-9949-1d5a7d354823"
"2022-06-17","SPEND","ULearn Limited Current account","Tesco","","15.5","B102","","POSC16JUN TESCO STORE","15.5","NONE","AUTHORISED","fe929b6f-5b7a-460f-9fee-a5d6a13cb629"
"2022-06-20","SPEND","ULearn Limited Current account","PAYROLL","","10803.4","E104B","","CONTRA CTO","10803.4","NONE","AUTHORISED","586e42d5-115f-45b7-89e1-fac2f0af0590"
"2022-06-22","SPEND","ULearn Limited Current account","Xero Subscription - CARD","IN-3617090","33.52","B106","","ULearn. Monthly Subscription, Standard Price Plan, 17 May 2022 to 16 Jun 2022","33.52","NONE","AUTHORISED","2f603c0e-6699-492e-977f-572cf1cb87ab"
"2022-06-20","SPEND","ULearn Limited Current account","Noel Hancock","","120","A104","","POS17JUN PAYPAL *NOEL","120","NONE","AUTHORISED","89f502ec-5677-4288-9517-6c64d9079a2d"
"2022-06-20","SPEND","ULearn Limited Current account","CARD - Google","","500","B110","","POS19JUN GOOGLE *ADS1","500","NONE","AUTHORISED","3a68b118-10c5-4247-81f7-827ca194a5fa"
"2022-06-20","SPEND","ULearn Limited Current account","Spar","","465","A109B","","POS18JUN SPAR O CONNE","465","NONE","AUTHORISED","76ff63ce-aaa7-4683-bd01-b64680dbb4c2"
"2022-06-20","SPEND","ULearn Limited Current account","Tesco","","4.4","B102","","POSC17JUN TESCO STORE","4.4","NONE","AUTHORISED","98343bfe-7f94-4be7-affd-8098b09b1e1a"
"2022-06-20","SPEND","ULearn Limited Current account","Dunnes Stores","","7.5","B102","","POSC17JUN DUNNES ST.","7.5","NONE","AUTHORISED","547c59f5-1bf7-459e-9119-98e58f0c18a2"
"2022-06-20","SPEND","ULearn Limited Current account","CARD - Google","","9.99","B110","","POS19JUN Google Payme","9.99","NONE","AUTHORISED","e860efd5-26dd-414b-bcc6-37b59939e96b"
"2022-06-20","SPEND","ULearn Limited Current account","MYUS","","163.46","B102","","POS17JUN MYUS.COM","163.46","NONE","AUTHORISED","110cab8b-5eea-44b1-8b46-fc7530549f47"
"2022-06-20","SPEND","ULearn Limited Current account","GoDaddy.com, LLC - CARD","","12.29","B106","","POS16JUN DNH*GO DADDY","12.29","NONE","AUTHORISED","3df97877-8cf5-4d9e-aa99-09a6e74d6f51"
"2022-06-20","SPEND","ULearn Limited Current account","Audible - CARD","","9.39","B121","","P1906GB 7.99@1.17521","9.39","NONE","AUTHORISED","4b98e4ab-cddc-45cd-9e10-096e6c188245"
"2022-06-20","SPEND","ULearn Limited Current account","Home Depot","","84.14","A101","","P1806MX 1782@0.04719","84.14","NONE","AUTHORISED","e01dee26-4e42-4790-8f6b-6521241b58b6"
"2022-06-21","SPEND","ULearn Limited Current account","Hubspot","","296.25","B106","","POS21JUN A2WEBHOST* I","296.25","NONE","AUTHORISED","1ba71a60-58d7-4ee0-a7f0-319e8c08bb79"
"2022-06-22","SPEND","ULearn Limited Current account","PAYPAL EUROPE","","39","B102","","POS21JUN PAYPAL *RENT","39","NONE","AUTHORISED","59fdd0a5-df94-4d2f-a9c4-db80a582a8b9"
"2022-06-22","SPEND","ULearn Limited Current account","Tesco","","11","B102","","POSC21JUN TESCO STORE","11","NONE","AUTHORISED","0278cd1b-03c0-4c61-9324-da7970a673cb"
"2022-06-22","SPEND","ULearn Limited Current account","Albany Supplies","","334.23","B116","","POS21JUN WWW.ALBANYSU","334.23","NONE","AUTHORISED","99704bd1-b1e9-414d-aec6-bf1f04f50a80"
"2022-06-24","SPEND","ULearn Limited Current account","CARD - Google","","500","B110","","POS23JUN GOOGLE *ADS1","500","NONE","AUTHORISED","3b71380f-5348-4e4d-8585-7c7d4b8333ab"
"2022-06-24","SPEND","ULearn Limited Current account","DHL","","53.7","B102","","POSC23JUN SUMUP *DHL","53.7","NONE","AUTHORISED","df4a10d8-8a8b-481e-b37c-7ae87dc4e129"
"2022-06-24","SPEND","ULearn Limited Current account","Curry's PC World","","74.99","B102","","POS23JUN CURRYS IRELA","74.99","NONE","AUTHORISED","21f99ac4-5bbb-496a-a912-2e2d1dd659b0"
"2022-06-24","SPEND","ULearn Limited Current account","Flickr","","7.49","B106","","POS23JUN FLICKR PRO M","7.49","NONE","AUTHORISED","4022003e-eae5-427d-8117-5a086c40763f"
"2022-06-27","SPEND","ULearn Limited Current account","Condor","","400","A104","","POS24JUN CONDOR","400","NONE","AUTHORISED","60e09f66-6191-472a-89d9-15549b9fbb11"
"2022-06-27","SPEND","ULearn Limited Current account","MYUS","","10.09","B102","","POS24JUN MYUS.COM","10.09","NONE","AUTHORISED","5597309f-eb7b-45d2-b5e4-3a1bc7fba7d8"
"2022-06-27","SPEND","ULearn Limited Current account","PAYPAL EUROPE","","14.88","B102","","POS24JUN PAYPAL *DIRI","14.88","NONE","AUTHORISED","705d54a1-16e0-49c3-87f4-f0d28ddb3ef7"
"2022-06-27","SPEND","ULearn Limited Current account","Home Depot","","89.57","A101","","P2506MX 1866@0.04800","89.57","NONE","AUTHORISED","54897e68-f194-41fb-8cc4-486ad562c02b"
"2022-06-27","SPEND","ULearn Limited Current account","Home Depot","","108.72","A101","","P2406MX 2265@0.04800","108.72","NONE","AUTHORISED","1f4ab006-5c81-47bc-a8b1-135f3d00a760"
"2022-06-28","SPEND","ULearn Limited Current account","Bank Charges","","10","B127","","BOI BOL CHARGE","10","NONE","AUTHORISED","905a2368-68a9-4b14-9e58-31146c02aa49"
"2022-06-28","SPEND","ULearn Limited Current account","Aer Lingus","","158","A104","","POS24JUN AERLING","158","NONE","AUTHORISED","4d2618bb-f595-4782-ae33-918a526b28e0"
"2022-06-28","SPEND","ULearn Limited Current account","Office Depot","","25.59","B102","","P2606MX533.00@0.04801","25.59","NONE","AUTHORISED","26c1dbdc-bf51-4247-b731-103714613e86"
"2022-06-29","SPEND","ULearn Limited Current account","Office Depot","","25","B102","","P2706MX522.00@0.04789","25","NONE","AUTHORISED","15ecbf9c-1dce-475d-ada4-c2e4d9d7a0e3"
"2022-06-29","SPEND","ULearn Limited Current account","Tesco","","42","B102","","POSC28JUN TESCO STORE","42","NONE","AUTHORISED","eb14a761-3773-4f13-91fa-16f5f962cb73"
"2022-06-29","SPEND","ULearn Limited Current account","Tesco","","17.5","B102","","POSC28JUN TESCO STORE","17.5","NONE","AUTHORISED","3bb2fb5b-378d-459f-9d6c-42eceb2c97bf"
"2022-06-29","SPEND","ULearn Limited Current account","Tesco","","8.9","B102","","POSC28JUN TESCO STORE","8.9","NONE","AUTHORISED","69cb58af-066d-48cf-894c-445d443030dc"
"2022-06-30","SPEND","ULearn Limited Current account","Noel Hancock","","130","A104","","POS29JUN PAYPAL *NOEL","130","NONE","AUTHORISED","4a4d6d47-98b9-4d77-ad1f-06f0664e7dff"
"2022-06-02","SPEND","ULearn Limited Current account","Google - CARD","4153632986","76.75","B110","","Summary for May 1, 2022 - May 31, 2022","76.75","NONE","AUTHORISED","23ad653d-cd32-4631-936f-cb2a2139640b"
"2022-06-20","SPEND","ULearn Limited Current account","Zopim - CARD","INV08645879","13.37","B106","","Chat Basic Subscription
06/20/2022-07/19/2022
Month","13.37","NONE","AUTHORISED","46ce7f1e-4d88-49ef-9135-9ee665203dc0"
"2022-06-21","SPEND","ULearn Limited Current account","Bank Charges","","0.27","B127","","NEPOSCHGUSD 000000.33","0.27","NONE","AUTHORISED","530ece94-7030-4fc6-8255-20e33a3f3ff5"
"2022-06-28","SPEND","ULearn Limited Current account","Wistia Software company","1998218","451.13","B106","","50 Video Plan: Annual + 20% discounts","451.13","NONE","AUTHORISED","d66c15dd-d056-4998-bec9-43becfea3a03"
"2022-06-01","SPEND","ULearn Limited Current account","Albany Supplies","","332.1","B102","","POS09JUN WWW.ALBANYSU","332.1","NONE","AUTHORISED","7482c4da-fdfb-49ba-9f90-952c25a82c43"
"2022-06-20","SPEND","ULearn Limited Current account","Dublin Bus","","32","A109B","","POSC17JUN BUS ATHA CL","32","NONE","AUTHORISED","1e1359de-21ea-4d07-af80-5b611b3f7b29"
"2022-07-01","RECEIVE","ULearn Limited Current account","Blackhall Green - Apartment","","3200","101","","RENT JULY ","3200","NONE","AUTHORISED","2e20ffee-6d0f-4d2d-8f6e-8a4ef55f2ec6"
"2022-07-01","RECEIVE","ULearn Limited Current account","Apartment Capel","","1756.24","101","","32 Capel SP","1756.24","NONE","AUTHORISED","3eef756b-a372-4675-852f-c4a44fb31b35"
"2022-07-01","RECEIVE","ULearn Limited Current account","WAACC","","6250","101","","WAACC 13 SP","6250","NONE","AUTHORISED","ef83ec86-db81-4d06-9aca-67738361dafd"
"2022-07-01","SPEND","ULearn Limited Current account","Google - CARD","4206324089","76.75","B110","","Google Workspace - Summary for Jun 1, 2022 - Jun 30, 2022","76.75","NONE","AUTHORISED","6bd2ac19-56fd-423b-887d-ec4a48a830bc"
"2022-07-02","SPEND","ULearn Limited Current account","Indeed - CARD","64219208 ","573.49","B110","","June 2022 Sponsored jobs on indeed.com","573.49","NONE","AUTHORISED","19e810bb-309f-4282-a1e2-3642f87d4dd5"
"2022-07-04","SPEND","ULearn Limited Current account","PAYPAL EUROPE","","20.05","B102","","POS02JUN PAYPAL *DIGI","20.05","NONE","AUTHORISED","20df847d-f44a-42f5-ada3-47776417975c"
"2022-07-07","SPEND","ULearn Limited Current account","Argos","","175.7","B102","","Vacuum Cleaner ","175.7","NONE","AUTHORISED","6d4acbeb-4b5e-42d0-ad50-fdc315e7c250"
"2022-07-02","SPEND","ULearn Limited Current account","FREE NOW","6XTPPR","21","A104","","Student Transfer / transport","21","NONE","AUTHORISED","1115173d-99e7-4de6-b530-9f742e41df21"
"2022-07-02","SPEND","ULearn Limited Current account","FREE NOW","6XVE6B","25","A104","","Student transfer / transport","25","NONE","AUTHORISED","5b8fdd43-2f32-494b-a429-3a7e25247ba4"
"2022-07-03","SPEND","ULearn Limited Current account","FREE NOW","6XW93A","37","A104","","Student transfer / transport","37","NONE","AUTHORISED","35454e52-98c4-472e-a45b-e898b6e87a71"
"2022-07-04","SPEND","ULearn Limited Current account","ZOOM","","51.62","B106","","POS04MAR ZOOM.US 888-","51.62","NONE","AUTHORISED","e1e1cf57-80bc-4faa-8b43-bf0e24312735"
"2022-07-04","SPEND","ULearn Limited Current account","Bank Charges","","0.37","B127","","NEPOSCHGUSD 000000.33","0.37","NONE","AUTHORISED","d52941ac-021a-4a76-8b15-311855a4762a"
"2022-07-04","SPEND","ULearn Limited Current account","Bank Charges","","0.61","B127","","NEPOSCHGMXN 000000.55","0.61","NONE","AUTHORISED","bb8ab118-c05d-402c-baa5-3253a283eacc"
"2022-07-04","SPEND","ULearn Limited Current account","Bank Charges","","0.07","B127","","NEPOSCHGUSD 000000.33","0.07","NONE","AUTHORISED","68880020-aab3-4572-b2bf-c4aba3f69a77"
"2022-07-05","SPEND","ULearn Limited Current account","TradingView","","28.77","B106","","P2503US 29.95@0.91085","28.77","NONE","AUTHORISED","1e59f102-6ed7-481e-9de2-d414beeedeaf"
"2022-07-05","SPEND","ULearn Limited Current account","CARD - Google","","500","B110","","POS23JUN GOOGLE *ADS1","500","NONE","AUTHORISED","7605c9d6-9fa3-4c1f-a0b5-286651db022c"
"2022-07-05","SPEND","ULearn Limited Current account","Bank Charges","","0.58","B127","","NEPOSCHGUSD 000000.33","0.58","NONE","AUTHORISED","6d700d0a-2988-4333-913f-e774a6230092"
"2022-07-04","SPEND","ULearn Limited Current account","Tesco","","7.72","B102","","Misc expenses","7.72","NONE","AUTHORISED","456b467c-cf7b-4d71-b773-227bca527f8e"
"2022-07-04","SPEND","ULearn Limited Current account","Dunnes Stores","","12","B102","","Misc Expenses","12","NONE","AUTHORISED","d61ee2e9-720e-4242-b20f-8a332da9bd5d"
"2022-07-06","SPEND","ULearn Limited Current account","Noel Hancock","","120","A104","","POS29JUN PAYPAL *NOEL","120","NONE","AUTHORISED","597f97f2-a7f3-4fec-8060-fc1c0d237b03"
"2022-07-07","SPEND","ULearn Limited Current account","EIR","","20","B104","","POS19NOV VESTA *EIR","20","NONE","AUTHORISED","86d9a2ea-23ac-4a3d-92bf-b7001613e566"
"2022-07-07","SPEND","ULearn Limited Current account","GoDaddy.com, LLC - CARD","","15.98","B106","","POS16APR DNH*GODADDY.","15.98","NONE","AUTHORISED","db87234d-1c06-4b2f-a615-e341c6ed6701"
"2022-07-06","SPEND","ULearn Limited Current account","Tesco","","44.28","B102","","Misc expenses - classes","44.28","NONE","AUTHORISED","0d87fb92-5369-44d5-9a8a-a68ccfd4b56c"
"2022-07-07","SPEND","ULearn Limited Current account","Tesco","","39.97","B102","","Misc expenses","39.97","NONE","AUTHORISED","d406eb6e-7377-47e0-9c06-caa9ce7e80c9"
"2022-07-08","SPEND","ULearn Limited Current account","Vodafone","","20","B104","","POS16MAR Vesta Vodafo","20","NONE","AUTHORISED","38902f7e-f5f7-44e9-b642-2200f6a03b99"
"2022-07-08","RECEIVE","ULearn Limited Current account","ULearn-Student","","1836","100","","P2021122 - Student SP","1836","NONE","AUTHORISED","65a106bd-a55e-4c57-b729-b36d4ca4f953"
"2022-07-11","SPEND","ULearn Limited Current account","Audible - CARD","","9.46","B121","","P0802GB 7.99@1.18898","9.46","NONE","AUTHORISED","3400efe3-8339-4a14-86db-01e3931fc75e"
"2022-07-11","SPEND","ULearn Limited Current account","General Expenses","","326.66","B125","","P2504US245.99@0.93499","326.66","NONE","AUTHORISED","901a02a3-9099-41b3-a128-d7e19025e933"
"2022-07-11","SPEND","ULearn Limited Current account","TradingView","","29.78","B106","","P2505US 29.95@0.82170","29.78","NONE","AUTHORISED","6ff4497a-8d41-4a45-896f-dfbf3b07b99a"
"2022-07-11","SPEND","ULearn Limited Current account","Bank Charges","","0.19","B127","","NEPOSCHGGBP 000000.19","0.19","NONE","AUTHORISED","78715161-f38d-4a97-82e5-3f5e89352a56"
"2022-07-11","SPEND","ULearn Limited Current account","Bank Charges","","6.53","B127","","NEPOSCHGUSD 000000.53","6.53","NONE","AUTHORISED","6434b40e-b165-4fc3-a172-0a61f1f6642c"
"2022-07-11","SPEND","ULearn Limited Current account","Bank Charges","","0.6","B127","","NEPOSCHGUSD 000000.33","0.6","NONE","AUTHORISED","701eb3b0-40aa-4626-abaf-235412e179f5"
"2022-07-12","SPEND","ULearn Limited Current account","Aer Lingus","","218","A104","","POS24JUN AERLING","218","NONE","AUTHORISED","bef2d3da-0876-4253-a26e-d50f06997baa"
"2022-07-11","SPEND","ULearn Limited Current account","Argos","","181.4","B102","","Fans ","181.4","NONE","AUTHORISED","a648a04b-17bb-4db7-9646-beecdb1abc40"
"2022-07-12","SPEND","ULearn Limited Current account","Zoho","","26.88","B106","","POS11JUN ZOHO-PEOPLE","26.88","NONE","AUTHORISED","6901cb18-9406-46b1-bced-561d8a41f81b"
"2022-07-13","SPEND","ULearn Limited Current account","Noel Hancock","","195","A104","","POS29JUN PAYPAL *NOEL","195","NONE","AUTHORISED","6fd09a31-ca22-491c-b636-eb844c4f443e"
"2022-07-13","SPEND","ULearn Limited Current account","GoDaddy.com, LLC - CARD","","49.19","B106","","POS16JUN DNH*GO DADDY","49.19","NONE","AUTHORISED","c6bd42d4-9d25-43a2-9358-2439d5abd6fe"
"2022-07-13","SPEND","ULearn Limited Current account","GoDaddy.com, LLC - CARD","","72.9","B106","","POS16APR DNH*GODADDY.","72.9","NONE","AUTHORISED","b3272831-295d-4252-a121-4de65f85f2b7"
"2022-07-12","SPEND","ULearn Limited Current account","Dunnes Stores","","51.96","B102","","Misc expenses","51.96","NONE","AUTHORISED","1bcd6c38-5e71-42a9-928f-ef91cd417e0a"
"2022-07-14","SPEND","ULearn Limited Current account","EIR","","20","B104","","POS19NOV VESTA *EIR","20","NONE","AUTHORISED","0573891c-0327-4074-acd7-9876a1d2f11c"
"2022-07-14","SPEND","ULearn Limited Current account","FREE NOW","","37.6","A104","","Student transfer / transport","37.6","NONE","AUTHORISED","f65713a4-9614-4a50-a37e-3cd4e446c071"
"2022-07-14","SPEND","ULearn Limited Current account","CARD - Google","","500","B110","","POS23JUN GOOGLE *ADS1","500","NONE","AUTHORISED","e6b96f75-b6cd-483c-bf63-190bcad1f99e"
"2022-07-13","SPEND","ULearn Limited Current account","Tesco","","19.5","B102","","Misc expenses","19.5","NONE","AUTHORISED","12c9759d-e1b3-4a35-bf85-6557e0cfde4f"
"2022-07-15","SPEND","ULearn Limited Current account","Bank Charges","","0.72","B127","","EFT DD CHARGES","0.72","NONE","AUTHORISED","7866f159-04cd-4f64-86ab-0a563b0f32e1"
"2022-07-15","SPEND","ULearn Limited Current account","Bank Charges","","0.8","B127","","EFT DD CHARGES","0.8","NONE","AUTHORISED","e0ed3633-5e1c-4843-a63b-0b2b89dbf34b"
"2022-07-15","SPEND","ULearn Limited Current account","Bank Charges","","0.8","B127","","EFT DD CHARGES","0.8","NONE","AUTHORISED","4341a5a7-8f0b-4d3f-bf22-f3cc173bd7b3"
"2022-07-15","SPEND","ULearn Limited Current account","UPC","","39","B104","","POS14MAR UPC","39","NONE","AUTHORISED","47a40147-e466-4e2f-814c-b87630825df0"
"2022-07-15","SPEND","ULearn Limited Current account","UPC","","39","B104","","POS14MAR UPC","39","NONE","AUTHORISED","761565ec-6274-4a85-b0a1-0f729fbbe5fa"
"2022-07-15","SPEND","ULearn Limited Current account","Aer Lingus","","17.98","A104","","","17.98","NONE","AUTHORISED","ef039bba-6504-4d9d-af4a-40cc47430975"
"2022-07-18","SPEND","ULearn Limited Current account","PAYROLL","","12765.63","E104B","","CONTRA CTO","12765.63","NONE","AUTHORISED","ac4ca999-4909-4bb3-be35-2a28905e3c2f"
"2022-07-18","RECEIVE","ULearn Limited Current account","PAYROLL","","161.2","E104B","","285F4206A8C24AC987CTO","161.2","NONE","AUTHORISED","9aae3b3d-6a99-40b7-964a-cb896791691a"
"2022-07-18","SPEND","ULearn Limited Current account","TradingView","","12.94","B106","","P1506GI 12.95@0.96525","12.94","NONE","AUTHORISED","3c6ae72b-eeff-41c6-9920-74d8dd3937d6"
"2022-07-19","SPEND","ULearn Limited Current account","Xero Subscription - CARD","IN-3685739","34.98","B106","","ULearn. Monthly Subscription, Standard Price Plan, 17 Jun 2022 to 16 Jul 2022.","34.98","NONE","AUTHORISED","8a184d35-9590-40d5-9b1f-0ccaecd8d7dc"
"2022-07-18","SPEND","ULearn Limited Current account","PAYPAL EUROPE","","30","B102","","POS16JUN PAYPAL *CYAT","30","NONE","AUTHORISED","404f0825-8f41-4029-93a9-8149774f6ed8"
"2022-07-18","SPEND","ULearn Limited Current account","GoDaddy.com, LLC - CARD","","37.06","B106","","POS16JUN DNH*GO DADDY","37.06","NONE","AUTHORISED","68b8a1e1-cd72-4df7-919e-4cafca4fe115"
"2022-07-15","SPEND","ULearn Limited Current account","Bus Atha Cliath","","638","A109B","","Bus Tickets","638","NONE","AUTHORISED","c30c22dc-dfee-4dfa-8407-023910796239"
"2022-07-18","SPEND","ULearn Limited Current account","Curry's PC World","","109.98","B102","","POS23JUN CURRYS IRELA","109.98","NONE","AUTHORISED","fab57a6b-cc1e-49ed-8f0b-d4c30603696b"
"2022-07-19","SPEND","ULearn Limited Current account","FREE NOW","711TFN","23","A104","","Student transsport","23","NONE","AUTHORISED","eff1bf9c-0933-498a-9093-385e388188b1"
"2022-07-18","SPEND","ULearn Limited Current account","Bank Charges","","0.26","B127","","NEPOSCHGUSD 000000.24","0.26","NONE","AUTHORISED","220cc2f4-b50b-42e9-adca-9c08f617d774"
"2022-07-18","SPEND","ULearn Limited Current account","Bank Charges","","0.7","B127","","NEPOSCHGUSD 000000.33","0.7","NONE","AUTHORISED","5de42798-052c-4296-9fc6-9f5bdee7fb81"
"2022-07-19","SPEND","ULearn Limited Current account","CARD - Google","","500","B110","","POS23JUN GOOGLE *ADS1","500","NONE","AUTHORISED","fbeeb37a-1657-4077-802c-2643fd525a54"
"2022-07-19","SPEND","ULearn Limited Current account","GoDaddy.com, LLC - CARD","","12.29","B106","","POS16JUN DNH*GO DADDY","12.29","NONE","AUTHORISED","e668e941-b039-4642-9f4e-e5af4add0b43"
"2022-07-20","SPEND","ULearn Limited Current account","PAYPAL EUROPE","","39","B102","","POS21JUN PAYPAL *RENT","39","NONE","AUTHORISED","9133ec20-dff0-4f3b-aeae-6a735e9d9c6f"
"2022-07-20","SPEND","ULearn Limited Current account","FBD INSURANCE SEPA - DD","","851.6","B120","","POS17FEB FBD INSURANC","851.6","NONE","AUTHORISED","8ec75802-d1f8-4921-af66-589f26707ca8"
"2022-07-20","SPEND","ULearn Limited Current account","EIR","","20","B104","","POS17FEB Vesta EIR To","20","NONE","AUTHORISED","81018752-92e0-4f69-82b1-b7a3863a1b59"
"2022-07-20","SPEND","ULearn Limited Current account","Zopim - CARD","INV08760795","13.79","B106","","Chat Basic Subscription
07/20/2022-08/19/2022
Month","13.79","NONE","AUTHORISED","c5e9736d-033b-46e9-b133-f61445c8db02"
"2022-07-21","SPEND","ULearn Limited Current account","Bank Charges","","0.28","B127","","NEPOSCHGUSD 000000.24","0.28","NONE","AUTHORISED","987d9de1-20a3-4d42-ad70-74b437b1a630"
"2022-09-01","RECEIVE","ULearn Limited Current account","ULearn-Student","","190","100","","Student ID 24240 SP","190","NONE","AUTHORISED","3f5ed418-b443-4daf-b288-43b70035b151"
"2022-09-01","SPEND","ULearn Limited Current account","Tesco","","12.5","B102","","Misc expenses","12.5","NONE","AUTHORISED","bfb83f99-a294-4bad-bc46-a32267ee11f6"
"2022-09-01","SPEND","ULearn Limited Current account","AAA BOUND LTD (DYNO LOCKS)","","7.99","A101","","Keys Cut for Capel","7.99","NONE","AUTHORISED","f4ef86f8-c756-4155-a403-999505082938"
"2022-09-01","SPEND","ULearn Limited Current account","Lenehans","","7.95","A101","","Hardware","7.95","NONE","AUTHORISED","04c58076-8727-4f11-9d42-b9a2beee4b48"
"2022-09-01","SPEND","ULearn Limited Current account","Bank Charges","","11.43","B127","","NEPOSCHGGBP 000000.19","11.43","NONE","AUTHORISED","6140fdfc-61f9-4a8e-9ca2-42bdd53f2c97"
"2022-09-01","SPEND","ULearn Limited Current account","DublinBikes","","1","A104","","DublinBikes School Sub","1","NONE","AUTHORISED","eb895866-bfd4-434e-8e6e-c01059e615c5"
"2022-09-01","SPEND","ULearn Limited Current account","Office Depot","","623.34","B102","","P2706MX522.00@0.04789","623.34","NONE","AUTHORISED","09e60573-7971-4f7d-88d2-bb7da1b729f3"
"2022-09-02","SPEND","ULearn Limited Current account","FREE NOW","","14","A104","","Student transsport","14","NONE","AUTHORISED","05ef7dad-1c7d-4ddd-a3f9-ebf4fda729d3"
"2022-09-02","SPEND","ULearn Limited Current account","Bus Atha Cliath","","1024","A109B","","Bus Tickets","1024","NONE","AUTHORISED","455581ca-a6ac-4037-94b0-8fc5bb14dfde"
"2022-09-02","SPEND","ULearn Limited Current account","CARD - Google","","101.75","B110","","POS23JUN GOOGLE *ADS1","101.75","NONE","AUTHORISED","73bdc553-d864-4ed7-a0de-8efdb53be081"
"2022-09-02","SPEND","ULearn Limited Current account","Glasnevin Cemetary Outing","","210","A109B","","Group outing","210","NONE","AUTHORISED","8041a6a2-d39a-411e-8731-e81aab56a889"
"2022-09-02","SPEND","ULearn Limited Current account","GoCar","","20","A104","","Van Rental (Office Move)","20","NONE","AUTHORISED","a77ff65d-58d5-4901-ab44-9c80fe1849d7"
"2022-09-05","RECEIVE","ULearn Limited Current account","ULearn-Student","","240","100","","P2021122 - Student SP","240","NONE","AUTHORISED","df16548a-c29c-4fa4-b7bf-575e484716e0"
"2022-09-05","SPEND","ULearn Limited Current account","Lenehans","","37.95","A101","","Hardware","37.95","NONE","AUTHORISED","2c098bc0-3b56-4b98-98bf-40f3ff9e10be"
"2022-09-05","SPEND","ULearn Limited Current account","Centra Capel Street","","13.94","A101","","Tape & Card for notices ","13.94","NONE","AUTHORISED","fe1dfbf2-e685-4828-896c-46c024b35544"
"2022-09-05","SPEND","ULearn Limited Current account","Lenehans","","12.37","A101","","Hardware","12.37","NONE","AUTHORISED","1619e98c-1c36-4ce5-90d8-22f98fcf99db"
"2022-09-05","SPEND","ULearn Limited Current account","Bank Charges","","0.6","B127","","NEPOSCHGUSD 000000.33","0.6","NONE","AUTHORISED","fb097749-51a6-47ac-b135-a0c9a859eb25"
"2022-09-05","SPEND","ULearn Limited Current account","Bank Charges","","0.38","B127","","NEPOSCHGUSD 000000.24","0.38","NONE","AUTHORISED","066ea29a-41d2-41dd-939c-d2fbcab624d1"
"2022-09-05","SPEND","ULearn Limited Current account","Bank Charges","","0.4","B127","","NEPOSCHGUSD 000000.33","0.4","NONE","AUTHORISED","4bdfe64e-eb5e-43ed-a777-8163ec8e94f1"
"2022-09-05","SPEND","ULearn Limited Current account","GRENKE LIMITED","","2290","A107.A","","Paying down lease outstandings","2290","NONE","AUTHORISED","d1ff047a-d291-4bf1-aaa7-34ba6bd856c5"
"2022-09-05","SPEND","ULearn Limited Current account","CARD - Google","","500","B110","","POS23JUN GOOGLE *ADS1","500","NONE","AUTHORISED","0d5385ed-546b-4e0d-88ef-8f5a4c591ebf"
"2022-09-05","SPEND","ULearn Limited Current account","ZOOM","","51.62","B106","","POS04MAR ZOOM.US 888-","51.62","NONE","AUTHORISED","5028be7a-dff7-48c8-86cd-6c5779cf9c23"
"2022-09-05","SPEND","ULearn Limited Current account","BOOK OF KELLS - CARD","","448","A109B","","TCD Book of Kells Group Visit","448","NONE","AUTHORISED","d628dc94-b939-48a8-bd39-f630b75ea442"
"2022-09-05","SPEND","ULearn Limited Current account","Vodafone","","20","B104","","POS16MAR Vesta Vodafo","20","NONE","AUTHORISED","7eac8e5e-54b4-4d31-b5b7-ab45a06dff5d"
"2022-09-05","SPEND","ULearn Limited Current account","ScrewFix","","56.2","A101","","Cable Trunking & Misc Hardware Capel","56.2","NONE","AUTHORISED","d70efd5f-5f85-40ec-9dde-86da21b51d5a"
"2022-09-05","SPEND","ULearn Limited Current account","GoCar","","20","A104","","Van Rental (Office Move)","20","NONE","AUTHORISED","641e1ddf-25d0-488e-b73e-4a99f0f1797b"
"2022-09-05","SPEND","ULearn Limited Current account","Zoho","","36.9","B106","","HRM Software","36.9","NONE","AUTHORISED","d1bf6d70-266d-4757-8799-62da5f9cfdf8"
"2022-09-05","SPEND","ULearn Limited Current account","GoCar","","10","A104","","Van Rental (Office Move)","10","NONE","AUTHORISED","96db532b-1302-4d83-9c26-67d3a685c97d"
"2022-09-05","SPEND","ULearn Limited Current account","TradingView","","30.13","B106","","P2503US 29.95@0.91085","30.13","NONE","AUTHORISED","fdf89fee-83b1-4272-b33f-d1c2732d8ea1"
"2022-09-02","SPEND","ULearn Limited Current account","GoCar","","5","A104","","Van Rental (Office Move)","5","NONE","AUTHORISED","7864e4c8-457d-4c30-9f07-076c83fe7ece"
"2022-09-02","RECEIVE","ULearn Limited Current account","ULearn-Student","","230","100","","P2022673","230","NONE","AUTHORISED","03f373ec-78ce-428a-b644-2ffac984991c"
"2022-09-02","RECEIVE","ULearn Limited Current account","ULearn-Student","","330","100","","D202231 SP","330","NONE","AUTHORISED","ec1fb795-ab96-4f31-9919-def14cc4055e"
"2022-09-02","RECEIVE","ULearn Limited Current account","Belangue","","29258.2","100","","Belangue Students","29258.2","NONE","AUTHORISED","2bf0811f-9cc6-4b34-b1b7-40d4ce1a01dd"
"2022-09-06","RECEIVE","ULearn Limited Current account","ULearn-Student","","40","100","","Student ID 24240 SP","40","NONE","AUTHORISED","23c4ad05-fa0c-40fa-986c-080eb9a1a3b6"
"2022-09-06","RECEIVE","ULearn Limited Current account","ULearn-Student","","1254","100","","","1254","NONE","AUTHORISED","5b805060-9d2c-47c2-b50d-b742eb34b63b"
"2022-09-06","SPEND","ULearn Limited Current account","GoCar","","2.5","A104","","Van Rental (Office Move)","2.5","NONE","AUTHORISED","c09502bd-6475-4e36-9291-5b51766e50c1"
"2022-09-05","SPEND","ULearn Limited Current account","SOFTWARE","","19.92","B106","","P2505US 29.95@0.82170","19.92","NONE","AUTHORISED","a2848bd7-8e73-4234-ab2e-3cc6b463d6f8"
"2022-09-06","RECEIVE","ULearn Limited Current account","ULearn-Student","","240","100","","ID 24002 SP","240","NONE","AUTHORISED","ee0ebef6-186f-4ca2-853b-9c95ebab601a"
"2022-09-07","RECEIVE","ULearn Limited Current account","ULearn-Student","","1478","100","","P2022709","1478","NONE","AUTHORISED","9a1fba95-6308-439e-81cc-143dae82619c"
"2022-07-01","RECEIVE","ULearn Limited Current account","ULearn-Student","","230","100","","FEDERICA COTTONE 2 SP","230","NONE","AUTHORISED","1d98b862-8f56-49e8-9dc5-133e096a36cf"
"2022-07-01","RECEIVE","ULearn Limited Current account","ULearn-Student","","2175","100","","Always Languages L SP","2175","NONE","AUTHORISED","3364ba10-d418-48b3-84ea-699e9d77e500"
"2022-07-01","RECEIVE","ULearn Limited Current account","ULearn-Student","","4500","100","","Always Languages L SP","4500","NONE","AUTHORISED","e15fce70-c3cb-43bf-b65a-febb41e132ae"
"2022-07-01","RECEIVE","ULearn Limited Current account","ULearn-Student","","260","100","","PROVANSAL FRANCOIS SP","260","NONE","AUTHORISED","2ae66958-01d4-4fae-b3ed-96107fce9f4b"
"2022-07-04","RECEIVE","ULearn Limited Current account","ULearn-Student","","3799","100","","MAI OKUDA 0749-003 GP","3799","NONE","AUTHORISED","a772e9c6-9ba6-499a-b7b3-0c5f5f070dcc"
"2022-07-04","RECEIVE","ULearn Limited Current account","ULearn-Student","","314","100","","Student ID 22956 I SP","314","NONE","AUTHORISED","4fb5333d-b1c3-4a9e-96e2-4404e73808ec"
"2022-07-04","RECEIVE","ULearn Limited Current account","ULearn-Student","","410","100","","365 studentID 24584","410","NONE","AUTHORISED","ac8587b8-66e5-4e97-8c38-0e511c9370d3"
"2022-07-05","RECEIVE","ULearn Limited Current account","ULearn-Student","","198","100","","6-week language co SP","198","NONE","AUTHORISED","8ac4f681-6d0a-49a2-ad68-d08c7ebfc95b"
"2022-07-05","RECEIVE","ULearn Limited Current account","ULearn-Student","","5864","100","","BOOKINGS SP","5864","NONE","AUTHORISED","3678ca68-7380-4864-b8a9-9d214f6e4c35"
"2022-07-05","RECEIVE","ULearn Limited Current account","ULearn-Student","","1780","100","","AwvyNet30207202209 SP","1780","NONE","AUTHORISED","f0308c26-8eb1-4771-b366-f6fd5099cb93"
"2022-07-05","RECEIVE","ULearn Limited Current account","ULearn-Student","","1075","100","","Ilaria Corrado - E SP","1075","NONE","AUTHORISED","c59277ba-e3c7-4e36-94ff-5110754bd602"
"2022-07-05","RECEIVE","ULearn Limited Current account","ULearn-Student","","314","100","","Daniel Lorden 2295 SP","314","NONE","AUTHORISED","ad46cf7a-1be9-45d3-8b6a-c1bd7a790d38"
"2022-07-05","RECEIVE","ULearn Limited Current account","ULearn-Student","","1075","100","","Elisa Corrado - En SP","1075","NONE","AUTHORISED","79335ced-22ae-49e2-bb3e-d578b1ea4877"
"2022-07-06","RECEIVE","ULearn Limited Current account","ULearn-Student","","190","100","","DIEGO GABALDON. UL SP","190","NONE","AUTHORISED","f1a58422-8316-4bf6-a591-1ea303f4d0fe"
"2022-07-07","RECEIVE","ULearn Limited Current account","ULearn-Student","","890","100","","1/JUAN CARLOS MONT GP","890","NONE","AUTHORISED","6d508b34-c3ce-4cd1-b50e-c8619bb7c795"
"2022-07-08","RECEIVE","ULearn Limited Current account","ULearn-Student","","1375","100","","INVOICE N. P202249 SP","1375","NONE","AUTHORISED","b6c0557b-577d-4212-8c30-0b25ff738dfc"
"2022-07-08","RECEIVE","ULearn Limited Current account","ULearn-Student","","200","100","","Student ID 24702 M SP","200","NONE","AUTHORISED","168be898-b68e-4218-a080-899a4999890b"
"2022-07-08","RECEIVE","ULearn Limited Current account","ULearn-Student","","400","100","","STUDENT ID: 24668 SP","400","NONE","AUTHORISED","02163bbf-4eb9-4dda-a1f4-7f4432002272"
"2022-07-08","RECEIVE","ULearn Limited Current account","ULearn-Student","","330.8","100","","GENERAL AFTERNOON SP","330.8","NONE","AUTHORISED","4054015d-edf8-4588-a169-bc49bef4e6e7"
"2022-07-11","RECEIVE","ULearn Limited Current account","ULearn-Student","","296","100","","Clara Sanchez Davi SP","296","NONE","AUTHORISED","4a650c68-f544-4c5c-a07f-becabb16f69d"
"2022-07-12","RECEIVE","ULearn Limited Current account","ULearn-Student","","1205","100","","Invoice number: P2 SP","1205","NONE","AUTHORISED","fb35c5cb-a450-442d-9276-41a54751e866"
"2022-07-13","RECEIVE","ULearn Limited Current account","ULearn-Student","","470","100","","MLLE VANESSA SANNI SP","470","NONE","AUTHORISED","d6a447ee-0456-4b7a-96d6-417ffb21743b"
"2022-07-13","RECEIVE","ULearn Limited Current account","ULearn-Student","","13902","100","","083400000000036230 SP","13902","NONE","AUTHORISED","ca2d57f4-66a7-4f50-a2e3-b15834c11235"
"2022-07-13","RECEIVE","ULearn Limited Current account","ULearn-Student","","3206","100","","24411 - 24410 NAVA SP","3206","NONE","AUTHORISED","0eb6cb88-589e-4f78-8419-37240d3bf9cd"
"2022-07-13","RECEIVE","ULearn Limited Current account","ULearn-Student","","680","100","","Student ID: 24364 SP","680","NONE","AUTHORISED","698eca2b-3149-4fa4-a003-53267eb4ff76"
"2022-07-14","RECEIVE","ULearn Limited Current account","ULearn-Student","","965","100","","3 weeks Apartment SP","965","NONE","AUTHORISED","1d2b5f81-78ca-4dfe-9d1c-057a4ab0a951"
"2022-07-14","RECEIVE","ULearn Limited Current account","ULearn-Student","","190","100","","90814728 SP","190","NONE","AUTHORISED","7d43f15f-5d95-439e-8124-de079ceb8f60"
"2022-07-14","RECEIVE","ULearn Limited Current account","ULearn-Student","","785","100","","1/SINANAJ IRGEN GP","785","NONE","AUTHORISED","983f0a76-6b08-4ea0-8a7f-1591131efb69"
"2022-07-15","RECEIVE","ULearn Limited Current account","ULearn-Student","","2068.75","100","","JORGE 515 SP","2068.75","NONE","AUTHORISED","a75be33d-d6ac-4bb6-b0eb-c6be4f375dc3"
"2022-07-15","RECEIVE","ULearn Limited Current account","ULearn-Student","","225","100","","STUDENT ID24419 IN SP","225","NONE","AUTHORISED","34323a71-81fc-445a-a5ae-706e18e1026d"
"2022-07-15","RECEIVE","ULearn Limited Current account","ULearn-Student","","1200","100","","379611193LEITE MEL SP","1200","NONE","AUTHORISED","acc24c7c-5a51-4602-ba99-ba3f9d306b99"
"2022-07-15","RECEIVE","ULearn Limited Current account","ULearn-Student","","2618","100","","365 studentID 24584","2618","NONE","AUTHORISED","6f0f433f-4a21-4080-967a-d2c9b5798923"
"2022-07-15","RECEIVE","ULearn Limited Current account","ULearn-Student","","800","100","","365 23761","800","NONE","AUTHORISED","d1fd13f4-29c6-4624-b49a-e887512ee4e1"
"2022-07-18","RECEIVE","ULearn Limited Current account","ULearn-Student","","690","100","","LAST PAYMENT ENLGL SP","690","NONE","AUTHORISED","ce56f449-8edb-4658-bb52-5dc59e27ceff"
"2022-07-19","RECEIVE","ULearn Limited Current account","ULearn-Student","","248.9","100","","WEST 1 FRANCHISING GP","248.9","NONE","AUTHORISED","9008f07d-d69e-4762-a05e-ac1f7543f86f"
"2022-07-19","RECEIVE","ULearn Limited Current account","ULearn-Student","","100","100","","WOODS ADVANCEWOODS SP","100","NONE","AUTHORISED","a94a37cc-4176-441e-adbd-d58176aec5a7"
"2022-07-19","RECEIVE","ULearn Limited Current account","ULearn-Student","","72","100","","381126436P2022591 SP","72","NONE","AUTHORISED","809aa5d3-8a19-44b9-bdbf-d18655f69134"
"2022-07-20","RECEIVE","ULearn Limited Current account","ULearn-Student","","3750","100","","INVOICE P2022469 SP","3750","NONE","AUTHORISED","6e012bf5-8111-4180-9ae6-95a3a7811588"
"2022-07-20","RECEIVE","ULearn Limited Current account","ULearn-Student","","675","100","","STUDENT ID 24086 2 SP","675","NONE","AUTHORISED","d6e16a24-6002-4339-9a00-41d7a2c07380"
"2022-07-20","RECEIVE","ULearn Limited Current account","ULearn-Student","","1400","100","","Inv.-Nr.: P2022581 SP","1400","NONE","AUTHORISED","e293c5e7-5b70-4719-8ee0-b6af6c859b44"
"2022-07-21","RECEIVE","ULearn Limited Current account","ULearn-Student","","1110","100","","RG4T9LUWBVK0416583 SP","1110","NONE","AUTHORISED","3ec619e1-bed9-4009-b0eb-1382df430175"
"2022-07-21","RECEIVE","ULearn Limited Current account","ULearn-Student","","2295","100","","IP22201050864453St SP","2295","NONE","AUTHORISED","aaae0dce-abf5-4556-80b3-a6ea328fc777"
"2022-07-21","RECEIVE","ULearn Limited Current account","ULearn-Student","","210","100","","StuID 24469 InvNum SP","210","NONE","AUTHORISED","1a0d95c7-d766-42eb-a7cc-5f9badb827dc"
"2022-07-25","RECEIVE","ULearn Limited Current account","ULearn-Student","","2120","100","","ERIKA SP","2120","NONE","AUTHORISED","bd803865-c64b-4711-8aee-3a940f548605"
"2022-07-25","RECEIVE","ULearn Limited Current account","ULearn-Student","","350","100","","ULEARNSCHOOLD20221 SP","350","NONE","AUTHORISED","c6b8979c-a7be-479b-b30f-326dd8f946af"
"2022-07-25","RECEIVE","ULearn Limited Current account","ULearn-Student","","1185","100","","Student ID: 24760, SP","1185","NONE","AUTHORISED","37a7170c-beb2-486d-b571-cb11ef98a10f"
"2022-07-25","RECEIVE","ULearn Limited Current account","ULearn-Student","","520","100","","STUDENT ID 24761 I SP","520","NONE","AUTHORISED","b2d4971e-70a9-4f93-a931-2b8bff188532"
"2022-07-25","RECEIVE","ULearn Limited Current account","ULearn-Student","","5114","100","","COURS DE LANGUE SP","5114","NONE","AUTHORISED","17e90845-cb27-4cf7-b6b6-c9cebb51a055"
"2022-07-25","RECEIVE","ULearn Limited Current account","ULearn-Student","","1960","100","","Payment for Volod SP","1960","NONE","AUTHORISED","adf2f3c2-686a-4e56-8635-e65581c6311f"
"2022-07-25","RECEIVE","ULearn Limited Current account","ULearn-Student","","345","100","","365 4319400542560800","345","NONE","AUTHORISED","dd860ae4-17f3-4e5b-86f8-197d5bfc1994"
"2022-07-26","RECEIVE","ULearn Limited Current account","ULearn-Student","","580","100","","P2022578 SP","580","NONE","AUTHORISED","cb76b44b-b1fe-4585-8d90-f759f20c7102"
"2022-07-26","RECEIVE","ULearn Limited Current account","ULearn-Student","","1687.8","100","","WEST 1 FRANCHISING GP","1687.8","NONE","AUTHORISED","6f1fa7b1-b507-4680-a70e-612964003e8b"
"2022-07-27","RECEIVE","ULearn Limited Current account","ULearn-Student","","1342","100","","TRANSFER MARISA, F SP","1342","NONE","AUTHORISED","c61512f8-7458-4895-8bc7-b8621727201f"
"2022-07-27","RECEIVE","ULearn Limited Current account","ULearn-Student","","7250","100","","Invoice P2022470 SP","7250","NONE","AUTHORISED","68fbf705-5afd-4b7f-b4e0-af94bfe895d1"
"2022-07-27","RECEIVE","ULearn Limited Current account","ULearn-Student","","730","100","","032022207826688540 SP","730","NONE","AUTHORISED","ae34fbea-41ec-4c9c-9a7f-1734956bd721"
"2022-07-27","RECEIVE","ULearn Limited Current account","ULearn-Student","","224","100","","Invoice P2022609 J SP","224","NONE","AUTHORISED","f083fd6c-4808-4194-9ea9-203e660b7010"
"2022-07-28","RECEIVE","ULearn Limited Current account","ULearn-Student","","280","100","","2 weeks Afternoon SP","280","NONE","AUTHORISED","8d2008ab-eb36-4577-b898-4da8d09badf4"
"2022-07-28","RECEIVE","ULearn Limited Current account","ULearn-Student","","650","100","","Student ID 24744 SP","650","NONE","AUTHORISED","20bfc5fd-76d2-47ec-ad59-1d6ab492fec8"
"2022-07-29","RECEIVE","ULearn Limited Current account","ULearn-Student","","262.66","100","","RE ABROAD.INC. 025 GP","262.66","NONE","AUTHORISED","4610aa47-3dd2-428c-8a58-bacf4c6e6185"
"2022-08-02","RECEIVE","ULearn Limited Current account","ULearn-Student","","80","100","","POS29JUL DR. LIAM REG","80","NONE","AUTHORISED","a829af35-a0a6-416e-9c24-93a4618be479"
"2022-08-02","RECEIVE","ULearn Limited Current account","ULearn-Student","","520","100","","24762 P2022613     SP","520","NONE","AUTHORISED","2acf767e-f9f5-471a-88ef-768f84eb4589"
"2022-08-02","RECEIVE","ULearn Limited Current account","ULearn-Student","","72","100","","389284486D2022335  SP","72","NONE","AUTHORISED","022c8f54-3d1b-422b-9c0e-83a29eea0d79"
"2022-08-02","RECEIVE","ULearn Limited Current account","ULearn-Student","","80","100","","WEST 1 FRANCHISING GP","80","NONE","AUTHORISED","d8b12bc2-0c30-4fdb-8787-216d5dfd3152"
"2022-08-02","RECEIVE","ULearn Limited Current account","ULearn-Student","","245","100","","Valeria Di Candia  SP","245","NONE","AUTHORISED","ef32e4f1-d157-45d6-9f90-07a27161d45a"
"2022-08-02","RECEIVE","ULearn Limited Current account","ULearn-Student","","200","100","","ID 24768           SP","200","NONE","AUTHORISED","3335ec2b-f606-4255-8939-9a353f0b369f"
"2022-08-02","RECEIVE","ULearn Limited Current account","ULearn-Student","","430","100","","02e22b143cb144539e SP","430","NONE","AUTHORISED","921a77e2-5fc5-4ad6-91da-613377f6de58"
"2022-08-02","RECEIVE","ULearn Limited Current account","ULearn-Student","","130","100","","IP22213051548785Se SP","130","NONE","AUTHORISED","b367aa05-ac44-4aec-84ba-c61fa6c014d3"
"2022-08-02","RECEIVE","ULearn Limited Current account","ULearn-Student","","350","100","","d05602a84419410c8d SP","350","NONE","AUTHORISED","54732298-9933-488d-96b7-53fa5822508a"
"2022-08-02","RECEIVE","ULearn Limited Current account","ULearn-Student","","562.5","100","","24108 SARANZAYA    SP","562.5","NONE","AUTHORISED","c5f3d9f4-471d-4876-92ef-a544de9b01b6"
"2022-08-03","RECEIVE","ULearn Limited Current account","ULearn-Student","","1465","100","","Curso Intensivo Pa SP","1465","NONE","AUTHORISED","258be2cf-87b5-4a98-95a7-433a4d10386f"
"2022-08-03","RECEIVE","ULearn Limited Current account","ULearn-Student","","582","100","","24468 CHEVALLET AU SP","582","NONE","AUTHORISED","fdf7a5ad-4bd8-4a38-bf46-f41fa5faf55b"
"2022-08-04","RECEIVE","ULearn Limited Current account","ULearn-Student","","240","100","","Student ID: 24800  SP","240","NONE","AUTHORISED","3cd132f9-c3ef-4068-a0c7-7f0dd67a6662"
"2022-08-04","RECEIVE","ULearn Limited Current account","ULearn-Student","","135","100","","STUDENT ID 24111   SP","135","NONE","AUTHORISED","1d1beeb8-3a58-4f97-9d34-d307b7afa70b"
"2022-08-05","RECEIVE","ULearn Limited Current account","ULearn-Student","","391","100","","032022216871708250 SP","391","NONE","AUTHORISED","2301044f-4833-44d1-a3a8-60225e2986bc"
"2022-08-05","RECEIVE","ULearn Limited Current account","ULearn-Student","","1195","100","","1st payment        SP","1195","NONE","AUTHORISED","6bf667ea-42cd-4feb-911c-603ce5d09c0b"
"2022-08-05","RECEIVE","ULearn Limited Current account","ULearn-Student","","620","100","","ID STUDENT 24659 I SP","620","NONE","AUTHORISED","88f5d5e4-5ab1-41fc-b77c-9b15c077b3c8"
"2022-08-08","RECEIVE","ULearn Limited Current account","ULearn-Student","","800","100","","STUDENT ID 24464   SP","800","NONE","AUTHORISED","3e75ac4f-74e2-4960-8a62-403d0771f0f5"
"2022-08-11","RECEIVE","ULearn Limited Current account","ULearn-Student","","18.96","100","","POSC10AUG LENEHANS","18.96","NONE","AUTHORISED","0450fac6-e308-4ab9-a9ea-e28fff8ec6b6"
"2022-08-11","RECEIVE","ULearn Limited Current account","ULearn-Student","","2345","100","","P2022624STUDENT ID SP","2345","NONE","AUTHORISED","61332ac0-7907-49ad-b8ba-c49bddf04a4c"
"2022-08-11","RECEIVE","ULearn Limited Current account","ULearn-Student","","472.5","100","","STUDENT ID 24457 S SP","472.5","NONE","AUTHORISED","e1e0fff1-3852-40bf-aff1-a62669b1ef50"
"2022-08-12","RECEIVE","ULearn Limited Current account","ULearn-Student","","10","100","","POS11AUG GOCAR CAR SH","10","NONE","AUTHORISED","b2c2ab32-e2fe-4036-a071-a50eff963a0f"
"2022-08-12","RECEIVE","ULearn Limited Current account","ULearn-Student","","31.2","100","","FFF15E537B2D443BA8CTO","31.2","NONE","AUTHORISED","c5db2d64-02eb-4682-9427-988205e26f96"
"2022-08-15","RECEIVE","ULearn Limited Current account","ULearn-Student","","380","100","","73b76f091597445eb8 SP","380","NONE","AUTHORISED","9e67b525-35fb-4442-9cb0-0bf52b4d1edd"
"2022-08-15","RECEIVE","ULearn Limited Current account","ULearn-Student","","285","100","","ALBERTO REBOREDO L SP","285","NONE","AUTHORISED","315ad707-0de1-428a-a9e7-4d1494f5c439"
"2022-08-16","RECEIVE","ULearn Limited Current account","ULearn-Student","","2187","100","","Student ID: 24734  SP","2187","NONE","AUTHORISED","591b10a6-2588-4164-b7ca-ba0912fa2638"
"2022-08-16","RECEIVE","ULearn Limited Current account","ULearn-Student","","1508","100","","GENERAL ENGLISH CO SP","1508","NONE","AUTHORISED","4a437c1d-76e6-4929-980b-90dfb002b773"
"2022-08-17","RECEIVE","ULearn Limited Current account","ULearn-Student","","240","100","","ALVARO NAVARRO - 2 SP","240","NONE","AUTHORISED","9f68fe03-69f7-483a-8814-e3dc2519cd4a"
"2022-08-17","RECEIVE","ULearn Limited Current account","ULearn-Student","","1400","100","","397454612LEITE MEL SP","1400","NONE","AUTHORISED","17d29a66-4247-4f1f-9fe9-14b3831200d6"
"2022-08-18","RECEIVE","ULearn Limited Current account","ULearn-Student","","632","100","","Extended Course En SP","632","NONE","AUTHORISED","1b52381e-f5d1-4f25-a37b-25846fbd34d1"
"2022-08-22","RECEIVE","ULearn Limited Current account","ULearn-Student","","1616","100","","Curso Student ID:  SP","1616","NONE","AUTHORISED","1db79220-f09f-45e3-8f91-c1a6a07fd33d"
"2022-08-22","RECEIVE","ULearn Limited Current account","ULearn-Student","","387.5","100","","Balance invoice n. SP","387.5","NONE","AUTHORISED","a0c2f155-419f-4489-9c37-661fc3daec1b"
"2022-08-22","RECEIVE","ULearn Limited Current account","ULearn-Student","","387.5","100","","ULEARNSCHOOLP20226 SP","387.5","NONE","AUTHORISED","e10da7c8-2b71-4ba8-9758-1d4e784bbfd5"
"2022-08-22","RECEIVE","ULearn Limited Current account","ULearn-Student","","45","100","","STUDENT 24579 FEDE SP","45","NONE","AUTHORISED","a73cbfd1-9cc4-49e2-bbf4-05ff978a576e"
"2022-08-23","RECEIVE","ULearn Limited Current account","ULearn-Student","","215","100","","Student ID: 24806  SP","215","NONE","AUTHORISED","65e168ed-aa67-46ed-875b-b60ee29680a8"
"2022-08-23","RECEIVE","ULearn Limited Current account","ULearn-Student","","252","100","","3fbabada04c54e4d88 SP","252","NONE","AUTHORISED","c79a976d-c455-40c0-b0be-d375c2fd97a0"
"2022-08-24","RECEIVE","ULearn Limited Current account","ULearn-Student","","19855.1","100","","4D538QD42308202210 SP","19855.1","NONE","AUTHORISED","a770d402-9ff5-4612-91bd-f76e7c6ee3ae"
"2022-08-24","RECEIVE","ULearn Limited Current account","ULearn-Student","","2000","100","","2nd Payment        SP","2000","NONE","AUTHORISED","e41cdfda-1b8f-4857-8d88-a82193beea6a"
"2022-08-25","RECEIVE","ULearn Limited Current account","ULearn-Student","","2851.5","100","","Nathalia Adestro M SP","2851.5","NONE","AUTHORISED","30a77af2-8eb6-4251-a118-963ccf01f501"
"2022-08-26","RECEIVE","ULearn Limited Current account","ULearn-Student","","15","100","","POS25AUG GOCAR CAR SH","15","NONE","AUTHORISED","7e8cc819-64d6-46ba-9d20-fcbc4794f610"
"2022-08-26","RECEIVE","ULearn Limited Current account","ULearn-Student","","45","100","","STUDENT ID 24464   SP","45","NONE","AUTHORISED","a6632c0a-065c-4e4e-9731-5eb4894e8ad0"
"2022-08-29","RECEIVE","ULearn Limited Current account","ULearn-Student","","5","100","","365  23598 EGSHIGLEN","5","NONE","AUTHORISED","f2c56bcb-8899-422b-bb40-189619dec946"
"2022-08-29","RECEIVE","ULearn Limited Current account","ULearn-Student","","2290","100","","A/C TRANSFER   526706","2290","NONE","AUTHORISED","2cf9ba9b-0f1d-4438-a96e-b70c1e099086"
"2022-08-29","RECEIVE","ULearn Limited Current account","ULearn-Student","","510","100","","CLAUDIO LOURENCO P GP","510","NONE","AUTHORISED","d205eadf-d767-431f-aec3-05017b96d492"
"2022-08-29","RECEIVE","ULearn Limited Current account","ULearn-Student","","710","100","","Student ID: 24755  SP","710","NONE","AUTHORISED","dafd84ce-9998-4718-9e27-37e07695f7f3"
"2022-08-30","RECEIVE","ULearn Limited Current account","ULearn-Student","","2756.25","100","","OYUNMARAL P2022695 SP","2756.25","NONE","AUTHORISED","80ff4f24-4e4a-4876-8915-5545b46feac0"
"2022-08-30","RECEIVE","ULearn Limited Current account","ULearn-Student","","200","100","","ENGLISH COURSE STU SP","200","NONE","AUTHORISED","e4557d45-5502-46d3-9837-4c9fc2969ad2"
"2022-09-07","RECEIVE","ULearn Limited Current account","ULearn-Student","","8633","100","","ULEARN INVOICE NUM SP","8633","NONE","AUTHORISED","984a4d00-7459-4ddd-846a-9a1e832c5e2c"
"2022-09-08","RECEIVE","ULearn Limited Current account","ULearn-Student","","500","100","","VluRZSH30709202208 SP","500","NONE","AUTHORISED","f728a0da-9702-43a6-afc5-af290fb4f862"
"2022-09-12","RECEIVE","ULearn Limited Current account","ULearn-Student","","435","100","","IP22255054184228St SP","435","NONE","AUTHORISED","b71f3ed8-2d8b-4379-98ee-5dc8c388c960"
"2022-09-12","RECEIVE","ULearn Limited Current account","ULearn-Student","","312","100","","884EAC2B07174C60A2CTO","312","NONE","AUTHORISED","7c290dd9-8ec0-4818-a433-914853da905c"
"2022-09-14","RECEIVE","ULearn Limited Current account","ULearn-Student","","3620","100","","23882 Lola Zach238 SP","3620","NONE","AUTHORISED","821c3810-1968-40e4-8287-e74c7f469528"
"2022-09-14","RECEIVE","ULearn Limited Current account","ULearn-Student","","470","100","","IP2225705436074524 SP","470","NONE","AUTHORISED","c2a139f1-df6a-485f-a732-0ea1cf8283cc"
"2022-09-15","RECEIVE","ULearn Limited Current account","ULearn-Student","","330","100","","ID 24981           SP","330","NONE","AUTHORISED","9b3fefc3-d82a-49c8-bdaf-48b7abb00d38"
"2022-09-16","RECEIVE","ULearn Limited Current account","ULearn-Student","","940","100","","365  4319401041210301","940","NONE","AUTHORISED","7b4a8d8c-d884-494e-a2f4-ad1590793416"
"2022-09-16","RECEIVE","ULearn Limited Current account","ULearn-Student","","5225.8","100","","ULEARNSCHOOLP20227 SP","5225.8","NONE","AUTHORISED","5757adf8-2694-4152-96cc-52fd2983e2cb"
"2022-09-19","RECEIVE","ULearn Limited Current account","ULearn-Student","","1350","100","","220916-0Q9MX4501SI SP","1350","NONE","AUTHORISED","53e18617-6217-4a0a-beea-3beeb49518d2"
"2022-09-19","RECEIVE","ULearn Limited Current account","ULearn-Student","","1350","100","","220916-RPF0H0363SI SP","1350","NONE","AUTHORISED","d77dd7b1-aa7b-4511-845c-b8a4cb720ed1"
"2022-09-19","RECEIVE","ULearn Limited Current account","ULearn-Student","","1950","100","","IP22259054568417Se SP","1950","NONE","AUTHORISED","482605ea-1859-4c66-bb74-f01ed1267a40"
"2022-09-19","RECEIVE","ULearn Limited Current account","ULearn-Student","","280","100","","IP22259054562102Se SP","280","NONE","AUTHORISED","99a71c53-4961-4cc8-b731-7baf1f8c4c60"
"2022-09-19","RECEIVE","ULearn Limited Current account","ULearn-Student","","525","100","","24779              SP","525","NONE","AUTHORISED","b16ec048-b5ed-472f-8dfa-bcea9e99f769"
"2022-09-20","RECEIVE","ULearn Limited Current account","ULearn-Student","","3600","100","","TEMUUJINTEMUUJIN E SP","3600","NONE","AUTHORISED","79ec8f0d-f305-4b1e-b57c-e7c5a3c05bc3"
"2022-09-20","RECEIVE","ULearn Limited Current account","ULearn-Student","","198","100","","IP22262054699735Se SP","198","NONE","AUTHORISED","0e182d90-0a9c-4f54-b1d4-46e49370975e"
"2022-09-20","RECEIVE","ULearn Limited Current account","ULearn-Student","","400","100","","Student ID: 24760","400","NONE","AUTHORISED","8281b2f8-2107-4878-a04b-66a1cb5abef3"
"2022-09-21","RECEIVE","ULearn Limited Current account","ULearn-Student","","1915","100","","INVOICE NUMBER","1915","NONE","AUTHORISED","374ddf95-aad6-409a-977e-4a40abec03db"
"2022-09-21","RECEIVE","ULearn Limited Current account","ULearn-Student","","186","100","","celia assedou24987 SP","186","NONE","AUTHORISED","6d745385-f1a6-4cbb-ab8f-d06bfde4fb7e"
"2022-09-22","RECEIVE","ULearn Limited Current account","ULearn-Student","","410","100","","Student ID: 25013  SP","410","NONE","AUTHORISED","5e386cf8-978a-41ef-8452-2514fc0561f7"
"2022-09-22","RECEIVE","ULearn Limited Current account","ULearn-Student","","2345","100","","Maria Jose Baqueda SP","2345","NONE","AUTHORISED","2cde5a6c-e743-44bd-a7a3-86345e010711"
"2022-09-22","RECEIVE","ULearn Limited Current account","ULearn-Student","","7325","100","","23632 Camille Lari SP","7325","NONE","AUTHORISED","b79a6ccc-2493-4357-87df-7530c38a3b86"
"2022-09-23","RECEIVE","ULearn Limited Current account","ULearn-Student","","758.16","100","","1ID:24498          SP","758.16","NONE","AUTHORISED","be487dc3-d25e-471f-81c6-58bf06a5a8c8"
"2022-09-23","RECEIVE","ULearn Limited Current account","ULearn-Student","","1800","100","","renewalrenewal     SP","1800","NONE","AUTHORISED","f1579161-09f3-4123-96e8-797caa27aad0"
"2022-09-23","RECEIVE","ULearn Limited Current account","ULearn-Student","","2640","100","","220923-SR2CY5836SI SP","2640","NONE","AUTHORISED","d8cd4cd1-58fe-4f22-afe3-7f25b661c8f9"
"2022-09-23","RECEIVE","ULearn Limited Current account","ULearn-Student","","2640","100","","220923-86MR5J310SI SP","2640","NONE","AUTHORISED","bc918e62-9d3b-40ab-bfcc-c88007d44e5a"
"2022-09-23","RECEIVE","ULearn Limited Current account","ULearn-Student","","2124","100","","418405295PINHEIRO  SP","2124","NONE","AUTHORISED","2cb9f130-2772-4d9f-8b85-90a13b19670c"
"2022-09-26","RECEIVE","ULearn Limited Current account","ULearn-Student","","765","100","","365  18441 P2022806","765","NONE","AUTHORISED","211ecaa5-a19b-462e-81bb-f6d49f51f2f5"
"2022-09-26","RECEIVE","ULearn Limited Current account","ULearn-Student","","221","100","","MS PATRICIA P DOS  SP","221","NONE","AUTHORISED","e6ff5fca-a245-409a-a6c6-20cd4881eb0e"
"2022-09-26","RECEIVE","ULearn Limited Current account","ULearn-Student","","1536.6","100","","080780000000081355 SP","1536.6","NONE","AUTHORISED","acb05105-e57e-4cd1-870e-29bd32bfabfc"
"2022-09-27","RECEIVE","ULearn Limited Current account","ULearn-Student","","280","100","","IP22269055166027Se SP","280","NONE","AUTHORISED","c7336b27-d5de-4db6-9d9f-9eeeb50f58ea"
"2022-09-27","RECEIVE","ULearn Limited Current account","ULearn-Student","","8633","100","","ULEARN INVOICE NUM SP","8633","NONE","AUTHORISED","f5253c2a-5cbd-4421-bde7-37f0aab32d73"
"2022-09-27","RECEIVE","ULearn Limited Current account","ULearn-Student","","953.4","100","","ID 22053 invoice P SP","953.4","NONE","AUTHORISED","fe3d4cd5-5f4d-43af-88f3-dca35d61a059"
"2022-09-27","RECEIVE","ULearn Limited Current account","ULearn-Student","","1170","100","","Confirmation your  SP","1170","NONE","AUTHORISED","ea2c01a7-2738-4786-86ed-c92f2579b601"
"2022-09-27","RECEIVE","ULearn Limited Current account","ULearn-Student","","410","100","","ULEARNSCHOOLP20228 SP","410","NONE","AUTHORISED","9936fca8-2a1e-40e7-8f5f-664cffddd6f3"
"2022-09-29","RECEIVE","ULearn Limited Current account","ULearn-Student","","526.5","100","","3 WEEK MORNING GEN SP","526.5","NONE","AUTHORISED","8d555251-1b83-4fe8-8bf5-5dcdb1fdb0ac"
"2022-09-29","RECEIVE","ULearn Limited Current account","ULearn-Student","","330","100","","STUDENT ID 24559ST SP","330","NONE","AUTHORISED","ae6e6ea4-1e6a-47e0-9cfa-6976a5ae144e"
"2022-09-29","RECEIVE","ULearn Limited Current account","ULearn-Student","","109.2","100","","Inv. nr P2022828 s SP","109.2","NONE","AUTHORISED","dfb74f74-9fa4-4d3b-8cc8-2c8aab091420"
"2022-09-29","RECEIVE","ULearn Limited Current account","ULearn-Student","","728.6","100","","Student Id: 25053  SP","728.6","NONE","AUTHORISED","3a663901-5237-408b-b077-cf6e929135ef"
"2022-09-30","RECEIVE","ULearn Limited Current account","ULearn-Student","","188.19","100","","422620838Payment f SP","188.19","NONE","AUTHORISED","1b31ca07-027e-4c61-a18b-b9e801b14828"
"2022-09-30","RECEIVE","ULearn Limited Current account","ULearn-Student","","1400","100","","Student ID: 24734  SP","1400","NONE","AUTHORISED","5939a3af-9ec9-49ff-96b4-5221aabed622"
"2022-09-30","RECEIVE","ULearn Limited Current account","ULearn-Student","","109.2","100","","IP2227305549261324 SP","109.2","NONE","AUTHORISED","0936f46c-5835-403d-821e-c7c0bcf975bc"
"2022-09-30","RECEIVE","ULearn Limited Current account","ULearn-Student","","1811.7","100","","Ulearn  Matthias G SP","1811.7","NONE","AUTHORISED","41f6d0ac-a15f-4aab-96a3-ed175652a02b"
"2022-09-30","RECEIVE","ULearn Limited Current account","ULearn-Student","","1478","100","","STUDEN ID 25051 IN SP","1478","NONE","AUTHORISED","0e8f6ca6-6c55-4431-a30f-041ac8fd07c5"
"2022-09-30","RECEIVE","ULearn Limited Current account","ULearn-Student","","230","100","","LLUIS SENEN GARCIA SP","230","NONE","AUTHORISED","4fbb0941-b062-4d8a-9a2b-57b9f315098a"
"2022-10-03","RECEIVE","ULearn Limited Current account","ULearn-Student","","10","100","","POS01OCT GOCAR CAR SH","10","NONE","AUTHORISED","94fd69d5-54f5-4af4-a691-afa93cdfeeaa"
"2022-10-03","RECEIVE","ULearn Limited Current account","ULearn-Student","","10","100","","POS30SEP GOCAR CAR SH","10","NONE","AUTHORISED","6d093b17-763a-4e51-9f41-69910bb6bc13"
"2022-10-03","RECEIVE","ULearn Limited Current account","ULearn-Student","","12.5","100","","POS30SEP GOCAR CAR SH","12.5","NONE","AUTHORISED","b8c53480-c585-4c77-9386-f3e170215f64"
"2022-10-03","RECEIVE","ULearn Limited Current account","ULearn-Student","","6250","100","","WAACC 13           SP","6250","NONE","AUTHORISED","63524aec-6d6d-4c62-bd0b-9d6aab391719"
"2022-10-03","RECEIVE","ULearn Limited Current account","ULearn-Student","","3200","100","","RENT OCTOBER       SP","3200","NONE","AUTHORISED","55d7869b-966f-4448-8029-cc54302eab1e"
"2022-10-03","RECEIVE","ULearn Limited Current account","ULearn-Student","","1409.4","100","","0417659B0100529/09 SP","1409.4","NONE","AUTHORISED","cc9df645-3cd5-436f-a7c9-a0c7eedada53"
"2022-10-04","RECEIVE","ULearn Limited Current account","ULearn-Student","","45","100","","Student ID 24497   SP","45","NONE","AUTHORISED","01dd0e0e-1598-4d3b-9ebe-90b8e61cd90b"
"2022-10-05","RECEIVE","ULearn Limited Current account","ULearn-Student","","435","100","","IP22278055882042P2 SP","435","NONE","AUTHORISED","e6850635-2e7b-4696-89a5-c4a47bef1fd6"
"2022-10-05","RECEIVE","ULearn Limited Current account","ULearn-Student","","1485","100","","ULEARNSCHOOLP20227 SP","1485","NONE","AUTHORISED","66ec0a28-56a2-4074-b5e2-c873e1307974"
"2022-10-07","RECEIVE","ULearn Limited Current account","ULearn-Student","","495","100","","renewalrenewal     SP","495","NONE","AUTHORISED","d5db3645-23db-445f-a5c8-07e76a4da2e2"
"2022-10-07","RECEIVE","ULearn Limited Current account","ULearn-Student","","330","100","","P2022868STUDENT ID SP","330","NONE","AUTHORISED","42416f14-9a80-4d65-a809-6b3a2723e96a"
"2022-10-10","RECEIVE","ULearn Limited Current account","ULearn-Student","","25","100","","POS09OCT GOCAR CAR SH","25","NONE","AUTHORISED","25bfadc7-98ed-4088-8f4e-10bdcb568862"
"2022-10-10","RECEIVE","ULearn Limited Current account","ULearn-Student","","27.5","100","","POS09OCT GOCAR CAR SH","27.5","NONE","AUTHORISED","99b3ca7a-3b09-4b67-98cf-48ce15b56886"
"2022-10-10","RECEIVE","ULearn Limited Current account","ULearn-Student","","12","100","","POS07OCT GOCAR CAR SH","12","NONE","AUTHORISED","7418f7dc-a0aa-4814-a8ef-b85390828746"
"2022-10-10","RECEIVE","ULearn Limited Current account","ULearn-Student","","12","100","","POS07OCT GOCAR CAR SH","12","NONE","AUTHORISED","2d250dbb-c515-48b3-9712-b1b2ca206d97"
"2022-10-10","RECEIVE","ULearn Limited Current account","ULearn-Student","","3288.6","100","","0417659B0100506/10 SP","3288.6","NONE","AUTHORISED","c888d455-f481-44f1-b3a7-b2e5682fbf7c"
"2022-10-10","RECEIVE","ULearn Limited Current account","ULearn-Student","","2120","100","","221009-7C1F5P520SI SP","2120","NONE","AUTHORISED","fc7dbca4-9f80-4d54-b950-c5cdbbf1ef73"
"2022-10-10","RECEIVE","ULearn Limited Current account","ULearn-Student","","730","100","","1/SINANAJ IRGEN    GP","730","NONE","AUTHORISED","9c7cad2d-0989-4365-8a7d-1151b0d8ac75"
"2022-10-10","RECEIVE","ULearn Limited Current account","ULearn-Student","","1129.6","100","","Nichiai LtdTakuma  SP","1129.6","NONE","AUTHORISED","19114a0d-a0dc-42c1-a87f-f2de68d4e623"
"2022-10-12","RECEIVE","ULearn Limited Current account","ULearn-Student","","2271","100","","23811 Lisa Rouger2 SP","2271","NONE","AUTHORISED","28c3a8b3-9718-4358-8fe6-8d90dafb2f43"
"2022-10-12","RECEIVE","ULearn Limited Current account","ULearn-Student","","230.8","100","","IP22284056339761St SP","230.8","NONE","AUTHORISED","b43d5d3b-f8df-4fdb-9845-ff9884493341"
"2022-10-13","RECEIVE","ULearn Limited Current account","ULearn-Student","","1668.62","100","","430736842Juan Carl SP","1668.62","NONE","AUTHORISED","b66b0243-5625-4051-8b26-7a1110850ca4"
"2022-10-13","RECEIVE","ULearn Limited Current account","ULearn-Student","","250","100","","STUDENT ID 25104   SP","250","NONE","AUTHORISED","1d1988f6-e72e-4451-afb4-80263672e044"
"2022-10-14","RECEIVE","ULearn Limited Current account","ULearn-Student","","14622","100","","23849 Maxime Anne- SP","14622","NONE","AUTHORISED","e4e39d8b-1cc9-4635-bab0-1c03d8318894"
"2022-10-17","RECEIVE","ULearn Limited Current account","ULearn-Student","","15","100","","POS14OCT GOCAR CAR SH","15","NONE","AUTHORISED","f0967c09-c814-4759-9016-065838b85414"
"2022-10-17","RECEIVE","ULearn Limited Current account","ULearn-Student","","312","100","","IP22287056585566Se SP","312","NONE","AUTHORISED","9a7f2fb5-3a9e-46ef-a59e-c3bb1bbda0e0"
"2022-10-17","RECEIVE","ULearn Limited Current account","ULearn-Student","","2800","100","","ENKHRIIMAA ERDENEB GP","2800","NONE","AUTHORISED","2da48301-fbeb-48f8-8d97-85249ba369cf"
"2022-10-17","RECEIVE","ULearn Limited Current account","ULearn-Student","","226","100","","inv P2022862 stude SP","226","NONE","AUTHORISED","7f614794-edc8-4c07-96f1-ab0c66d6f88d"
"2022-10-17","RECEIVE","ULearn Limited Current account","ULearn-Student","","970","100","","24720 Mailys Bourr SP","970","NONE","AUTHORISED","ceb2232c-e7d1-4591-bdfa-4ecce08143d8"
"2022-10-18","RECEIVE","ULearn Limited Current account","ULearn-Student","","2897.4","100","","25081 Doriane Cano SP","2897.4","NONE","AUTHORISED","31c1750b-3b36-4b09-8019-db78c8eecf13"
"2022-10-18","RECEIVE","ULearn Limited Current account","ULearn-Student","","305","100","","Student ID: 24497  SP","305","NONE","AUTHORISED","b4896d7c-7aca-478c-850e-d13eb52a39dd"
"2022-10-19","RECEIVE","ULearn Limited Current account","ULearn-Student","","3765","100","","PEDRO              SP","3765","NONE","AUTHORISED","5b0d54cb-d823-42bf-aa0d-26eebf18ee4f"
"2022-10-19","RECEIVE","ULearn Limited Current account","ULearn-Student","","882","100","","Student ID: 24491I SP","882","NONE","AUTHORISED","8170501f-afdb-4c41-ba04-c68367a2d4e7"
"2022-10-20","RECEIVE","ULearn Limited Current account","ULearn-Student","","2.5","100","","POS19OCT GOCAR CAR SH","2.5","NONE","AUTHORISED","66b0f5cb-1c53-4de2-866b-6c2b37640978"
"2022-10-20","RECEIVE","ULearn Limited Current account","ULearn-Student","","15","100","","POS19OCT GOCAR CAR SH","15","NONE","AUTHORISED","8f62b09d-1453-457b-8b2b-7a162ae0239b"
"2022-10-20","RECEIVE","ULearn Limited Current account","ULearn-Student","","109.2","100","","IP2229305694476124 SP","109.2","NONE","AUTHORISED","6c75ecde-b3e2-46a9-a7ed-9cb9a97a6914"
"2022-10-20","RECEIVE","ULearn Limited Current account","ULearn-Student","","190","100","","P2022898 FALQUET A SP","190","NONE","AUTHORISED","41884b7f-3c39-418f-9311-bcdbd56a0859"
"2022-10-20","RECEIVE","ULearn Limited Current account","ULearn-Student","","330","100","","ALVARO MARTINEZ    SP","330","NONE","AUTHORISED","24942f48-35c4-492a-84d3-1613f80c4aea"
"2022-10-21","RECEIVE","ULearn Limited Current account","ULearn-Student","","1530","100","","365  18441 P2022806","1530","NONE","AUTHORISED","0d3cf13c-6798-4fd8-ad6c-f35548461412"
"2022-10-21","RECEIVE","ULearn Limited Current account","ULearn-Student","","24.37","100","","P2010GB 21.34@1.14198","24.37","NONE","AUTHORISED","6a591376-bdc4-4e93-a8c3-9bbbc209e6c8"
"2022-10-21","RECEIVE","ULearn Limited Current account","ULearn-Student","","882","100","","WEEK MORNING GENER SP","882","NONE","AUTHORISED","3613886e-810a-4bca-98f1-dcb7b8875414"
"2022-10-21","RECEIVE","ULearn Limited Current account","ULearn-Student","","828","100","","ULEARNSCHOOLP20229 SP","828","NONE","AUTHORISED","7b962e68-2cef-4598-be27-d5e6b3a2ef98"
"2022-10-24","RECEIVE","ULearn Limited Current account","ULearn-Student","","1850","100","","Last payment 3/324 SP","1850","NONE","AUTHORISED","70bef9d2-14d9-4993-b9ba-5041f58fc5c7"
"2022-10-25","RECEIVE","ULearn Limited Current account","ULearn-Student","","3020","100","","ABDERRAHMANE GHANI","3020","NONE","AUTHORISED","05603dd7-b19b-448b-bba3-460844aefba6"
"2022-10-25","RECEIVE","ULearn Limited Current account","ULearn-Student","","3000","100","","1/DISRAEL CASTILLO GP","3000","NONE","AUTHORISED","744910cf-499c-424b-adf6-4b980f8aae59"
"2022-10-25","RECEIVE","ULearn Limited Current account","ULearn-Student","","2193.75","100","","MICHID NARANKHUUSC SP","2193.75","NONE","AUTHORISED","8573b8e0-2384-47a7-87d6-4acf0fc525b3"
"2022-10-26","RECEIVE","ULearn Limited Current account","ULearn-Student","","920","100","","365  4319401041210301","920","NONE","AUTHORISED","27b1f2e5-5732-4a06-abe0-8d2d25029d45"
"2022-10-26","RECEIVE","ULearn Limited Current account","ULearn-Student","","400","100","","ADEL BANGOLI       SP","400","NONE","AUTHORISED","c866d4b0-e15f-4745-b858-3160979d5062"
"2022-10-27","RECEIVE","ULearn Limited Current account","ULearn-Student","","190.4","100","","Student ID: 25180  SP","190.4","NONE","AUTHORISED","3d171b10-8f1a-4713-87ba-cc4c0733c12b"
"2022-10-27","RECEIVE","ULearn Limited Current account","ULearn-Student","","1388","100","","Payment for Patriz SP","1388","NONE","AUTHORISED","4100b72e-f3c1-45b3-9f8e-425181c3d669"
"2022-10-28","RECEIVE","ULearn Limited Current account","ULearn-Student","","678","100","","IP2230105751112324 SP","678","NONE","AUTHORISED","5547032a-5b19-4ba8-b6e7-7114b5b18594"
"2022-11-01","RECEIVE","ULearn Limited Current account","ULearn-Student","","330","100","","EVENING COURSE     SP","330","NONE","AUTHORISED","2a3430cd-890b-49d8-8c15-774eb7098f0b"
"2022-11-01","RECEIVE","ULearn Limited Current account","ULearn-Student","","63","100","","IP22305057746815St SP","63","NONE","AUTHORISED","0acfaef1-4e96-474c-95d4-943cc9afb3ee"
"2022-11-01","RECEIVE","ULearn Limited Current account","ULearn-Student","","203","100","","25189/P20229362518 SP","203","NONE","AUTHORISED","0b1d3c55-b6d5-444e-9c4d-14185aeabc30"
"2022-11-01","RECEIVE","ULearn Limited Current account","ULearn-Student","","1478","100","","IP22301057523785Ju SP","1478","NONE","AUTHORISED","aa763521-4c2d-4efe-928a-20ea6befe075"
"2022-11-01","RECEIVE","ULearn Limited Current account","ULearn-Student","","330.8","100","","Two weeks of 15 ho SP","330.8","NONE","AUTHORISED","be4a771d-5cd3-45db-9126-85f1a3611099"
"2022-11-03","RECEIVE","ULearn Limited Current account","ULearn-Student","","300","100","","IP22307057953302Se SP","300","NONE","AUTHORISED","a805c1dd-3ca3-42f5-8b12-f77cd7d320fa"
"2022-11-03","RECEIVE","ULearn Limited Current account","ULearn-Student","","2675","100","","Student ID: 25150. SP","2675","NONE","AUTHORISED","d2f2b15c-272c-4dbc-9e2a-4aabf0f1a146"
"2022-11-03","RECEIVE","ULearn Limited Current account","ULearn-Student","","351","100","","7070AD531F7646B79DCTO","351","NONE","AUTHORISED","bbf58141-f653-4ecb-9996-21d23fde147f"
"2022-11-04","RECEIVE","ULearn Limited Current account","ULearn-Student","","281.23","100","","444344783P2022931  SP","281.23","NONE","AUTHORISED","8000e206-bd09-4306-bc3d-0209a00e5128"
"2022-11-04","RECEIVE","ULearn Limited Current account","ULearn-Student","","1846","100","","ULEARNMUNKHTSETSEG SP","1846","NONE","AUTHORISED","5e91cccf-2af8-4071-9873-1bfa89682cf4"
"2022-11-04","RECEIVE","ULearn Limited Current account","ULearn-Student","","40","100","","Payment overview - SP","40","NONE","AUTHORISED","96579a6a-d011-41e3-b512-67a8764cfa52"
"2022-11-04","RECEIVE","ULearn Limited Current account","ULearn-Student","","170","100","","25189/D20224942518 SP","170","NONE","AUTHORISED","ce638115-d30e-47b1-891c-75db85aada61"
"2022-11-07","RECEIVE","ULearn Limited Current account","ULearn-Student","","230","100","","365  Deyanira Castill","230","NONE","AUTHORISED","c4c28a9b-f740-4aef-b9cf-73e2c9da74bc"
"2022-11-09","RECEIVE","ULearn Limited Current account","ULearn-Student","","950","100","","365  English course","950","NONE","AUTHORISED","f3d9a992-114f-4df8-a818-bf3cfdf76a2f"
"2022-11-09","RECEIVE","ULearn Limited Current account","ULearn-Student","","100.8","100","","IP22312058314546St SP","100.8","NONE","AUTHORISED","0c2ab513-9638-40eb-844d-f304c5ecae62"
"2022-11-09","RECEIVE","ULearn Limited Current account","ULearn-Student","","227.5","100","","LLUIS SENEN GARCIA SP","227.5","NONE","AUTHORISED","398c36e6-ff24-4eef-8bb3-b5f68ebaeae0"
"2022-11-10","RECEIVE","ULearn Limited Current account","ULearn-Student","","340","100","","25189/D20224992518 SP","340","NONE","AUTHORISED","0e04d5f6-9c86-47d0-9ae9-57033184a0e0"
"2022-11-14","RECEIVE","ULearn Limited Current account","ULearn-Student","","1875","100","","25188NADIA SHMELOV SP","1875","NONE","AUTHORISED","c25f05b8-48d5-4470-9435-dade788c1d66"
"2022-11-15","RECEIVE","ULearn Limited Current account","ULearn-Student","","201.6","100","","IP22318058721852St SP","201.6","NONE","AUTHORISED","6622e168-af8e-4c9f-a8ac-f81e7e0be2d1"
"2022-11-15","RECEIVE","ULearn Limited Current account","ULearn-Student","","3379","100","","Student: ID 25210  SP","3379","NONE","AUTHORISED","7d759ae8-356f-4430-92c7-40ef5703a48b"
"2022-11-15","RECEIVE","ULearn Limited Current account","ULearn-Student","","734","100","","25203              SP","734","NONE","AUTHORISED","b5a4bdc1-5887-43ef-8e15-c546ce47a41e"
"2022-11-16","RECEIVE","ULearn Limited Current account","ULearn-Student","","250","100","","JOHN GUEVARA  UL   SP","250","NONE","AUTHORISED","119e6064-5a2b-45b3-a5c9-46ea5cf8cf7c"
"2022-11-16","RECEIVE","ULearn Limited Current account","ULearn-Student","","290","100","","IP22319058833656Hi SP","290","NONE","AUTHORISED","e3fdffd2-4d13-4bd7-ae65-feca9b00a2f3"
"2022-11-17","RECEIVE","ULearn Limited Current account","ULearn-Student","","1249.6","100","","ULEARNSCHOOLP25187 SP","1249.6","NONE","AUTHORISED","3f8bf17b-8286-4fa6-93c2-05476e913dc1"
"2022-11-17","RECEIVE","ULearn Limited Current account","ULearn-Student","","2631.25","100","","LORENA             SP","2631.25","NONE","AUTHORISED","e8a571af-5e4f-433b-b5c2-8aa6cd36ee1d"
"2022-11-18","RECEIVE","ULearn Limited Current account","ULearn-Student","","4093","100","","1/MURRIGHILI MARCO GP","4093","NONE","AUTHORISED","c4042810-9b5b-45a8-a6e7-c290f9fc8fc5"
"2022-11-18","RECEIVE","ULearn Limited Current account","ULearn-Student","","136","100","","Student: ID 25210  SP","136","NONE","AUTHORISED","36a8bcb7-7067-488e-aebf-e029a41481c5"
"2022-11-22","RECEIVE","ULearn Limited Current account","Unknown","","2412","100","","365  LAST RESORT","2412","NONE","AUTHORISED","958983a9-6439-4cdb-a493-169ae287420d"
"2022-11-22","RECEIVE","ULearn Limited Current account","Unknown","","70","100","","GUILHERME          SP","70","NONE","AUTHORISED","075d230c-fef6-4a1b-bdee-6b7040c5f7ea"
"2022-11-22","RECEIVE","ULearn Limited Current account","Unknown","","330","100","","Student 25231. Pay SP","330","NONE","AUTHORISED","8a2d8798-7c80-4fd0-b226-29201d96c64b"
"2022-11-23","RECEIVE","ULearn Limited Current account","Unknown","","135","100","","IP22326059281199Se SP","135","NONE","AUTHORISED","93f5fea3-65b2-41cc-bab2-50dc3d771d8c"
"2022-11-23","RECEIVE","ULearn Limited Current account","Unknown","","160","100","","IP22326059284613St SP","160","NONE","AUTHORISED","3752b287-46a7-482f-9ba2-1145db5a2ba7"
"2022-11-24","RECEIVE","ULearn Limited Current account","Unknown","","550","100","","365  Aydan Aktas","550","NONE","AUTHORISED","8ac70255-4d8d-4501-9c51-1cce05e383f7"
"2022-11-25","RECEIVE","ULearn Limited Current account","Unknown","","1150","100","","365  4319401041210301","1150","NONE","AUTHORISED","03a13c26-40be-4e70-b518-9a9820723385"
"2022-11-25","RECEIVE","ULearn Limited Current account","Unknown","","1372","100","","INVOICE D2022411 S SP","1372","NONE","AUTHORISED","0fc2571f-8b73-4902-a57f-b7ba04659379"
"2022-11-25","RECEIVE","ULearn Limited Current account","Unknown","","470","100","","CHEICK CAMARA      SP","470","NONE","AUTHORISED","b35f7788-01fc-4abf-b811-5c5c09d03946"
"2022-11-25","RECEIVE","ULearn Limited Current account","Unknown","","3050","100","","IGNACIO P LIPRANDI GP","3050","NONE","AUTHORISED","9b65b20f-381b-4590-a501-4632f81abce9"
"2022-11-25","RECEIVE","ULearn Limited Current account","Unknown","","590","100","","STUDEN ID 25051 IN SP","590","NONE","AUTHORISED","4b3efcbc-e8cc-404f-a2ee-264cc46c839a"
"2022-11-25","RECEIVE","ULearn Limited Current account","Unknown","","3350.06","100","","Student ID 25215 I SP","3350.06","NONE","AUTHORISED","d4845e46-b31c-452c-b461-e61b74937fa2"
"2022-11-28","RECEIVE","ULearn Limited Current account","Unknown","","100","100","","365  Deyanira Castill","100","NONE","AUTHORISED","0d1b92e2-6d97-4590-bb4e-44744c7511ad"
"2022-11-28","RECEIVE","ULearn Limited Current account","Unknown","","2631.25","100","","JESENIA            SP","2631.25","NONE","AUTHORISED","e4426a1e-7af1-4404-919d-48fa98e029e3"
"2022-11-30","RECEIVE","ULearn Limited Current account","Unknown","","2100","100","","RICARDO            SP","2100","NONE","AUTHORISED","45803d2e-24d7-4a32-a44f-05166621df2f"
"2022-12-01","RECEIVE","ULearn Limited Current account","Unknown","","50","100","","25189/D20225082518 SP","50","NONE","AUTHORISED","7a5d5712-3a20-428a-8072-66838921f61d"
"2022-12-02","RECEIVE","ULearn Limited Current account","Unknown","","9.52","100","","POS01DEC AMZN Mktp US","9.52","NONE","AUTHORISED","6449c0e8-68f2-4be5-a22c-16a2b86e2499"
"2022-12-02","RECEIVE","ULearn Limited Current account","Unknown","","2631.25","100","","NORMA              SP","2631.25","NONE","AUTHORISED","533ae200-fe75-4698-b572-9a0e4cdc840a"
"2022-12-02","RECEIVE","ULearn Limited Current account","Unknown","","1065","100","","P20221016 P2022101 SP","1065","NONE","AUTHORISED","55279b9b-a56a-4b57-97bb-776e249ece2a"
"2022-12-05","RECEIVE","ULearn Limited Current account","Unknown","","142.35","100","","POS02DEC STORAGE WORL","142.35","NONE","AUTHORISED","f47f6550-e9dd-45a9-b1ea-bac24b9bcd9e"
"2022-12-05","RECEIVE","ULearn Limited Current account","Unknown","","630","100","","Student 25267 cour SP","630","NONE","AUTHORISED","303df974-385d-45c7-85cf-5f06cc6e0f39"
"2022-12-05","RECEIVE","ULearn Limited Current account","Unknown","","745","100","","25237/Paymant for  SP","745","NONE","AUTHORISED","fcfb544d-4720-425e-8e78-e1d8f47be1d2"
"2022-12-05","RECEIVE","ULearn Limited Current account","Unknown","","3745","100","","ULEARNSCHOOLP20229 SP","3745","NONE","AUTHORISED","46eafa5f-3021-4527-b497-8e363b576841"
"2022-12-06","RECEIVE","ULearn Limited Current account","Unknown","","1657.5","100","","INV P20221020","1657.5","NONE","AUTHORISED","bf5ff1d1-c483-484e-98a8-dec2e605bfa3"
"2022-12-06","RECEIVE","ULearn Limited Current account","Unknown","","1657.5","100","","INV P20221023","1657.5","NONE","AUTHORISED","12b8be0c-4a6a-4d6a-93b2-fcdeb5ceccd6"
"2022-12-06","RECEIVE","ULearn Limited Current account","Unknown","","1398.75","100","","INV P20221021","1398.75","NONE","AUTHORISED","c029b6e3-e66c-434e-9f92-32519127c81f"
"2022-12-06","RECEIVE","ULearn Limited Current account","Unknown","","15","100","","Student 25267 cour SP","15","NONE","AUTHORISED","b5587439-a096-4205-a4b5-f0360ed297ab"
"2022-12-07","RECEIVE","ULearn Limited Current account","Unknown","","1858.53","100","","STRIPE-HHTIHHOTFSC SP","1858.53","NONE","AUTHORISED","6ec2387f-cf5d-4ed1-b554-e81ee3ddd5e9"
"2022-12-07","RECEIVE","ULearn Limited Current account","Unknown","","2120","100","","JOHNNY             SP","2120","NONE","AUTHORISED","b34dd387-eeb6-499f-a3b8-93c0ae3a0b03"
"2022-12-07","RECEIVE","ULearn Limited Current account","Unknown","","2625","100","","ULEARNSCHOOLP20221 SP","2625","NONE","AUTHORISED","7bc1da15-9027-4e29-b4b7-564e585ab2e1"
"2022-12-08","RECEIVE","ULearn Limited Current account","Unknown","","2165.5","100","","465686858INV. D202 SP","2165.5","NONE","AUTHORISED","28302d04-1aab-4d90-b31e-7539986b0cad"
"2022-12-08","RECEIVE","ULearn Limited Current account","Unknown","","97.97","100","","STRIPE-GTDA3UNMNKM SP","97.97","NONE","AUTHORISED","e1da829a-2799-4dee-aae0-d2501055a708"
"2022-12-09","RECEIVE","ULearn Limited Current account","Unknown","","3735","100","","Manuela Novara Gen SP","3735","NONE","AUTHORISED","60ca9581-d8fe-489f-8365-8fb3c485ffe0"
"2022-12-09","RECEIVE","ULearn Limited Current account","Unknown","","294.52","100","","STRIPE-AER9CEVUKG3 SP","294.52","NONE","AUTHORISED","52032f0f-ac86-4a47-8491-70ec17ad4edd"
"2022-12-09","RECEIVE","ULearn Limited Current account","Unknown","","688.4","100","","RE ABROAD.INC. 025 GP","688.4","NONE","AUTHORISED","a8caf33a-75d2-4369-adbd-0e74c82aceb8"
"2022-12-09","RECEIVE","ULearn Limited Current account","Unknown","","1886","100","","STUDENT ID 25245   SP","1886","NONE","AUTHORISED","46b66841-a7b8-42a9-8eae-c6fe5f08b780"
"2022-12-09","RECEIVE","ULearn Limited Current account","Unknown","","1465","100","","P2022983           SP","1465","NONE","AUTHORISED","47f84330-a40c-44d5-81cb-e2323f2e1fef"
"2022-12-12","RECEIVE","ULearn Limited Current account","Unknown","","1925","100","","student ID 25310.  SP","1925","NONE","AUTHORISED","e6607bed-ba9d-4cb0-9982-6aaa5b30c93a"
"2022-12-12","RECEIVE","ULearn Limited Current account","Unknown","","2631.25","100","","RUTH               SP","2631.25","NONE","AUTHORISED","8963c869-53a8-47ca-8894-bd2326aacf92"
"2022-12-14","RECEIVE","ULearn Limited Current account","Unknown","","245","100","","469331872Inv. D202 SP","245","NONE","AUTHORISED","ac5b06cb-18a2-4026-96d6-cfada2715379"
"2022-12-14","RECEIVE","ULearn Limited Current account","Unknown","","998","100","","469439061Dario Ale SP","998","NONE","AUTHORISED","e386d1df-5cad-4673-adcd-721b2d4645e1"
"2022-12-14","RECEIVE","ULearn Limited Current account","Unknown","","245.39","100","","STRIPE-SYBEIHSJPZ8 SP","245.39","NONE","AUTHORISED","3067285f-bac9-4377-abeb-8eb4787cbaa0"
"2022-12-14","RECEIVE","ULearn Limited Current account","Unknown","","815","100","","Language course Mr SP","815","NONE","AUTHORISED","b900202e-a95f-4a81-a360-9e56c958dd97"
"2022-12-14","RECEIVE","ULearn Limited Current account","Unknown","","300","100","","ADEL BANGOLIADEL B SP","300","NONE","AUTHORISED","fe821c9e-b716-440e-ba70-66d1b006fc19"
"2022-12-15","RECEIVE","ULearn Limited Current account","Unknown","","50","100","","POS14DEC GOCAR CAR SH","50","NONE","AUTHORISED","93cdf178-797d-4626-b550-41eb88d1b25f"
"2022-12-15","RECEIVE","ULearn Limited Current account","Unknown","","2345","100","","P20221060STUDENT I SP","2345","NONE","AUTHORISED","fbe4a829-94c4-4982-ad05-ab5b068de7f1"
"2022-12-16","RECEIVE","ULearn Limited Current account","Unknown","","795","100","","365  22684 Enkhbayar","795","NONE","AUTHORISED","288754a5-33f3-4d92-a5af-20cb286cc492"
"2022-12-16","RECEIVE","ULearn Limited Current account","Unknown","","575","100","","365  4319401041210301","575","NONE","AUTHORISED","93a1efb4-16f6-40e3-a7c5-b4e25c273466"
"2022-12-16","RECEIVE","ULearn Limited Current account","Unknown","","895","100","","SARA RIVE          GP","895","NONE","AUTHORISED","0c09e137-00d0-45bc-bdea-aab8ebc2877f"
"2022-12-16","RECEIVE","ULearn Limited Current account","Unknown","","1015","100","","1/TRAVELMATE INTER GP","1015","NONE","AUTHORISED","d1d6c3bc-389a-4490-937f-ac3a8df1f4d2"
"2022-12-16","RECEIVE","ULearn Limited Current account","Unknown","","1500","100","","22684 P20221034226 SP","1500","NONE","AUTHORISED","a9edb205-ad80-4a9c-bbb0-d59db0e8d3fd"
"2022-12-19","RECEIVE","ULearn Limited Current account","Unknown","","2525","100","","30033 25266D2022551","2525","NONE","AUTHORISED","f60c13a8-64ae-4c8e-8c8b-5f96bf6d632e"
"2022-12-19","RECEIVE","ULearn Limited Current account","Unknown","","218.75","100","","Payment for CLAIRE SP","218.75","NONE","AUTHORISED","048549b8-28f6-4f44-a5af-02f5d2bb19ae"
"2022-12-19","RECEIVE","ULearn Limited Current account","Unknown","","745","100","","Accommodation  Stu SP","745","NONE","AUTHORISED","2a98d923-0d94-4315-a752-950e42a50d19"
"2022-12-19","RECEIVE","ULearn Limited Current account","Unknown","","407.68","100","","774451D367AA4AED86CTO","407.68","NONE","AUTHORISED","c6def3a6-9d01-49f6-9473-a869eb3a3639"
"2022-12-20","RECEIVE","ULearn Limited Current account","Unknown","","240.77","100","","STRIPE-MSBG2GEUTOO SP","240.77","NONE","AUTHORISED","8e229145-2b46-4f90-8ec0-132a762d8cfd"
"2022-12-23","RECEIVE","ULearn Limited Current account","Unknown","","35","100","","Michelle Stoute IE SP","35","NONE","AUTHORISED","3d453bb2-634b-4931-b332-bf00aa9fc34a"
"2022-12-23","RECEIVE","ULearn Limited Current account","Unknown","","610","100","","00694744YStudent I SP","610","NONE","AUTHORISED","d45d667f-e424-4128-b589-ac39eb54284f"
"2022-12-29","RECEIVE","ULearn Limited Current account","Unknown","","2425","100","","ALVAREZ ARRATIA JO GP","2425","NONE","AUTHORISED","b8f8ac75-a9d1-49cb-ad1f-1fe0688583a6"
"2022-12-29","RECEIVE","ULearn Limited Current account","Unknown","","2631.25","100","","GABRIELA           SP","2631.25","NONE","AUTHORISED","c0ce2488-7aa0-4c0e-8d49-eaf5355191f0"
"2022-12-29","RECEIVE","ULearn Limited Current account","Unknown","","245.39","100","","STRIPE-AFGL3FVR9ZF SP","245.39","NONE","AUTHORISED","24709d44-d120-4579-b9cc-e47e36599ad4"
"2022-12-29","RECEIVE","ULearn Limited Current account","Unknown","","245.39","100","","STRIPE-8LNCYRD6XYU SP","245.39","NONE","AUTHORISED","8ecc5e55-e965-4540-8579-b61ea8f28798"
"2022-12-29","RECEIVE","ULearn Limited Current account","Unknown","","3581.9","100","","24815 Samuel Dalla SP","3581.9","NONE","AUTHORISED","553677f4-5612-40d0-bd20-5d2c659d7a8e"
"2022-12-30","RECEIVE","ULearn Limited Current account","Unknown","","770","100","","P2022983           SP","770","NONE","AUTHORISED","0390424e-d1fe-4911-886b-cfcdf94e1743"
"2022-12-30","RECEIVE","ULearn Limited Current account","Unknown","","221","100","","221229-9L08WB558SI SP","221","NONE","AUTHORISED","d4813486-ad0e-451f-a4b2-463082379be1"
"2022-12-30","RECEIVE","ULearn Limited Current account","Unknown","","1440","100","","221229-50VHW5413SI SP","1440","NONE","AUTHORISED","916e20fe-2527-4cac-a06f-74f155863c70"
"2022-12-30","RECEIVE","ULearn Limited Current account","Unknown","","3373","100","","ULEARNSCHOOLP20221 SP","3373","NONE","AUTHORISED","64fe8db3-914a-41a3-9e6a-61ee43219dec"
"2022-09-26","SPEND","ULearn Limited Current account","Flickr","","7.49","B106","","POS23JUN FLICKR PRO M","7.49","NONE","AUTHORISED","1fa78d81-fab0-470d-9ac6-57765f6ba600"
"2022-09-26","SPEND","ULearn Limited Current account","Blacknight","","61.44","B106","","Webhost Domains","61.44","NONE","AUTHORISED","b023b27c-5141-4bc5-8cea-d334685abc47"
"2022-09-26","SPEND","ULearn Limited Current account","Blacknight","","30.74","B106","","Webhost Domains","30.74","NONE","AUTHORISED","4046ba9d-21e1-4ff1-9857-46fe22cdf5da"
"2022-09-26","SPEND","ULearn Limited Current account","Hubspot","","81.77","B106","","POS21JUN A2WEBHOST* I","81.77","NONE","AUTHORISED","21f50248-2765-48ce-9861-207c303f5489"
"2022-09-26","SPEND","ULearn Limited Current account","TradingView","","30.99","B106","","P0406US 29.95@0.82537","30.99","NONE","AUTHORISED","646c88eb-3b8e-4ec8-b909-67e79be3877b"
"2022-09-26","SPEND","ULearn Limited Current account","CARD - Google","","500","B110","","POS23JUN GOOGLE *ADS1","500","NONE","AUTHORISED","f330282c-8f47-4a86-b312-f16b5e785231"
"2022-09-26","SPEND","ULearn Limited Current account","FREE NOW","","32.68","A104","","Student transsport","32.68","NONE","AUTHORISED","3840a3cf-c608-490e-937f-28a1207380cb"
"2022-09-26","SPEND","ULearn Limited Current account","Bank Charges","","0.21","B127","","NEPOSCHGUSD 000000.24","0.21","NONE","AUTHORISED","a3904394-41e2-496e-b349-a972761426ee"
"2022-09-26","SPEND","ULearn Limited Current account","Bank Charges","","0.62","B127","","NEPOSCHGUSD 000000.33","0.62","NONE","AUTHORISED","0dcc537d-1f0e-4233-9e55-9d5539ea0971"
"2022-09-27","SPEND","ULearn Limited Current account","Lenehans","","44.68","A101","","Hardware - Capel ","44.68","NONE","AUTHORISED","4d94debb-b2de-4bf0-8d5d-3b19c17bacc7"
"2022-09-27","SPEND","ULearn Limited Current account","REVENUE COMMISSIONERS","","1986","B109","","Local Property Tax ","1986","NONE","AUTHORISED","a6c9391d-9391-43ae-9d64-fcc48530162a"
"2022-09-26","SPEND","ULearn Limited Current account","TradingView","","10.34","B106","","P2503US 29.95@0.91085","10.34","NONE","AUTHORISED","217fa8eb-73d8-468a-b4c4-c6b184294656"
"2022-09-28","SPEND","ULearn Limited Current account","Lenehans","","38.95","A101","","Hardware - Capel ","38.95","NONE","AUTHORISED","d3d5d22e-057b-4696-a167-380f43273bdb"
"2022-09-28","SPEND","ULearn Limited Current account","Bank Charges","","10","B127","","BOI BOL CHARGE","10","NONE","AUTHORISED","ed4bc46e-4b8e-4e7e-b8ca-04d87f023a08"
"2022-09-28","SPEND","ULearn Limited Current account","Storage Worl","","224.75","B102","","Storage World","224.75","NONE","AUTHORISED","427465c2-213a-4001-a038-274c91bd3284"
"2022-09-30","SPEND","ULearn Limited Current account","Centra Capel Street","","19.9","A101","","","19.9","NONE","AUTHORISED","7d4d8200-9f07-467b-a32d-829ab3a45111"
"2022-09-30","SPEND","ULearn Limited Current account","Bus Atha Cliath","","522","A109B","","Bus Tickets","522","NONE","AUTHORISED","e3436858-be34-437f-8396-09d99fe4f572"
"2022-09-30","SPEND","ULearn Limited Current account","CARD - Google","","500","B110","","POS23JUN GOOGLE *ADS1","500","NONE","AUTHORISED","4d7ea88c-1796-4da0-ad16-4729c156c3af"
"2022-09-30","SPEND","ULearn Limited Current account","Lenehans","","82.97","A101","","Hardware - Capel ","82.97","NONE","AUTHORISED","648f1f89-58d1-4ce8-8489-62ea0e29c4b7"
"2022-10-03","SPEND","ULearn Limited Current account","Lenehans","","12.98","A101","","Hardware - Capel ","12.98","NONE","AUTHORISED","970b356f-9cff-443e-8b18-783dd6dbe6bb"
"2022-10-03","SPEND","ULearn Limited Current account","Bank Charges","","0.4","B127","","NEPOSCHGUSD 000000.33","0.4","NONE","AUTHORISED","bd693c51-0d20-4a38-8422-b68eee5ec6fe"
"2022-10-03","SPEND","ULearn Limited Current account","PAYROLL","","2250","E104B","","TO NEIL MC MAHON","2250","NONE","AUTHORISED","1f8db3fa-33c5-4998-979d-c280149d5829"
"2022-10-03","SPEND","ULearn Limited Current account","PAYROLL","","2250","E104B","","TO DIANA GUTIERREZ MA","2250","NONE","AUTHORISED","d776d2dd-acd3-491e-9739-10baad45258f"
"2022-10-03","SPEND","ULearn Limited Current account","PAYROLL","","2250","E104B","","TO PAUL GILL","2250","NONE","AUTHORISED","17528c8d-623c-4579-9e89-ee32a6fbd556"
"2022-10-03","SPEND","ULearn Limited Current account","FREE NOW","","19.6","A104","","Student transsport","19.6","NONE","AUTHORISED","50e1b883-c3d7-48bd-b71a-22f2173a8901"
"2022-10-03","SPEND","ULearn Limited Current account","Vodafone","","20","B104","","Accomm Phone TopUp","20","NONE","AUTHORISED","5de05c31-52ea-4e55-8592-f759afe23bf8"
"2022-10-03","SPEND","ULearn Limited Current account","CARD - Google","","165.19","B110","","POS23JUN GOOGLE *ADS1","165.19","NONE","AUTHORISED","9b9c1645-d887-411d-8c37-6876e0598633"
"2022-10-03","SPEND","ULearn Limited Current account","Zoho","","36.9","B106","","HRM Software","36.9","NONE","AUTHORISED","cc1de12f-bee4-45fe-b2fb-500c20439e02"
"2022-10-03","SPEND","ULearn Limited Current account","DublinBikes","","2.5","A104","","DublinBikes School Sub","2.5","NONE","AUTHORISED","36afddcd-0583-475c-ba0f-b0afd4124524"
"2022-10-03","SPEND","ULearn Limited Current account","Indeed - CARD","","577.28","B110","","August 2022 Sponsored Jobs on indeed.com","577.28","NONE","AUTHORISED","62b3a686-dd98-475f-b552-e1a0b89e6802"
"2022-09-30","SPEND","ULearn Limited Current account","Google - CARD","4564940136","107.45","B110","","Google Workspace Business Standard Usage Sep 1 - Sep 30","107.45","NONE","AUTHORISED","f0a44ddd-127e-4fbd-a26b-3a8a1a24dc8a"
"2022-10-03","SPEND","ULearn Limited Current account","GoCar","","10","A104","","Student Move","10","NONE","AUTHORISED","148fc51a-c794-42a7-9290-e454bbaae52e"
"2022-10-03","SPEND","ULearn Limited Current account","GoCar","","10","A104","","Student Move","10","NONE","AUTHORISED","1a3907f7-28f4-4e46-9da9-f8d29e6d2b40"
"2022-10-03","SPEND","ULearn Limited Current account","GoCar","","12.5","A104","","Student Move","12.5","NONE","AUTHORISED","71d19539-b739-4e64-a812-5b895c5f4ef6"
"2022-10-03","SPEND","ULearn Limited Current account","TradingView","","19.82","B106","","P2503US 29.95@0.91085","19.82","NONE","AUTHORISED","3bf2e016-7200-465c-8ba1-e6261253df45"
"2022-10-04","SPEND","ULearn Limited Current account","Bank Charges","","0.48","B127","","NEPOSCHGGBP 000000.19","0.48","NONE","AUTHORISED","2490bb17-97de-4c0d-ad48-8c325928d0bf"
"2022-10-05","SPEND","ULearn Limited Current account","Bank Charges","","0.75","B127","","NEPOSCHGUSD 000000.33","0.75","NONE","AUTHORISED","a72ae60e-9b73-465d-bf2d-6ba1b6322c1d"
"2022-10-05","SPEND","ULearn Limited Current account","ZOOM","","51.62","B106","","Zoom Meetings","51.62","NONE","AUTHORISED","b30fcd1b-aa8a-4d9e-ad46-2e9d803a2dad"
"2022-10-05","SPEND","ULearn Limited Current account","SOFTWARE","","37.58","B106","","P2505US 29.95@0.82170","37.58","NONE","AUTHORISED","e94a6754-2daf-4f30-b7f3-b8c1433ae2e4"
"2022-10-06","SPEND","ULearn Limited Current account","Tesco","","13.25","B102","","Misc expenses","13.25","NONE","AUTHORISED","c43c532b-ad45-4427-a433-f51ee2febff5"
"2022-10-06","SPEND","ULearn Limited Current account","Tesco","","8","B102","","Misc expenses","8","NONE","AUTHORISED","20e628d7-90fb-4dd1-a86b-8d4651fdee13"
"2022-10-06","SPEND","ULearn Limited Current account","Lenehans","","8.24","A101","","Hardware - Capel ","8.24","NONE","AUTHORISED","8cdeeb1d-3a2f-465f-9e08-daf32464cb9a"
"2022-10-06","SPEND","ULearn Limited Current account","Homebase","","35","A101","","Paint","35","NONE","AUTHORISED","ac97d85e-33ff-4d8d-95e0-1e04846c908e"
"2022-10-06","SPEND","ULearn Limited Current account","CARD - Google","","500","B110","","POS23JUN GOOGLE *ADS1","500","NONE","AUTHORISED","d8a6979f-c28c-431f-b659-d5a395241d19"
"2022-10-06","SPEND","ULearn Limited Current account","GoCar","","10","A104","","Student Move","10","NONE","AUTHORISED","41e286c5-0ebd-49b3-85a2-b1cf7534180e"
"2022-10-06","SPEND","ULearn Limited Current account","GoCar","","20","A104","","Student Move","20","NONE","AUTHORISED","6af811c9-344b-4f22-8ee8-70f7489e9d34"
"2022-10-07","SPEND","ULearn Limited Current account","Tesco","","83","A108","","Halloween Party Treats","83","NONE","AUTHORISED","6f678a6b-50d6-4975-81db-ce3b6fb58949"
"2022-10-07","SPEND","ULearn Limited Current account","GoCar","","2.5","A104","","Student Move","2.5","NONE","AUTHORISED","fbf42676-2d1b-4fa6-a3f7-46b4f5c831e1"
"2022-10-07","SPEND","ULearn Limited Current account","GoCar","","15","A104","","Student Move","15","NONE","AUTHORISED","fdc68c9d-5121-44bb-8007-ee8d3f47cba0"
"2022-10-10","SPEND","ULearn Limited Current account","Centra Capel Street","","3.99","B115","","","3.99","NONE","AUTHORISED","11f1c175-60ba-4682-a74d-344d4d644d98"
"2022-10-10","SPEND","ULearn Limited Current account","Bank Charges","","0.62","B127","","NEPOSCHGUSD 000000.33","0.62","NONE","AUTHORISED","fbed19e8-8dc4-45f8-a6e8-2584fd794f49"
"2022-10-10","SPEND","ULearn Limited Current account","Bank Charges","","6.77","B127","","NEPOSCHGUSD 000000.33","6.77","NONE","AUTHORISED","090b03ef-f8e6-4bba-8783-e7555f3fe413"
"2022-10-10","SPEND","ULearn Limited Current account","Bank Charges","","0.18","B127","","NEPOSCHGGBP 000000.19","0.18","NONE","AUTHORISED","80c1da5a-a80b-4704-88eb-7688130da510"
"2022-10-10","SPEND","ULearn Limited Current account","FREE NOW","","41.08","A104","","Student transsport","41.08","NONE","AUTHORISED","4d0edb99-e982-4995-b7e9-30696bd0da07"
"2022-10-10","SPEND","ULearn Limited Current account","FREE NOW","","12.5","A104","","Student transsport","12.5","NONE","AUTHORISED","d90e66bd-cbd1-42ac-b6b9-cacef275031d"
"2022-10-10","SPEND","ULearn Limited Current account","FREE NOW","","15.2","A104","","Student transsport","15.2","NONE","AUTHORISED","4e068ccb-39fb-4c42-a14a-b5f3c5f05eb2"
"2022-10-10","SPEND","ULearn Limited Current account","Malahide Castle","","225","A109B","","Social outing","225","NONE","AUTHORISED","5918ab98-6e5b-4fa3-b2e4-7ac1e5734371"
"2022-10-10","SPEND","ULearn Limited Current account","Howth Cliff Tours","","450","A109B","","Howth Guided Group Tour","450","NONE","AUTHORISED","514dbef6-0f18-4c87-af79-99f8e817aa75"
"2022-10-10","SPEND","ULearn Limited Current account","B&Q","","62.65","A101","","Timber","62.65","NONE","AUTHORISED","d8f23d62-0de9-44ae-900e-e128f7b7f174"
"2022-10-10","SPEND","ULearn Limited Current account","ScrewFix","","13.45","A101","","Cabling","13.45","NONE","AUTHORISED","887838f8-600f-403c-97e5-3334dc27495f"
"2022-10-03","SPEND","ULearn Limited Current account","Apollo Blinds","","7","A101","","Venetian Blind Roller Capel","7","NONE","AUTHORISED","133d5aad-b7cd-4c97-b2f4-8c8252c922a9"
"2022-10-10","SPEND","ULearn Limited Current account","GoCar","POS09OCT GOCAR CAR SH","25","A104","","Transport (Van/CityCar)","25","NONE","AUTHORISED","73311b0b-a120-4f86-87de-e8a8029b6043"
"2022-10-10","SPEND","ULearn Limited Current account","GoCar","POS09OCT GOCAR CAR SH","25","A104","","Transport (Van/CityCar)","25","NONE","AUTHORISED","f6d96e30-ad90-4400-945c-cad98f58ad35"
"2022-10-10","SPEND","ULearn Limited Current account","GoCar","POS09OCT GOCAR CAR SH","27.5","A104","","Transport (Van/CityCar)","27.5","NONE","AUTHORISED","89058409-0ae7-493a-8993-2dfec8c581ff"
"2022-10-10","SPEND","ULearn Limited Current account","Lenehans","","78.2","A101","","Hardware - Capel ","78.2","NONE","AUTHORISED","ee4ae065-380c-4e1d-aa55-52cc3e13d518"
"2022-10-10","SPEND","ULearn Limited Current account","Facebook - CARD","","24.6","B110","","Facebook Ads","24.6","NONE","AUTHORISED","559ba7cc-39fd-4b4b-9311-8283317fa17d"
"2022-10-10","SPEND","ULearn Limited Current account","GoDaddy.com, LLC - CARD","","15.98","B106","","POS16JUN DNH*GO DADDY","15.98","NONE","AUTHORISED","db6c25bc-0c70-4c17-a843-d6162371a277"
"2022-10-10","SPEND","ULearn Limited Current account","Lenehans","","5","A101","","Hardware - Capel ","5","NONE","AUTHORISED","603e2c63-a209-49af-9c4d-954cdb8ab124"
"2022-10-10","SPEND","ULearn Limited Current account","GoCar","POS07OCT GOCAR CAR SH","11","A104","","Transport (Van/CityCar)","11","NONE","AUTHORISED","9b7d912a-4a71-4b34-b6a7-b42a30bd39c3"
"2022-10-10","SPEND","ULearn Limited Current account","GoCar","POS07OCT GOCAR CAR SH","12","A104","","Transport (Van/CityCar)","12","NONE","AUTHORISED","7273fcbe-041f-426f-a76b-ac4efc09a629"
"2022-10-10","SPEND","ULearn Limited Current account","GoCar","POS07OCT GOCAR CAR SH","12","A104","","Transport (Van/CityCar)","12","NONE","AUTHORISED","f1e80fcd-5958-4b50-8ea6-78017481972b"
"2022-10-10","SPEND","ULearn Limited Current account","Audible - CARD","","9.15","B121","","School Audio Books","9.15","NONE","AUTHORISED","bdfc61e9-2ce2-4fca-8ce7-680befc28c6c"
"2022-10-11","SPEND","ULearn Limited Current account","Curry's PC World","","19.99","B117","","New keyboard","19.99","NONE","AUTHORISED","3c91f0a3-9979-4409-8305-c67a8b15c32f"
"2022-10-11","SPEND","ULearn Limited Current account","FREE NOW","","31.58","A104","","Student transsport","31.58","NONE","AUTHORISED","da96dc7c-f285-4fbf-a4a0-a0ba0f4ea775"
"2022-10-11","SPEND","ULearn Limited Current account","Noel Hancock","","137","A104","","Noel Airport Pickup / Dropoff","137","NONE","AUTHORISED","ee2d2305-2944-4bdb-ba71-cf782c64a567"
"2022-10-12","RECEIVE","ULearn Limited Current account","ULearn-Student","G23","1000","100","","Incoming Payment student 25103","1000","NONE","AUTHORISED","e751e7a8-b861-497e-9547-c735751dc002"
"2022-10-12","SPEND","ULearn Limited Current account","Tesco","","19.78","A108","","Misc School Treats","19.78","NONE","AUTHORISED","7912dbfb-5abc-47c1-b77d-e320e28cd32b"
"2022-10-12","SPEND","ULearn Limited Current account","Tesco","","14.38","A108","","Misc Schools Treats","14.38","NONE","AUTHORISED","3479cd16-8b20-4dc0-abb9-daa1a32633a6"
"2022-10-12","SPEND","ULearn Limited Current account","Tesco","","40","A108","","Misc School Party Nibbles","40","NONE","AUTHORISED","ae73edd0-39c2-4abf-8d8a-ef9911b17918"
"2022-10-12","SPEND","ULearn Limited Current account","Curry's PC World","","69.98","B102","","POS23JUN CURRYS IRELA","69.98","NONE","AUTHORISED","688c5d49-0623-4edc-98c9-df67f749589e"
"2022-10-12","SPEND","ULearn Limited Current account","CARD - Google","","500","B110","","POS23JUN GOOGLE *ADS1","500","NONE","AUTHORISED","56b0c255-bb5e-4b04-b92d-8ea9514bd91c"
"2022-10-12","SPEND","ULearn Limited Current account","Zoho","","26.88","B106","","Recuitment HRM Software","26.88","NONE","AUTHORISED","3c875c77-42f2-420b-8795-d2e3df581dad"
"2022-10-13","SPEND","ULearn Limited Current account","Lenehans","","11.49","A101","","Hardware - Capel ","11.49","NONE","AUTHORISED","0e9612b5-deb3-46eb-93ef-69a1cfcb3aca"
"2022-10-13","SPEND","ULearn Limited Current account","Lenehans","","22.48","A101","","Hardware - Capel ","22.48","NONE","AUTHORISED","c631ba2a-29f9-40e2-b9c3-414cb2024ccc"
"2022-10-13","SPEND","ULearn Limited Current account","GoDaddy.com, LLC - CARD","","27.23","B106","","Webhosting Domains","27.23","NONE","AUTHORISED","9169fbf8-ef4c-465e-aeb7-441ff69b58ae"
"2022-10-13","SPEND","ULearn Limited Current account","MessageBird","2022.90150","18.45","B106","","MessageBird software services","18.45","NONE","AUTHORISED","828aa497-b021-4f7f-901f-4cf7ebccf369"
"2022-10-17","SPEND","ULearn Limited Current account","ScrewFix","","1.85","B102","","Cable Clips","1.85","NONE","AUTHORISED","dd854d20-0931-42e1-8635-05696e7f3f33"
"2022-10-17","SPEND","ULearn Limited Current account","Bank Charges","","0.27","B127","","NEPOSCHGUSD 000000.33","0.27","NONE","AUTHORISED","21faba95-9632-42c9-b337-955fcbcbef4d"
"2022-10-17","SPEND","ULearn Limited Current account","Bank Charges","","0.96","B127","","EFT DD CHARGES","0.96","NONE","AUTHORISED","742bb845-cd31-4d4f-afed-9e7d22c34fc5"
"2022-10-17","SPEND","ULearn Limited Current account","Bank Charges","","0.64","B127","","EFT DD CHARGES","0.64","NONE","AUTHORISED","82d8f5eb-4369-44f2-af77-6d538108681f"
"2022-10-17","SPEND","ULearn Limited Current account","Bank Charges","","0.8","B127","","EFT DD CHARGES","0.8","NONE","AUTHORISED","12586208-2a4e-4214-9ab7-50fcbf35f5a7"
"2022-10-17","SPEND","ULearn Limited Current account","GoCar","POS16OCT GOCAR CAR SH","20","A104","","Transport (Van/CityCar)","20","NONE","AUTHORISED","c667458f-9ab2-45d0-b9c1-d2f07b959c98"
"2022-10-17","SPEND","ULearn Limited Current account","GoDaddy.com, LLC - CARD","","12.29","B106","","POS16APR DNH*GODADDY.","12.29","NONE","AUTHORISED","d897842a-847e-4df0-a784-442226a3a3b4"
"2022-10-17","SPEND","ULearn Limited Current account","GoCar","POS15OCT GOCAR CAR SH","20","A104","","Transport (Van/CityCar)","20","NONE","AUTHORISED","259899d4-0671-4a31-bc6c-aa1b43781dc3"
"2022-10-17","SPEND","ULearn Limited Current account","PAYPAL EUROPE","","30","B102","","Cyatophilm - Online Financial Instruction","30","NONE","AUTHORISED","032c8a6a-0831-4c5c-ae12-d6fede41c9e1"
"2022-10-17","SPEND","ULearn Limited Current account","CARD - Google","","500","B110","","POS23JUN GOOGLE *ADS1","500","NONE","AUTHORISED","d56cb964-0135-408e-811b-084bcb3f27f5"
"2022-10-17","SPEND","ULearn Limited Current account","ScrewFix","","229.3","A101","","Hardware for Capel ","229.3","NONE","AUTHORISED","7e6dced1-6309-4bc9-9057-58a88a5df807"
"2022-10-17","SPEND","ULearn Limited Current account","GoCar","POS14OCT GOCAR CAR SH","15","A104","","Transport (Van/CityCar)","15","NONE","AUTHORISED","ceb4b35e-f94d-4014-b178-c9e09ac800ef"
"2022-10-17","SPEND","ULearn Limited Current account","GoCar","POS14OCT GOCAR CAR SH","10","A104","","Transport (Van/CityCar)","10","NONE","AUTHORISED","b219b32c-84c9-4cff-b3e7-8e4da3344057"
"2022-10-17","SPEND","ULearn Limited Current account","GoDaddy.com, LLC - CARD","","74.38","B106","","POS16JUN DNH*GO DADDY","74.38","NONE","AUTHORISED","d98eefb8-5901-4a8a-aaba-62a023c94747"
"2022-10-18","SPEND","ULearn Limited Current account","Bank Charges","","0.72","B127","","NEPOSCHGUSD 000000.33","0.72","NONE","AUTHORISED","e6b0a961-fbfd-49d8-964c-72536cfd4a1a"
"2022-10-18","SPEND","ULearn Limited Current account","GoCar","POS17OCT GOCAR CAR SH","22.5","A104","","Transport (Van/CityCar)","22.5","NONE","AUTHORISED","a0b1de91-0607-4fa3-85c5-a43bcde4c038"
"2022-10-18","SPEND","ULearn Limited Current account","Kinlay House","","450.59","A103","","Student Accomm Hostel","450.59","NONE","AUTHORISED","9f05b214-7d84-485d-a682-ce3f6eab486a"
"2022-10-18","SPEND","ULearn Limited Current account","EIR","","20","B104","","POS19NOV VESTA *EIR","20","NONE","AUTHORISED","9d50c566-5007-43e9-b806-73e09e89adfb"
"2022-10-19","SPEND","ULearn Limited Current account","Xero Subscription - CARD","IN-3896782","36.02","B106","","ULearn. Monthly Subscription, Standard Price Plan, 17 Sep 2022 to 16 Oct 2022","36.02","NONE","AUTHORISED","efc09686-76e6-4d9d-b347-751f5ebe4193"
"2022-10-19","SPEND","ULearn Limited Current account","Tesco","","20.35","A108","","Misc Treats","20.35","NONE","AUTHORISED","0a721d28-3a38-4af6-9dc7-91482fe9073a"
"2022-10-19","SPEND","ULearn Limited Current account","Bank Charges","","5.42","B127","","NEPOSCHGUSD 000000.33","5.42","NONE","AUTHORISED","3dd6e317-a148-4319-aa86-4d133615b23c"
"2022-10-19","SPEND","ULearn Limited Current account","GoCar","POS18OCT GOCAR CAR SH","10","A104","","Transport (Van/CityCar)","10","NONE","AUTHORISED","eeab8203-368d-4681-95a0-5f44f4216984"
"2022-10-19","SPEND","ULearn Limited Current account","GoCar","POS18OCT GOCAR CAR SH","15","A104","","Transport (Van/CityCar)","15","NONE","AUTHORISED","2dba88c1-1336-46ff-ba3c-b8cb58e40a45"
"2022-10-19","SPEND","ULearn Limited Current account","CARD - Google","","9.99","B110","","1 TB Google Drive - renewing subscription","9.99","NONE","AUTHORISED","492e3346-d80a-432a-aceb-47e7e9aeeda2"
"2022-10-19","SPEND","ULearn Limited Current account","Facebook - CARD","","24.6","B110","","Facebook Ads","24.6","NONE","AUTHORISED","333991b0-7d4d-476a-8da2-e01a9aa8340a"
"2022-10-20","SPEND","ULearn Limited Current account","FREE NOW","","35.76","A104","","Student transsport","35.76","NONE","AUTHORISED","4c01872a-aa84-46fe-80e3-79ffd8c5ed96"
"2022-10-20","SPEND","ULearn Limited Current account","GoCar","POS19OCT GOCAR CAR SH","20","A104","","Transport (Van/CityCar)","20","NONE","AUTHORISED","38e12b5c-0c00-408a-ac1d-df070438fd40"
"2022-10-20","SPEND","ULearn Limited Current account","GoCar","POS19OCT GOCAR CAR SH","6","A104","","Transport (Van/CityCar)","6","NONE","AUTHORISED","cff75fb8-e3b2-4561-9fff-4aa3288fb136"
"2022-10-20","SPEND","ULearn Limited Current account","GoCar","POS19OCT GOCAR CAR SH","2.5","A104","","Transport (Van/CityCar)","2.5","NONE","AUTHORISED","5cc773b5-446d-4906-8f1b-cc08e9ebca3f"
"2022-10-20","SPEND","ULearn Limited Current account","GoCar","POS19OCT GOCAR CAR SH","7.5","A104","","Transport (Van/CityCar)","7.5","NONE","AUTHORISED","2ec44035-d89d-44b9-88af-557320d6aa53"
"2022-10-20","SPEND","ULearn Limited Current account","GoCar","POS19OCT GOCAR CAR SH","12","A104","","Transport (Van/CityCar)","12","NONE","AUTHORISED","938d7fdb-a706-4dbc-aa74-39aa1ea8e9de"
"2022-10-20","SPEND","ULearn Limited Current account","GoCar","POS19OCT GOCAR CAR SH","15","A104","","Transport (Van/CityCar)","15","NONE","AUTHORISED","135a49eb-9d94-4ffb-b062-47ee168d640a"
"2022-10-21","SPEND","ULearn Limited Current account","RTB","","5","A101","","Accomm Registration Costs","5","NONE","AUTHORISED","6bcbe98b-22b0-4e8c-91ec-b968d876a15e"
"2022-10-21","SPEND","ULearn Limited Current account","RTB","","5","A101","","Accomm Registration Costs","5","NONE","AUTHORISED","52f29ac9-6b3b-4fb7-a969-b19d919987af"
"2022-10-21","SPEND","ULearn Limited Current account","RTB","","80","A101","","Accomm Registration Costs","80","NONE","AUTHORISED","702fee0e-0b70-4f66-bbab-03d7f41d7346"
"2022-10-21","SPEND","ULearn Limited Current account","ADOBE","","36.89","B106","","Design Software Photoshop etc","36.89","NONE","AUTHORISED","b73b16ec-5336-4829-8299-b98befee5844"
"2022-10-21","SPEND","ULearn Limited Current account","CARD - Google","","500","B110","","POS23JUN GOOGLE *ADS1","500","NONE","AUTHORISED","e908e85e-95d7-4946-a49b-57db4ee5c216"
"2022-10-24","SPEND","ULearn Limited Current account","Flickr","","7.49","B106","","POS23JUN FLICKR PRO M","7.49","NONE","AUTHORISED","254abc34-e2e0-4c2c-8166-94cfe33ab4bf"
"2022-10-24","SPEND","ULearn Limited Current account","GoCar","POS21OCT GOCAR CAR SH","13.75","A104","","Transport (Van/CityCar)","13.75","NONE","AUTHORISED","73aa57d3-2ffd-4c2f-93ac-bf5d3b0641d4"
"2022-10-24","SPEND","ULearn Limited Current account","ADOBE","","30.74","B106","","POS21MAR ADOBE CREATI","30.74","NONE","AUTHORISED","3d24b015-764e-491e-8cac-564438dc5716"
"2022-10-26","SPEND","ULearn Limited Current account","MessageBird","2022.92767","18.45","B106","","Eurobalance - messagebird","18.45","NONE","AUTHORISED","f76cf43d-8c71-4c69-952f-07c9584f67de"
"2022-10-26","SPEND","ULearn Limited Current account","Tesco","","22","A108","","Misc Treats","22","NONE","AUTHORISED","623cdbb6-6363-49b5-bf75-9cbfb564e402"
"2022-10-26","SPEND","ULearn Limited Current account","Bank Charges","","0.75","B127","","NEPOSCHGUSD 000000.33","0.75","NONE","AUTHORISED","73b7fd39-4416-463c-83ee-fc4e1d41c12a"
"2022-10-26","SPEND","ULearn Limited Current account","Bank Charges","","0.64","B127","","NEPOSCHGGBP 000000.19","0.64","NONE","AUTHORISED","8e06002b-1beb-41fb-aaa8-5795c7d5979c"
"2022-10-26","SPEND","ULearn Limited Current account","MUSASHI","","36.96","B115","","Late night work order","36.96","NONE","AUTHORISED","7186ed1d-d33a-4aab-96c2-f87486e16c13"
"2022-10-26","SPEND","ULearn Limited Current account","GoCar","POS25OCT GOCAR CAR SH","54","A104","","Transport (Van/CityCar)","54","NONE","AUTHORISED","7a77c528-48a4-4f33-b988-ceb1e5d758d9"
"2022-10-25","SPEND","ULearn Limited Current account","Ikea","IEINV22000000150409","82","B102","","HÅLLBAR bin w lid 10 l light grey","82","NONE","AUTHORISED","b6e7f1f8-a082-4e32-a694-6af05cff45f6"
"2022-10-26","SPEND","ULearn Limited Current account","CARD - Google","","500","B110","","POS23JUN GOOGLE *ADS1","500","NONE","AUTHORISED","43b258ee-0df6-4e49-be44-e53dcd2ea4d5"
"2022-10-26","SPEND","ULearn Limited Current account","Audible - CARD","","31.91","B121","","P1906GB 7.99@1.17521","31.91","NONE","AUTHORISED","d7faac37-a9e5-496e-80cd-ca59be574a75"
"2022-10-27","SPEND","ULearn Limited Current account","PAYROLL","","2250","E104B","","TO NEIL MC MAHON","2250","NONE","AUTHORISED","93a88fd6-f9a7-4762-adec-e899937cc7ba"
"2022-10-27","SPEND","ULearn Limited Current account","PAYROLL","","2250","E104B","","TO PAUL GILL","2250","NONE","AUTHORISED","df83b102-feed-40be-9fe8-da135c69d7a9"
"2022-10-27","SPEND","ULearn Limited Current account","PAYROLL","","2250","E104B","","TO DIANA GUTIERREZ MA","2250","NONE","AUTHORISED","3c5b4489-955c-4056-beac-68999496f7eb"
"2022-10-26","SPEND","ULearn Limited Current account","Hubspot","2350418","565.8","B106","","Sales Hub Professional (5 Users Included)","565.8","NONE","AUTHORISED","a252db79-02ba-43d1-8d1c-980761ada0f2"
"2022-10-27","SPEND","ULearn Limited Current account","Facebook - CARD","","24.6","B110","","Facebook Ads","24.6","NONE","AUTHORISED","cfdb11ee-0319-4e99-be22-cf0ecd97ee0f"
"2022-11-01","SPEND","ULearn Limited Current account","Centra Capel Street","","19.9","B115","","","19.9","NONE","AUTHORISED","268f9cf8-ef91-4605-b59e-da14289d4af1"
"2022-11-01","SPEND","ULearn Limited Current account","Tesco","","29.04","A108","","Misc Treats","29.04","NONE","AUTHORISED","e9943bd6-4c56-4519-bee2-e3bec3d89253"
"2022-11-01","SPEND","ULearn Limited Current account","Bank Charges","","1.26","B127","","NEPOSCHGGBP 000000.19","1.26","NONE","AUTHORISED","7d462e85-580e-4e87-bd83-f13acd00c1a1"
"2022-11-01","SPEND","ULearn Limited Current account","Bank Charges","","10","B127","","BOI BOL CHARGE","10","NONE","AUTHORISED","77d6237c-cc3d-41ed-99fe-cbd96c42fea3"
"2022-11-01","SPEND","ULearn Limited Current account","Facebook - CARD","","86.1","B110","","Facebook Ads","86.1","NONE","AUTHORISED","f57fddc0-d51f-40d1-a285-0a421e93d5f9"
"2022-11-01","SPEND","ULearn Limited Current account","UPC","","51.5","B104","","POS14MAR UPC","51.5","NONE","AUTHORISED","4a5499ce-3fbb-4a91-9f42-fda562fe9720"
"2022-11-01","SPEND","ULearn Limited Current account","Facebook - CARD","","49.2","B110","","Facebook Ads","49.2","NONE","AUTHORISED","ce32d7b5-6e05-4d99-9a34-4064cd9c0e73"
"2022-11-01","SPEND","ULearn Limited Current account","Facebook - CARD","","49.2","B110","","Facebook Ads","49.2","NONE","AUTHORISED","8c112f55-ab75-40a1-a993-e9b9e1505600"
"2022-11-01","SPEND","ULearn Limited Current account","Vodafone","","20","B104","","Accomm Phone TopUp","20","NONE","AUTHORISED","50771ab0-46c1-4b3a-8242-84b99a034775"
"2022-11-01","SPEND","ULearn Limited Current account","FREE NOW","","29","A104","","Student transsport","29","NONE","AUTHORISED","f7157e37-251e-4d64-93c2-a4a528e269df"
"2022-11-01","SPEND","ULearn Limited Current account","Tesco","","84.52","B115","","","84.52","NONE","AUTHORISED","817b831d-a09a-4118-b5d1-5c9ec99475c7"
"2022-11-01","SPEND","ULearn Limited Current account","Online Food","","18.5","B115","","","18.5","NONE","AUTHORISED","01832d06-8d28-4975-90cb-0dbb2e6bd535"
"2022-11-01","SPEND","ULearn Limited Current account","An Post","","30","B102","","Delivery Charge","30","NONE","AUTHORISED","4ce2c043-c875-4a37-acd2-c17550ed77ec"
"2022-11-01","SPEND","ULearn Limited Current account","FREE NOW","","13.54","A104","","Student transsport","13.54","NONE","AUTHORISED","fa9dca9a-4fd6-483c-9d64-21c76d43efea"
"2022-11-02","RECEIVE","ULearn Limited Current account","ULearn-Student","","6250","B100","","WAACC 13           SP","6250","NONE","AUTHORISED","0b40a4cb-00ab-47b2-b29e-2da59d9a4973"
"2022-11-02","SPEND","ULearn Limited Current account","Express VPN","","13.67","B106","","VPN (in-house reviews)","13.67","NONE","AUTHORISED","a84926e2-97c2-4678-b00f-9c7b1bea849f"
"2022-11-02","SPEND","ULearn Limited Current account","Google - CARD","","553.03","B110","","Google Ads","553.03","NONE","AUTHORISED","d5b1c492-8972-46b0-94ff-d8335c7cbb5f"
"2022-11-02","SPEND","ULearn Limited Current account","Indeed - CARD","70364272","490.04","B110","","October 2022 Sponsored Jobs on Indeed.com","490.04","NONE","AUTHORISED","1a8e553a-0bca-41ae-b10a-b7150745b772"
"2022-11-02","SPEND","ULearn Limited Current account","Google - CARD","4593036679","107.45","B106","","Google Workspace 
Summary for Oct 1, 2022 - Oct 31, 2022","107.45","NONE","AUTHORISED","0507ab85-1d6f-4162-8743-6672a44fa7dd"
"2022-11-02","SPEND","ULearn Limited Current account","GoDaddy.com, LLC - CARD","","24.82","B106","","POS16JUN DNH*GO DADDY","24.82","NONE","AUTHORISED","c6701d4e-bf4e-4614-8bac-a9e456e52ce0"
"2022-11-03","SPEND","ULearn Limited Current account","Bank Charges","","0.4","B127","","NEPOSCHGUSD 000000.33","0.4","NONE","AUTHORISED","016ed72d-b8a1-4871-bd20-e228c9a6f987"
"2022-11-03","SPEND","ULearn Limited Current account","Zoho","","36.9","B106","","HRM Software","36.9","NONE","AUTHORISED","70432803-a8aa-4151-b1f3-700c6cdc6f27"
"2022-11-04","SPEND","ULearn Limited Current account","ScrewFix","","11.1","A101","","Hardware ","11.1","NONE","AUTHORISED","7909941d-ab4e-4172-9561-baafa5c86ad3"
"2022-11-04","SPEND","ULearn Limited Current account","ZOOM","","51.62","B106","","Zoom Meetings","51.62","NONE","AUTHORISED","af598a69-92fe-4eb2-9c99-180eebd66508"
"2022-11-04","SPEND","ULearn Limited Current account","GoCar","POS03NOV GOCAR CAR SH","22.5","A104","","Transport (Van/CityCar)","22.5","NONE","AUTHORISED","75e973dd-33ae-476c-954f-f8eda3cb58ea"
"2022-11-07","SPEND","ULearn Limited Current account","Tesco","","7.5","A108","","","7.5","NONE","AUTHORISED","008936ee-f530-4bda-b43e-75bee42004ac"
"2022-11-07","SPEND","ULearn Limited Current account","Bank Charges","","0.76","B127","","NEPOSCHGUSD 000000.33","0.76","NONE","AUTHORISED","530ba347-3404-412d-9205-c6c6926140ff"
"2022-11-07","SPEND","ULearn Limited Current account","Google - CARD","","500","B110","","Google Ads","500","NONE","AUTHORISED","17289c2b-3840-4a1d-865d-c79bb6d70944"
"2022-11-07","SPEND","ULearn Limited Current account","FREE NOW","","18.2","A104","","Student transsport","18.2","NONE","AUTHORISED","3553c8d3-58ea-422a-a2a5-d45714b9b183"
"2022-11-07","SPEND","ULearn Limited Current account","Noel Hancock","","110","A104","","Noel Airport Pickup / Dropoff","110","NONE","AUTHORISED","f652a0fd-1887-4ef6-ad4f-fe90cd025aa5"
"2022-11-07","SPEND","ULearn Limited Current account","DublinBikes","","4","A104","","DublinBikes School Sub","4","NONE","AUTHORISED","519a0829-101b-41ba-a785-7466f0ff8f5e"
"2022-11-08","RECEIVE","ULearn Limited Current account","ULearn-Student","","1000","100","","365  English course","1000","NONE","AUTHORISED","83a87734-e987-4808-bc65-a8da1e62a59c"
"2022-11-08","RECEIVE","ULearn Limited Current account","ULearn-Student","","1000","100","","course","1000","NONE","AUTHORISED","9703fb75-4c93-4e41-9f46-1f9b3f5c113a"
"2022-11-08","SPEND","ULearn Limited Current account","Koinly","","169","B106","","Financial Calculation Software","169","NONE","AUTHORISED","89f58021-a8cd-4686-94b7-937e9c5958c5"
"2022-11-09","SPEND","ULearn Limited Current account","Bank Charges","","4.09","B127","","NEPOSCHGUSD 000000.33","4.09","NONE","AUTHORISED","240c8ae3-3c59-4acf-b5ae-ca2461aff6d9"
"2022-11-09","SPEND","ULearn Limited Current account","Bank Charges","","0.18","B127","","NEPOSCHGGBP 000000.19","0.18","NONE","AUTHORISED","6f25f9a0-5e18-43b9-8076-d3ae337a2855"
"2022-11-09","SPEND","ULearn Limited Current account","Audible - CARD","","9.19","B121","","School Audio Books","9.19","NONE","AUTHORISED","4a5f1f5c-b898-4616-af65-cce2f1264c2b"
"2022-11-10","SPEND","ULearn Limited Current account","Bank Charges","","6.6","B127","","NEPOSCHGUSD 000000.33","6.6","NONE","AUTHORISED","dbccf3af-7e4a-4f2b-b445-4a57ad4f8d0c"
"2022-11-10","SPEND","ULearn Limited Current account","Bank Charges","","0.6","B127","","NEPOSCHGUSD 000000.33","0.6","NONE","AUTHORISED","72948ee1-d631-4426-965b-b646850c41e4"
"2022-11-10","SPEND","ULearn Limited Current account","GoCar","POS09NOV GOCAR CAR SH","10","A104","","Transport (Van/CityCar)","10","NONE","AUTHORISED","ceab01e4-03d0-4057-985f-d7be861cb40a"
"2022-11-10","RECEIVE","ULearn Limited Current account","GoCar","","10","A104","","Refunded for Car Issue","10","NONE","AUTHORISED","c33c5e46-5048-4dec-894a-c8e5f93cd2e7"
"2022-11-10","SPEND","ULearn Limited Current account","GoCar","POS09NOV GOCAR CAR SH","5","A104","","Transport (Van/CityCar)","5","NONE","AUTHORISED","891c4f96-fdd2-47b7-b964-5c1184baeadb"
"2022-11-10","SPEND","ULearn Limited Current account","GoCar","POS09NOV GOCAR CAR SH","5","A104","","Transport (Van/CityCar)","5","NONE","AUTHORISED","1f897a87-8f7b-4b71-9668-0e6538a52e57"
"2022-11-10","SPEND","ULearn Limited Current account","GoCar","POS09NOV GOCAR CAR SH","20","A104","","Transport (Van/CityCar)","20","NONE","AUTHORISED","e128d41c-2489-4ab1-aea9-72feb543dbd3"
"2022-11-10","SPEND","ULearn Limited Current account","GoCar","POS09NOV GOCAR CAR SH","15","A104","","Transport (Van/CityCar)","15","NONE","AUTHORISED","191a26f9-7bd5-40d4-88ad-909787ca92a0"
"2022-11-14","SPEND","ULearn Limited Current account","Google - CARD","","500","B110","","Google Ads","500","NONE","AUTHORISED","2246b412-86a8-4f89-a5f1-afc0d3d9fb05"
"2022-11-14","SPEND","ULearn Limited Current account","Zoho","","26.88","B106","","Recuitment HRM Software","26.88","NONE","AUTHORISED","e442b709-d2bb-40f9-b3ee-06d6d72f793f"
"2022-11-14","SPEND","ULearn Limited Current account","EIR","","20","B104","","POS19NOV VESTA *EIR","20","NONE","AUTHORISED","6e3f1d5f-3ac4-4814-a2ad-e4905c964219"
"2022-11-16","SPEND","ULearn Limited Current account","PoundLand","","1.5","B102","","Sellotape","1.5","NONE","AUTHORISED","1cb023e5-ed7d-4248-968b-a7fe4b987318"
"2022-11-16","SPEND","ULearn Limited Current account","Tesco","","5.87","A108","","","5.87","NONE","AUTHORISED","439fca68-cd2c-4eea-b056-928c1a2f1b7d"
"2022-11-16","SPEND","ULearn Limited Current account","Tesco","","18.37","A108","","","18.37","NONE","AUTHORISED","56b5f3d2-a344-4c91-a7df-75d69855d648"
"2022-11-16","SPEND","ULearn Limited Current account","Bank Charges","","0.25","B127","","NEPOSCHGUSD 000000.25","0.25","NONE","AUTHORISED","5867eb93-353a-4535-b064-c56531edde8c"
"2022-11-16","SPEND","ULearn Limited Current account","Facebook - CARD","","24.23","B110","","Facebook Ads","24.23","NONE","AUTHORISED","a10b04ef-7b65-465a-bad4-c12776b10f3f"
"2022-11-17","SPEND","ULearn Limited Current account","PAYPAL EUROPE","","30","B102","","Cyatophilm - Online Financial Instruction","30","NONE","AUTHORISED","34de286e-5364-46a8-9e09-ff2f2e32184d"
"2022-11-17","SPEND","ULearn Limited Current account","EIR","","20","B104","","POS19NOV VESTA *EIR","20","NONE","AUTHORISED","41b5f68d-dc16-4a91-af09-46426bdd50ba"
"2022-11-17","SPEND","ULearn Limited Current account","Parolla","","20","B106","","Accounting (SEPA Bulk File Creator)","20","NONE","AUTHORISED","2855cc42-66c9-43fc-9298-39031759e605"
"2022-11-17","SPEND","ULearn Limited Current account","GoCar","POS16NOV GOCAR CAR SH","20","A104","","Transport (Van/CityCar)","20","NONE","AUTHORISED","58557d95-3c12-47e8-a8fa-6ff53db70071"
"2022-11-17","SPEND","ULearn Limited Current account","GoCar","POS16NOV GOCAR CAR SH","5","A104","","Transport (Van/CityCar)","5","NONE","AUTHORISED","c46eacc1-44a4-47e2-8814-133dfccef27b"
"2022-11-17","SPEND","ULearn Limited Current account","GoDaddy.com, LLC - CARD","","12.29","B106","","Domain host","12.29","NONE","AUTHORISED","8dd69e7d-0948-41b3-af89-9d4668cc0740"
"2022-11-18","SPEND","ULearn Limited Current account","Bank Charges","","0.69","B127","","NEPOSCHGUSD 000000.33","0.69","NONE","AUTHORISED","abc74d2e-897a-4293-b61d-33c64cfcf342"
"2022-11-17","SPEND","ULearn Limited Current account","Xero Subscription - CARD","IN-3963308","34.37","B106","","ULearn. Monthly Subscription, Standard Price Plan, 17 Oct 2022 to 16 Nov 2022. ","34.37","NONE","AUTHORISED","7b59c162-d5ef-4557-995f-ccc817f78e85"
"2022-11-21","RECEIVE","ULearn Limited Current account","Last Resort Corporation","","1000","100","","365  LAST RESORT","1000","NONE","AUTHORISED","e8883f60-895a-4c0c-9f88-68ea159e1f1e"
"2022-11-21","SPEND","ULearn Limited Current account","Tesco","","11.25","B115","","","11.25","NONE","AUTHORISED","e3c711ce-6bcb-46fe-bbba-659817412543"
"2022-11-20","SPEND","ULearn Limited Current account","Ikea","IEINV22000000176769","978","A101A","","Sheets, matres & Frame","978","NONE","AUTHORISED","a7731a38-c766-4d4d-855b-c0e53cba7d1e"
"2022-11-21","SPEND","ULearn Limited Current account","ADOBE","","36.89","B106","","Design Software Photoshop etc","36.89","NONE","AUTHORISED","30bf432a-83b7-450b-9c69-9f5c8465605f"
"2022-11-21","SPEND","ULearn Limited Current account","Matt the Thrasher","","65.9","B113","","Evening meet - Mexican Agents in Dublin","65.9","NONE","AUTHORISED","b194fc0d-57ab-4762-95fb-8896d2c4a83a"
"2022-11-21","SPEND","ULearn Limited Current account","CARD - Google","","9.99","B110","","1 TB Google Drive - renewing subscription","9.99","NONE","AUTHORISED","0b8de7cc-1809-4492-afa0-4108cab04506"
"2022-11-21","SPEND","ULearn Limited Current account","Google - CARD","","500","B110","","Google Ads","500","NONE","AUTHORISED","d36b077f-d94d-41b9-80ed-0df68f113ac3"
"2022-11-22","SPEND","ULearn Limited Current account","Bank Charges","","0.35","B127","","NEPOSCHGUSD 000000.25","0.35","NONE","AUTHORISED","d799c838-19a8-4b64-a3a5-e9ce64a29ea1"
"2022-11-22","SPEND","ULearn Limited Current account","ADOBE","","30.74","B106","","Adobe Creative Suite","30.74","NONE","AUTHORISED","20c2ce60-52ae-4252-ad12-9653f3f0731c"
"2022-11-23","SPEND","ULearn Limited Current account","Stripe","","82.41","B117","","Stipe Card Terminal ","82.41","NONE","AUTHORISED","7e797dde-d7d8-44f2-bfe6-1307acd70d96"
"2022-11-24","SPEND","ULearn Limited Current account","Flickr","","7.49","B106","","POS23JUN FLICKR PRO M","7.49","NONE","AUTHORISED","9ac74360-6d30-4431-b36e-a3074a52609d"
"2022-11-24","SPEND","ULearn Limited Current account","Google - CARD","","500","B110","","Google Ads","500","NONE","AUTHORISED","2f816d9e-7908-40e6-a9e3-993afa448359"
"2022-11-25","SPEND","ULearn Limited Current account","PAYROLL","","2250","E104B","","TO NEIL MC MAHON","2250","NONE","AUTHORISED","ebeddbe4-5396-45e6-bde5-0d53e1f7af63"
"2022-11-25","SPEND","ULearn Limited Current account","PAYROLL","","2250","E104B","","TO DIANA GUTIERREZ MA","2250","NONE","AUTHORISED","b7cd416f-e810-4264-880d-886e94a7c78a"
"2022-11-25","SPEND","ULearn Limited Current account","PAYROLL","","2250","E104B","","TO PAUL GILL","2250","NONE","AUTHORISED","107c39ca-fbf1-4ae4-9ef3-aedc70d19111"
"2022-11-28","SPEND","ULearn Limited Current account","Ulgebraz Technologies Pvt.Ltd","UZS2022-11945","5","B106","","MessageBird for HubSpot
Oct 27 – Nov 27, 2022","5","NONE","AUTHORISED","d4400978-1013-44d5-ac6b-92f9085813b1"
"2022-11-28","SPEND","ULearn Limited Current account","Tesco","","8","A108","","","8","NONE","AUTHORISED","86f9a227-cd61-4146-9108-8ab40dd3ad7a"
"2022-11-28","SPEND","ULearn Limited Current account","Centra","","9.95","B102","","office running exp","9.95","NONE","AUTHORISED","e3aa96ed-8931-41ae-bbf7-687744a4eb60"
"2022-11-28","SPEND","ULearn Limited Current account","Bank Charges","","0.71","B127","","NEPOSCHGUSD 000000.33","0.71","NONE","AUTHORISED","637a3327-4e5d-42de-9b9e-f87ed56ee304"
"2022-11-28","SPEND","ULearn Limited Current account","Bank Charges","","10","B127","","BOI BOL CHARGE","10","NONE","AUTHORISED","43ba102c-6421-4d1c-991d-d8a7e292c6f5"
"2022-11-28","SPEND","ULearn Limited Current account","Vodafone","","20","B104","","POS16MAR Vesta Vodafo","20","NONE","AUTHORISED","8ab608ca-bcd5-4041-8494-70925e4a5c0f"
"2022-11-26","SPEND","ULearn Limited Current account","Hubspot","9620929","565.8","B106","","Sales Hub Professional (5 Users Included)

Charge for: 26/11/2022 - 25/12/2022","565.8","NONE","AUTHORISED","69b8dde9-4dc1-4077-8a25-721afde73fed"
"2022-11-29","SPEND","ULearn Limited Current account","GoCar","POS28NOV GOCAR CAR SH","15","A104","","Transport (Van/CityCar)","15","NONE","AUTHORISED","d71cd2ab-bb97-4318-97dc-2a9bbdb762d7"
"2022-11-29","SPEND","ULearn Limited Current account","GoCar","POS28NOV GOCAR CAR SH","15","A104","","Transport (Van/CityCar)","15","NONE","AUTHORISED","1a33d56c-f818-4405-8ee6-63fb710ba825"
"2022-11-29","SPEND","ULearn Limited Current account","Google - CARD","","500","B110","","Google Ads","500","NONE","AUTHORISED","9450ff80-9696-44d2-a50c-03baec3c4d04"
"2022-11-29","SPEND","ULearn Limited Current account","Storage Worl","","224.75","B102","","Storage World","224.75","NONE","AUTHORISED","90d8b682-4a9a-4db5-b3f7-43490cdf7fa2"
"2022-11-30","RECEIVE","ULearn Limited Current account","ULearn-Student","","3200","101","","RENT OCTOBER       SP","3200","NONE","AUTHORISED","b4e565e3-27dd-4adb-92e8-62e89b8c01be"
"2022-11-30","SPEND","ULearn Limited Current account","Express VPN","","13.07","B106","","VPN Services","13.07","NONE","AUTHORISED","509e1314-4cb2-4545-bd8d-dce83598a4b9"
"2022-12-01","SPEND","ULearn Limited Current account","Mattress Mick","","409","A101A","","Replace Mattress Capel","409","NONE","AUTHORISED","40ab5193-d652-43a7-90a6-0813cffc3156"
"2022-12-02","RECEIVE","ULearn Limited Current account","WAACC","","6250","B100","","WAACC 13  - Sublet Rent","6250","NONE","AUTHORISED","9ae728b9-da23-47ac-ab6c-5c7df35da72c"
"2022-12-02","SPEND","ULearn Limited Current account","Blackrock Parking","","1","A104","","","1","NONE","AUTHORISED","d4f58692-c9e3-4251-877f-5bf68e5dd0e3"
"2022-12-02","SPEND","ULearn Limited Current account","GoCar","POS01DEC GOCAR CAR SH","3.5","A104","","Transport (Van/CityCar)","3.5","NONE","AUTHORISED","785dba07-a643-4031-9f66-9de40289d99d"
"2022-12-02","SPEND","ULearn Limited Current account","GoCar","POS01DEC GOCAR CAR SH","21","A104","","Transport (Van/CityCar)","21","NONE","AUTHORISED","6cc25dbd-90f0-4934-a7ae-91b968d137a6"
"2022-12-02","SPEND","ULearn Limited Current account","GoCar","POS01DEC GOCAR CAR SH","49","A104","","Transport (Van/CityCar)","49","NONE","AUTHORISED","fbbe183a-e33c-4ea7-afa6-9c552243004d"
"2022-11-30","SPEND","ULearn Limited Current account","Google - CARD","4614530756","107.45","A110","","Summary for Nov 1, 2022 - Nov 30, 2022

Googlee Workplace","107.45","NONE","AUTHORISED","6fe6e967-7a6d-4e47-a24e-2ac35fe15518"
"2022-12-02","SPEND","ULearn Limited Current account","Google - CARD","","281.19","B110","","Google Ads","281.19","NONE","AUTHORISED","3c95eae4-f5e4-469a-a98c-d59b7ec9894d"
"2022-12-02","SPEND","ULearn Limited Current account","DublinBikes","","1.5","A104","","DublinBikes School Sub","1.5","NONE","AUTHORISED","db84ee16-8943-42c6-82f6-8fdd4d66e0cc"
"2022-12-01","SPEND","ULearn Limited Current account","Indeed - CARD","71777810","118.39","B110","","November 2022 sponsored Hobs on Indeed.com","118.39","NONE","AUTHORISED","46ba8081-45d5-4bcf-9f58-32a080dac0de"
"2022-12-05","SPEND","ULearn Limited Current account","Bank Charges","","0.37","B127","","NEPOSCHGUSD 000000.33","0.37","NONE","AUTHORISED","30e05fab-4800-4fe2-8315-54494f4b4611"
"2022-12-05","SPEND","ULearn Limited Current account","Bank Charges","","0.71","B127","","NEPOSCHGUSD 000000.33","0.71","NONE","AUTHORISED","9c89ac14-8861-43e7-b431-50c1b460c291"
"2022-12-05","SPEND","ULearn Limited Current account","ZOOM","","51.62","B106","","Zoom Meetings","51.62","NONE","AUTHORISED","6dc16dba-9572-43a2-9348-b52b9b205294"
"2022-12-03","SPEND","ULearn Limited Current account","Penneys","","84","A101","","Bedding sets","84","NONE","AUTHORISED","290ddcfc-5ad8-495e-9132-25725fa751ba"
"2022-12-05","SPEND","ULearn Limited Current account","GoCar","POS04DEC GOCAR CAR SH","11","A104","","Transport (Van/CityCar)","11","NONE","AUTHORISED","f126628a-6273-4d6e-b3fb-fd7963752050"
"2022-12-05","SPEND","ULearn Limited Current account","GoCar","POS04DEC GOCAR CAR SH","13.75","A104","","Transport (Van/CityCar)","13.75","NONE","AUTHORISED","7c67dccc-4990-45dd-b451-eb61192b3aa4"
"2022-12-05","SPEND","ULearn Limited Current account","Zoho","","36.9","B106","","HRM Software","36.9","NONE","AUTHORISED","20f380c6-8e46-4012-85ac-fd7e9d934442"
"2022-12-05","SPEND","ULearn Limited Current account","Oxfam","","100","A101A","","Second Hand Furniture - Capel","100","NONE","AUTHORISED","a817f5c3-b856-4ebd-97f6-ae133543f0bc"
"2022-12-05","SPEND","ULearn Limited Current account","GoCar","POS03DEC GOCAR CAR SH","12","A104","","Transport (Van/CityCar)","12","NONE","AUTHORISED","575d026a-c903-476b-9a12-4bee64d65bd4"
"2022-12-05","SPEND","ULearn Limited Current account","GoCar","POS03DEC GOCAR CAR SH","30","A104","","Transport (Van/CityCar)","30","NONE","AUTHORISED","c1290ef0-3deb-4fa3-976c-a774ebd6eb75"
"2022-12-05","SPEND","ULearn Limited Current account","GoCar","POS04DEC GOCAR CAR SH","16.5","A104","","Transport (Van/CityCar)","16.5","NONE","AUTHORISED","ea4760de-c46d-4949-8247-833f683c0142"
"2022-12-06","SPEND","ULearn Limited Current account","M&S","","10.3","A101","","Plates / Bowls - Capel Apartments","10.3","NONE","AUTHORISED","edd463a8-a7ef-4a9c-85ee-7c9ebec22f10"
"2022-12-06","SPEND","ULearn Limited Current account","Aldi stores","","24.98","B124","","","24.98","NONE","AUTHORISED","d70cd0c7-6f46-4ce5-93d3-ecada27d9ecd"
"2022-12-06","SPEND","ULearn Limited Current account","SuperValu","","21.48","B102","","Coffe Break","21.48","NONE","AUTHORISED","4d2e4dfe-f1f2-4301-829a-af52fa498aa9"
"2022-12-06","SPEND","ULearn Limited Current account","Google - CARD","","500","B110","","Google Ads","500","NONE","AUTHORISED","8aeae542-edb9-4743-91f3-7aa51ed86d54"
"2022-12-07","SPEND","ULearn Limited Current account","GoCar","POS06DEC GOCAR CAR SH","12","A104","","Transport (Van/CityCar)","12","NONE","AUTHORISED","f4160140-6a14-467f-bc5b-a142baed26a9"
"2022-12-07","SPEND","ULearn Limited Current account","GoCar","POS06DEC GOCAR CAR SH","18","A104","","Transport (Van/CityCar)","18","NONE","AUTHORISED","fd087796-e6fe-4dac-8b47-7b3b79a4b8c4"
"2022-12-07","SPEND","ULearn Limited Current account","GoCar","POS06DEC GOCAR CAR SH","6","A104","","Transport (Van/CityCar)","6","NONE","AUTHORISED","9c4c1efd-e175-446f-90c5-29d137cf8bc5"
"2022-12-08","SPEND","ULearn Limited Current account","Harvey Norman","","2003.99","A101A","","Furniture Capel & Blackhall","2003.99","NONE","AUTHORISED","d5e2714d-3942-46e5-bb19-5b35c3f87639"
"2022-12-08","SPEND","ULearn Limited Current account","GoCar","POS07DEC GOCAR CAR SH","6","A104","","Transport (Van/CityCar)","6","NONE","AUTHORISED","fd9983fa-95ab-4022-b9a1-7d5d6515f5af"
"2022-12-09","SPEND","ULearn Limited Current account","Tesco","","7.5","B102","","","7.5","NONE","AUTHORISED","aa5b4285-6e3e-458e-82c9-89c0a7004a14"
"2022-12-09","SPEND","ULearn Limited Current account","Bank Charges","","0.19","B127","","NEPOSCHGGBP 000000.19","0.19","NONE","AUTHORISED","dadadfbb-8e47-4541-a746-dfecbc8aecd4"
"2022-12-09","SPEND","ULearn Limited Current account","Joseph Burke Sherif","","1584.5","B125","","Outstandings Owed","1584.5","NONE","AUTHORISED","2b4ceefb-7104-42c2-a122-948b36eae431"
"2022-12-09","SPEND","ULearn Limited Current account","Audible - CARD","","9.29","B121","","P0806GB 7.99@1.16395","9.29","NONE","AUTHORISED","32939336-a5b6-4908-b6f4-00cc944d2da2"
"2022-12-12","SPEND","ULearn Limited Current account","Bank Charges","","0.57","B127","","NEPOSCHGUSD 000000.33","0.57","NONE","AUTHORISED","28f4dfd0-a4ed-40c7-a172-51919978cb64"
"2022-12-12","SPEND","ULearn Limited Current account","Bank Charges","","6.27","B127","","NEPOSCHGUSD 000000.33","6.27","NONE","AUTHORISED","3835d86a-1be5-4dd1-a787-b79ae784ce81"
"2022-12-12","SPEND","ULearn Limited Current account","EIR","","20","B104","","POS17FEB Vesta EIR To","20","NONE","AUTHORISED","1be8e040-ece1-459f-a379-cb45975c53e0"
"2022-12-12","SPEND","ULearn Limited Current account","Google - CARD","","500","B110","","Google Ads","500","NONE","AUTHORISED","641e9e4e-9cea-4460-9923-60747072ba1c"
"2022-12-12","SPEND","ULearn Limited Current account","Zoho","","26.88","B106","","Recuitment HRM Software","26.88","NONE","AUTHORISED","1bc2433b-dac3-4261-9515-a20492519239"
"2022-12-12","SPEND","ULearn Limited Current account","GoCar","POS09DEC GOCAR CAR SH","27","A104","","Transport (Van/CityCar)","27","NONE","AUTHORISED","6bf83edd-35ef-4643-868f-ed05517b2c08"
"2022-12-12","SPEND","ULearn Limited Current account","GoCar","POS09DEC GOCAR CAR SH","24","A104","","Transport (Van/CityCar)","24","NONE","AUTHORISED","d01345d6-8236-4ecb-8413-c4af4f528451"
"2022-12-12","SPEND","ULearn Limited Current account","Vodafone","","40","B104","","Top up & sim cards","40","NONE","AUTHORISED","ba7adbd6-96e5-4b4e-8a24-574c289f669d"
"2022-12-13","SPEND","ULearn Limited Current account","CarpetVista","","344","A101A","","New Rug","344","NONE","AUTHORISED","66a4c40f-de25-46e1-a6b3-e90152206e28"
"2022-12-13","SPEND","ULearn Limited Current account","MessageBird","","18.45","B106","","Eurobalance - messagebird","18.45","NONE","AUTHORISED","a596ca5e-7f5e-4803-8d94-d3a0454115a3"
"2022-12-13","SPEND","ULearn Limited Current account","A2 Hosting","","296.25","B106","","A2 Webhost","296.25","NONE","AUTHORISED","c7effba7-2dfb-4089-a4d3-c702fd4ffa6b"
"2022-12-13","SPEND","ULearn Limited Current account","Bus Atha Cliath","","544","A109B","","Bus Tickets","544","NONE","AUTHORISED","8cf54446-848c-4102-a42b-338691aa2446"
"2022-12-14","SPEND","ULearn Limited Current account","Neil Mc Mahon","","50","A104","","Petrol Cost - IKEA run","50","NONE","AUTHORISED","a5730000-527a-4907-8d74-14a00273b8fb"
"2022-12-14","SPEND","ULearn Limited Current account","Arachas","","33","A105","","","33","NONE","AUTHORISED","d089c7ba-847d-44ac-bf25-02084c4a827e"
"2022-12-14","SPEND","ULearn Limited Current account","FREE NOW","","35.54","A104","","Student transsport","35.54","NONE","AUTHORISED","ba65105c-4154-439a-8c30-d00262791079"
"2022-12-14","SPEND","ULearn Limited Current account","Ikea","","620.75","A101A","","","620.75","NONE","AUTHORISED","6bd9e6ea-acc6-4bb5-ba7f-1ae58c33e925"
"2022-12-14","SPEND","ULearn Limited Current account","GoCar","POS13DEC GOCAR CAR SH","6","A104","","Transport (Van/CityCar)","6","NONE","AUTHORISED","957627ed-56e4-4a11-a7e7-eaf1a7b4fe6d"
"2022-12-14","SPEND","ULearn Limited Current account","GoCar","POS13DEC GOCAR CAR SH","4.1","A104","","Transport (Van/CityCar)","4.1","NONE","AUTHORISED","f0ab8f91-3d08-4b81-99f2-63000f10f65f"
"2022-12-14","SPEND","ULearn Limited Current account","Applegreen","","50.14","A104","","Petrol Cost","50.14","NONE","AUTHORISED","981e2e50-f33c-4713-9c54-95739ba55253"
"2022-12-15","SPEND","ULearn Limited Current account","Focus Ireland","","24","A101A","","Second Hand Lamp - Capel","24","NONE","AUTHORISED","7f3758ef-7578-4781-96fc-5910b050f5a1"
"2022-12-15","SPEND","ULearn Limited Current account","Neil Mc Mahon","","30","A104","","Cash for Student Taxi","30","NONE","AUTHORISED","bbb5b1c9-0c62-4761-b562-241cc5c06459"
"2022-12-15","SPEND","ULearn Limited Current account","PAYROLL","","300","E104B","","TO PAUL GILL","300","NONE","AUTHORISED","c702e285-5f3c-4430-9b20-6da7187c7bc4"
"2022-12-15","SPEND","ULearn Limited Current account","PAYROLL","","2250","E104B","","TO DIANA GUTIERREZ MA","2250","NONE","AUTHORISED","f9c7f1f4-0c70-4f7f-b53d-5dafa7be7c5f"
"2022-12-15","SPEND","ULearn Limited Current account","PAYROLL","","2250","E104B","","TO NEIL MC MAHON","2250","NONE","AUTHORISED","17edbe49-4b16-4c0f-b6ff-6ea46487a7c4"
"2022-12-15","SPEND","ULearn Limited Current account","PAYROLL","","2250","E104B","","TO PAUL GILL","2250","NONE","AUTHORISED","1a0ca947-1881-45f9-9072-d194b25ae188"
"2022-12-15","SPEND","ULearn Limited Current account","Google - CARD","","500","B110","","Google Ads","500","NONE","AUTHORISED","a45c30ef-9987-4637-9620-f04a49a85716"
"2022-12-16","SPEND","ULearn Limited Current account","Bank Charges","","0.24","B127","","NEPOSCHGUSD 000000.25","0.24","NONE","AUTHORISED","d94d0d4a-1f71-4417-88f7-d22858f09ae3"
"2022-12-16","SPEND","ULearn Limited Current account","Facebook - CARD","","43.05","B110","","Facebook Ads","43.05","NONE","AUTHORISED","4c74a716-4a17-408a-a332-14d4671dce9d"
"2022-12-16","SPEND","ULearn Limited Current account","ScrewFix","","99.95","A101","","Hardware ","99.95","NONE","AUTHORISED","d11fdc35-e9c4-49e9-859d-578230ec5025"
"2022-12-19","SPEND","ULearn Limited Current account","M&S","","10","B115","","Morning Coffees for Tradesmen","10","NONE","AUTHORISED","eea85853-1ca8-474b-85e8-93dde2160ead"
"2022-12-19","SPEND","ULearn Limited Current account","Tesco","","7.98","B102","","","7.98","NONE","AUTHORISED","aa612cbe-e30f-42f4-ac80-df96e9652e1a"
"2022-12-19","SPEND","ULearn Limited Current account","Bank Charges","","0.76","B127","","NEPOSCHGUSD 000000.33","0.76","NONE","AUTHORISED","97476c34-8d2d-4528-9364-055e8cbfadbd"
"2022-12-19","SPEND","ULearn Limited Current account","FREE NOW","","31","A104","","Student transsport","31","NONE","AUTHORISED","266cedda-f08e-4864-bc18-8d28708c00c3"
"2022-12-19","SPEND","ULearn Limited Current account","Tesco","","77.43","B115","","","77.43","NONE","AUTHORISED","06bc27f2-f254-418e-88a0-f4747ea05686"
"2022-12-19","SPEND","ULearn Limited Current account","CARD - Google","","9.99","B110","","1 TB Google Drive - renewing subscription","9.99","NONE","AUTHORISED","623b79e3-6875-4cd0-8e93-0f6da5641f94"
"2022-12-19","SPEND","ULearn Limited Current account","GoDaddy.com, LLC - CARD","","9.99","B106","","Domain & Webhost","9.99","NONE","AUTHORISED","c9f04844-0023-4cea-8cef-9545694baaa8"
"2022-12-19","SPEND","ULearn Limited Current account","Google - CARD","","500","B110","","Google Ads","500","NONE","AUTHORISED","dfa4cc61-56d6-49bc-8053-27fc39945404"
"2022-12-20","SPEND","ULearn Limited Current account","An Post","","50","B130","","","50","NONE","AUTHORISED","55453864-2a64-4352-ac53-4c5a0601c4e1"
"2022-12-20","SPEND","ULearn Limited Current account","An Post","","303","B102","","Delivery Charge","303","NONE","AUTHORISED","82d5a3f2-81b3-44ce-bb90-0dc81b2e634e"
"2022-12-21","SPEND","ULearn Limited Current account","ADOBE","","36.89","B106","","Design Software Photoshop etc","36.89","NONE","AUTHORISED","b0ec5b8a-02a3-4340-b3f2-b943e539f62f"
"2022-12-22","SPEND","ULearn Limited Current account","Bank Charges","","0.34","B127","","NEPOSCHGUSD 000000.25","0.34","NONE","AUTHORISED","099fc330-f055-4005-8faa-43b77ddb52cb"
"2022-12-22","SPEND","ULearn Limited Current account","ADOBE","","30.74","B106","","Adobe Creative Suite","30.74","NONE","AUTHORISED","5b3d0714-9a75-4cc9-b0a1-ff2274b849ee"
"2022-12-29","RECEIVE","ULearn Limited Current account","ULearn-Student","","1000","100","","STUDENT ID 25226   SP","1000","NONE","AUTHORISED","8950bf7a-3996-417b-a34a-d3d82976783c"
"2022-12-29","SPEND","ULearn Limited Current account","Bank Charges","","0.7","B127","","NEPOSCHGUSD 000000.33","0.7","NONE","AUTHORISED","6b77bd4e-cf33-47c8-9848-34fdad39462c"
"2022-12-29","SPEND","ULearn Limited Current account","Bank Charges","","10","B127","","BOI BOL CHARGE","10","NONE","AUTHORISED","e15f171c-df75-409c-ba55-24131f4605c2"
"2022-12-29","SPEND","ULearn Limited Current account","Hubspot","","196.21","B106","","Sales Hub Professional (5 Users Included)Charge for: 26/11/2022 - 25/12/2022","196.21","NONE","AUTHORISED","32c5651b-f7da-46ff-87ce-37a3092a7271"
"2022-12-29","SPEND","ULearn Limited Current account","CARD - Google","","3.99","B110","","1 TB Google Drive - renewing subscription","3.99","NONE","AUTHORISED","1a1d98c0-dc1e-40e5-b291-c7079028e8d4"
"2022-12-29","SPEND","ULearn Limited Current account","Google - CARD","","500","B110","","Google Ads","500","NONE","AUTHORISED","82a9e9da-e806-4ac9-9bd7-c05990612594"
"2022-12-29","SPEND","ULearn Limited Current account","Hubspot","","565.8","B106","","Sales Hub Professional (5 Users Included)Charge for: 26/11/2022 - 25/12/2022","565.8","NONE","AUTHORISED","73ca7330-1155-4932-82ab-e6e6e3a925c9"
"2022-12-29","SPEND","ULearn Limited Current account","Google - CARD","","500","B110","","Google Ads","500","NONE","AUTHORISED","99158732-9eac-47f5-a472-a4875a56e300"
"2022-12-29","SPEND","ULearn Limited Current account","Flickr","","7.49","B106","","POS23JUN FLICKR PRO M","7.49","NONE","AUTHORISED","b177c3af-8bfd-46e4-9f2b-0a9f8bd8fcd2"
"2022-12-07","SPEND","ULearn Limited Current account","MessageBird","","5","B106","","MessageBird for HubSpot
Nov 25 – Dec 25, 2022","5","NONE","AUTHORISED","b78aec06-edd5-48f4-a38e-c5fae9a272b2"
"2022-12-29","SPEND","ULearn Limited Current account","CARD - Google","","3.99","B110","","Google Cloud Charges","3.99","NONE","AUTHORISED","ef42e665-26ae-4c59-8fa1-1a0f4497a2b1"
"2022-12-29","SPEND","ULearn Limited Current account","Xero Subscription - CARD","","34.8","B106","","ULearn. Monthly Subscription, Standard Price Plan, 17 Oct 2022 to 16 Nov 2022. ","34.8","NONE","AUTHORISED","2abe9f4d-6949-408a-9512-2332eb8b469e"
"2022-12-30","SPEND","ULearn Limited Current account","Bank Charges","","87.11","B127","","NOTIFIED FEES","87.11","NONE","AUTHORISED","aa7eedd0-af37-4f94-8505-4231e7a1aef0"
"2022-06-02","SPEND","ULearn Limited Current account","Paul Gill","Expense -PG booked stdt hotel nights","927","A103","","TO PAUL GILL","927","NONE","AUTHORISED","b7cfb4e3-1de4-4b19-8bdf-41da5cee9f6a"
"2022-07-28","SPEND","ULearn Limited Current account","GoCar","POS27JUL GOCAR CAR SH","12.5","A104","","Transport (Van/CityCar)","12.5","NONE","AUTHORISED","107aa555-8b05-4317-bccc-3ba5cd71713f"
"2022-08-03","SPEND","ULearn Limited Current account","GoCar","POS02AUG GOCAR CAR SH","22.5","A104","","Transport (Van/CityCar)","22.5","NONE","AUTHORISED","e955a387-3a75-474c-bbbe-638ea0e186bb"
"2022-08-08","SPEND","ULearn Limited Current account","GoCar","POS07AUG GOCAR CAR SH","10","A104","","Transport (Van/CityCar)","10","NONE","AUTHORISED","eff8aaea-398b-4bac-82e5-30c069c1c49e"
"2022-08-08","SPEND","ULearn Limited Current account","GoCar","POS07AUG GOCAR CAR SH","17.5","A104","","Transport (Van/CityCar)","17.5","NONE","AUTHORISED","712c6b43-514c-4796-b328-1f32185a616c"
"2022-08-10","SPEND","ULearn Limited Current account","GoCar","POS09AUG GOCAR CAR SH","10","A104","","Transport (Van/CityCar)","10","NONE","AUTHORISED","234ba1be-8341-41eb-9688-4cda27743d9e"
"2022-08-12","SPEND","ULearn Limited Current account","GoCar","POS11AUG GOCAR CAR SH","10","A104","","Transport (Van/CityCar)","10","NONE","AUTHORISED","47fff2be-a4a9-4181-bfcc-51887004d7ea"
"2022-08-18","SPEND","ULearn Limited Current account","GoCar","POS17AUG GOCAR CAR SH","20","A104","","Transport (Van/CityCar)","20","NONE","AUTHORISED","95533283-e350-4838-ab35-8988fa346d73"
"2022-08-18","SPEND","ULearn Limited Current account","GoCar","POS17AUG GOCAR CAR SH","17.5","A104","","Transport (Van/CityCar)","17.5","NONE","AUTHORISED","bd4b6fba-2900-46fe-a826-123ca720745d"
"2022-08-26","SPEND","ULearn Limited Current account","GoCar","POS25AUG GOCAR CAR SH","12.5","A104","","Transport (Van/CityCar)","12.5","NONE","AUTHORISED","a9912ea1-772a-40b6-8986-f4aae2f4b901"
"2022-08-26","SPEND","ULearn Limited Current account","GoCar","POS25AUG GOCAR CAR SH","15","A104","","Transport (Van/CityCar)","15","NONE","AUTHORISED","90725847-1f58-48bf-aa07-336cf3459e06"
"2022-08-26","SPEND","ULearn Limited Current account","GoCar","POS25AUG GOCAR CAR SH","20","A104","","Transport (Van/CityCar)","20","NONE","AUTHORISED","f3882fef-8265-4ffe-8898-839e08d2b22a"
"2022-08-26","SPEND","ULearn Limited Current account","GoCar","POS25AUG GOCAR CAR SH","2.5","A104","","Transport (Van/CityCar)","2.5","NONE","AUTHORISED","41d920c2-d017-4ec0-bed2-ff04b5d07253"
"2022-08-29","SPEND","ULearn Limited Current account","GoCar","POS27AUG GOCAR CAR SH","17.5","A104","","Transport (Van/CityCar)","17.5","NONE","AUTHORISED","a444c59e-ee99-4289-b8e5-11e89643e342"
"2022-08-29","SPEND","ULearn Limited Current account","GoCar","POS27AUG GOCAR CAR SH","12.5","A104","","Transport (Van/CityCar)","12.5","NONE","AUTHORISED","18e1a6e8-d916-4c61-954e-b74eb8f0a3d1"
"2022-09-07","SPEND","ULearn Limited Current account","GoCar","POS06SEP GOCAR CAR SH","22.5","A104","","Transport (Van/CityCar)","22.5","NONE","AUTHORISED","6463c3d9-5e32-4905-b956-6809305f1882"
"2022-09-08","SPEND","ULearn Limited Current account","GoCar","POS07SEP GOCAR CAR SH","5","A104","","Transport (Van/CityCar)","5","NONE","AUTHORISED","64198c46-e751-4abb-8728-cbaa6b5ce960"
"2022-09-08","SPEND","ULearn Limited Current account","GoCar","POS07SEP GOCAR CAR SH","17.5","A104","","Transport (Van/CityCar)","17.5","NONE","AUTHORISED","c72dee81-69f5-42ef-9d46-cc2a286668a3"
"2022-07-11","RECEIVE","ULearn Limited Current account","ULearn-Student","","1000","100","","ENGLISH COURSE SP","1000","NONE","AUTHORISED","95069eb4-bc68-4bcf-bbf1-e6325634d600"
"2022-07-12","RECEIVE","ULearn Limited Current account","ULearn-Student","","1000","100","","PAYMENT COURSE SP","1000","NONE","AUTHORISED","21c0a0fe-2594-43ae-ad07-3a8ab5f28b46"
"2022-07-12","RECEIVE","ULearn Limited Current account","ULearn-Student","","1000","100","","3TH PAYMENT ECOURS SP","1000","NONE","AUTHORISED","f68177c4-3fd9-4270-a61f-133e08118944"
"2022-07-14","RECEIVE","ULearn Limited Current account","ULearn-Student","","1000","100","","PAYMENT ECOURSE SP","1000","NONE","AUTHORISED","a79f68dd-99d3-473b-8da0-3fa42d77b047"
"2022-07-21","RECEIVE","ULearn Limited Current account","ULearn-Student","","1000","100","","365 4319400542560800","1000","NONE","AUTHORISED","dabcf7bb-d907-4576-8e53-0aa47523bd7d"
"2022-07-22","RECEIVE","ULearn Limited Current account","ULearn-Student","","1000","100","","365 4319400542560800","1000","NONE","AUTHORISED","d50d09d4-6713-433f-a539-ee13afbae8c4"
"2022-08-03","RECEIVE","ULearn Limited Current account","ULearn-Student","","1000","100","","STUDENT ID 24464   SP","1000","NONE","AUTHORISED","e4e47eb7-142f-42fe-a960-c69a3babbe18"
"2022-07-25","SPEND","ULearn Limited Current account","FREE NOW","Student Airport Host Trsnfr","27.5","A104","","POS22JUL FREENOW*72LQ","27.5","TAX004","AUTHORISED","1100e448-fbd0-4508-924f-e71a0c04d74f"
"2022-07-25","SPEND","ULearn Limited Current account","FREE NOW","Student Airport Host Trsnfr","27.94","A104","","POS22JUL FREENOW*72K9","27.94","TAX004","AUTHORISED","c895791a-ed61-487a-a62e-b17cbd5e2d6d"
"2022-07-25","SPEND","ULearn Limited Current account","FREE NOW","Student Airport Host Trsnfr","17","A104","","POS24JUL FREENOW*730M","17","TAX004","AUTHORISED","48948348-a880-4030-bc58-9343d1ec6738"
"2022-07-26","SPEND","ULearn Limited Current account","FREE NOW","Student Airport Host Trsnfr","16.72","A104","","POS25JUL FREENOW*739X","16.72","TAX004","AUTHORISED","571e0cdb-7849-4355-b96d-c9ec9ed99422"
"2022-07-26","SPEND","ULearn Limited Current account","FREE NOW","Student Airport Host Trsnfr","45.4","A104","","POS25JUL FREENOW*73AP","45.4","TAX004","AUTHORISED","6d991ea9-feef-4306-a668-701f94de2685"
"2022-07-26","SPEND","ULearn Limited Current account","FREE NOW","Student Airport Host Trsnfr","45.32","A104","","POS25JUL FREENOW*73AW","45.32","TAX004","AUTHORISED","cfbbae4f-e15e-45a1-92a5-9664442e770a"
"2022-07-26","SPEND","ULearn Limited Current account","FREE NOW","Student Airport Host Trsnfr","17.48","A104","","POS25JUL FREENOW*73A5","17.48","TAX004","AUTHORISED","2ec99202-60d8-4392-bd16-7d8b60601e78"
"2022-07-29","SPEND","ULearn Limited Current account","FREE NOW","Student Airport Host Trsnfr","30.8","A104","","POS28JUL FREENOW*73OO","30.8","TAX004","AUTHORISED","67995a5c-3b16-4020-b48a-34b7a56917e5"
"2022-07-29","SPEND","ULearn Limited Current account","FREE NOW","Student Airport Host Trsnfr","21.12","A104","","POS28JUL FREENOW*73S1","21.12","TAX004","AUTHORISED","c9b4ea94-ba00-40a3-be81-6ba7cb07b296"
"2022-08-02","SPEND","ULearn Limited Current account","FREE NOW","Student Airport Host Trsnfr","31.2","A104","","POS30JUL FREENOW*740D","31.2","TAX004","AUTHORISED","a59d512d-4a85-47d6-a842-57fd8929a6c1"
"2022-08-03","SPEND","ULearn Limited Current account","FREE NOW","Student Airport Host Trsnfr","19.92","A104","","POS02AUG FREENOW*74SW","19.92","TAX004","AUTHORISED","4144c5e7-b3d5-461b-9900-b058bbdda1b5"
"2022-08-03","SPEND","ULearn Limited Current account","FREE NOW","Student Airport Host Trsnfr","18.38","A104","","POS02AUG FREENOW*74TI","18.38","TAX004","AUTHORISED","6ca2d5ac-8398-417c-800f-4c26e596c0c3"
"2022-08-08","SPEND","ULearn Limited Current account","FREE NOW","Student Airport Host Trsnfr","32.24","A104","","POS07AUG FREENOW*75RR","32.24","TAX004","AUTHORISED","33747244-ae7b-4c3c-a44a-fb7bea4cd8ca"
"2022-08-08","SPEND","ULearn Limited Current account","FREE NOW","Student Airport Host Trsnfr","46","A104","","POS07AUG FREENOW*75SL","46","TAX004","AUTHORISED","7e217069-1276-432f-893b-4fbd71d32a84"
"2022-07-27","SPEND","ULearn Limited Current account","FREE NOW","","33","A104","","POS26JUL FREENOW*73DK","33","NONE","AUTHORISED","f054cfcf-45a6-440c-ac43-404bd23bcb2f"
"2022-07-28","SPEND","ULearn Limited Current account","Storage Worl","Office Downsize Storage","224.75","B102","","POS27JUL STORAGE WORL","224.75","NONE","AUTHORISED","c5256733-0993-489a-9cbe-1c78f2511f92"
"2022-07-29","SPEND","ULearn Limited Current account","Paul Gill","","3680","E104B","","TO PAUL GILL","3680","NONE","AUTHORISED","20f09af8-1118-4212-aa5e-fa3e76b5d5d9"
"2022-08-16","SPEND","ULearn Limited Current account","FREE NOW","Student Host Airport Trnsf","34.4","A104","","POS15AUG FREENOW*77BP","34.4","NONE","AUTHORISED","40b00494-1aeb-499e-9673-c567a56a08f7"
"2022-06-07","SPEND","ULearn Limited Current account","Lizdan Business Services Ltd t/a Kinore","","490.8","B118","","Accountants","490.8","NONE","AUTHORISED","ed6f7322-843a-484f-a755-07450d4b0759"
"2022-07-04","SPEND","ULearn Limited Current account","Zoho","","36.9","B106","","HRM Software","36.9","NONE","AUTHORISED","203823d2-4816-4090-9b3d-afd86fdd4196"
"2022-07-04","SPEND","ULearn Limited Current account","Google - CARD","","417.52","B110","","Google Ads","417.52","NONE","AUTHORISED","68784574-0fa2-4d4b-9c80-12950291d813"
"2022-07-05","SPEND","ULearn Limited Current account","Jose Lanzagorta","","492.5","B112B","","Accomm","492.5","NONE","AUTHORISED","a1044a50-8ff4-4026-8e92-73aef8846650"
"2022-07-07","SPEND","ULearn Limited Current account","Lime","","4.52","A104","","Transport","4.52","NONE","AUTHORISED","bc5cad65-5ded-48cd-a209-c208a59e6950"
"2022-07-11","SPEND","ULearn Limited Current account","Google - CARD","","500","B110","","Google Ads","500","NONE","AUTHORISED","6afdf6fc-8493-4705-ad30-9e3b5e11e123"
"2022-07-14","SPEND","ULearn Limited Current account","Diwotel","","19.77","B112B","","Accomm","19.77","NONE","AUTHORISED","6a39baa8-a23a-441f-9dab-f96b06f5c217"
"2022-07-18","SPEND","ULearn Limited Current account","DublinBikes","","35","A104","","DublinBikes School Sub","35","NONE","AUTHORISED","8d9ee164-8a9f-4ede-b070-56c6d35df627"
"2022-07-18","SPEND","ULearn Limited Current account","Dunnes Stores","","30","A101","","Linen","30","NONE","AUTHORISED","d6926f5f-f163-45a9-a5f7-d43789dfc9ef"
"2022-07-20","SPEND","ULearn Limited Current account","Noel Hancock","","105","A104","","Noel Airport Pickup / Dropoff","105","NONE","AUTHORISED","8a575ad7-75ff-4d63-9461-6b92caaace8b"
"2022-07-20","SPEND","ULearn Limited Current account","BOOK OF KELLS - CARD","","266","A109B","","TCD Book of Kells Group Visit","266","NONE","AUTHORISED","9943764b-373c-4d85-875c-b75f7c50024e"
"2022-07-21","SPEND","ULearn Limited Current account","Epic Ireland Exhibitions","","152","A109B","","","152","NONE","AUTHORISED","17d3740c-39f7-4cfd-b96b-dcc30e5e044d"
"2022-07-21","SPEND","ULearn Limited Current account","Centra","","11.95","B102","","office running exp","11.95","NONE","AUTHORISED","d76eabdd-d41c-4c4d-a9ee-bf000d06d9cf"
"2022-07-21","SPEND","ULearn Limited Current account","Centra","","2.99","B102","","office running exp","2.99","NONE","AUTHORISED","d0caea1f-4899-47f7-93e4-1a533c581005"
"2022-07-22","SPEND","ULearn Limited Current account","ADOBE","","30.74","B106","","Adobe Creative Suite","30.74","NONE","AUTHORISED","d7084604-6bc7-4eef-963d-ec9eef268605"
"2022-07-22","SPEND","ULearn Limited Current account","GoDaddy.com, LLC - CARD","","36.22","B106","","Domain host","36.22","NONE","AUTHORISED","3062c94a-ab31-4bcd-98b0-4be0d722122e"
"2022-07-22","SPEND","ULearn Limited Current account","CARD - Google","","500","B110","","GOOGLE *ADS1","500","NONE","AUTHORISED","310761a5-1a41-41bd-a629-70cec9ec0a04"
"2022-07-22","SPEND","ULearn Limited Current account","GRENKE LIMITED","","3500","A107.A","","Paying down lease outstandings","3500","NONE","AUTHORISED","e853187e-80e2-41fc-87e3-f31182cd6d27"
"2022-07-25","SPEND","ULearn Limited Current account","Flickr","","7.49","B106","","POS23JUN FLICKR PRO M","7.49","NONE","AUTHORISED","0cccb794-73ae-4fc0-9194-36bf70f1c319"
"2022-07-25","SPEND","ULearn Limited Current account","MYUS","","10.45","B130","","International Freight Co ","10.45","NONE","AUTHORISED","8fce49fc-55d2-4622-b805-a60c74777982"
"2022-07-22","SPEND","ULearn Limited Current account","Dublin Bus","1587","608","A109B","","19 X 1 week leap visitor cards","608","NONE","AUTHORISED","cccb8c87-2830-41f1-a722-c28058c5907b"
"2022-07-22","SPEND","ULearn Limited Current account","Malahide Castle","","143.5","A109B","","Malahaide castle and garden visit ","143.5","NONE","AUTHORISED","703e80c9-8718-4048-bb0b-70509e03f6da"
"2022-07-26","SPEND","ULearn Limited Current account","TradingView","","29.43","B106","","P2503US 29.95@0.91085","29.43","NONE","AUTHORISED","ee9625a6-558c-4cd7-abb6-7878873461df"
"2022-07-26","SPEND","ULearn Limited Current account","EIR","","20","B104","","","20","NONE","AUTHORISED","0dd73b3d-7bcb-4937-bc3d-de6327934173"
"2022-07-26","SPEND","ULearn Limited Current account","CARD - Google","","500","B110","","GOOGLE *ADS1","500","NONE","AUTHORISED","fb731aeb-b37f-4ab2-b127-8930a037a1c8"
"2022-07-26","SPEND","ULearn Limited Current account","Bank Charges","","0.59","B127","","NEPOSCHGUSD 000000.33","0.59","NONE","AUTHORISED","83b7ae07-38cd-4f86-97b8-fe9aeb9e4ad3"
"2022-07-27","SPEND","ULearn Limited Current account","Noel Hancock","","75","A104","","Noel Airport Pickup / Dropoff","75","NONE","AUTHORISED","56838833-f530-4efe-8444-6f2a6b96ca93"
"2022-07-27","SPEND","ULearn Limited Current account","Guinness Storehouse","","324","A109B","","Group Outing Guinness","324","NONE","AUTHORISED","1052c622-638a-4edb-a4da-ff00df9e3c29"
"2022-07-27","SPEND","ULearn Limited Current account","PAYROLL","","2250","E104B","","TO DIANA GUTIERREZ MA","2250","NONE","AUTHORISED","dd5c3c81-ad99-48c1-b0b7-4ee9937d3217"
"2022-07-27","SPEND","ULearn Limited Current account","PAYROLL","","2250","E104B","","TO NEIL MC MAHON","2250","NONE","AUTHORISED","f698a020-bf97-4305-9895-79558a9192c2"
"2022-07-28","SPEND","ULearn Limited Current account","Bank Charges","","10","B127","","BOI BOL CHARGE","10","NONE","AUTHORISED","2403113c-b23e-41d0-a03c-09c876ecc351"
"2022-07-28","SPEND","ULearn Limited Current account","Glasnevin Cemetary Outing","","133","A109B","","Group outing","133","NONE","AUTHORISED","4faea853-af80-40b6-80f9-35321c34a212"
"2022-08-02","RECEIVE","ULearn Limited Current account","WAACC","","6250","B100","","WAACC 13  - Sublet Rent","6250","NONE","AUTHORISED","d8510585-a2c9-4cd9-bd47-7d6e51471470"
"2022-08-02","RECEIVE","ULearn Limited Current account","ULearn-Student","","3200","101","","RENT OCTOBER       SP","3200","NONE","AUTHORISED","1fe5e089-0362-4eee-8ba9-5fc303ca2c36"
"2022-08-02","SPEND","ULearn Limited Current account","CARD - Google","","500","B110","","GOOGLE *ADS1","500","NONE","AUTHORISED","c880dabe-a03c-48ec-848c-b11a9b09f725"
"2022-08-02","SPEND","ULearn Limited Current account","GoDaddy.com, LLC - CARD","","147.45","B106","","Domain & Webhost","147.45","NONE","AUTHORISED","951db971-bbf6-44ab-bf97-85b02fd18e28"
"2022-08-02","SPEND","ULearn Limited Current account","CARD - Google","","220.18","B110","","GOOGLE *ADS1","220.18","NONE","AUTHORISED","b14d13d9-4d2c-4ffe-bbb9-ee9e4f5b20ce"
"2022-08-02","SPEND","ULearn Limited Current account","Indeed - CARD","","598.21","B110","","November 2022 sponsored Hobs on Indeed.com","598.21","NONE","AUTHORISED","8bd0fbd7-77ac-46aa-af9b-73bac45cf6d9"
"2022-08-02","SPEND","ULearn Limited Current account","DublinBikes","","1","A104","","DublinBikes School Sub","1","NONE","AUTHORISED","20d8d2ff-0d4d-4d86-b256-b4f64046e6e1"
"2022-08-03","SPEND","ULearn Limited Current account","Lenehans","","23.94","A101","","Hardware - Capel ","23.94","NONE","AUTHORISED","153273cf-91fb-4abf-8e19-20cf4717b9ad"
"2022-08-03","SPEND","ULearn Limited Current account","Bank Charges","","0.39","B127","","NEPOSCHGUSD 000000.33","0.39","NONE","AUTHORISED","5a2bd041-9fd6-42d6-bd09-e5480a13872f"
"2022-08-03","SPEND","ULearn Limited Current account","Ikea","","1246","A101A","","","1246","NONE","AUTHORISED","a80afe44-60e1-46ca-9d69-2d4f1993b620"
"2022-08-03","SPEND","ULearn Limited Current account","Zoho","","36.9","B106","","HRM Software","36.9","NONE","AUTHORISED","cc52fc93-167b-41ae-8491-cf1b8d98f88f"
"2022-08-03","SPEND","ULearn Limited Current account","Curry's PC World","","39.99","B102","","Computer Peripherals etc","39.99","NONE","AUTHORISED","b7b95130-5c3c-4dcf-8cfa-1d809f627a7a"
"2022-08-03","SPEND","ULearn Limited Current account","Lizdan Business Services Ltd t/a Kinore","","1107","B118","","Accountants","1107","NONE","AUTHORISED","cd19f0a5-9681-436b-a2a8-94ac6797feef"
"2022-08-04","SPEND","ULearn Limited Current account","PoundLand","","4.5","B102","","Stationery","4.5","NONE","AUTHORISED","e5f4455c-cae6-4e1a-b270-2711cf6d2539"
"2022-08-04","SPEND","ULearn Limited Current account","Tesco","","28.36","B102","","","28.36","NONE","AUTHORISED","fdd6db8b-51c5-4016-b063-1b2a2d21f23e"
"2022-08-04","SPEND","ULearn Limited Current account","Fonezone","","20","B117","","Accomm Phone Case","20","NONE","AUTHORISED","66b67a2b-820e-4e46-94a4-34894d66da3a"
"2022-08-04","SPEND","ULearn Limited Current account","Ikea","","12","A101","","","12","NONE","AUTHORISED","82933351-fd4c-4eaa-a092-f8dd0ec75598"
"2022-08-04","SPEND","ULearn Limited Current account","ZOOM","","51.62","B106","","Zoom Meetings","51.62","NONE","AUTHORISED","fc751ab2-fc4e-4d8e-9bc1-64765b783d92"
"2022-08-05","SPEND","ULearn Limited Current account","Tesco","","17.05","B102","","","17.05","NONE","AUTHORISED","6ba5c4cf-19db-421c-a1d3-b288904733d9"
"2022-08-05","SPEND","ULearn Limited Current account","Bank Charges","","0.59","B127","","NEPOSCHGUSD 000000.33","0.59","NONE","AUTHORISED","9c53b188-cd81-45ae-b3f1-1b05ede1052c"
"2022-08-05","SPEND","ULearn Limited Current account","Noel Hancock","","65","A104","","Noel Airport Pickup / Dropoff","65","NONE","AUTHORISED","d46dc6eb-73ab-411f-81a4-c9d84e5a3045"
"2022-08-05","SPEND","ULearn Limited Current account","TradingView","","29.5","B106","","P2503US 29.95@0.91085","29.5","NONE","AUTHORISED","851e9fe7-e653-4609-8524-fc30a225f8e7"
"2022-08-08","SPEND","ULearn Limited Current account","Vodafone","","20","B104","","School Phone TopUp","20","NONE","AUTHORISED","a489ab8c-727d-4c54-ae13-8d86bcd59a1f"
"2022-08-08","SPEND","ULearn Limited Current account","CARD - Google","","500","B110","","GOOGLE *ADS1","500","NONE","AUTHORISED","5c1ae936-062b-4cce-a7d7-b6f31962b2ac"
"2022-08-09","SPEND","ULearn Limited Current account","Lenehans","","20.97","A101","","Hardware - Capel ","20.97","NONE","AUTHORISED","8be76b61-8419-4bb9-9989-ed2d9dc48904"
"2022-08-09","SPEND","ULearn Limited Current account","Ikea","","7","A101","","","7","NONE","AUTHORISED","740ce6ee-5040-4504-b2fa-46e82afa34af"
"2022-08-09","SPEND","ULearn Limited Current account","Bank Charges","","0.19","B127","","NEPOSCHGGBP 000000.19","0.19","NONE","AUTHORISED","c9e2d90f-5112-4409-93ad-2f5a33ef3e64"
"2022-08-09","SPEND","ULearn Limited Current account","Lenehans","","54.52","A101","","Hardware - Capel ","54.52","NONE","AUTHORISED","2dcc6733-5bc6-44c9-9b14-b30817a1b88f"
"2022-08-09","SPEND","ULearn Limited Current account","Noel Hancock","","230","A104","","Noel Airport Pickup / Dropoff","230","NONE","AUTHORISED","f3e3a272-dfb4-4a3e-9554-a8ebf3458d23"
"2022-08-09","SPEND","ULearn Limited Current account","Ikea","","333","A101A","","","333","NONE","AUTHORISED","4883cf3a-052b-4e1e-8b60-aded5b5f51ae"
"2022-08-09","SPEND","ULearn Limited Current account","Audible - CARD","","9.5","B121","","P0802GB 7.99@1.18898","9.5","NONE","AUTHORISED","ded0a307-fdd9-491d-b68b-ab79fcca3f9a"
"2022-08-10","SPEND","ULearn Limited Current account","Bank Charges","","0.59","B127","","NEPOSCHGUSD 000000.33","0.59","NONE","AUTHORISED","e07a671c-9674-42fe-833c-e8f36f6caff5"
"2022-08-10","SPEND","ULearn Limited Current account","Bank Charges","","6.48","B127","","NEPOSCHGUSD 000000.33","6.48","NONE","AUTHORISED","3b9161e7-8f17-44bd-8a3e-ee383aa94111"
"2022-08-10","SPEND","ULearn Limited Current account","CARD - Google","","500","B110","","GOOGLE *ADS1","500","NONE","AUTHORISED","6c8d99ab-710b-4cbf-be26-fc4dcacbca07"
"2022-08-10","SPEND","ULearn Limited Current account","TradingView","","29.44","B106","","P2503US 29.95@0.91085","29.44","NONE","AUTHORISED","e54eb08b-94f7-4e1a-9ba3-588d3eb0c726"
"2022-08-11","SPEND","ULearn Limited Current account","Lenehans","","32.94","A101","","Hardware Capel","32.94","NONE","AUTHORISED","b1d2c006-cc18-4d5e-9997-f65c72424639"
"2022-08-10","SPEND","ULearn Limited Current account","FREE NOW","76BM90","11.81","A104","","Student transport","11.81","NONE","AUTHORISED","0d1e921f-8927-4afc-a5f3-5b522c486414"
"2022-08-11","SPEND","ULearn Limited Current account","GoDaddy.com, LLC - CARD","","69.57","B106","","Domain & Webhost","69.57","NONE","AUTHORISED","7b51da95-9c83-4562-adf6-053f4c475358"
"2022-08-12","SPEND","ULearn Limited Current account","Zoho","","26.88","B106","","Recuitment HRM Software","26.88","NONE","AUTHORISED","f61aa64f-adfc-4261-a550-ca6f2c6f52bf"
"2022-08-15","SPEND","ULearn Limited Current account","Bank Charges","","0.2","B127","","NEPOSCHGGBP 000000.19","0.2","NONE","AUTHORISED","5b1c1a5f-5d03-4f80-a5cc-bb8a009498a4"
"2022-08-15","SPEND","ULearn Limited Current account","Bank Charges","","0.21","B127","","NEPOSCHGGBP 000000.19","0.21","NONE","AUTHORISED","61e6d314-e4a1-4b7c-92da-c47764b6b8e0"
"2022-08-15","SPEND","ULearn Limited Current account","CARD - Google","","500","B110","","GOOGLE *ADS1","500","NONE","AUTHORISED","246c0d52-7762-478a-b4b6-25d25f77fc60"
"2022-08-15","SPEND","ULearn Limited Current account","GoDaddy.com, LLC - CARD","","24.77","B106","","Domain host","24.77","NONE","AUTHORISED","0b268641-ab14-4487-8041-23ee8ac67c01"
"2022-08-15","SPEND","ULearn Limited Current account","GoDaddy.com, LLC - CARD","","24.77","B106","","Domain host","24.77","NONE","AUTHORISED","7ef7a019-41fa-4e80-bf99-c35b007be517"
"2022-08-15","SPEND","ULearn Limited Current account","Audible - CARD","","9.83","B121","","School Audio Book Sub","9.83","NONE","AUTHORISED","a837c8a2-0bf0-4335-ad0c-f8c92c7add22"
"2022-08-16","SPEND","ULearn Limited Current account","Bank Charges","","0.26","B127","","NEPOSCHGUSD 000000.24","0.26","NONE","AUTHORISED","10f481d3-993c-44a7-b5ac-545387ed3288"
"2022-08-16","SPEND","ULearn Limited Current account","Lenehans","","64.11","A101","","Hardware Capel","64.11","NONE","AUTHORISED","3cee10eb-d0c3-42b7-ba36-5d9eedad662f"
"2022-08-17","SPEND","ULearn Limited Current account","PoundLand","","6","B102","","Stationery","6","NONE","AUTHORISED","b43bc1ce-d51d-47fa-adf6-9bba055e8814"
"2022-08-17","SPEND","ULearn Limited Current account","Tesco","","36.79","B102","","","36.79","NONE","AUTHORISED","0d3c51c5-36f7-4b4b-a14a-b4dc85282850"
"2022-08-17","SPEND","ULearn Limited Current account","Tesco","","12.5","B102","","","12.5","NONE","AUTHORISED","7f506c84-7537-45f1-bfd5-40e97a419d9f"
"2022-08-17","SPEND","ULearn Limited Current account","VidaXL","","125.98","B102","","","125.98","NONE","AUTHORISED","aebe1e99-f2d9-4459-a2ae-4818ee10af78"
"2022-08-17","SPEND","ULearn Limited Current account","PAYPAL EUROPE","","30","B102","","Cyatophilm - Online Financial Instruction","30","NONE","AUTHORISED","102c1fe9-bd05-49b1-9acc-633487e9aad3"
"2022-08-18","SPEND","ULearn Limited Current account","Ikea","","26.5","A101","","","26.5","NONE","AUTHORISED","ad0b0a2a-c7f7-46dc-8074-e0f4b77932bd"
"2022-08-18","SPEND","ULearn Limited Current account","Bank Charges","","0.69","B127","","NEPOSCHGUSD 000000.33","0.69","NONE","AUTHORISED","49cbe571-c5e6-4a41-86c9-c8ca73d389d0"
"2022-08-18","SPEND","ULearn Limited Current account","CARD - Google","","500","B110","","GOOGLE *ADS1","500","NONE","AUTHORISED","4a0378a9-3a0b-491e-a319-a7ecd8c70cac"
"2022-08-18","SPEND","ULearn Limited Current account","EIR","","20","B104","","Eir top up school mob.","20","NONE","AUTHORISED","504f4d19-7165-4aa2-af4f-282f455cec1b"
"2022-08-18","SPEND","ULearn Limited Current account","Woodies","","280.33","A101","","","280.33","NONE","AUTHORISED","947245d8-1f29-4bd9-b58f-67b814109062"
"2022-08-18","SPEND","ULearn Limited Current account","GoDaddy.com, LLC - CARD","","12.29","B106","","Domain & Webhost","12.29","NONE","AUTHORISED","5bcb0e56-5cd4-4b89-bbda-eed1339d6dbe"
"2022-08-19","SPEND","ULearn Limited Current account","Lenehans","","3.49","A101","","Hardware Capel","3.49","NONE","AUTHORISED","ebf667fa-b0ad-4a0c-bd59-7782ab61a6fe"
"2022-08-19","SPEND","ULearn Limited Current account","Lenehans","","40.31","A101","","Hardware Capel","40.31","NONE","AUTHORISED","2493d695-311e-4c48-8de5-0370bff99310"
"2022-08-19","SPEND","ULearn Limited Current account","Lenehans","","58.17","A101","","Hardware Capel","58.17","NONE","AUTHORISED","e92a4ea0-8ae9-4eb4-a5b0-cd7768c4cfa2"
"2022-08-19","SPEND","ULearn Limited Current account","CARD - Google","","9.99","B110","","Google Cloud Charges","9.99","NONE","AUTHORISED","9b370d4f-5988-4f1a-89c9-679337cc82db"
"2022-08-22","SPEND","ULearn Limited Current account","Lenehans","","15.99","A101","","Hardware Capel","15.99","NONE","AUTHORISED","2291094f-3909-454d-8c45-909eefe74077"
"2022-08-22","SPEND","ULearn Limited Current account","Lenehans","","48.43","A101","","Hardware Capel","48.43","NONE","AUTHORISED","5e21d4ba-3f16-46ca-9791-4b11f2c95d45"
"2022-08-22","SPEND","ULearn Limited Current account","Bank Charges","","0.28","B127","","NEPOSCHGUSD 000000.24","0.28","NONE","AUTHORISED","63ceed0e-0231-49b2-acfb-567963c9c858"
"2022-08-22","SPEND","ULearn Limited Current account","ADOBE","","30.74","B106","","Adobe Creative Suite","30.74","NONE","AUTHORISED","85f842a5-2b15-4426-98bc-2005d9391523"
"2022-08-22","SPEND","ULearn Limited Current account","Saniflo","","825","A101A","","Replaced Toilet Rm2","825","NONE","AUTHORISED","cf33a27f-cda1-4351-8402-1dea1738e561"
"2022-08-20","SPEND","ULearn Limited Current account","Zopim - CARD","INV08887431","13.96","B106","","Chat Basic Subscription
08/20/2022-09/19/2022
Month","13.96","NONE","AUTHORISED","e1666a37-7141-4c92-b9d5-04e7788f7218"
"2022-08-23","SPEND","ULearn Limited Current account","Lenehans","","30.44","A101","","Hardware Capel","30.44","NONE","AUTHORISED","5ea23844-8034-45c6-a5ac-8d2fe3bc98cb"
"2022-08-23","SPEND","ULearn Limited Current account","Lenehans","","18.88","A101","","Hardware Capel","18.88","NONE","AUTHORISED","1e908592-69d3-4745-a32d-ff64987de845"
"2022-08-23","SPEND","ULearn Limited Current account","Curry's PC World","","80.98","B102","","Computer Peripherals etc","80.98","NONE","AUTHORISED","21434d9f-65cc-4d73-9ad0-4608c3022947"
"2022-08-23","SPEND","ULearn Limited Current account","CARD - Google","","500","B110","","GOOGLE *ADS1","500","NONE","AUTHORISED","74613584-9ea9-4081-a29a-a8a2177ca576"
"2022-08-24","SPEND","ULearn Limited Current account","Lenehans","","32.9","A101","","Hardware Capel","32.9","NONE","AUTHORISED","6f7bcd14-6120-4ea7-a8ae-fd2078915908"
"2022-08-24","SPEND","ULearn Limited Current account","Flickr","","7.49","B106","","POS23JUN FLICKR PRO M","7.49","NONE","AUTHORISED","fc5844f0-4f8b-40ec-a384-501f6ac0df3a"
"2022-08-25","SPEND","ULearn Limited Current account","MYUS","","10.69","B130","","International Freight Co ","10.69","NONE","AUTHORISED","f0325876-ef1d-40fa-b599-e7a094851d40"
"2022-08-25","SPEND","ULearn Limited Current account","Lenehans","","8.99","A101","","Hardware Capel","8.99","NONE","AUTHORISED","cadfc132-b66d-44d6-a539-9dacb9cd0037"
"2022-08-26","SPEND","ULearn Limited Current account","Tesco","","6","B102","","","6","NONE","AUTHORISED","c484e793-5703-4577-a021-e2eb8f3453d1"
"2022-08-26","SPEND","ULearn Limited Current account","Lenehans","","7.59","A101","","Hardware Capel","7.59","NONE","AUTHORISED","a9b39a35-4977-4a17-aefb-07e7b6321654"
"2022-08-26","SPEND","ULearn Limited Current account","Bank Charges","","0.6","B127","","NEPOSCHGUSD 000000.33","0.6","NONE","AUTHORISED","1d40507a-7770-40ff-9b7f-ae3a77f350e1"
"2022-08-26","SPEND","ULearn Limited Current account","ScrewFix","","14.85","A101","","Hardware ","14.85","NONE","AUTHORISED","1044cff2-77dd-445a-9a57-4214050ea779"
"2022-08-26","SPEND","ULearn Limited Current account","Ikea","","76","A101A","","","76","NONE","AUTHORISED","a0ae1ff3-bbed-4e99-8550-4794c8e92e36"
"2022-08-26","SPEND","ULearn Limited Current account","TradingView","","30.11","B106","","Software","30.11","NONE","AUTHORISED","c12741c7-388b-41ae-8b65-d8fa494b44a8"
"2022-08-29","SPEND","ULearn Limited Current account","Ikea","","13","A101","","","13","NONE","AUTHORISED","dab17a85-c25c-47d9-8fda-85683adaba5d"
"2022-08-29","SPEND","ULearn Limited Current account","Bank Charges","","10","B127","","BOI BOL CHARGE","10","NONE","AUTHORISED","33b71888-8c04-423a-9d83-df8a6449e4eb"
"2022-08-29","SPEND","ULearn Limited Current account","FREE NOW","","31.4","A104","","Student transport","31.4","NONE","AUTHORISED","adf02afe-3f7e-4438-84e7-642c50549a84"
"2022-08-29","SPEND","ULearn Limited Current account","FREE NOW","","36.88","A104","","Student transport","36.88","NONE","AUTHORISED","e2fadbbf-d71a-4c88-9053-71f44349e8bb"
"2022-08-29","SPEND","ULearn Limited Current account","FREE NOW","","25.4","A104","","Student transport","25.4","NONE","AUTHORISED","46db22a8-e4cc-4821-bea1-6cee248a693b"
"2022-08-29","SPEND","ULearn Limited Current account","FREE NOW","","31.58","A104","","Student transport","31.58","NONE","AUTHORISED","cb65d968-6ea9-4f9a-9fe8-e3ea1306cbba"
"2022-08-29","SPEND","ULearn Limited Current account","CARD - Google","","500","B110","","GOOGLE *ADS1","500","NONE","AUTHORISED","0f1f3882-a186-43bc-8d07-96cdb81e95fd"
"2022-08-29","SPEND","ULearn Limited Current account","ScrewFix","","28.45","A101","","Hardware ","28.45","NONE","AUTHORISED","28cd1a3d-ea44-4cdd-b4db-8ec309594df2"
"2022-08-27","SPEND","ULearn Limited Current account","B&Q","","170.8","A102A","","Hardware","170.8","NONE","AUTHORISED","a9ee1718-8bfb-4410-9a13-53044be17c2a"
"2022-08-29","SPEND","ULearn Limited Current account","Lenehans","","5.24","A102A","","Hardware","5.24","NONE","AUTHORISED","2d34c832-5987-4bf8-8d26-5376ded60a5f"
"2022-08-30","SPEND","ULearn Limited Current account","Storage Worl","","224.75","B102","","POS27JUL STORAGE WORL","224.75","NONE","AUTHORISED","e0396995-bcbd-4b6f-b621-8af258689fac"
"2022-08-31","RECEIVE","ULearn Limited Current account","ULearn-Student","","3200","101","","RENT OCTOBER       SP","3200","NONE","AUTHORISED","d37525e4-a0a1-47cc-98cf-978cd9f5f4e9"
"2022-08-31","SPEND","ULearn Limited Current account","Tesco","","6.6","B102","","","6.6","NONE","AUTHORISED","d93d5c88-78d2-41d1-8304-ebdb6348f7ee"
"2022-08-31","SPEND","ULearn Limited Current account","Lenehans","","1.49","A101","","Hardware Capel","1.49","NONE","AUTHORISED","5e2ad657-f591-4659-a4ba-4cba7dd76ee1"
"2022-08-31","SPEND","ULearn Limited Current account","PAYROLL","","2250","E104B","","TO NEIL MC MAHON","2250","NONE","AUTHORISED","874305a8-f913-4612-9136-3076e24e3a7e"
"2022-08-31","SPEND","ULearn Limited Current account","PAYROLL","","2250","E104B","","TO DIANA GUTIERREZ MA","2250","NONE","AUTHORISED","94bb1a91-11cc-4f24-9741-675eedec28c2"
"2022-08-31","SPEND","ULearn Limited Current account","Paul Gill","","2250","E104B","","TO PAUL GILL","2250","NONE","AUTHORISED","fe9e7510-44e5-47c6-a3d2-ca49ad0cc38e"
"2022-09-01","RECEIVE","ULearn Limited Current account","WAACC","","6250","B100","","WAACC 13  - Sublet Rent","6250","NONE","AUTHORISED","c4024b5f-b267-40dd-941e-d245ccbd96c6"
"2022-09-06","SPEND","ULearn Limited Current account","Tesco","","35","B102","","","35","NONE","AUTHORISED","3eaae289-ffb5-47a0-ba47-2a29d472e719"
"2022-09-08","SPEND","ULearn Limited Current account","Tesco","","5.72","B102","","","5.72","NONE","AUTHORISED","72cf4b0f-14c2-4e0c-bc69-f1609774c010"
"2022-09-08","SPEND","ULearn Limited Current account","Extreme Event Ireland Ltd","","704","A109B","","","704","NONE","AUTHORISED","c3eeace4-9668-40d6-82f5-30a3bb1e0bc6"
"2022-09-08","SPEND","ULearn Limited Current account","B&Q","","72.45","A102A","","Hardware","72.45","NONE","AUTHORISED","feaa8265-f04c-4abb-82bb-06f1da091f2e"
"2022-09-08","SPEND","ULearn Limited Current account","ScrewFix","","34.95","A101","","Hardware ","34.95","NONE","AUTHORISED","58c09589-f1e6-4738-8689-c53fcd0ba5ee"
"2022-09-09","SPEND","ULearn Limited Current account","Bank Charges","","0.18","B127","","NEPOSCHGGBP 000000.19","0.18","NONE","AUTHORISED","b5e017ec-13d4-427b-b663-0ab297266f65"
"2022-09-09","SPEND","ULearn Limited Current account","Tesco","","10","B102","","","10","NONE","AUTHORISED","b23a1215-41be-4bc7-b3ae-7f58ee58fe2f"
"2022-09-09","SPEND","ULearn Limited Current account","CARD - Google","","500","B110","","GOOGLE *ADS1","500","NONE","AUTHORISED","5898476d-dcfd-4c06-b26f-6e0a892f5025"
"2022-09-09","SPEND","ULearn Limited Current account","Vodafone","","49.2","B104A","","","49.2","NONE","AUTHORISED","73513a04-a5f0-40f9-ad53-1eac2e78e302"
"2022-09-09","SPEND","ULearn Limited Current account","Vodafone","","49.2","B104A","","","49.2","NONE","AUTHORISED","4ea4e7c9-04d9-46a3-8461-291650117ee8"
"2022-09-09","SPEND","ULearn Limited Current account","Vodafone","","49.2","B104A","","","49.2","NONE","AUTHORISED","1857d343-2846-40d1-a761-4b6b3894dbb1"
"2022-09-09","SPEND","ULearn Limited Current account","Audible - CARD","","9.23","B121","","School Audio Books","9.23","NONE","AUTHORISED","b4a2f11a-0549-4b92-8e7b-5de3cb531de1"
"2022-09-12","SPEND","ULearn Limited Current account","Lenehans","","3.5","A101","","Hardware Capel","3.5","NONE","AUTHORISED","87992910-5629-4de6-b118-ee2506666f7a"
"2022-09-12","SPEND","ULearn Limited Current account","Bank Charges","","0.6","B127","","NEPOSCHGUSD 000000.33","0.6","NONE","AUTHORISED","fb08571f-65a2-4ed2-95f9-113a39331d94"
"2022-09-12","SPEND","ULearn Limited Current account","Bank Charges","","6.63","B127","","NEPOSCHGUSD 000000.33","6.63","NONE","AUTHORISED","6b518e55-cd90-4644-bc5f-a4fd548754ec"
"2022-09-12","SPEND","ULearn Limited Current account","FREE NOW","","23.31","A104","","Student transport","23.31","NONE","AUTHORISED","36f138f4-cd11-4b4c-a03f-1487ee368f83"
"2022-09-12","SPEND","ULearn Limited Current account","FREE NOW","","32.02","A104","","Student transport","32.02","NONE","AUTHORISED","0d8329a5-963b-41ef-95c7-253aeed90367"
"2022-09-12","SPEND","ULearn Limited Current account","Lenehans","","76.89","A101","","Hardware Capel","76.89","NONE","AUTHORISED","311c866e-f264-4784-ace2-beac3654c9be"
"2022-09-12","SPEND","ULearn Limited Current account","Zoho","","26.88","B106","","Recuitment HRM Software","26.88","NONE","AUTHORISED","4ca69b91-33c2-4b77-95cf-cc163bde3025"
"2022-09-12","SPEND","ULearn Limited Current account","TradingView","","30.02","B106","","P2503US 29.95@0.91085","30.02","NONE","AUTHORISED","7905a35b-bd68-4658-b9a9-29612f19525f"
"2022-09-13","SPEND","ULearn Limited Current account","Tesco","","40.16","B102","","","40.16","NONE","AUTHORISED","8c97df44-f09a-46b5-9072-6ffd60bec3ad"
"2022-09-13","SPEND","ULearn Limited Current account","FREE NOW","","25.64","A104","","Student transport","25.64","NONE","AUTHORISED","6b938391-1ed6-4c95-af23-142f7158bb53"
"2022-09-14","SPEND","ULearn Limited Current account","BOI","","50","B127","","Overdraft ","50","NONE","AUTHORISED","87b06928-0ad8-4b35-add5-916c9f1a47fe"
"2022-09-14","SPEND","ULearn Limited Current account","CARD - Google","","500","B110","","GOOGLE *ADS1","500","NONE","AUTHORISED","5b368a63-6cc5-4cad-b4b2-514107367769"
"2022-09-16","SPEND","ULearn Limited Current account","Bank Charges","","0.26","B127","","NEPOSCHGUSD 000000.24","0.26","NONE","AUTHORISED","682da5a5-e1cc-4df5-ad2e-82be9947006e"
"2022-09-16","SPEND","ULearn Limited Current account","A2 Hosting","","296.25","B106","","A2 Webhost","296.25","NONE","AUTHORISED","e2e65edd-2718-40b5-b163-615e95caf5ff"
"2022-09-19","SPEND","ULearn Limited Current account","Bank Charges","","0.7","B127","","NEPOSCHGUSD 000000.33","0.7","NONE","AUTHORISED","66fc0a95-71ae-46ac-978e-267f588e81be"
"2022-09-19","SPEND","ULearn Limited Current account","Curry's PC World","","74.99","B102","","Computer Peripherals etc","74.99","NONE","AUTHORISED","5ceebb68-a96c-4ef8-8805-912a536f63df"
"2022-09-19","SPEND","ULearn Limited Current account","FREE NOW","","20.14","A104","","Student transport","20.14","NONE","AUTHORISED","43f42366-ba73-4d12-8afc-f788d252fba3"
"2022-09-19","SPEND","ULearn Limited Current account","CARD - Google","","500","B110","","GOOGLE *ADS1","500","NONE","AUTHORISED","cfeb9b87-22dc-4a80-be17-0a42a3515838"
"2022-09-19","SPEND","ULearn Limited Current account","EIR","","20","B104","","Eir top up school mob.","20","NONE","AUTHORISED","a74ad1a2-097f-4f57-a3ee-9c64f8807303"
"2022-09-19","SPEND","ULearn Limited Current account","GoDaddy.com, LLC - CARD","","61.59","B106","","Domain & Webhost","61.59","NONE","AUTHORISED","9aefa5b0-3e67-4910-8eaf-2fd7dedde755"
"2022-09-19","SPEND","ULearn Limited Current account","CARD - Google","","9.99","B110","","Google Cloud Charges","9.99","NONE","AUTHORISED","9bba81d1-2804-4ff4-a9a5-b2e06d137c99"
"2022-09-19","SPEND","ULearn Limited Current account","GoDaddy.com, LLC - CARD","","24.58","B106","","Domain & Webhost","24.58","NONE","AUTHORISED","55a2105f-f1fd-489a-a357-be9d98e4b3b4"
"2022-09-19","SPEND","ULearn Limited Current account","PAYPAL EUROPE","","30","B102","","Cyatophilm - Online Financial Instruction","30","NONE","AUTHORISED","1c4fc898-12ee-4d74-bcd0-7f69c8b3eb3e"
"2022-09-17","SPEND","ULearn Limited Current account","Xero Subscription - CARD","IN-3826638","35.2","B106","","ULearn. Monthly Subscription, Standard Price Plan, 17 Aug 2022 to 16 Sep 2022","35.2","NONE","AUTHORISED","36e83bc0-af53-4527-bc5b-9712fefb5945"
"2022-09-21","SPEND","ULearn Limited Current account","Bank Charges","","0.28","B127","","NEPOSCHGUSD 000000.24","0.28","NONE","AUTHORISED","7d18be87-dfda-47c7-8b44-0d74d82b7551"
"2022-09-20","SPEND","ULearn Limited Current account","Zopim - CARD","INV08999708","14.07","B106","","Chat Basic Subscription
09/20/2022-10/19/2022
Month","14.07","NONE","AUTHORISED","a0d1b6ec-b8ac-4ee9-835b-212404a547c2"
"2022-09-22","SPEND","ULearn Limited Current account","CARD - Google","","500","B110","","GOOGLE *ADS1","500","NONE","AUTHORISED","f09a44bf-5b84-4ff3-9d56-df94c0462485"
"2022-09-22","SPEND","ULearn Limited Current account","REVENUE COMMISSIONERS","","497","B109","","Local Property Tax ","497","NONE","AUTHORISED","504141e2-6301-4bf8-a97a-72195d6b3b9d"
"2022-09-22","SPEND","ULearn Limited Current account","REVENUE COMMISSIONERS","","267","B109","","Local Property Tax ","267","NONE","AUTHORISED","84a74ce7-e071-4538-8479-16f49a83747d"
"2022-09-22","SPEND","ULearn Limited Current account","GoCar","POS21SEP GOCAR CAR SH","19","A104","","Transport (Van/CityCar)","19","NONE","AUTHORISED","0c039486-618e-4734-b57f-ea999612d8ea"
"2022-09-22","SPEND","ULearn Limited Current account","GoCar","POS21SEP GOCAR CAR SH","35","A104","","Transport (Van/CityCar)","35","NONE","AUTHORISED","195e2160-ab92-4efd-b919-6cdb0022587b"
"2022-09-22","SPEND","ULearn Limited Current account","ADOBE","","30.74","B106","","Adobe Creative Suite","30.74","NONE","AUTHORISED","7c9c2a70-ea34-4ee4-b35b-1de9d2eaa5e2"
"2022-09-22","SPEND","ULearn Limited Current account","Noel Hancock","","75","A104","","Noel Airport Pickup / Dropoff","75","NONE","AUTHORISED","8e865d34-a9d5-409e-ae81-9f5894f16a07"
"2022-09-23","SPEND","ULearn Limited Current account","Tesco","","14","B102","","","14","NONE","AUTHORISED","2c66c1df-5ddb-4806-ab5f-881fd68ff701"
"2022-09-23","SPEND","ULearn Limited Current account","An Post","","21.5","B130","","postage","21.5","NONE","AUTHORISED","79ab50f7-683d-40a5-a74b-ca2935832f07"
"2022-09-23","SPEND","ULearn Limited Current account","Bank Charges","","79.6","B127","","NOTIFIED FEES","79.6","NONE","AUTHORISED","782e2f87-b51a-4626-86d4-032722002850"
"2022-09-23","SPEND","ULearn Limited Current account","Bank Charges","","1.83","B127","","NEPOSCHGUSD 000000.33","1.83","NONE","AUTHORISED","10cd7574-ed95-45d9-adf2-f1e39556d2d5"
"2022-09-23","SPEND","ULearn Limited Current account","Bank Charges","","2.02","B127","","NEPOSCHGUSD 000000.02","2.02","NONE","AUTHORISED","772cd0a4-b9e0-4404-8e68-f46f16232819"
"2022-10-05","SPEND","ULearn Limited Current account","Access Plastics","","620.17","A101A","","Poly plastic for window insulate","620.17","NONE","AUTHORISED","8ab2475e-4691-4ce8-805b-7c87af985305"
"2022-10-10","SPEND","ULearn Limited Current account","Xero Subscription - CARD","","30.85","B106","","Xero","30.85","NONE","AUTHORISED","f49255c1-80cd-41b2-8394-e062574592a0"
"2022-11-01","RECEIVE","ULearn Limited Current account","ULearn-Student","","3200","101","","RENT OCTOBER       SP","3200","NONE","AUTHORISED","d6d9eb28-1396-49d9-b26d-0f2cbd4206ea"
"2022-12-01","SPEND","ULearn Limited Current account","All Rooms","","13","A101A","","Kitchenware Capel 1","13","NONE","AUTHORISED","53bbc2b6-1fda-4d7c-a63e-26e7a30ff5ce"
"2022-12-05","SPEND","ULearn Limited Current account","Xero Subscription - CARD","","35.33","B106","","xero sub","35.33","NONE","AUTHORISED","b45b2ce6-1e38-430c-b546-00181abec269"
"2022-12-12","SPEND","ULearn Limited Current account","TradingView","","28.55","B106","","TradingView","28.55","NONE","AUTHORISED","bf678cfc-ce82-4542-8b10-c5fb53d0e451"
"2022-07-27","SPEND","ULearn Limited Current account","Dr Liam Reg","","80","B124","","Urgent Medical (student stomach bug)","80","NONE","AUTHORISED","aec2fd36-bf4b-43b8-869c-2277247a5e94"
"2022-08-12","SPEND","ULearn Limited Current account","PAYROLL","","10544.83","E104B","","CONTRA CTO","10544.83","NONE","AUTHORISED","1c14766b-83e1-4779-bd00-b090eae8d123"
"2022-09-12","SPEND","ULearn Limited Current account","REVENUE COMMISSIONERS","","10806.41","E104B","","CONTRA            CTO","10806.41","TAX004","AUTHORISED","619cda00-a558-4302-9f5d-a81ac90cd8f6"
"2022-10-06","SPEND","ULearn Limited Current account","REVENUE COMMISSIONERS","","10220.31","E104B","","CONTRA            CTO","10220.31","TAX004","AUTHORISED","bd812e6f-0f8f-4516-a711-9c05888e335e"
"2022-11-03","SPEND","ULearn Limited Current account","REVENUE COMMISSIONERS","","9722.31","E104B","","CONTRA            CTO","9722.31","TAX004","AUTHORISED","7a30779b-dbdf-4c9e-9d87-a99be30bd2b2"
"2022-12-02","SPEND","ULearn Limited Current account","REVENUE COMMISSIONERS","","8201.6","E104B","","CONTRA            CTO","8201.6","TAX004","AUTHORISED","0be1c79b-f762-41f4-b4e6-5427e5df24dd"
"2022-12-19","SPEND","ULearn Limited Current account","REVENUE COMMISSIONERS","","10012.06","E104B","","CONTRA            CTO","10012.06","TAX004","AUTHORISED","0b7caf83-cdfe-4a47-a81d-3e92ec4cd0ce"
"2022-10-24","SPEND","ULearn Limited Current account","REVENUE COMMISSIONERS","","8506.71","E105","","TO OFFICE OF THE REVE","8506.71","TAX004","AUTHORISED","12889e65-0cef-4635-a39d-bb5c3721cd1b"
"2022-12-02","SPEND","ULearn Limited Current account","REVENUE COMMISSIONERS","","5548.3","E105","","TO OFFICE OF THE REVE","5548.3","TAX004","AUTHORISED","f6cdbba2-8294-4d20-858e-21615cbae270"
"2022-07-04","SPEND","ULearn Limited Current account","Booking.com","","375.84","A103","","POS04JUL Hotel at Boo","375.84","NONE","AUTHORISED","ae0469b5-a339-46c0-9fb5-897e9bc24f77"
"2022-07-11","SPEND","ULearn Limited Current account","Booking.com","","230.4","A103","","POS09JUL Hotel at Boo","230.4","NONE","AUTHORISED","4e0ff0c8-d837-4807-9336-3269b1e49dc1"
"2022-07-11","SPEND","ULearn Limited Current account","Booking.com","","211.98","A103","","POS10JUL Hotel at Boo","211.98","NONE","AUTHORISED","9936818f-1e9f-4b53-835d-474b6618777a"
"2022-08-17","SPEND","ULearn Limited Current account","2001 Travel","","39","A103","","POS16AUG PAYPAL *RENT","39","NONE","AUTHORISED","85e133b3-9a11-45f0-9508-017c0004d772"
"2022-11-09","SPEND","ULearn Limited Current account","Booking.com","","39","A103","","POS08NOV PAYPAL *RENT","39","NONE","AUTHORISED","94f9080d-5505-4a44-a294-0eff6c8fafda"
"2022-09-14","SPEND","ULearn Limited Current account","Rentola","Access to private Daft type site","39","B106","","POS13SEP PAYPAL *RENT","39","NONE","AUTHORISED","bb38c669-1c22-46a8-9c54-3010a464b1ab"
"2022-10-12","SPEND","ULearn Limited Current account","Rentola","Access to private Daft type site","39","B106","","POS11OCT PAYPAL *RENT","39","NONE","AUTHORISED","c85bcefa-2637-4d04-aca7-9356f760abc6"
"2022-08-16","SPEND","ULearn Limited Current account","Software Trial","","1","B106","","","1","NONE","AUTHORISED","24d28968-6f72-4dc3-b705-632aa0c999c8"
"2022-08-25","SPEND","ULearn Limited Current account","Amazon","","25","B102","","POS24AUG Amazon.fr*NE","25","NONE","AUTHORISED","3bb4f802-4fb4-49b5-822f-306e462b344f"
"2022-12-19","SPEND","ULearn Limited Current account","Amazon","New Microwave & Sundry Kitch (Capel#1)","96.31","A101A","","POS17DEC Amazon.UK Pa","96.31","NONE","AUTHORISED","3449b909-67e7-4c58-a5fb-820033c3b17b"
"2022-12-23","SPEND","ULearn Limited Current account","Amazon","New Microwave & Sundry Kitch (Capel#1)","179.37","A101A","","POS22DEC AMZN Marketp","179.37","NONE","AUTHORISED","63ea6c7a-abdc-4f9c-a0b0-331336614088"
"2022-07-04","SPEND","ULearn Limited Current account","SOFTWARE","","3.57","B106","","P0107US 3.71@0.96226","3.57","NONE","AUTHORISED","2a007dd5-76b4-4391-8a0d-f17b37d48020"
"2022-07-04","SPEND","ULearn Limited Current account","Starbucks","","30.7","B115","","P0107MX639.20@0.04802","30.7","NONE","AUTHORISED","a6e22b17-b0b8-49bd-bda5-5aeefa36e79d"
"2022-07-04","SPEND","ULearn Limited Current account","SOFTWARE","","18.61","B106","","P0307LU 19.29@0.96474","18.61","NONE","AUTHORISED","5dc04d5a-8c1a-4df3-b8c2-43f0ba4060bd"
"2022-07-14","SPEND","ULearn Limited Current account","Paul Gill","Required Cash ","150","A109","","ATM13JUL Dublin","150","NONE","AUTHORISED","0011f3d7-96ae-493b-b708-a30b662d1fca"
"2022-07-19","SPEND","ULearn Limited Current account","FH Educational Services","","255","A106","","POS18JUL FH* IRELANDS","255","NONE","AUTHORISED","904abb41-9eeb-48e0-b49c-15823dff9b28"
"2022-08-03","SPEND","ULearn Limited Current account","SOFTWARE","","20.37","B106","","POS02AUG PAYPAL *DIGI","20.37","NONE","AUTHORISED","125e5a8e-a075-4d86-8fac-605ea626da4e"
"2022-08-03","SPEND","ULearn Limited Current account","SOFTWARE","","19.48","B106","","P0308LU 19.80@0.98383","19.48","NONE","AUTHORISED","681ade34-51ad-4fc4-8552-aff4778ccfa8"
"2022-08-10","SPEND","ULearn Limited Current account","Hubspot","","323.87","B106","","P0908US328.95@0.98455","323.87","NONE","AUTHORISED","a8307b8e-5651-46aa-b849-5e25257585ab"
"2022-08-15","SPEND","ULearn Limited Current account","Audible - CARD","","10.45","B106","","P1208GB  8.80@1.18750","10.45","NONE","AUTHORISED","b4b4c59c-2bb0-40e4-8b0f-6bc4967906ee"
"2022-08-16","SPEND","ULearn Limited Current account","Audible - CARD","","12.75","B106","","P1508GI 12.95@0.98455","12.75","NONE","AUTHORISED","6fbae329-693e-47af-8db5-12c7cc183f85"
"2022-09-05","SPEND","ULearn Limited Current account","SOFTWARE","","20.97","B106","","POS02SEP PAYPAL *DIGI","20.97","NONE","AUTHORISED","c46dd627-4706-48b7-9086-7e64450b62ee"
"2022-09-05","SPEND","ULearn Limited Current account","SOFTWARE","","19.1","B106","","P0209HK 18.99@1.00579","19.1","NONE","AUTHORISED","bcb443f2-f2dc-44ee-af59-722401ac4de8"
"2022-09-08","SPEND","ULearn Limited Current account","Selecta Ireland Vending Solutions Limited","","1.5","B102A","","POSC07SEP SELECTA IRE","1.5","NONE","AUTHORISED","ed9a112f-f670-4cd6-8910-db85b51390d4"
"2022-09-08","SPEND","ULearn Limited Current account","Selecta Ireland Vending Solutions Limited","","1.5","B102A","","POS07SEP SELECTA IREL","1.5","NONE","AUTHORISED","5ecad17a-331f-4c3e-b505-51c50ec08860"
"2022-09-12","SPEND","ULearn Limited Current account","Hubspot","","331.3","B106","","P0909US328.95@1.00714","331.3","NONE","AUTHORISED","406885d3-f999-4a93-bcec-b279ebdd331a"
"2022-09-13","SPEND","ULearn Limited Current account","Amazon","Files etc ","14.08","B102","","POS12SEP AMZNMktplace","14.08","NONE","AUTHORISED","44d83931-1de5-4895-a1fb-ee5615899065"
"2022-09-15","SPEND","ULearn Limited Current account","Paul Gill","","120","AC5","","ATM14SEP DUBLIN","120","NONE","AUTHORISED","5f45687b-ad68-439e-a058-a72fc352f824"
"2022-09-16","SPEND","ULearn Limited Current account","UPC","","95.49","B104","","POS15SEP UPC","95.49","NONE","AUTHORISED","ace5e35a-df5b-47c4-8741-6773a0a2e334"
"2022-09-16","SPEND","ULearn Limited Current account","Sunday Business Post","","19.99","B124","","POS15SEP BUSINESS POS","19.99","NONE","AUTHORISED","8514b09a-03d4-47e7-980b-08e47df473ab"
"2022-09-16","SPEND","ULearn Limited Current account","SOFTWARE","","13.01","B106","","P1509GI 12.95@1.00463","13.01","NONE","AUTHORISED","060b9aa3-5fdd-4bb4-96f1-1ee1e01c82e4"
"2022-11-03","SPEND","ULearn Limited Current account","SOFTWARE","","21.09","B106","","POS02NOV PAYPAL *DIGI","21.09","NONE","AUTHORISED","8b879b0a-4f64-4313-92cf-e4263b010339"
"2022-11-10","SPEND","ULearn Limited Current account","Hubspot","","329.91","B106","","P0911US328.95@1.00291","329.91","NONE","AUTHORISED","be7392c2-9d67-4501-942e-ca78b16feca4"
"2022-11-21","RECEIVE","ULearn Limited Current account","ULearn-Student","Refund","172","100","","refund for payment SP","172","NONE","AUTHORISED","765943b7-020d-4c73-983b-d1f5cf19b986"
"2022-12-07","SPEND","ULearn Limited Current account","UPC","","39","B104","","POS06DEC UPC","39","NONE","AUTHORISED","d6c2bf7a-ee8d-46be-b1a6-c6dc7e00317e"
"2022-12-19","SPEND","ULearn Limited Current account","Xero Subscription - CARD","Sub","37.8","B106","","P1712US 40.00@0.94500","37.8","NONE","AUTHORISED","8b2d59ac-dad2-4edf-b726-13bdf766701a"
"2022-10-03","SPEND","ULearn Limited Current account","SOFTWARE","","21.35","B106","","POS02OCT PAYPAL *DIGI","21.35","NONE","AUTHORISED","5c792d34-461f-48f6-868b-9f161acada77"
"2022-12-05","SPEND","ULearn Limited Current account","SOFTWARE","","20","B106","","POS02DEC PAYPAL *DIGI","20","NONE","AUTHORISED","9768f848-0056-41f0-9f35-a28937edc1ed"
"2022-12-16","SPEND","ULearn Limited Current account","Bank Charges","","7.5","B127","","SARA RIVE     CHRG GP","7.5","NONE","AUTHORISED","6a5a3b90-87b8-4af4-8fb6-106baa717a4f"
"2022-10-17","SPEND","ULearn Limited Current account","TradingView","","13.34","B106","","P1510GI 12.95@1.03011","13.34","NONE","AUTHORISED","9b17fc33-9c79-489c-81ec-57380c3fd364"
"2022-11-10","SPEND","ULearn Limited Current account","TradingView","","30.02","B106","","P0911US 29.99@1.00100","30.02","NONE","AUTHORISED","c158bc27-bb1d-4012-982f-8a049c7b9513"
"2022-11-16","SPEND","ULearn Limited Current account","TradingView","","12.6","B106","","P1511GI 12.95@0.97297","12.6","NONE","AUTHORISED","2b9dbbd4-c379-466a-8f15-b3cb7e50bb89"
"2022-12-16","SPEND","ULearn Limited Current account","TradingView","","12.23","B106","","P1512GI 12.95@0.94440","12.23","NONE","AUTHORISED","2717cae1-5849-4262-84d8-76a3dc62c565"
"2022-09-23","SPEND","ULearn Limited Current account","SOFTWARE","Tax software","91.72","B106","","P2209BG 90.00@1.01911","91.72","NONE","AUTHORISED","c81fce85-41b4-4ef4-b2ca-53e9e97b85af"
"2022-09-23","SPEND","ULearn Limited Current account","SOFTWARE","Tax software","100.9","B106","","P2209BG 99.00@1.01919","100.9","NONE","AUTHORISED","293c4cd4-a960-4c37-a7c9-bbde9fdd9028"
"2022-04-22","RECEIVE","ULearn Limited Current account","REVENUE COMMISSIONERS","","1500","102","","RevCom1909713092L0 SP","1500","NONE","AUTHORISED","8f2abc3c-09c1-4394-8dcf-6676a42da65a"
"2022-04-01","RECEIVE","ULearn Limited Current account","REVENUE COMMISSIONERS","","1299.99","102","","RevCom1909713092L0 SP","1299.99","NONE","AUTHORISED","04883c35-2bc0-46d6-8806-b861dc4b0d62"
"2022-04-29","RECEIVE","ULearn Limited Current account","REVENUE COMMISSIONERS","","1299.99","102","","RevCom1909713092L0 SP","1299.99","NONE","AUTHORISED","4b042db2-8fa4-413e-9387-51ebb0ab3fd0"
"2022-03-25","RECEIVE","ULearn Limited Current account","REVENUE COMMISSIONERS","","1500","102","","RevCom1909713092L0 SP","1500","NONE","AUTHORISED","69f0ff59-9871-47d4-a56e-ebf18a71f4be"
"2022-02-25","RECEIVE","ULearn Limited Current account","REVENUE COMMISSIONERS","","3651","102","","RevCom1909713092L0 SP","3651","NONE","AUTHORISED","f8bc476c-d812-4d28-b163-a31c624e9992"
"2022-02-24","RECEIVE","ULearn Limited Current account","REVENUE COMMISSIONERS","","2639.01","102","","RevCom1909713092L0 SP","2639.01","NONE","AUTHORISED","932fb80e-15ed-4108-966c-9dc58c568991"
"2022-02-02","RECEIVE","ULearn Limited Current account","REVENUE COMMISSIONERS","","4550.01","102","","RevCom1909713092L0 SP","4550.01","NONE","AUTHORISED","5361f6dd-f470-4ce7-8885-57571a62e02e"
"2022-01-28","RECEIVE","ULearn Limited Current account","REVENUE COMMISSIONERS","","4200","102","","RevCom1909713092L0 SP","4200","NONE","AUTHORISED","ce24c6d7-156e-4b22-990f-224ad0f12cf4"
"2022-08-29","SPEND","ULearn Limited Current account","Wrights Food","Social Outing","1024","A109B","","POS26AUG WRIGHTS FOOD","1024","NONE","AUTHORISED","5436e06c-4258-464a-a2b9-04a9110719a6"
"2022-09-07","SPEND","ULearn Limited Current account","Language International","","37.45","A106","","POSC06SEP INTERNATION","37.45","NONE","AUTHORISED","4127c21e-f67d-4395-b4c3-891453aa5d9d"
"2022-09-09","SPEND","ULearn Limited Current account","Dublin City Council","","60","B101","","POS08SEP DUBLIN CITY","60","NONE","AUTHORISED","a3ee1583-e09d-4280-aa62-4e01d2a9a496"
"2022-10-10","SPEND","ULearn Limited Current account","Hubspot","","338.43","B106","","P0910US328.95@1.02881","338.43","NONE","AUTHORISED","d5de3c7a-82aa-4201-9194-b0e6483dbe8b"
"2022-10-19","SPEND","ULearn Limited Current account","Hubspot","","270.8","B106","","P1810IE265.68@1.01927","270.8","NONE","AUTHORISED","23c38990-d336-45e7-b713-fe346a0649e8"
"2022-10-04","SPEND","ULearn Limited Current account","Unknown","","24.1","B124","","P0410GB 21.34@1.12933","24.1","NONE","AUTHORISED","78a30845-16af-47f7-a589-84c7be1832b1"
"2022-10-26","SPEND","ULearn Limited Current account","Unknown","","37.41","B124","","P2510US 36.84@1.01547","37.41","NONE","AUTHORISED","cce440f8-6c2f-4439-b412-7f697d7dad4c"
"2022-11-01","SPEND","ULearn Limited Current account","Unknown","","62.88","B124","","P3110GB 53.90@1.16660","62.88","NONE","AUTHORISED","8eb121a5-b036-4954-8d3b-a55a24c6e2e1"
"2022-11-03","SPEND","ULearn Limited Current account","Unknown","","20.18","B124","","P0211LU 19.80@1.01919","20.18","NONE","AUTHORISED","e07a06e3-01be-4638-b851-e554bcd6641e"
"2022-11-07","SPEND","ULearn Limited Current account","Unknown","","37.82","B124","","P0411US 36.84@1.02660","37.82","NONE","AUTHORISED","80af0502-8d56-40d3-a997-e80fad6c0148"
"2022-11-22","SPEND","ULearn Limited Current account","Unknown","","17.6","B124","","P2111GB 17.99@0.97832","17.6","NONE","AUTHORISED","68d159d5-4d08-4af1-be53-c7c26d1fc274"
"2022-11-28","SPEND","ULearn Limited Current account","Unknown","","35.58","B124","","P2511US 36.84@0.96579","35.58","NONE","AUTHORISED","a773ba6d-d128-4c38-a539-6477fba7e3f8"
"2022-12-05","SPEND","ULearn Limited Current account","Unknown","","18.5","B124","","P0212LU 19.29@0.95904","18.5","NONE","AUTHORISED","2d681e13-853d-4b37-8cb4-8d0aabdc4bc8"
"2022-12-12","SPEND","ULearn Limited Current account","Unknown","","313.64","B124","","P0912US328.95@0.95345","313.64","NONE","AUTHORISED","e84826e9-3b5b-43ee-984a-e1d14d3f7bb4"
"2022-12-22","SPEND","ULearn Limited Current account","Unknown","","16.99","B124","","P2112GB 17.99@0.94441","16.99","NONE","AUTHORISED","7d19f3c8-969d-466a-9e88-56c6304edfce"
"2022-11-09","SPEND","ULearn Limited Current account","Hubspot","","204.47","B106","","P0811DE203.88@1.00289","204.47","NONE","AUTHORISED","e7a1319b-67ad-4899-993d-b1adc08665de"
"2022-11-22","SPEND","ULearn Limited Current account","EIR","","139.74","B104","","POS21NOV BUSINESSPRO","139.74","NONE","AUTHORISED","103ce985-15da-495c-8716-d6cd53d60fd4"
"2022-12-30","SPEND","ULearn Limited Current account","REVENUE COMMISSIONERS","","35233","F101","","TO OFFICE OF THE REVE","35233","NONE","AUTHORISED","35e33881-0231-4ffa-b5e7-a9e3a4ba171b"
"2022-05-05","SPEND","ULearn Limited Current account","REVENUE COMMISSIONERS","","24181.84","F101","","TO OFFICE OF THE REVE","24181.84","NONE","AUTHORISED","0a708dd4-3dd6-4a74-8220-94439da9b6fd"
"2022-07-27","SPEND","ULearn Limited Current account","REVENUE COMMISSIONERS","","4917.66","B109","","TO OFFICE OF THE REVE","4917.66","NONE","AUTHORISED","a9d7dec1-35ba-498e-bde4-1382c375a180"
"2022-08-22","SPEND","ULearn Limited Current account","REVENUE COMMISSIONERS","","6490.38","B109","","TO OFFICE OF THE REVE","6490.38","NONE","AUTHORISED","ea9620a5-29ba-407a-b767-0fb844bfb8aa"
"2022-09-21","SPEND","ULearn Limited Current account","REVENUE COMMISSIONERS","","4945.24","B109","","TO OFFICE OF THE REVE","4945.24","NONE","AUTHORISED","3a111a3d-3eeb-4886-8dee-545c2b06b216"
"2022-09-26","SPEND","ULearn Limited Current account","REVENUE COMMISSIONERS","","9120.25","B109","","TO OFFICE OF THE REVE","9120.25","NONE","AUTHORISED","23292f28-f8b9-4692-af49-ad0a2140344c"
"2022-06-29","SPEND","ULearn Limited Current account","REVENUE COMMISSIONERS","","4269","B109","","TO OFFICE OF THE REVE","4269","NONE","AUTHORISED","a7aa3a43-0e18-43b9-8c6f-3693a294a1fe"
"2022-08-02","SPEND","ULearn Limited Current account","Dunnes Stores","","90.75","B102","","Misc expenses","90.75","NONE","AUTHORISED","e6e1a200-a65e-4edb-b78e-74bfa56eab2e"
"2022-08-02","SPEND","ULearn Limited Current account","Google - CARD","4324886709","76.75","B110","","Google workspace - Summary for Jul 1, 2022 - Jul 31, 2022","76.75","NONE","AUTHORISED","84096642-3c9b-4020-b3f4-31478e6d17d9"
"2022-07-29","SPEND","ULearn Limited Current account","Ablogg, LLC","","17.5","B127","","Fees","17.5","NONE","AUTHORISED","ff64838a-0462-4551-b023-e78a42d2deb9"
"2022-07-29","SPEND","ULearn Limited Current account","Ablogg, LLC","","17.5","B127","","Fees","17.5","NONE","AUTHORISED","5e1cb04b-0001-4b1c-acbc-ae3840ba36bb"
"2022-07-19","SPEND","ULearn Limited Current account","CARD - Google","","9.99","B110","","1 TB Google Drive - renewing subscription","9.99","NONE","AUTHORISED","967a3328-4b68-4496-b3ea-8178f6e46b7e"
"2022-07-01","SPEND","ULearn Limited Current account","Bank Charges","","17.5","B127","","Bank Fee","17.5","NONE","AUTHORISED","4a79dffe-56b1-475c-9d69-e0eaad387c69"
"2022-09-30","SPEND","ULearn Limited Current account","Bank Charges","","17.5","B127","","bank fee transaction","17.5","NONE","AUTHORISED","5b91e971-93ab-4cf8-99ec-d463750fc6e5"
"2022-08-17","SPEND","ULearn Limited Current account","Xero Subscription - CARD","IN-3755533","34.5","B106","","ULearn. Monthly Subscription, Standard Price Plan, 17 Jul 2022 to 16 Aug 2022.","34.5","NONE","AUTHORISED","490540e9-75e2-4828-be9b-b64eb7ab2abf"
"2022-08-24","SPEND","ULearn Limited Current account","Janet Kennedy","","10","A100","","outstanding balance - previous payment","10","NONE","AUTHORISED","5674406b-1e36-499f-ad4b-0a9f69e968af"
"2022-08-26","SPEND","ULearn Limited Current account","Amazon","","25","B102","","POS25AUG AMAZON.IT*KP","25","NONE","AUTHORISED","2b18c94a-4ee1-4696-92c7-aa0192663604"
"2022-09-02","SPEND","ULearn Limited Current account","Google - CARD","4446792320","103.49","B106","","Summary for Aug 1, 2022 - Aug 31, 2022","103.49","NONE","AUTHORISED","1f006637-001b-436d-a1f8-edd26e31d8a7"
"2022-09-02","SPEND","ULearn Limited Current account","Indeed - CARD","67360484","611.45","B110","","August 2022 Sponsored Jobs on indeed.com","611.45","NONE","AUTHORISED","38dbde9c-6dc4-4242-a617-8fffca435b54"
"2022-10-17","SPEND","ULearn Limited Current account","GoCar","POS15OCT GOCAR CAR SH","10","A104","","Transport (Van/CityCar)","10","NONE","AUTHORISED","9e8475b5-d563-4f43-a491-c9b6292a601c"
"2022-12-06","SPEND","ULearn Limited Current account","The Waterloo","","38.85","B115","","Staff Meals","35.85","NONE","AUTHORISED","8fd03e16-04d4-477b-9ab9-8ae8659f5d0a"
"2022-10-28","SPEND","ULearn Limited Current account","Ulgebraz Technologies Pvt.Ltd","","5","B106","","MessageBird for HubSpotOct","5","NONE","AUTHORISED","6274e85b-bc24-47b5-bd11-a24f95af0c6c"
"2022-08-31","SPEND","ULearn Limited Current account","FH Educational Services","","370","A106","","POS18JUL FH* IRELANDS","370","NONE","AUTHORISED","6ed8b1c0-46d7-4f35-9044-c87b4767cb9d"
"2022-08-31","SPEND","ULearn Limited Current account","Epic Ireland Exhibitions","","261","A109B","","Tour","261","NONE","AUTHORISED","0a0496ea-65e0-483e-a5e6-e1a2e0741392"
"2022-08-31","SPEND","ULearn Limited Current account","Noel Hancock","","45","A104","","Noel Airport Pickup / Dropoff","45","NONE","AUTHORISED","db2514be-f2e4-464c-8797-cec25a774747"
"2022-10-28","SPEND","ULearn Limited Current account","Facebook - CARD","","36.9","B110","","Facebook Ads","36.9","NONE","AUTHORISED","f9aae6d5-f46b-4b3c-95ba-c4463ff7165b"
"2022-10-28","SPEND","ULearn Limited Current account","Noel Hancock","","150","A104","","Noel Airport Pickup / Dropoff","150","NONE","AUTHORISED","de6126c3-3b1d-446d-84d0-9c615e491877"
"2022-10-28","SPEND","ULearn Limited Current account","Storage Worl","","224.75","B102","","POS27JUL STORAGE WORL","224.75","NONE","AUTHORISED","3d3f6941-026c-43e3-8129-79b07c03f195"
"2022-11-20","SPEND","ULearn Limited Current account","Keys Cut","","18.98","A101","","Hardware","18.98","NONE","AUTHORISED","049f4205-15e2-4b9e-ad74-36a2b19fc17f"
"2022-10-28","SPEND","ULearn Limited Current account","Easons","","2.99","B116","","Statinery ","2.99","NONE","AUTHORISED","c288eea4-3270-4601-9b3b-13c62a6509c1"
"2022-08-08","SPEND","ULearn Limited Current account","Paul Gill","","100","AC5","","ATM14SEP - Transport Tickets","100","NONE","AUTHORISED","07531767-8825-467d-9ac9-173cb1884cb4"
"2022-09-05","SPEND","ULearn Limited Current account","Paul Gill","","90","AC5","","ATM14SEP - Transport Tickets","90","NONE","AUTHORISED","658f5a11-0541-42fa-988c-de7362701596"
"2022-12-16","SPEND","ULearn Limited Current account","Neil Mc Mahon","","199.75","E113","","Wrong card used - pay off now thru payroll","199.75","NONE","AUTHORISED","ae623f3d-711a-4a71-9244-512d77cd059b"
"2022-12-31","RECEIVE","ULearn Limited Current account","GoDaddy.com, LLC - CARD","Excess Payment accounted in Xero now reversed","27.66","E107","","Excess Payment accounted in Xero now reversed","27.66","NONE","AUTHORISED","12783935-61d1-4f39-9ec2-827b492bec29"
"2022-12-31","SPEND","ULearn Limited Current account","Google Ads","","500","E107","","Bank Payment Accounted","500","NONE","AUTHORISED","20bdd82e-ab1a-4719-b2c8-496add8462f8"
"2022-12-31","SPEND","ULearn Limited Current account","GoCar","","120","E107","","GoCar","120","NONE","AUTHORISED","55686223-62d2-4a39-9761-0ed3c5a40a1d"
"2022-12-31","SPEND","ULearn Limited Current account","Mary Prosser","","210","E107","","Mary Prosser","210","NONE","AUTHORISED","90f04171-b30f-4151-8bf2-351dd637ef81"
"2022-12-31","SPEND","ULearn Limited Current account","Anna Swords (Paul Swords)","","105","E107","","Paul Swords","105","NONE","AUTHORISED","5be01a94-d027-4c8d-b9b2-8a2c77d21a81"
"2022-12-31","RECEIVE","ULearn Limited Current account","Bank Charges","","0.76","E107","","Excess Bank charges accounted during the year","0.76","NONE","AUTHORISED","063a9ca2-43b1-4c7f-829a-2c7898779d05"
"2022-12-31","RECEIVE","ULearn Term Loan","Extreme Event Ireland Ltd","","704","E107","","Extreme Event Ireland Ltd -Duplicate Payment reversed","704","NONE","AUTHORISED","b98fe8e7-6939-4023-8cc5-db65ccb3bc74"
"2022-12-31","RECEIVE","ULearn Term Loan","Arachas","","33","E107","","Arachas -Duplicate payment reversed","33","NONE","AUTHORISED","3866f18b-b91e-4f14-bf66-13c130fd38a5"
"2022-11-22","SPEND","ULearn Limited Current account","Harvey Norman","HN-1672215","428.99","A101A","","New Fridge Freezer - Blackhall","428.99","NONE","AUTHORISED","e7ab4efb-6fe4-4992-a5f4-2fc05eef66a7"